steam_volume,steam_pressure,injection_duration,soak_time,production_cutoff,spm,stroke_length,vfd_frequency,rod_load,motor_power,reservoir_temperature,reservoir_pressure,oil_viscosity,oil_mobility,production_potential,wellbore_temperature,wellbore_pressure_drop,fluid_mobility,estimated_flow_rate,pump_inlet_pressure,actual_production,pump_efficiency,energy_consumption,sor,rod_load_actual,failure_risk,is_anomalous,motor_current,well_id,timestamp,cycle_id
74.9816047538945,27.704285838459498,26.78392730173686,38.36780362072888,0.7340279606636548,3.5068051892164935,78.35771017095875,38.54020968553493,27.478522464264017,6.869630616066004,50.04599527669888,20.0,519.2448422529301,0.0019258737278181545,0.99,47.04599527669888,10.079145976955516,0.0019258737278181545,0.28888105917272316,9.920854023044484,36.15730323528481,0.47280300919147533,11.60269608078294,4.1475219689903335,27.478522464264017,0.2473685275567591,0,158.21858291976736,BW-001,2026-09-26 14:20:15.694042,1
66.2397808134481,22.348501673009196,28.394113749299223,38.42676028183701,1.5621088666940683,3.266107601271167,73.61907613301803,44.21557536065451,24.044782415661093,6.011195603915273,50.910506628132865,20.0,512.5549164724039,0.0019510104534405345,0.98,47.910506628132865,10.052414552649736,0.0019510104534405345,0.29265156801608017,9.947585447350264,31.301587945359195,0.4899620967043337,11.424784658613682,4.232359133286009,24.044782415661093,0.23391574966059148,0,155.79251807200473,BW-001,2026-10-06 14:20:15.694042,2
60.823379771832094,27.819459112971966,27.98931168960506,29.096138656278626,0.7727374508106509,3.6190011552173775,80.92809583144226,45.068345417097134,29.287887230353217,7.321971807588305,52.11279669833122,20.0,503.3941734859332,0.001986514847947369,0.97,49.11279669833122,10.015811523147674,0.001986514847947369,0.29797722719210534,9.984188476852326,40.33753166214253,0.4789759118591677,11.616013541897804,3.0157214517375084,29.287887230353217,0.24864454281362403,0,158.40018466224276,BW-001,2026-10-16 14:20:15.694042,3
67.33618039413736,23.825453457757227,24.297077179586854,34.36668044741078,0.9368437102970628,5.071184485888096,71.17936419523296,50.98820797818085,36.096368742224406,9.0240921855561,53.14729566319636,20.0,495.6430566660242,0.002017580971932838,0.96,50.14729566319636,9.984842005257521,0.002017580971932838,0.30263714578992573,10.015157994742479,66.76476610696434,0.4567810238232015,12.079700186108449,2.017117240739151,36.096368742224406,0.2690141461405553,0,164.72318435602432,BW-001,2026-10-26 14:20:15.694042,4
84.47411578889518,22.83696316391225,21.50573578242262,32.7926842390486,1.1841049763255538,4.883701168472723,72.45277095846616,52.47157248213554,35.38376821889478,8.845942054723695,56.040273064390796,20.0,474.5947883600825,0.0021070606431549863,0.95,53.040273064390796,9.900749596663879,0.0021070606431549863,0.3160590964732479,10.099250403336121,64.46970386751732,0.4637890081459982,11.936632433701718,2.6205833351580496,35.38376821889478,0.26032433057100735,0,162.77226045956888,BW-001,2026-11-05 14:20:15.694042,5
91.40703845572054,23.198042692950157,24.17081326096334,38.217949652689015,0.5696756190799965,5.7626172015954396,71.83233879564591,40.537552962944076,41.39422711746205,10.348556779365515,59.84801115299588,20.0,448.2473907471599,0.0022309109225000794,0.94,56.84801115299588,9.795499337776452,0.0022309109225000794,0.3346366383750119,10.204500662223548,86.1500871899358,0.45735066460335233,12.187339816831589,2.1220416934505173,41.39422711746205,0.27245497428235477,0,166.19099750224896,BW-001,2026-11-15 14:20:15.694042,6
84.30179407605753,23.023144742123748,18.780619115823356,46.77325289408,1.948448049611839,5.418603839379184,92.44779071150975,38.690420387127546,50.093795369150996,12.52344884228775,61.57007757118331,20.0,436.81697909019897,0.0022892883012075147,0.9299999999999999,58.57007757118331,9.749843365699654,0.0022892883012075147,0.3433932451811272,10.250156634300346,96.88607588855267,0.4338258294462169,12.333802545311164,1.740225172769496,50.093795369150996,0.29802441162422966,0,168.1882165269704,BW-001,2026-11-25 14:20:15.694042,7
92.33589392465845,23.827682615040224,19.172065368076606,40.42159263629176,1.1602287406094018,3.628047970010131,81.11416308374146,44.69045970382042,29.42860747150389,7.357151867875973,63.90903383454883,20.0,421.7572667485298,0.0023710320576319647,0.92,60.90903383454883,9.689696478058956,0.0023710320576319647,0.3556548086447947,10.310303521941044,43.29399186298639,0.504443254440682,11.295496885141263,4.265529231717705,29.42860747150389,0.22462253826290524,0,154.02950297919904,BW-001,2026-12-05 14:20:15.694042,8
64.88152939379115,24.97106146066762,18.41266225338262,45.82368964989077,0.8881699724000254,4.854764314590888,81.06740918709318,44.25069432266296,39.356316519783746,9.839079129945937,62.43156653228388,20.0,431.20859873437223,0.0023190632165848986,0.91,59.43156653228388,9.727443341056146,0.0023190632165848986,0.3478594824877348,10.272556658943854,71.87732689619597,0.47182266492913116,11.876476753449179,1.805340632310714,39.356316519783746,0.2605503013529241,0,161.95195572885245,BW-001,2026-12-15 14:20:15.694042,9
86.50089137415928,23.870266456536466,24.24081625413373,37.12104670423871,0.7772816832882905,5.24241281440127,71.10049608671794,40.048738886880415,37.27381517952974,9.318453794882437,64.01804488457043,20.0,421.06818724413125,0.0023749122595676164,0.9,61.01804488457043,9.686944525268538,0.0023749122595676164,0.35623683893514246,10.313055474731462,74.0650971896638,0.47697986211013865,11.850969767242672,2.335807138756606,37.27381517952974,0.2505665067716718,0,161.6041331896728,BW-001,2026-12-25 14:20:15.694042,10
98.78338511058234,26.650796940166686,29.27398729877027,45.475856410263575,1.3968499682166278,5.140048757653657,96.85620513061598,45.233548842313326,49.78456168526704,12.44614042131676,68.7035187858071,20.0,392.4906349741564,0.0025478314917395293,0.89,65.7035187858071,9.572828850324832,0.0025478314917395293,0.38217472376092937,10.427171149675168,93.7472026001817,0.4525498734603348,12.09150914198537,2.1074417661693703,49.78456168526704,0.2836957294431371,0,164.88421557252778,BW-001,2027-01-04 14:20:15.694042,11
96.87496940092467,22.530955012311516,20.351794349029742,25.085454933852915,0.9879954961448965,4.596340455795946,73.21516034019328,43.948247336469095,33.65218034492173,8.413045086230433,69.87514960541937,20.0,385.65308225251636,0.0025930040391722426,0.88,66.87514960541937,9.545529458554133,0.0025930040391722426,0.3889506058758364,10.454470541445867,62.1526574641681,0.5024591402136894,11.471445830516906,3.117323485541209,33.65218034492173,0.22786985915882735,0,156.428806779776,BW-001,2027-01-14 14:20:15.694042,12
75.54709158757927,23.628094190643374,27.94485010982315,32.56207984064614,0.9214017645310711,4.59785179936507,77.27411510904189,40.38486461898762,35.529492919845175,8.882373229961296,70.23229842594753,20.0,383.59257334111624,0.0026069326402488324,0.87,67.23229842594753,9.537303092584745,0.0026069326402488324,0.39103989603732486,10.462696907415255,64.3904680829141,0.49387025470494994,11.519825440832832,2.3465302811682953,35.529492919845175,0.23350941506848544,0,157.08852873862952,BW-001,2027-01-24 14:20:15.694042,13
81.70784332632994,22.845545349848575,27.626363769048474,25.7892154483145,1.980330404900776,4.131852489313868,70.6021359333318,41.441583311663564,29.17176111070131,7.292940277675326,70.42091450422595,20.0,382.50883124530174,0.0026143187249935756,0.86,67.42091450422595,9.532976433546825,0.0026143187249935756,0.3921478087490363,10.467023566453175,51.06070316139741,0.5144000493796994,11.231558656165019,3.2004198245394386,29.17176111070131,0.21199185307592822,0,153.1576180386139,BW-001,2027-02-03 14:20:15.694042,14
90.8897907718663,23.192294089205035,18.06626540548323,43.571074282916015,1.5602860157714256,3.634344020989634,79.82492056533744,37.39524263638502,29.011122278260654,7.252780569565164,72.517846103186,20.0,370.6646580651203,0.0026978563460029544,0.85,69.517846103186,9.485693720649735,0.0026978563460029544,0.40467845190044316,10.514306279350265,44.12078280400724,0.5144266458678179,11.079861104806229,4.120044341716045,29.011122278260654,0.2079031383470716,0,151.08901506553948,BW-001,2027-02-13 14:20:15.694042,15
89.1602867216395,26.627622080115675,18.888535820809086,32.603177485062545,0.6738035892876946,5.671581842219685,87.80777360662145,48.58204638288979,49.80089743930512,12.45022435982628,73.1212795128668,20.0,367.3247249954278,0.002722386847257416,0.84,70.1212795128668,9.472361585184876,0.002722386847257416,0.4083580270886124,10.527638414815124,102.14247343134817,0.4565053812737624,12.097642191604802,1.7458023822296758,49.80089743930512,0.2762004089629787,0,164.96784806733822,BW-001,2027-02-23 14:20:15.694042,16
94.52413703502374,25.739788760965347,21.97077629823179,25.525400406864566,0.9664734825734933,5.367513715822015,84.95326596787172,36.738405761748474,45.598782028642695,11.399695507160674,75.16012921918535,20.0,356.260968720118,0.0028069311201632348,0.83,72.16012921918535,9.428201672390657,0.0028069311201632348,0.4210396680244852,10.571798327609343,91.54367591561837,0.46800337638860806,11.866510078904156,2.0651156093437337,45.598782028642695,0.25887423071151106,0,161.81604653051122,BW-001,2027-03-05 14:20:15.694042,17
73.00733288106989,26.377637070028385,25.650689656262557,45.29310582183184,1.2083223877429239,4.611319625455643,87.60523354062637,49.908789483686604,40.39757327185153,10.099393317962882,75.28675703286498,20.0,355.58492275651156,0.002812267720037035,0.8200000000000001,72.28675703286498,9.425503492211087,0.002812267720037035,0.42184015800555524,10.574496507788913,73.07076701124244,0.48726747635378803,11.55653081427272,1.9982637617540597,40.39757327185153,0.2413340543997919,0,157.58905655826436,BW-001,2027-03-15 14:20:15.694042,18
64.78376983753206,26.27946872333797,27.12942058340277,37.470652741667905,1.6564507699318414,4.294978638689038,73.82740908386691,40.67551811597449,31.708714496496544,7.927178624124136,72.04902761936998,20.0,373.2804614575292,0.0026789508245230703,0.81,69.04902761936998,9.496135665507706,0.0026789508245230703,0.4018426236784605,10.503864334492294,56.5330399456077,0.5088655470540113,11.303379008462821,2.291890544002681,31.708714496496544,0.21767985342558055,0,154.13698647903848,BW-001,2027-03-25 14:20:15.694042,19
79.75182385457563,25.136396976291962,23.130492220302596,24.610059041858285,0.6618371404899567,4.0892468891959055,89.37751723994803,46.41556609337824,36.54867343375109,9.137168358437773,71.53281669726184,20.0,376.18205247560786,0.002658287372880027,0.8,68.53281669726184,9.507718783196921,0.002658287372880027,0.398743105932004,10.492281216803079,58.73166848919734,0.49624457271767836,11.419037790754146,2.715803106095805,36.54867343375109,0.23468352718851931,0,155.71415169210198,BW-001,2027-04-04 14:20:15.694042,20
61.25716742746937,25.818462467582684,21.77227177291592,36.205696587952865,1.8613497108891395,4.068290177693539,99.59545746378939,47.11549638713774,40.518322134282904,10.129580533570726,69.94478903912278,20.0,385.25044265227126,0.0025957140843640885,0.79,66.94478903912278,9.543921948953995,0.0025957140843640885,0.38935711265461326,10.456078051046005,65.04427040509209,0.4808126079727428,11.57020947017628,1.8835530645808813,40.518322134282904,0.2506362065766244,0,157.775583684222,BW-001,2027-04-14 14:20:15.694042,21
69.971689165955,24.46229753821378,27.066613662516584,29.49115597179894,0.6154698647431895,3.711680375207983,73.0534741786121,38.05718278368664,27.11511464495177,6.778778661237942,68.61434481240384,20.0,393.01598549443986,0.002544425766147742,0.78,65.61434481240384,9.574926420964676,0.002544425766147742,0.3816638649221613,10.425073579035324,40.88180310443925,0.5136853032541163,11.127853456367909,3.423121479607975,27.11511464495177,0.20828851113150454,0,151.74345622319873,BW-001,2027-04-24 14:20:15.694042,22
71.59005811655072,22.967327723524026,29.156371828110878,43.39488910954601,1.4501056347656351,3.7378731851535245,74.82044119778666,38.731340481026116,27.966932085456286,6.991733021364071,68.24198112998401,20.0,395.21730063924656,0.002530253605756995,0.77,65.24198112998401,9.583715737863463,0.002530253605756995,0.37953804086354925,10.416284262136537,43.32460583411855,0.5111520789172129,11.16745180215138,3.304822132284599,27.966932085456286,0.2117882971432949,0,152.2834336657006,BW-001,2027-05-04 14:20:15.694042,23
94.85842360750871,26.822032461394688,20.23884070663243,45.421415963759465,1.3090133628734761,3.8552855060815414,75.20120785884265,52.935308492528506,28.992212669802143,7.248053167450534,70.80651021533579,20.0,380.3028106640132,0.0026294835903368377,0.76,67.80651021533579,9.524169411695182,0.0026294835903368377,0.39442253855052567,10.475830588304818,46.12523778789055,0.5110968296035958,11.162034723966427,4.113081174506695,28.992212669802143,0.21073155209854444,0,152.209564417724,BW-001,2027-05-14 14:20:15.694042,24
92.2976062065625,27.37654779954096,21.816041699662367,26.64124618866424,0.8419027438129125,3.2407012369849264,85.73534168710763,43.20793653979323,27.784262785873505,6.946065696468376,72.19941370620879,20.0,372.43936766184936,0.002685000799668242,0.75,69.19941370620879,9.492778096547024,0.002685000799668242,0.4027501199502363,10.507221903452976,37.54179704793839,0.5236630381012114,10.971425601620588,4.9170585035503,27.784262785873505,0.2043460195847998,0,149.610349113008,BW-001,2027-05-24 14:20:15.694042,25
77.08431154505026,26.90808859553496,28.328766999076123,24.166851132748576,1.2661209538663485,5.947135850725819,73.36116706504157,42.95711198091483,43.62888267035949,10.907220667589874,72.94173823992088,20.0,368.3153075057016,0.0027150649989873686,0.74,69.94173823992088,9.476315678146667,0.0027150649989873686,0.4072597498481053,10.523684321853333,99.6876599210733,0.4764485239606631,11.971554880278756,1.5465166221392093,43.62888267035949,0.25592420115290876,0,163.24847564016486,BW-001,2027-06-03 14:20:15.694042,26
76.69644012595116,23.332646862824383,19.438384408004193,32.10276411368707,1.9143645558687787,5.908411299826106,95.96521377681941,51.341441418985596,56.70019534691878,14.175048836729692,72.69788097574691,20.0,369.6650199783386,0.0027051518157130403,0.73,69.69788097574691,9.481703375706031,0.0027051518157130403,0.405772772356956,10.518296624293969,119.09081965497685,0.4324942955497734,12.361348200286137,1.2880327862072276,56.70019534691878,0.29990015714989754,0,168.563839094811,BW-001,2027-06-13 14:20:15.694042,27
72.92811728083021,25.112743730460195,26.436227506742135,32.72711045710305,1.957673124081441,3.7737084811348196,75.12662762170197,48.372864398488616,28.350599181507413,7.087649795376853,71.95244884836492,20.0,373.8216178676605,0.0026750726876208046,0.72,68.95244884836492,9.498295928244216,0.0026750726876208046,0.4012609031431207,10.501704071755784,45.77140588903576,0.5198429858823405,11.100546143142827,3.186623432875574,28.350599181507413,0.20664848263198954,0,151.37108377012945,BW-001,2027-06-23 14:20:15.694042,28
98.49789179768445,23.510693774952184,23.966982070708625,31.221079435602473,0.9272607415662014,5.788127967382757,86.70288679041789,46.432253789398,50.18474038844387,12.546185097110971,74.46110396830079,20.0,360.0161527746131,0.002777653147763197,0.71,71.46110396830079,9.443189470889687,0.002777653147763197,0.4166479721644795,10.556810529110313,106.51287774025107,0.45935777206942174,12.103232416228318,1.8495020299402205,50.18474038844387,0.2752873137938635,0,165.04407840311345,BW-001,2027-07-03 14:20:15.694042,29
61.47547789418131,25.65738600387938,24.032148278746337,25.235490029999745,0.9179696963549171,3.8399372809808527,93.0847879957581,38.74087497115047,35.74397477171105,8.935993692927763,71.687924726489,20.0,375.30783700190625,0.002664479399067067,0.7,68.687924726489,9.504228887331575,0.002664479399067067,0.39967190986006007,10.495771112668425,54.12147589264207,0.49410897776596213,11.341538047355128,2.2717591078309463,35.74397477171105,0.23173893367294204,0,154.6573370093881,BW-001,2027-07-13 14:20:15.694042,30
96.33063543866615,23.437371344001836,19.738738465094677,35.74686624666151,1.978475681165901,3.971037709212731,82.76309315849251,45.1522075736891,32.865536386345994,8.216384096586498,74.49641372368802,20.0,359.82552202815833,0.002779124711230863,0.69,71.49641372368802,9.442428603412768,0.002779124711230863,0.41686870668462944,10.557571396587232,55.223598283825616,0.513836685714752,11.219475721545558,3.4887489563272567,32.865536386345994,0.21749944456293413,0,152.99285074834853,BW-001,2027-07-23 14:20:15.694042,31
69.68221086046002,26.03281328443527,27.139435383944612,29.70330105581759,1.5923245229177894,3.727229197245241,73.44510474217611,47.21240084883265,27.374673878977372,6.843668469744342,72.8330141845848,20.0,368.9164685856034,0.002710640714506243,0.6799999999999999,69.8330141845848,9.478715345146233,0.002710640714506243,0.40659610717593647,10.521284654853767,43.66471491055078,0.5256008463400412,11.042351930160784,3.1916943006822467,27.374673878977372,0.2019238535056056,0,150.57752632037435,BW-001,2027-08-02 14:20:15.694042,32
74.71132530877013,25.793834983561478,25.602356529130738,36.8585924177942,0.6354346550816125,3.8658916597207673,87.43714664267837,38.087254305484045,33.8022535955712,8.450563398892799,72.77538271738052,20.0,369.2355244335648,0.0027082984540398045,0.6699999999999999,69.77538271738052,9.479988933495054,0.0027082984540398045,0.40624476810597066,10.520011066504946,51.8180077704327,0.5011542494732462,11.26418803754555,2.8836046974156475,33.8022535955712,0.22344483598197346,0,153.60256414834842,BW-001,2027-08-12 14:20:15.694042,33
93.41209982356952,23.924680389830414,20.238222124798252,24.978603397314334,1.3863394147823627,4.4434203055644526,85.97768297654758,36.036470736448535,38.203498236337474,9.550874559084367,73.76119899768445,20.0,363.8157193143792,0.0027486442913586245,0.6599999999999999,70.76119899768445,9.458355102085296,0.0027486442913586245,0.41229664370379365,10.541644897914704,66.96709830932845,0.4874682796867312,11.490051885460531,2.789790872887718,38.203498236337474,0.23648970991543866,0,156.68252571082542,BW-001,2027-08-22 14:20:15.694042,34
87.1025744736913,22.099526973567137,24.14511669959137,29.435898604750513,1.4677591856141747,4.009812834581762,74.03244030816923,36.267499409455354,29.685622932310512,7.421405733077628,74.72444943121911,20.0,358.5968286083891,0.002788647082799677,0.6499999999999999,71.72444943121911,9.437524542401706,0.002788647082799677,0.4182970624199515,10.562475457598294,49.73110713586936,0.5150102586664641,11.126918569319223,3.5029412973139773,29.685622932310512,0.20653112502355175,0,151.73070776344397,BW-001,2027-09-01 14:20:15.694042,35
66.97465716019965,26.145626428614797,22.64082415560645,46.48151972968163,0.7062814162189899,5.9698806971698355,79.67061534924169,51.1974889170927,47.562406870508084,11.890601717627018,73.40377309044536,20.0,365.7715149729585,0.0027339471748474725,0.64,70.40377309044536,9.466161750463538,0.0027339471748474725,0.41009207622712085,10.533838249536462,103.86401654109885,0.4613063373131928,12.083934405441044,1.2896604500885613,47.562406870508084,0.2682728107269145,0,164.78092371055968,BW-001,2027-09-11 14:20:15.694042,36
73.64265404201034,22.680841127443536,29.096323419342752,45.05614448114355,0.8869124415727334,3.7639219642912916,90.44508166671788,50.20455719779373,34.042822944747904,8.510705736186978,71.03986203042093,20.0,378.9739724046421,0.0026387036388141965,0.63,68.03986203042093,9.518864431212233,0.0026387036388141965,0.39580554582212946,10.481135568787767,50.99448913820103,0.4991636889633037,11.289964970819263,2.8882593114103026,34.042822944747904,0.22716826820388564,0,153.95406778389906,BW-001,2027-09-21 14:20:15.694042,37
86.39936184136715,26.903333201207296,24.66240973919355,36.71161388054416,0.8627784363506775,4.786916221823533,84.14728565650475,43.23681828294537,40.280600673154126,10.07015016828853,71.81749863576657,20.0,374.57909387269365,0.00266966314019614,0.62,68.81749863576657,9.501319746523496,0.00266966314019614,0.40044947102942097,10.498680253476504,74.51450480757504,0.4850545634214696,11.664117640050106,2.3189944579108017,40.280600673154126,0.24664239707232186,0,159.0561496370469,BW-001,2027-10-01 14:20:15.694042,38
63.72411071223597,27.38329454771996,28.805016685959966,39.19443497455843,1.008544686573051,4.046604799628986,97.88587432743478,51.61238815575459,39.61054488692773,9.902636221731932,70.21582921870363,20.0,383.6873470308044,0.0026062887080811523,0.61,67.21582921870363,9.537681462919808,0.0026062887080811523,0.3909433062121728,10.462318537080192,61.521030617925376,0.47964585230264467,11.532386694656848,2.0716203897165753,39.61054488692773,0.24714135373233376,0,157.25981856350248,BW-001,2027-10-11 14:20:15.694042,39
73.96838298450643,26.355734073221434,28.765323119430924,45.290074182362815,1.669813318786436,5.8950807319995375,73.72891670456634,49.617349504072884,43.463791625628794,10.865947906407197,69.99521758730721,20.0,384.95913853383405,0.002597678298555601,0.6,66.99521758730721,9.54275894222121,0.002597678298555601,0.3896517447833402,10.45724105777879,98.20149563078192,0.46964573747818256,12.022766449304108,1.5064614344085518,43.463791625628794,0.2603670469789129,0,163.94681521778327,BW-001,2027-10-21 14:20:15.694042,40
85.68126584617151,22.504839789970294,19.939544569135364,45.5653005246499,1.4096435894893848,5.815021370463113,75.43699198496981,36.329925347335546,43.8667720516054,10.96669301290135,69.6571652549056,20.0,386.9161411300928,0.002584539370932499,0.59,66.6571652549056,9.55057217131267,0.002584539370932499,0.38768090563987484,10.44942782868733,95.86021481221766,0.46404144256799906,12.026672000161156,1.787629331188421,43.8667720516054,0.26229741584437916,0,164.0000727294703,BW-001,2027-10-31 14:20:15.694042,41
60.36788206466519,22.60882925719619,25.96202122929667,24.121478012309247,0.741212077126248,5.223361947870178,87.23419339539736,51.83657553516544,45.56557663346665,11.391394158366664,65.5811615101798,20.0,411.3103488072872,0.002431254168293572,0.5800000000000001,62.5811615101798,9.64797655616848,0.002431254168293572,0.3646881252440358,10.35202344383152,85.72301191512004,0.4537381591122259,12.056881083807184,1.4084405276016054,45.56557663346665,0.27527836008707496,0,164.41201477918887,BW-001,2027-11-10 14:20:15.694042,42
81.94935157466344,26.15137118615616,25.823535114031205,29.382463427053434,1.5682688320213038,3.4193171298788685,93.8580193557967,39.03254640095489,32.0930333359778,8.023258333994452,67.9027147927888,20.0,397.23368586455894,0.0025174098662442256,0.5700000000000001,64.9027147927888,9.591766829557761,0.0025174098662442256,0.37761147993663385,10.408233170442239,44.515101158537135,0.4985695500135443,11.235589169513345,3.681867476064227,32.0930333359778,0.22614688354596035,0,153.21257958427287,BW-001,2027-11-20 14:20:15.694042,43
69.489963499872,23.952398188955605,26.957896861416287,39.59118957713315,1.7738351157412668,3.4909678285971135,74.92797393792979,51.29149440462764,26.15711464792759,6.539278661981897,67.40425524552225,20.0,400.2148909002171,0.0024986576530190213,0.56,64.40425524552225,9.603670553460516,0.0024986576530190213,0.37479864795285317,10.396329446539484,38.486909523802176,0.5148971033354454,11.08376656875812,3.6110960510817858,26.15711464792759,0.20725484942982375,0,151.1422713921562,BW-001,2027-11-30 14:20:15.694042,44
86.30451569201374,25.40985162001283,19.12409721393711,32.8251792734264,0.8978035515225882,4.9955916620886,85.69196274307357,42.17660968247005,42.808205458730534,10.702051364682633,68.53484638941964,20.0,393.4849273056946,0.002541393406978229,0.55,65.53484638941964,9.576798776805628,0.002541393406978229,0.3812090110467344,10.423201223194372,80.30212321336651,0.47082187527365243,11.857304205402414,2.1494952371981144,42.808205458730534,0.26073949638747684,0,161.69051189185112,BW-001,2027-12-10 14:20:15.694042,45
69.75958573516334,27.83806332851467,22.717172696001125,45.409117324250715,1.4467079389958943,5.631601622439325,81.77335322267906,51.33198878943154,46.05149486811435,11.512873717028585,68.53836168541993,20.0,393.46417961283953,0.002541527416762509,0.54,65.53836168541993,9.576715936795216,0.002541527416762509,0.38122911251437636,10.423284063204784,96.26739481479484,0.4578594095317749,12.081721888982655,1.4492879103952307,46.05149486811435,0.27154423677756634,0,164.75075303158167,BW-001,2027-12-20 14:20:15.694042,46
91.79245214166593,25.015822558631154,24.92284661551631,35.82042465165273,0.7928644816970667,4.317404725710656,81.30833288274722,44.25359571339213,35.104098062762795,8.776024515690699,70.08108250857639,20.0,384.4636404048095,0.0026010261957335676,0.53,67.08108250857639,9.540780716089438,0.0026010261957335676,0.3901539293600351,10.459219283910562,60.09557331815426,0.49874558981743927,11.454458448644251,3.0548823173947945,35.104098062762795,0.23235275233065217,0,156.1971606633307,BW-001,2027-12-30 14:20:15.694042,47
88.89808461046022,23.684634174645133,18.291791597177447,39.49133510177202,0.7656660191105734,3.9041336224924263,92.42828140528754,45.054407801849585,36.085236110357464,9.021309027589366,71.11899826391773,20.0,378.52438070834387,0.002641837754621434,0.52,68.11899826391773,9.517069590307326,0.002641837754621434,0.3962756631932151,10.482930409692674,55.765145241268144,0.49829038474703163,11.377481330642587,3.1883028090697967,36.085236110357464,0.23384143458036138,0,155.1474726905807,BW-001,2028-01-09 14:20:15.694042,48
97.61834337411656,27.723571462015524,28.978372682645382,32.883808806130666,0.5231849247933011,3.696638085440452,96.98723719823705,42.67782442746423,35.852671482865006,8.96316787071625,74.34242793733772,20.0,360.65760286225895,0.0027727129334409635,0.51,71.34242793733772,9.445749713499158,0.0027727129334409635,0.41590694001614453,10.554250286500842,52.4860977204855,0.502207330307529,11.257538173023077,3.7197790505966988,35.852671482865006,0.22770618580156105,0,153.5118841775874,BW-001,2028-01-19 14:20:15.694042,49
97.13274250350901,24.569104889903887,29.599857828524037,47.12687945014207,1.7795141832010402,4.630658583341965,97.19416332893641,47.48475991827984,45.007298666988035,11.251824666747007,77.15179877670961,20.0,345.77507006268246,0.00289205349540879,0.5,74.15179877670961,9.386353840433065,0.00289205349540879,0.4338080243113185,10.613646159566935,81.62033811381092,0.47834745270944956,11.659450956928765,2.3801112504108395,45.007298666988035,0.25375684990876485,0,158.99251304902862,BW-001,2028-01-29 14:20:15.694042,50
71.77795568278343,24.310586371611553,28.213640058202284,31.606128123750665,0.7542391200291387,3.350694122125092,98.19496370840426,47.55416106142836,32.902128772003685,8.225532193000921,73.84297690993004,20.0,363.3697115726553,0.0027520180360438525,0.49,70.84297690993004,9.456574866581171,0.0027520180360438525,0.4128027054065779,10.543425133418829,44.66152004525495,0.5101507993893833,11.11068153387575,3.2143086760169264,32.902128772003685,0.2186846760451422,0,151.50929364376023,BW-001,2028-02-08 14:20:15.694042,51
82.27205049833401,27.616928644964688,26.352357560099676,37.68146808214476,0.6457647406561529,4.004716843971258,74.17816217990162,50.88050378540592,29.706253553668375,7.426563388417094,75.07798772158166,20.0,356.7001963983218,0.002803474767037456,0.48,72.07798772158166,9.429954694706204,0.002803474767037456,0.4205212150556184,10.570045305293796,48.825699623001704,0.5185358183431314,11.11893176099759,3.3700305836304203,29.706253553668375,0.20603090409839114,0,151.62179674087625,BW-001,2028-02-18 14:20:15.694042,52
84.6002890679668,27.94032310062558,19.681008182838287,36.43991165672968,1.816059607891933,4.860218267785541,86.00383275928965,52.87785166101915,41.79973990762721,10.449934976906803,75.58434597689455,20.0,354.00118802573485,0.00282484927685413,0.47,72.58434597689455,9.4191827075394,0.00282484927685413,0.4237273915281195,10.5808172924606,80.01372182108457,0.48055255378685735,11.642040602888864,2.1146445170276684,41.79973990762721,0.2455328227664778,0,158.7550991303027,BW-001,2028-02-28 14:20:15.694042,53
89.63074471016817,26.182094445971607,26.42980900784531,32.627787629274124,0.94038776639674,5.3657916336735925,74.55024639198254,41.23444135591097,40.00210883784048,10.00052720946012,76.6848866841577,20.0,348.2052687202216,0.002871869238726215,0.45999999999999996,73.6848866841577,9.396051927774455,0.002871869238726215,0.43078038580893224,10.603948072225545,84.29810482387742,0.4917999793012794,11.66604266675082,2.126518618596044,40.00210883784048,0.23780194340886807,0,159.08240000114756,BW-001,2028-03-09 14:20:15.694042,54
92.37444621914054,26.860680368075084,28.404867822961243,45.91777326135531,1.2670135982914066,3.745467419443397,92.3183887771803,35.67064869471559,34.57755173804378,8.644387934510945,78.9819130506468,20.0,336.4120550857634,0.0029725450823843524,0.44999999999999996,75.9819130506468,9.348992333560737,0.0029725450823843524,0.44588176235765287,10.651007666439263,52.883089960315345,0.5063625243492513,11.132068256373046,3.493534371325896,34.57755173804378,0.2161821223192083,0,151.80093076872336,BW-001,2028-03-19 14:20:15.694042,55
80.06065178748798,26.78977107380065,25.79956716933318,40.84720505418488,1.6936890041541517,4.70966905461395,92.87376057222072,52.53531273523499,43.74046761526131,10.935116903815326,77.37077784370261,20.0,344.6411708002102,0.0029015686015635774,0.43999999999999995,74.37077784370261,9.3818289478776,0.0029015686015635774,0.4352352902345366,10.6181710521224,80.36260979591748,0.4776887704716736,11.632712522581471,1.9924851119395868,43.74046761526131,0.24919390995760077,0,158.62789803520187,BW-001,2028-03-29 14:20:15.694042,56
95.60021367270265,24.027970941109213,22.50699543167933,26.255566556180856,1.3674202114942609,4.026245246147722,94.63771914016039,37.212634739104146,38.1034666794334,9.525866669858353,77.66200212776849,20.0,343.13893616973576,0.0029142714352455297,0.42999999999999994,74.66200212776849,9.375834300043595,0.0029142714352455297,0.43714071528682946,10.624165699956405,61.43604292341407,0.4951168045134036,11.320908794291489,3.112186564225092,38.1034666794334,0.22995323644903204,0,154.37602901306573,BW-001,2028-04-08 14:20:15.694042,57
61.43769095186968,24.79358810879476,24.51173561649092,30.876990051078828,1.3862498908535161,5.539356875203555,73.82465986995948,42.945745811207345,40.8941137210224,10.223528430255598,74.9660592434082,20.0,357.2995730646199,0.002798771886075396,0.42000000000000004,71.9660592434082,9.432346910630315,0.002798771886075396,0.4198157829113094,10.567653089369685,89.46877621950016,0.4880428012138076,11.763893078929863,1.3733884277379673,40.8941137210224,0.24350358432279395,0,160.41672380358906,BW-001,2028-04-18 14:20:15.694042,58
61.220009997561974,22.224089132495287,27.871206727915897,32.64457539387031,0.6905907689778272,5.391886097338661,74.49752282046322,39.58502790465283,40.16821575818252,10.042053939545632,71.66390824718621,20.0,375.4430649516811,0.0026635197007266556,0.41000000000000003,68.66390824718621,9.504768719470041,0.0026635197007266556,0.39952795510899836,10.495231280529959,82.66724922521087,0.48158207877236275,11.785195952019933,1.4811188365728716,40.16821575818252,0.2465269720127794,0,160.70721752754454,BW-001,2028-04-28 14:20:15.694042,59
80.88973040219217,26.619961318591663,20.589852329962117,38.949371419656,0.628021197490652,5.166757705179199,91.60109609638224,47.82295265770595,47.32806690588432,11.832016726471078,72.39471329388232,20.0,371.34990540339805,0.0026928780254129813,0.4,69.39471329388232,9.48842910939218,0.0026928780254129813,0.4039317038119472,10.51157089060782,89.67729218793745,0.46358495375923986,11.938593169825962,1.8040181283054553,47.32806690588432,0.2691651946406338,0,162.79899777035402,BW-001,2028-05-08 14:20:15.694042,60
62.067268846744305,25.188127789408888,24.48762145932128,39.298317635956955,1.5891370005839924,5.0818453334013,86.28173330042789,40.03598117813905,43.84704237305551,10.961760593263875,69.50075649033899,20.0,387.8249629553388,0.0025784828093058008,0.39,66.50075649033899,9.554200644981824,0.0025784828093058008,0.3867724213958701,10.445799355018176,84.77950977313665,0.46733729526102985,11.883080189693281,1.4642044761247492,43.84704237305551,0.26250429679678666,0,162.04200258672654,BW-001,2028-05-18 14:20:15.694042,61
99.03408317850139,25.09780208980717,21.875477675294952,43.084468674448885,0.9062483768931113,4.0370879805117585,75.44793150404277,53.169011226672566,30.458993742944557,7.6147484357361375,72.418770773816,20.0,371.2159234359015,0.002693849958655321,0.38,69.418770773816,9.487894274947093,0.002693849958655321,0.4040774937982981,10.512105725052907,49.961559430498156,0.5093137815206782,11.206051102134294,3.96441121163435,30.458993742944557,0.21289475617391898,0,152.80978775637675,BW-001,2028-05-28 14:20:15.694042,62
77.55885682822544,22.470738288053596,18.30420892098549,47.1035619522702,1.7539701807683088,4.750175384298362,82.02554250290919,44.24011607288266,38.96357128810383,9.740892822025957,70.56494061202835,20.0,381.683354370559,0.002619972782541482,0.37,67.56494061202835,9.529680886862595,0.002619972782541482,0.3929959173812223,10.470319113137405,73.87553948868054,0.48789725545845,11.645675632985022,2.0997168309033944,38.96357128810383,0.2443835772715138,0,158.80466772252302,BW-001,2028-06-07 14:20:15.694042,63
87.83896824374793,24.45371766648562,20.079531840850148,27.754489024106064,0.875364347246893,5.841850018835446,74.6005420934824,46.724596640335946,43.580517823394466,10.895129455848616,70.4493473823301,20.0,382.34572862426273,0.002615433951879494,0.36,67.4493473823301,9.532325277692914,0.002615433951879494,0.3923150927819241,10.467674722307086,95.93633981395612,0.4727997843294783,12.005168452965973,1.8311928183645327,43.580517823394466,0.25997211133192705,0,163.7068425404451,BW-001,2028-06-17 14:20:15.694042,64
81.96906658824481,26.287575536200375,25.922368520612775,30.718413526702626,1.9322979209947913,4.517666036653398,88.34362706303943,35.36220367641681,39.91070035374672,9.97767508843668,71.95224166886426,20.0,373.8227795921076,0.0026750643743303666,0.35,68.95224166886426,9.498300565789553,0.0026750643743303666,0.401259656149555,10.501699434210447,70.98259694054403,0.4787165407939679,11.596145336311514,2.309553894087679,39.91070035374672,0.24518250172345468,0,158.12925458606608,BW-001,2028-06-27 14:20:15.694042,65
89.51587666783074,25.326124315068405,25.340648954812227,34.07040149826696,0.8715964842517362,5.616371726832455,97.96354847450837,46.30266367178418,55.01997039124093,13.754992597810237,73.90970378230108,20.0,363.00619565958846,0.002754773918343137,0.33999999999999997,70.90970378230108,9.45512390329649,0.002754773918343137,0.41321608775147056,10.54487609670351,109.29833375220169,0.4438370328939138,12.225898239742074,1.6380099054534314,55.01997039124093,0.29230176000201297,0,166.71679417830103,BW-001,2028-07-07 14:20:15.694042,66
74.23890714605047,26.547076662786214,18.172721863557072,26.78574337216599,0.5690039630326291,5.089952471630677,97.67498143531887,49.14477268626797,49.71610131731817,12.429025329329543,72.77669360170006,20.0,369.2282641290578,0.0027083517085530217,0.32999999999999996,69.77669360170006,9.479959952188354,0.0027083517085530217,0.40625275628295326,10.520040047811646,91.06271108954587,0.4557133932002859,11.986386590361912,1.6305007012815194,49.71610131731817,0.27648881696311123,0,163.4507262322079,BW-001,2028-07-17 14:20:15.694042,67
61.62915209275881,27.13276350406604,26.443894312560282,35.3801718980958,0.6467512409765022,3.457617128742784,87.2886508050044,47.13430092765712,30.18107341682308,7.54526835420577,71.42431361462602,20.0,376.7948046664978,0.002653964406131085,0.31999999999999995,68.42431361462602,9.510164928622888,0.002653964406131085,0.3980946609196627,10.489835071377112,42.50867604807798,0.5146393493997501,11.104134846919239,2.89960346085845,30.18107341682308,0.21364201945602626,0,151.4200206398078,BW-001,2028-07-27 14:20:15.694042,68
79.6646350046733,24.840830624683395,20.07842243892018,34.412439581711354,1.09775710159606,4.272392013907158,92.09332706874169,53.687340295380295,39.34587951026319,9.836469877565797,71.21313071584741,20.0,377.9902864430316,0.002645570629367784,0.30999999999999994,68.21313071584741,9.514937412730164,0.002645570629367784,0.3968355944051676,10.485062587269836,64.75401156221872,0.48010313529097254,11.546815933861453,2.4605312654067077,39.34587951026319,0.24455001763378678,0,157.45658091629252,BW-001,2028-08-06 14:20:15.694042,69
84.63400392208865,25.810561905205862,18.543648117264535,32.99070275103531,1.4387898735713547,5.7767055387203285,83.52518114212396,37.264760916815106,48.250037652632614,12.062509413158155,71.98345731384416,20.0,373.6477837772619,0.002676317225518773,0.3,68.98345731384416,9.497601991987755,0.002676317225518773,0.401447583827816,10.502398008012245,102.92496000187245,0.4555889827005733,12.097433372432091,1.6445768629990036,48.250037652632614,0.27292779397528727,0,164.96500053316487,BW-001,2028-08-16 14:20:15.694042,70
80.12545034320351,27.138939047129934,25.90432357942734,27.910426249954313,0.6058531211006448,5.954523596887004,95.16694259337802,37.49325362406534,56.66738053158603,14.166845132896508,72.66134536766319,20.0,369.86766454571824,0.002703669706375192,0.3,69.66134536766319,9.482512286602544,0.002703669706375192,0.4055504559562788,10.517487713397456,115.10752664296193,0.4315185338591022,12.370396793507854,1.3921843806397634,56.66738053158603,0.2998515678023356,0,168.68722900237984,BW-001,2028-08-26 14:20:15.694042,71
85.69677112825262,22.15906786324973,25.02930697528156,46.56552579419898,1.3632112668138183,5.762525647852117,96.09689086186384,45.376761142521445,55.37607982703361,13.844019956758402,73.6584563329979,20.0,364.3768425348883,0.0027444115082704583,0.3,70.6584563329979,9.460594833086356,0.0027444115082704583,0.41166172624056874,10.539405166913644,114.3744366278283,0.44319747578666885,12.271294894520985,1.498530155074912,55.37607982703361,0.29389998551724517,0,167.33583947074072,BW-001,2028-09-05 14:20:15.694042,72
75.52679704826087,25.859729310654117,23.4990346858982,37.09480294358244,1.9121972131647877,4.7738263072347875,81.97008111610391,36.095232776440625,39.13109296382263,9.782773240955658,71.90010990276453,20.0,374.1152145414605,0.0026729733545471117,0.3,68.90010990276453,9.499467953189708,0.0026729733545471117,0.40094600318206675,10.500532046810292,73.95415796143725,0.48168027738405217,11.625158908527478,2.04253010595141,39.13109296382263,0.24267154090851356,0,158.5248942071929,BW-001,2028-09-15 14:20:15.694042,73
75.44410551203097,27.767143382943487,28.864207703472765,28.698987234943115,0.6040419513127482,4.005591724937703,94.08560345794035,35.092640460092056,37.686851464689596,9.421712866172399,71.85153847740028,20.0,374.3878834971087,0.002671026611916843,0.3,68.85153847740028,9.500556438926841,0.002671026611916843,0.4006539917875265,10.499443561073159,57.86778317432085,0.48493114575407037,11.429275422916664,2.6074648577694166,37.686851464689596,0.23793920326476461,0,155.8537557670454,BW-001,2028-09-25 14:20:15.694042,74
64.03112005509706,22.1093309539093,19.13331552907114,40.39216256199256,0.6067829726903435,4.000497515073432,81.9450608077283,45.74791205875846,32.782101213385836,8.195525303346459,69.27536383051789,20.0,389.1383754549763,0.0025697799627980946,0.3,66.27536383051789,9.559444504278053,0.0025697799627980946,0.3854669944197142,10.440555495721947,52.285265383520695,0.5043037004707934,11.340116041236168,2.4492988449200235,32.782101213385836,0.226015183347779,0,154.63794601685686,BW-001,2028-10-05 14:20:15.694042,75
72.75902521175045,27.069251865816728,18.27926322882991,43.547243582134456,0.9227821621600999,5.759566849238281,80.39037983097884,41.93906403792455,46.301376667217944,11.575344166804486,68.56710957008252,20.0,393.2945472469402,0.002542623606149627,0.3,65.56710957008252,9.57603864054468,0.002542623606149627,0.38139354092244404,10.42396135945532,97.9506087344442,0.4601936805255676,12.114132858851956,1.4856268103245558,46.301376667217944,0.2723262863981419,0,165.19272080252668,BW-001,2028-10-15 14:20:15.694042,76
64.72659310486625,26.180422992184905,25.547314161358607,45.05932832464927,1.6026065657058286,5.212503744329245,83.56653822669422,39.49209645879964,43.55908934072767,10.889772335181917,66.6974065995127,20.0,404.48083657687204,0.0024723050131695147,0.3,63.6974065995127,9.620704689447305,0.0024723050131695147,0.3708457519754272,10.379295310552695,85.59320287072158,0.46285289287854897,11.967196775395168,1.5124236723008981,43.55908934072767,0.2665412154421538,0,163.18904693720683,BW-001,2028-10-25 14:20:15.694042,77
92.13923721539393,23.69220743542784,20.129274525356674,42.0147540393806,1.710252108900896,4.35731854839808,74.22571061139399,38.527739730124466,32.34250656150552,8.08562664037638,68.19224364446346,20.0,395.5122673788646,0.002528366582981588,0.3,65.19224364446346,9.584893481921313,0.002528366582981588,0.37925498744723823,10.415106518078687,57.32469155372354,0.4978542349368097,11.42378797604024,3.2146439768993056,32.34250656150552,0.22646203541867777,0,155.77892694600328,BW-001,2028-11-04 14:20:15.694042,78
99.62020568002694,24.475706061468557,22.4642170295134,42.63391105780792,1.0112053103795269,4.4951033182184394,82.56776348513644,53.296918021362,37.11506276199121,9.278765690497801,71.06937142602483,20.0,378.80626013240976,0.002639871895597647,0.3,68.06937142602483,9.518194896412187,0.002639871895597647,0.39598078433964706,10.481805103587813,65.00935740968488,0.4869115102493626,11.527697587033064,3.0647958893740994,37.11506276199121,0.23735875391302697,0,157.1958761868145,BW-001,2028-11-14 14:20:15.694042,79
97.23029302414258,27.15047651105807,23.14792832850022,42.02090562699594,1.6318143111270236,4.0871816973499,87.4176505083413,47.64528575839061,35.72918211830227,8.932295529575567,73.72814397445975,20.0,363.9961530982763,0.002747281781656652,0.3,70.72814397445975,9.45907530439747,0.002747281781656652,0.4120922672484978,10.54092469560253,59.666974203227944,0.5012359895893086,11.345296415412154,3.2590991690972153,35.72918211830227,0.22829611965715713,0,154.708587482893,BW-001,2028-11-24 14:20:15.694042,80
64.12495475343731,27.415317440077402,24.063028469374288,43.8349791865858,0.9800744015459176,3.039283369765001,89.90612116050131,38.56071933739503,27.325017888318893,6.8312544720797215,71.221229103927,20.0,377.94437255135296,0.002645892021752819,0.3,68.221229103927,9.514754118729883,0.002645892021752819,0.3968838032629229,10.485245881270117,34.42143491350462,0.5184024196448989,10.93938470080798,3.725873422451605,27.325017888318893,0.20446670472646886,0,149.17342773829063,BW-001,2028-12-04 14:20:15.694042,81
95.82092913984802,24.33521007240498,18.13005181776358,45.729167434062326,0.6369300151792003,5.883210952408366,74.4598818325934,43.29248247454048,43.80631923125461,10.951579807813653,72.65329423168679,20.0,369.9123350659352,0.0027033432119038543,0.3,69.65329423168679,9.482690601377133,0.0027033432119038543,0.40550148178557816,10.517309398622867,97.02303725235913,0.4757622981798229,11.970481107683051,1.9752201508723253,43.80631923125461,0.2569947646239626,0,163.23383328658707,BW-001,2028-12-14 14:20:15.694042,82
72.7725455036166,27.70037180230483,29.407285763250673,37.76250931495886,1.447755818254699,3.2560490042359316,99.90622755537842,45.043900206624855,32.52995727486583,8.132489318716457,71.51040017598886,20.0,376.30856413877876,0.0026573936798079626,0.3,68.51040017598886,9.508223824444899,0.0026573936798079626,0.3986090519711944,10.491776175555101,43.77872257744615,0.5098046240181624,11.132342775648276,3.324562308773597,32.52995727486583,0.22132576015785305,0,151.8046742133856,BW-001,2028-12-24 14:20:15.694042,83
77.93782087913279,23.759264630188387,21.94397454443899,40.14044294584892,1.62856179415652,4.786155051960131,72.01229432165283,49.99920940798356,34.46620062708186,8.616550156770463,70.74662556600565,20.0,380.6445786477897,0.0026271226653284342,0.3,67.74662556600565,9.525533827589653,0.0026271226653284342,0.3940683997992651,10.474466172410347,66.90357992495461,0.49758356011193544,11.51379534379564,2.3298550232007083,34.46620062708186,0.22908070901794308,0,157.0063001426678,BW-001,2029-01-03 14:20:15.694042,84
91.66316174903395,26.737708856767323,19.094473236584285,35.86608731286196,0.5863381400249664,3.629716779286757,96.94162868322141,39.10279280964014,35.18706562428751,8.796766406071878,72.4406444392475,20.0,371.0941456212664,0.0026947339692623075,0.3,69.4406444392475,9.487408158200486,0.0026947339692623075,0.4042100953893461,10.512591841799514,50.194759363424595,0.49743444211948784,11.265931907071042,3.6523000771999365,35.18706562428751,0.22861846243400497,0,153.62634418733242,BW-001,2029-01-13 14:20:15.694042,85
81.98115529294942,24.64918300824026,28.652450193099597,32.42196030124989,0.6756005246414087,3.5720631619909997,71.09649003544284,44.44133890219999,25.396115300246557,6.349028825061639,72.6975815525339,20.0,369.6666802763874,0.0027051396659615993,0.3,69.6975815525339,9.481710003229756,0.0027051396659615993,0.4057709498942399,10.518289996770244,38.31556369183906,0.5331458835282546,10.954962812511146,4.279261344152472,25.396115300246557,0.19555372175040475,0,149.3858565342429,BW-001,2029-01-23 14:20:15.694042,86
65.71966728211343,26.56906379030483,25.418616759795132,26.426944226946965,0.6261602091724962,4.694523399787849,71.97125918285057,50.51055233390021,33.787076034608816,8.446769008652204,71.01162933079138,20.0,379.13449826778634,0.0026375864094902025,0.3,68.01162933079138,9.519505277781821,0.0026375864094902025,0.39563796142353036,10.480494722218179,62.680716624796325,0.4995742722676141,11.46905495406698,2.09696604700639,33.787076034608816,0.22636393626236528,0,156.39620391909517,BW-001,2029-02-02 14:20:15.694042,87
88.0387652583648,22.43657803818516,27.862320711484273,40.94981345175591,0.6220231709628496,4.359866504244083,85.7317080798274,43.81525493876456,37.37788024088713,9.344470060221783,72.81661380461945,20.0,369.0072353036148,0.0027099739634568734,0.3,69.81661380461945,9.479077661923348,0.0027099739634568734,0.406496094518531,10.520922338076652,63.9481172265127,0.4961381771393419,11.46933864928989,2.7534435438191194,37.37788024088713,0.23529510472737486,0,156.4000724903167,BW-001,2029-02-12 14:20:15.694042,88
63.39350856340768,27.919837471007053,22.491249549073444,32.89541152960538,1.719199350886254,4.202289182625978,86.78920993924653,38.10480491861425,36.47133580963507,9.117833952408768,70.31935823204313,20.0,383.0919678560609,0.002610339249857961,0.3,67.31935823204313,9.535304503080335,0.002610339249857961,0.39155088747869415,10.464695496919665,61.241804022396394,0.48893340445037264,11.466965782238493,2.0702691429607265,36.47133580963507,0.2364987097222685,0,156.3677152123431,BW-001,2029-02-22 14:20:15.694042,89
97.88994309535434,27.916006382937226,27.040538223107298,33.03023005274198,0.6252510750480031,3.5457843914858134,95.85356863040552,53.922309242672654,33.98760875179061,8.49690218794765,74.23672335483789,20.0,361.2299038736957,0.0027683200899935754,0.3,71.23672335483789,9.448033975596026,0.0027683200899935754,0.41524801349903634,10.551966024403974,47.75872613975137,0.501002633056698,11.173704756345664,4.099353186636898,33.98760875179061,0.2216610003347441,0,152.3687012228954,BW-001,2029-03-04 14:20:15.694042,90
91.08587663709747,25.35042549841483,23.090664110963715,45.752505242273664,0.6667962234592271,4.119927948839258,78.12234019430662,47.87999086478031,32.18584127952524,8.046460319881312,76.00021042991507,20.0,351.79981355810844,0.002842525667896141,0.3,73.00021042991507,9.410397095608818,0.002842525667896141,0.4263788501844212,10.589602904391182,54.151743439480356,0.5156215625561672,11.196760082386042,3.3640976578674504,32.18584127952524,0.21282608166585001,0,152.68309203253696,BW-001,2029-03-14 14:20:15.694042,91
79.70500417163436,22.068121868604514,23.623927703929517,25.351278616364098,0.6782268744021078,4.2262025132942895,70.76159066981035,38.12305194732381,29.90528123334542,7.476320308336357,73.2669186367284,20.0,366.5231481045713,0.002728340638705564,0.3,70.2669186367284,9.469161975636828,0.002728340638705564,0.4092510958058346,10.530838024363172,51.4476893007822,0.5137956068712828,11.208491532077504,3.0984872306178595,29.90528123334542,0.20964121520918946,0,152.84306634651142,BW-001,2029-03-24 14:20:15.694042,92
64.7010498710842,25.895261812696383,26.95253855118508,38.00085036233183,1.9432588227118128,5.147916686542192,89.76771825730454,35.54191985006967,46.211673472959625,11.552918368239906,72.22237662600843,20.0,372.31110532275335,0.0026859257908332023,0.3,69.22237662600843,9.492266087805701,0.0026859257908332023,0.40288886862498036,10.507733912194299,90.11441135216846,0.4604708746162741,11.90517796278824,1.4359756425247352,46.211673472959625,0.2657322431733581,0,162.34333585620328,BW-001,2029-04-03 14:20:15.694042,93
74.99482318094816,23.714272517691164,28.423189538273522,29.366300124466864,1.944833809160917,3.6659164857988484,76.93224389764214,48.437854871974565,28.202718119386418,7.0506795298466045,70.97935732429548,20.0,379.31807416178356,0.0026363099153917154,0.3,67.97935732429548,9.52023814530195,0.0026363099153917154,0.3954464873087573,10.47976185469805,44.098246510096914,0.5184644144719981,11.096537137388495,3.401261007680976,28.202718119386418,0.2078044826464898,0,151.31641550984313,BW-001,2029-04-13 14:20:15.694042,94
60.48617898759265,27.819272960245833,18.51791894340691,45.3874347287537,1.2915516636294497,3.0591316132630926,73.12325745953721,50.99832170746379,22.369366855924653,5.592341713981163,69.37055398259099,20.0,388.5831398294807,0.0025734518498121747,0.3,66.37055398259099,9.557227692648961,0.0025734518498121747,0.3860177774718262,10.442772307351039,29.282581630498658,0.5302558386457228,10.83723988764828,4.131205352781774,22.369366855924653,0.1911394981352597,0,147.78054392247657,BW-001,2029-04-23 14:20:15.694042,95
99.71859184477202,22.442779388412394,24.64625141281585,47.26326085485837,1.2846467662552232,3.535633986163001,89.58238323555624,39.76365562093453,31.673051872911127,7.918262968227782,71.4569949140311,20.0,376.61013777646656,0.0026552657501576356,0.3,68.4569949140311,9.509427725074794,0.0026552657501576356,0.39828986252364534,10.490572274925206,45.80845093465079,0.5069971714945835,11.163758904525801,4.353720320603205,31.673051872911127,0.2185598809093104,0,152.2330759708064,BW-001,2029-05-03 14:20:15.694042,96
85.1759455254105,26.174492133907705,23.45449277721328,39.06139392201752,1.3764714678846504,3.2983241782780355,77.29516572998362,49.44533863711318,25.49445139912128,6.37361284978032,71.5907253742662,20.0,375.8554312780807,0.0026605974446066716,0.3,68.5907253742662,9.506414897237505,0.0026605974446066716,0.39908961669100074,10.493585102762495,35.8313562355381,0.5266920437117208,10.927920102741568,4.754268577806813,25.49445139912128,0.1977381340471618,0,149.0170923101123,BW-001,2029-05-13 14:20:15.694042,97
96.04632041963956,22.272678282048748,21.371558275106764,46.809875617837406,1.8353956758363745,5.567089404318857,94.90659593700974,42.943670592369095,52.8353504640898,13.20883761602245,73.07902991478056,20.0,367.5575886055615,0.0027206620975880162,0.3,70.07902991478056,9.473291099282031,0.0027206620975880162,0.4080993146382024,10.526708900717969,108.20459616870095,0.44859337348372014,12.168708749208712,1.7752724712339296,52.8353504640898,0.28638511146196777,0,165.93693748920973,BW-001,2029-05-23 14:20:15.694042,98
78.22627011142852,25.72079558680922,21.32857419577359,28.514907833370273,1.1955476074099733,5.004255409711939,76.14952886247463,40.86295460522027,38.1071691757054,9.526792293926352,71.47453354917093,20.0,376.51107239112895,0.0026559643881101467,0.3,68.47453354917093,9.50903224950114,0.0026559643881101467,0.398394658216522,10.49096775049886,74.99742207646155,0.48873099176237444,11.650110446778065,2.0861055739135965,38.1071691757054,0.23997721896969001,0,158.86514245606455,BW-001,2029-06-02 14:20:15.694042,99
74.13408912104211,25.501936671105234,18.93281564357982,47.385475383987995,1.9793161167194042,5.68900745556336,70.39005770532208,36.71017061708936,40.044956308311235,10.01123907707781,71.3779228636267,20.0,377.057092823415,0.002652118257508351,0.3,68.3779228636267,9.511212004333357,0.002652118257508351,0.3978177386262527,10.488787995666643,89.80312761738996,0.4786759855651807,11.847378551655668,1.6510357954768244,40.044956308311235,0.24660031554139528,0,161.55516206803182,BW-001,2029-06-12 14:20:15.694042,100
87.9264685607898,25.216578198064724,21.714331395435934,43.531080472966764,1.5270967588308189,3.623658765438082,70.79596611621459,38.628708701795944,25.65404231746784,6.413510579366961,71.67054825881539,20.0,375.4056726190929,0.0026637850009652215,0.3,68.67054825881539,9.504619448602458,0.0026637850009652215,0.39956775014478324,10.495380551397542,39.60913015222499,0.5243104241857256,10.995975713088024,4.439707119185532,25.65404231746784,0.19813517617728732,0,149.94512336029123,BW-001,2029-06-22 14:20:15.694042,101
66.50467757379565,27.465563106963053,27.870446915078027,46.79519791900618,1.58857926258254,4.749124682909077,82.64273651777494,52.8534342215395,39.24806598597163,9.812016496492907,69.97185732822965,20.0,385.09405334794764,0.002596768221441375,0.3,66.97185732822965,9.543297577640914,0.002596768221441375,0.38951523321620624,10.456702422359086,72.70304024145138,0.47910330532841894,11.667643129552754,1.8294882126780234,39.24806598597163,0.24635510262428972,0,159.1042244939012,BW-001,2029-07-02 14:20:15.694042,102
84.5366078374316,24.509458217743713,29.192741800248157,44.7855333480098,0.5678280051592841,5.452330685215323,80.25452055093628,40.18846866862585,43.75741850271137,10.93935462567784,70.28834050751183,20.0,383.270248943834,0.0026091250305904754,0.3,67.28834050751183,9.53601626143475,0.0026091250305904754,0.3913687545885713,10.46398373856525,88.36799004062115,0.4690710463614935,11.93626968789974,1.9132857451792593,43.75741850271137,0.26083913635885475,0,162.76731392590554,BW-001,2029-07-12 14:20:15.694042,103
61.05467897989008,24.258780201268298,27.726639969381996,47.694627103558666,0.7256253366552923,4.139077224501801,87.70884827544424,40.36127281645753,36.30336962841753,9.075842407104382,67.12871711679679,20.0,401.8724308384677,0.0024883518332262738,0.3,64.12871711679679,9.61028911916625,0.0024883518332262738,0.37325277498394105,10.38971088083375,57.936916770776875,0.4859644514712033,11.524406257106756,2.107626100348018,36.30336962841753,0.24157296134626544,0,157.15099441509213,BW-001,2029-07-22 14:20:15.694042,104
83.7652286140854,24.28534513978613,29.638972773775237,44.21085415525701,1.7574930570667067,4.872446723547402,82.2823495657372,46.0409436170396,40.09163645473583,10.022909113683957,67.7594051289201,20.0,398.08851571569846,0.0025120041410945063,0.3,64.7594051289201,9.595180067521525,0.0025120041410945063,0.37680062116417595,10.404819932478475,76.6047191444965,0.47929828078627135,11.76959250121435,2.186946954431941,40.09163645473583,0.2530653428971623,0,160.4944431983775,BW-001,2029-08-01 14:20:15.694042,105
78.7477263917988,24.48891701402599,21.280884863168474,25.35301191962225,1.7970835643825798,4.30837958740595,78.83397278625753,53.96906613924313,33.96466791464281,8.491166978660704,67.09347685102315,20.0,402.084918363444,0.002487036828116247,0.3,64.09347685102315,9.611137589885406,0.002487036828116247,0.3730555242174371,10.388862410114594,58.55830513384151,0.4885334791298288,11.48895562837425,2.6895493717522094,33.96466791464281,0.23384103522450922,0,156.66757675055797,BW-001,2029-08-11 14:20:15.694042,106
92.51604036520311,27.998306039716784,29.959642044886863,37.33036093446306,1.6534811227707658,5.290817382479283,74.20339527299357,52.36935951795826,39.25966135493354,9.814915338733385,71.5155306148331,20.0,376.2796058319361,0.002657598191613516,0.3,68.5155306148331,9.508108221293309,0.002657598191613516,0.3986397287420274,10.491891778706691,81.69205777332,0.48215737345601456,11.741071740471607,2.264994734786033,39.25966135493354,0.2437494195993593,0,160.10552373370373,BW-001,2029-08-21 14:20:15.694042,107
97.79062919529713,27.097884344064468,20.96817722091837,34.81305924744224,0.6937391227272425,4.462293594748541,96.83656680682274,50.99710511894631,43.211319179952426,10.802829794988108,74.38887372079306,20.0,360.4064249947039,0.002774645318863821,0.3,71.38887372079306,9.444747175962538,0.002774645318863821,0.41619679782957314,10.555252824037462,72.78613564616111,0.47622443533897535,11.630423994327098,2.6870674841343853,43.211319179952426,0.2521596580982526,0,158.59669083173316,BW-001,2029-08-31 14:20:15.694042,108
98.1620410903489,25.63704780670528,20.743713666041554,40.12081642574056,1.4271923606868437,4.2756405134077005,70.67407924960352,40.37354718769892,30.217695648739134,7.554423912184783,76.85545926837878,20.0,347.315493402312,0.0028792265792809096,0.3,73.85545926837878,9.39250110351094,0.0028792265792809096,0.4318839868921364,10.60749889648906,54.5669182810958,0.5212504690995162,11.150920945752961,3.5978590758846725,30.217695648739134,0.20492030018315738,0,152.05801289663128,BW-001,2029-09-10 14:20:15.694042,109
74.32650872131362,22.681345553197772,26.058878347113595,36.48738482169104,1.658477587603459,4.624902643982601,89.00434659478442,40.157753708664046,41.16364378921623,10.290910947304058,74.32345259424285,20.0,360.7602714991716,0.002771923848056801,0.3,71.32345259424285,9.44615950032575,0.002771923848056801,0.41578857720852014,10.55384049967425,75.08776694774109,0.48346744821752896,11.602930928469695,1.9797235087052918,41.16364378921623,0.24544022741380556,0,158.2217853882231,BW-001,2029-09-20 14:20:15.694042,110
80.80654004447973,27.11308900191124,24.622882065293826,37.46251131684927,1.8149804039875175,3.4180682222184724,95.04790710397897,54.68804361407104,32.488023086048386,8.122005771512097,74.57111033218858,20.0,359.42258161521823,0.0027822403242057712,0.3,71.57111033218858,9.440820346825603,0.0027822403242057712,0.4173360486308657,10.559179653174397,45.986553400457765,0.5052965638920002,11.095944663486017,3.514355135111098,32.488023086048386,0.21612018477139344,0,151.3083363202639,BW-001,2029-09-30 14:20:15.694042,111
76.13931464849588,22.804091370703844,18.345392115760067,42.123294136166855,1.4304643270301969,4.5770705469080575,75.15037857544911,40.44614653038738,34.39685843666784,8.59921460916696,72.7066219113971,20.0,369.61655488335884,0.002705506522335217,0.3,69.7066219113971,9.481509914371063,0.002705506522335217,0.40582597835028256,10.518490085628937,63.99631491194285,0.5016329444444916,11.425786082015083,2.3794905926462007,34.39685843666784,0.22554116125390045,0,155.80617384566023,BW-001,2029-10-10 14:20:15.694042,112
88.16319072396894,23.277784969053464,19.636457707041238,24.349071976029165,1.0258813382098955,3.0551720296424003,97.42896419681497,37.35502165780282,29.766224629113992,7.441556157278499,72.24918322678315,20.0,372.16142948955655,0.0026870060161031857,0.3,69.24918322678315,9.491668599726342,0.0026870060161031857,0.40305090241547786,10.508331400273658,37.252308334943244,0.5116426090720609,10.992666862760126,4.733300816221931,29.766224629113992,0.21086917761058027,0,149.9000026740017,BW-001,2029-10-20 14:20:15.694042,113
83.59670747418532,24.353464270598394,23.249699064284748,45.699808667849965,1.0223832005349505,4.729549426542761,78.22165662061619,46.08356005031587,36.995319121326006,9.248829780331501,73.77216079458468,20.0,363.7559031218476,0.0027490962797242337,0.3,70.77216079458468,9.45811634580208,0.0027490962797242337,0.41236444195863503,10.54188365419792,69.89648135915378,0.49900770458478205,11.510793071435723,2.392014758071576,36.995319121326006,0.2324445013409743,0,156.9653600650326,BW-001,2029-10-30 14:20:15.694042,114
80.55957956639243,26.70191807644686,22.758513387855242,38.93008080546896,1.7935455631201178,4.954261165055593,94.89225411121605,39.128425435212066,47.01210094077845,11.753025235194613,73.02048855707197,20.0,367.88049016212494,0.0027182740774301458,0.3,70.02048855707197,9.474580018985609,0.0027182740774301458,0.40774111161452187,10.525419981014391,88.26255850506746,0.4626793774957287,11.872737221882971,1.825453078425485,47.01210094077845,0.2670711501845656,0,161.900962116586,BW-001,2029-11-09 14:20:15.694042,115
97.98082494630569,22.882440885574226,29.119051501937932,35.81079103390891,0.8873665824484376,3.0329874859754415,74.10656890206423,53.0003728369621,22.47642961085376,5.619107402713441,74.91840518338863,20.0,357.5550659978047,0.0027967720082761735,0.3,71.91840518338863,9.43336663250053,0.0027967720082761735,0.419515801241426,10.56663336749947,29.23888762623447,0.5379512032722339,10.71111064951192,6.702089778435538,22.47642961085376,0.1821879518355206,0,146.06059976607162,BW-001,2029-11-19 14:20:15.694042,116
78.36543024953045,27.88019545171286,23.911417127914433,31.890038646900198,1.4501012814750887,5.621670232687546,87.92239306510925,47.010337208673064,49.427069988077854,12.356767497019463,74.80689591174621,20.0,358.15362702125447,0.00279209792824646,0.3,71.80689591174621,9.435755618254296,0.00279209792824646,0.418814689236969,10.564244381745704,104.01028578732071,0.4616693202236077,12.039760654264864,1.5068784718036707,49.427069988077854,0.27220298806663584,0,164.17855437633906,BW-001,2029-11-29 14:20:15.694042,117
69.60582475112773,22.455179968651983,19.54655666292779,27.07310013498654,0.7278540402684415,4.995110023638766,75.26113835870349,53.2882389184992,37.593766660602384,9.398441665150594,72.15922567005046,20.0,372.6639494479211,0.002683382713786614,0.3,69.15922567005046,9.493674603344694,0.002683382713786614,0.4025074070679921,10.506325396655306,72.61266762666645,0.4873284918827534,11.617490802337509,1.917181313569191,37.593766660602384,0.2371117403697176,0,158.4203291227842,BW-001,2029-12-09 14:20:15.694042,118
65.5530869059764,25.84524846881929,20.182561012789737,32.29601479977272,1.8451826148590178,4.25631157467622,81.49415584748492,45.378354105656754,34.68645188021178,8.671612970052946,70.74569960287202,20.0,380.64986562720884,0.0026270861763008067,0.3,67.74569960287202,9.525554934457174,0.0026270861763008067,0.394062926445121,10.474445065542826,60.7406528151537,0.5015586472172221,11.414455333850434,2.1584584250507786,34.68645188021178,0.22981646595553523,0,155.65166364341502,BW-001,2029-12-19 14:20:15.694042,119
78.95846561051489,26.005346431126164,20.067838454419558,28.6149364514081,0.5613029243997183,3.1408979003251654,74.98850106268239,49.760672328527406,23.553122553631052,5.888280638407764,70.95747904756949,20.0,379.4425769768742,0.0026354448885712338,0.3,67.95747904756949,9.52073518340714,0.0026354448885712338,0.39531673328568506,10.47926481659286,31.01440371904349,0.5310370159744792,10.852543564581463,5.091728754535606,23.553122553631052,0.19234318160516575,0,147.98923042611085,BW-001,2029-12-29 14:20:15.694042,120
63.31194671700506,25.61891265679833,20.94418931617585,33.34309473700743,0.9330406051560498,4.060264137908154,77.10611676923446,50.61051030487724,31.30712007314812,7.82678001828703,47.51784786803229,20.0,539.3138809100496,0.0018542077914118933,0.99,44.51784786803229,10.159341507405538,0.0018542077914118933,0.278131168711784,9.840658492594462,46.36265142644469,0.45682951156322343,11.908521953416274,2.7311616039669677,31.30712007314812,0.2661512311835086,0,162.38893572840374,BW-002,2026-09-26 14:20:15.829397,1
74.22690865859796,26.31427543110547,21.5654605874781,37.593711367125536,1.2140756032986495,3.8244181066444085,94.67842955541035,43.47476507297526,36.208990030036844,9.052247507509211,50.63314039218811,20.0,514.6918401369486,0.001942910149370002,0.98,47.63314039218811,10.060953134465835,0.001942910149370002,0.2914365224055003,9.939046865534165,50.70293203138299,0.45475875925763,11.90992068277778,2.9279138576307426,36.208990030036844,0.2751041854745407,0,162.4080093106061,BW-002,2026-10-06 14:20:15.829397,2
86.54684661450592,27.620978435948548,26.790865166523005,29.15856908617816,0.546774702591927,5.0026496978744115,72.86605941504004,47.47718649353146,36.4523370117949,9.113084252948724,55.5558482877714,20.0,478.0559302176012,0.002091805449510522,0.97,52.5558482877714,9.914577002001103,0.002091805449510522,0.3137708174265783,10.085422997998897,66.82781327544566,0.46439475163211363,12.006323770799133,2.5901445033906434,36.4523370117949,0.2649245691045967,0,163.72259687453362,BW-002,2026-10-16 14:20:15.829397,3
70.490561771993,25.57046758420153,18.617109761811005,35.91278993282967,1.3952642733753338,4.355303036211687,87.59825389526422,38.36028415489727,38.151694115688656,9.537923528922162,56.763333846627,20.0,469.4751887256016,0.002130038016949345,0.96,53.763333846627,9.880297047671474,0.002130038016949345,0.31950570254240174,10.119702952328526,61.64327682090263,0.4582938037073859,11.893512185615403,2.2870478471413884,38.151694115688656,0.2680148703366426,0,162.1842570765737,BW-002,2026-10-26 14:20:15.829397,4
73.36975563267843,26.62547322247493,19.27917903760526,25.80330676165941,1.5922831343054051,5.210621234832546,95.88391232629685,39.33479600181551,49.96147496462245,12.490368741155612,58.152178531200626,20.0,459.79593928934406,0.0021748778415607364,0.95,55.152178531200626,9.84163049472913,0.0021748778415607364,0.3262316762341105,10.15836950527087,90.80238278363787,0.42838425404230696,12.380152253062558,1.6160315045366693,49.96147496462245,0.3044770316688781,0,168.82025799630762,BW-002,2026-11-05 14:20:15.829397,5
79.81965264824794,26.130414378566417,23.217928063244955,29.913648797738563,1.7286534765112995,3.2871436665604854,70.70915758139009,47.83943000886532,23.243115951149377,5.8107789877873435,60.8307009103459,20.0,441.6885276667565,0.0022640388811603373,0.94,57.8307009103459,9.769301154408332,0.0022640388811603373,0.3396058321740506,10.230698845591668,32.0739761891786,0.5135214038902988,11.121476322513605,4.977222167744714,23.243115951149377,0.20998361147052486,0,151.6564953070037,BW-002,2026-11-15 14:20:15.829397,6
91.97663515875917,26.16817882512656,21.26574164675955,38.16553600485809,1.0414608454100402,4.821282108266342,86.4009223814221,39.63894192231951,41.65632212152593,10.414080530381483,64.78314642198393,20.0,416.26341227478144,0.002402324995452364,0.9299999999999999,61.78314642198393,9.667756264719008,0.002402324995452364,0.3603487493178546,10.332243735280992,74.83013958403453,0.46516095165983196,11.878999734398171,2.4582777920778582,41.65632212152593,0.26373343075418754,0,161.98636001452053,BW-002,2026-11-25 14:20:15.829397,7
63.66328293306537,27.503881452773456,19.641823571027537,46.80569649169926,1.1690086594369336,4.172717987716544,87.8342900555852,44.935337177183385,36.650772205325275,9.162693051331317,63.82398228970379,20.0,422.2956767263051,0.002368009087263548,0.92,60.82398228970379,9.691846717128392,0.002368009087263548,0.3552013630895322,10.308153282871608,59.4123016015172,0.4831564753232616,11.62324947060829,2.143101048670352,36.650772205325275,0.24885794370230907,0,158.49885641738575,BW-002,2026-12-05 14:20:15.829397,8
67.40531715354479,25.25140568427015,28.4753500305169,41.57339727382947,1.7098417217921746,5.963356560644662,74.093192576702,48.902891080951875,44.18441260513843,11.046103151284607,62.87108505488344,20.0,428.37508686093815,0.0023344027948213205,0.91,59.87108505488344,9.716126550587926,0.0023344027948213205,0.35016041922319807,10.283873449412074,98.07513905820858,0.45557278220241937,12.23170403772684,1.3745648041047192,44.18441260513843,0.2757939014087429,0,166.79596415082054,BW-002,2026-12-15 14:20:15.829397,9
86.35133466842869,26.153659387107115,28.19034781878383,29.99203221262046,1.2341374454647107,4.212956304312876,82.84598844776845,49.35195531316353,34.90265293180578,8.725663232951446,65.23696465765963,20.0,413.43941612696005,0.002418734065967521,0.9,62.23696465765963,9.656478740332053,0.002418734065967521,0.36281010989512813,10.343521259667947,57.67354872822321,0.486857001779366,11.543428513324587,2.9944866085957247,34.90265293180578,0.24037400127744063,0,157.41038881806256,BW-002,2026-12-25 14:20:15.829397,10
68.8483776727841,27.92600804797988,29.32871207623936,24.94624347284414,1.5583627587735327,5.077308453973108,99.73767981106565,37.5678857890825,50.639896488438666,12.659974122109666,65.77649983728547,20.0,410.1069425716057,0.002438388371894966,0.89,62.77649983728547,9.643170957204804,0.002438388371894966,0.36575825578424487,10.356829042795196,91.73409540444953,0.4386315636923953,12.175086355734203,1.5010422759222986,50.639896488438666,0.2918317377329439,0,166.02390485092096,BW-002,2027-01-04 14:20:15.829397,11
97.00993269662663,23.083452070764,24.815342766631552,45.971719142113,0.5509189678786983,3.312328948152499,91.73016451386223,46.56773834012818,30.384047933805704,7.596011983451424,69.70461594760937,20.0,386.64084752953187,0.002586379598507422,0.88,66.70461594760937,9.549473067166447,0.002586379598507422,0.38795693977611334,10.450526932833553,40.6268798883442,0.511487664253426,11.120550617762799,4.775652620296774,30.384047933805704,0.2172724140382119,0,151.6438720604018,BW-002,2027-01-14 14:20:15.829397,12
87.8968106898736,23.784094044235303,29.092754344518365,47.30539788396882,1.9163997336701508,3.8224819996794177,72.3825810696696,36.71316499192861,27.668111322914825,6.9170278307287045,70.48167653379721,20.0,382.1603598793997,0.0026167025808631096,0.87,67.48167653379721,9.53158522992107,0.0026167025808631096,0.3925053871294664,10.46841477007893,44.69280575519124,0.5140959988325504,11.123181179140927,3.9333762651347555,27.668111322914825,0.20687514570686932,0,151.67974335192173,BW-002,2027-01-24 14:20:15.829397,13
78.96856866629855,27.17225590593588,28.134592782420846,31.658411357838133,1.743373211226016,5.682572623992355,75.75601974156228,41.46743124231041,43.04890838860262,10.762227097150657,70.21773364599443,20.0,383.67638661753267,0.0026063631614547307,0.86,67.21773364599443,9.537637705026766,0.0026063631614547307,0.3909544742182096,10.462362294973234,94.49105191791475,0.4722964591865745,11.96268732292668,1.6714507260412188,43.04890838860262,0.25859927728060184,0,163.12755440354564,BW-002,2027-02-03 14:20:15.829397,14
61.480305388619705,25.577619270892317,20.760106047452435,26.89360525865469,0.6154298024438137,3.679969206680964,80.64988917495812,36.38847685492187,29.678910868607833,7.4197277171519564,67.89292559369169,20.0,397.2920191418097,0.002517040241986485,0.85,64.89292559369169,9.591999746839473,0.002517040241986485,0.37755603629797274,10.408000253160527,43.44317552024761,0.5030128281274182,11.215529243961667,2.830378058342697,29.678910868607833,0.21811730863790235,0,152.93903514493184,BW-002,2027-02-13 14:20:15.829397,15
87.8515510351256,24.039249782608398,26.69720125834514,25.568552179174617,0.9729355067459156,4.557179372724811,72.02837690776644,51.00713015644723,32.824623349492136,8.206155837373034,70.01375099443534,20.0,384.8521343415331,0.002598400556387613,0.84,67.01375099443534,9.542331737992068,0.002598400556387613,0.38976008345814195,10.457668262007932,59.80942755554973,0.5001917754095121,11.435583112395857,2.937715829282296,32.824623349492136,0.2248710514674337,0,155.93976971448896,BW-002,2027-02-23 14:20:15.829397,16
81.5796516950135,26.744338989033782,21.825030035184838,39.02139303448822,1.8289666223542806,3.7011362457312993,86.20035743813531,52.60158175122916,31.90392673092762,7.975981682731906,71.78889846371649,20.0,374.7398237449603,0.002668518093450826,0.83,68.78889846371649,9.501961377834974,0.002668518093450826,0.4002777140176239,10.498038622165026,48.83890682350566,0.5044619092966764,11.19630434605393,3.340764853309536,31.90392673092762,0.21876836955991347,0,152.67687744618996,BW-002,2027-03-05 14:20:15.829397,17
84.63452752729218,23.3977568485218,18.292809378678456,44.88237297362232,0.5319041162755807,4.952632107141582,85.98873359654006,41.48667506230751,42.58705628626684,10.64676407156671,71.65800576973794,20.0,375.4763070866014,0.002663283890691286,0.8200000000000001,68.65800576973794,9.504901422723433,0.002663283890691286,0.39949258360369294,10.495098577276567,79.20763783485936,0.4761078643190076,11.770043338362727,2.1370294542490305,42.58705628626684,0.25459974641353655,0,160.50059097767354,BW-002,2027-03-15 14:20:15.829397,18
94.98806690736798,25.173622804163273,29.268812382154756,43.17079765856797,1.9969011658000062,3.999005739174594,90.0846086559457,54.88278722442335,36.02488670264241,9.006221675660603,73.51749764796551,20.0,365.14808881021577,0.0027386149089766863,0.81,70.51749764796551,9.463673297013461,0.0027386149089766863,0.41079223634650297,10.536326702986539,58.48308106919535,0.49270569459478364,11.341140104155054,3.248394755227792,36.02488670264241,0.22962738231853944,0,154.6519105112053,BW-002,2027-03-25 14:20:15.829397,19
74.0284726180684,26.603129733586762,22.823170963310908,35.51701488729381,1.4412581948275551,4.985517569548136,86.73350252110075,49.61301020478492,43.24114006873954,10.810285017184885,72.00120239299433,20.0,373.5483408700547,0.0026770296922503734,0.8,69.00120239299433,9.497205021884001,0.0026770296922503734,0.401554453837556,10.502794978115999,82.76712207416824,0.4736408158585224,11.788531079452033,1.788837663141916,43.24114006873954,0.25620163582348154,0,160.75269653798227,BW-002,2027-04-04 14:20:15.829397,20
94.94708456745354,27.90450081519577,27.219280966374217,34.02640277201601,1.1320355034156053,4.395616836851154,71.80427027802355,46.2459363175582,31.56240593918912,7.890601484797282,75.02994709569688,20.0,356.9573305441576,0.0028014552845169664,0.79,72.02994709569688,9.430980959371713,0.0028014552845169664,0.42021829267754496,10.569019040628287,57.67696155158309,0.5176134900870429,11.253824867722535,3.2923747025937944,31.56240593918912,0.21229521896054435,0,153.46124819621642,BW-002,2027-04-14 14:20:15.829397,21
89.50329206355566,23.432662874609814,19.325689357576735,32.51093178337864,0.9308584874811225,5.87287585351614,75.25908827072979,48.80009781641331,44.19872822628087,11.049682056570218,75.4223823730811,20.0,354.86226319599797,0.002817994765049669,0.78,72.4223823730811,9.422619296894673,0.002817994765049669,0.4226992147574503,10.577380703105327,98.834829318427,0.47693720793941263,11.919986070275646,1.8111690520594335,44.19872822628087,0.25378777304640227,0,162.54526459466788,BW-002,2027-04-24 14:20:15.829397,22
71.85232481823961,23.40164650629946,18.50511827563634,24.42897443360193,1.9815835846040473,3.6028010659771694,86.07483053419244,36.93352899293439,31.011049120239274,7.752762280059818,73.0433702035201,20.0,367.7542461587284,0.0027192072163549803,0.77,70.0433702035201,9.474076092753313,0.0027192072163549803,0.40788108245324706,10.525923907246687,46.82011584555671,0.5088403574332993,11.121908671437525,3.069292910562437,31.011049120239274,0.21369643758174942,0,151.66239097414808,BW-002,2027-05-04 14:20:15.829397,23
77.1109253494345,24.305959882958092,26.15576739231684,29.238093308761542,1.924941775925338,4.351112808774555,92.68489986685738,41.95143048477964,40.32824549906702,10.082061374766756,73.31514337159291,20.0,366.2581117513516,0.00273031495525999,0.76,70.31514337159291,9.468104051330073,0.00273031495525999,0.40954724328899855,10.531895948669927,70.13634989695451,0.4861348484479707,11.545102373732327,2.198886182777608,40.32824549906702,0.24430491852229558,0,157.43321418725898,BW-002,2027-05-14 14:20:15.829397,24
91.45380057662209,22.536466013873557,23.01096930941914,45.098839381491956,1.9170980334371155,4.994735173461654,93.86349882369188,53.54355638958906,46.88233190788704,11.72058297697176,74.9271094016462,20.0,357.50838548524814,0.0027971371878248237,0.75,71.9271094016462,9.433180321277296,0.0027971371878248237,0.41957057817372356,10.566819678722704,89.21620128325715,0.4634946960597282,11.835450533869935,2.050161277014265,46.88233190788704,0.26352695533853127,0,161.39250728004455,BW-002,2027-05-24 14:20:15.829397,25
78.69606044999479,25.680468335264244,20.004407353104902,47.78804702728743,0.8475075520751651,3.7039262455663606,81.97947747427925,38.04832026660835,30.364593821479918,7.5911484553699795,73.49267325025393,20.0,365.28408284912393,0.0027375953318311917,0.74,70.49267325025393,9.464216126144805,0.0027375953318311917,0.4106392997746787,10.535783873855195,45.9206452172904,0.5127191583424942,11.112859395154166,3.4274806060592344,30.364593821479918,0.21080053759300357,0,151.53899175210225,BW-002,2027-06-03 14:20:15.829397,26
97.70927096540503,25.89787989395421,25.29284153854631,36.30452426439621,0.8460047175766381,5.977450506475126,97.81002903772887,45.799142605611195,58.46546076099192,14.616365190247983,75.00410779821576,20.0,357.09571025946497,0.002800369680367771,0.73,72.00410779821576,9.431533256928272,0.002800369680367771,0.42005545205516565,10.568466743071728,121.13666524138932,0.43529260514146906,12.377836765162641,1.61320721138723,58.46546076099192,0.3020135822811459,0,168.78868316130874,BW-002,2027-06-13 14:20:15.829397,27
67.06112128022033,23.322917254421053,20.237259145731056,42.71002736560208,1.0251878887500951,5.526099883129264,85.62873931816127,47.471713760055195,47.319296633859715,11.82982415846493,72.0773987991449,20.0,373.12163914857115,0.0026800911420787788,0.72,69.0773987991449,9.495501659129124,0.0026800911420787788,0.4020136713118168,10.504498340870876,97.02045838508865,0.4634344124399891,12.017285432235928,1.3824119654031062,47.319296633859715,0.2696674805241037,0,163.87207407594445,BW-002,2027-06-23 14:20:15.829397,28
62.313707062535855,27.814615780844868,28.60543061956111,46.26605479668511,1.9923617339696529,3.2673732963480497,92.65811261490424,37.5542696727047,30.274864284794845,7.568716071198713,69.87602901239282,20.0,385.64799509592103,0.002593038243985355,0.71,66.87602901239282,9.545509148408167,0.002593038243985355,0.38895573659780325,10.454490851591833,41.24215023391216,0.506092332724415,11.10431256819714,3.021845694713424,30.274864284794845,0.2166106128114258,0,151.42244411177919,BW-002,2027-07-03 14:20:15.829397,29
66.95580996877949,24.377452113415952,27.098861708449096,40.704494833291015,0.7308438595097826,5.478202890757585,93.46084263011159,49.17489395485953,51.19974582689169,12.799936456722923,67.4628453161707,20.0,399.8633161327886,0.002500854566183598,0.7,64.4628453161707,9.602266725918112,0.002500854566183598,0.37512818492753974,10.397733274081888,98.53611041973056,0.4427112272756165,12.231086217489423,1.3590106141509006,51.19974582689169,0.2906248142628089,0,166.78753932940123,BW-002,2027-07-13 14:20:15.829397,30
92.6333249996247,23.346643431019963,20.685811377871477,36.88738614944192,1.3894099022625548,3.1084811415742863,79.09385067835986,40.26225139821686,24.58617432481742,6.146543581204354,69.0766806241439,20.0,390.2998342153228,0.0025621327818661447,0.69,66.0766806241439,9.56408173624089,0.0025621327818661447,0.3843199172799217,10.43591826375911,32.43759413642646,0.524415240298283,10.920480794920671,5.711479378527658,24.58617432481742,0.19904386468065488,0,148.9156472034637,BW-002,2027-07-23 14:20:15.829397,31
83.20344831351244,22.54892102438653,28.529530351564564,30.374401022128946,0.6942723819242063,4.080409222414557,72.62928240291515,53.73915646062126,29.635719373420628,7.408929843355158,69.39313598973214,20.0,388.45153731102823,0.002574323703086063,0.6799999999999999,66.39313598973214,9.556702263410086,0.002574323703086063,0.38614855546290944,10.443297736589914,48.48114392088982,0.5057842848380097,11.258959574929642,3.4324045013987914,29.635719373420628,0.21532119243804387,0,153.53126693085878,BW-002,2027-08-02 14:20:15.829397,32
95.54992319475909,27.73390898937852,28.34553140718541,43.42838579339707,1.4828629709585326,4.661406722137128,79.1657293197407,42.93963034148567,36.902366281392766,9.225591570348191,73.53003914184688,20.0,365.0794027332893,0.002739130152271437,0.6699999999999999,70.53003914184688,9.463399132354462,0.002739130152271437,0.41086952284071554,10.536600867645538,69.51195397878453,0.4979116475011282,11.499669943802365,2.7491652219680516,36.902366281392766,0.23253170842462934,0,156.8136810518504,BW-002,2027-08-12 14:20:15.829397,33
82.03429482436557,22.521920559468462,22.901438556848383,32.944524408295536,0.8896306756404893,4.341607621514507,88.01783000081852,45.313588553929954,38.213888156072194,9.553472039018049,72.11346663053047,20.0,372.919828419552,0.0026815415105118892,0.6599999999999999,69.11346663053047,9.494696047877534,0.0026815415105118892,0.4022312265767834,10.505303952122466,65.25298962638317,0.49326351967420207,11.506417482663275,2.514345941666935,38.213888156072194,0.23925557571277292,0,156.9056929454083,BW-002,2027-08-22 14:20:15.829397,34
88.9368045475434,24.975254410472626,18.972554590891775,29.284396846795474,1.5248881454893939,5.758175919643252,84.90890448717491,54.84316029646625,48.89204091813394,12.223010229533484,73.23824411046613,20.0,366.6808301776218,0.002727167382913352,0.6499999999999999,70.23824411046613,9.469791384016265,0.002727167382913352,0.4090751074370028,10.530208615983735,103.78228129115882,0.4536539891138026,12.085119732183157,1.7139111501708701,48.89204091813394,0.27297771878039967,0,164.79708725704305,BW-002,2027-09-01 14:20:15.829397,35
63.045234379612005,27.10724148429261,23.941758324167694,35.534077855839556,1.3886116769892765,5.554274873235287,76.25531543072007,53.61190429287832,42.35429824474796,10.58857456118699,71.6643699523426,20.0,375.44046480069966,0.002663538147202231,0.64,68.6643699523426,9.5047583396184,0.002663538147202231,0.39953072208033463,10.4952416603816,89.85088954780453,0.47192573894032847,11.883245781192294,1.4033302218130903,42.35429824474796,0.25381313358936974,0,162.0442606526222,BW-002,2027-09-11 14:20:15.829397,36
92.98723863700596,24.08685524741316,26.136193830708763,37.57756713589899,0.900542405254132,3.3490991936564285,94.52349125473575,42.612465869531604,31.656854834282594,7.914213708570649,73.54089628616141,20.0,365.0199517780017,0.0027395762755680303,0.63,70.54089628616141,9.46316183042202,0.0027395762755680303,0.4109364413352045,10.53683816957798,43.432859414213,0.5136063841382084,11.079605290871772,4.281884264178874,31.656854834282594,0.21502883498100916,0,151.085526693706,BW-002,2027-09-21 14:20:15.829397,37
95.14519945420632,26.78455612964157,25.901422015901105,44.413961498261806,1.8009413014397035,5.633922961335209,96.04170070322351,51.11850800235243,54.10915428375749,13.527288570939369,76.03002098106981,20.0,351.6425385290692,0.002843797010973213,0.62,73.03002098106981,9.409769425753622,0.002843797010973213,0.426569551645982,10.590230574246378,111.22874309029498,0.44538281860519885,12.156629374896044,1.710802384541339,54.10915428375749,0.2858566091712457,0,165.77221874858242,BW-002,2027-10-01 14:20:15.829397,38
88.3345190686014,27.022079970182034,26.369657540031405,40.32337852224721,1.4279170673227766,5.370091308921184,79.14037417294122,36.618385661025044,42.49910355308822,10.624775888272055,76.42044246338627,20.0,349.5892248138359,0.002860500064132475,0.61,73.42044246338627,9.401574961827492,0.002860500064132475,0.4290750096198713,10.598425038172508,88.61875999498264,0.47921948102127154,11.747348267632228,1.9935850845487493,42.49910355308822,0.24654044595444485,0,160.19111274043948,BW-002,2027-10-11 14:20:15.829397,39
90.10866558230565,22.95163063175844,28.57044911038714,44.92424466588557,0.5438709245518387,4.208940536295485,75.20573544959527,48.89902177804923,31.653646849571583,7.913411712392896,76.61690257062594,20.0,348.5605362313509,0.002868942109201564,0.6,73.61690257062594,9.397469704798254,0.002868942109201564,0.43034131638023454,10.602530295201746,54.371383865633454,0.5172109638101592,11.185639657671647,3.314562152951221,31.653646849571583,0.2100803170346439,0,152.53144987734063,BW-002,2027-10-21 14:20:15.829397,40
93.03267002259051,22.77321920484067,22.021426251109702,41.84419815099859,0.7411398440724624,4.0382991796133565,99.26830602579744,47.81944154690664,40.087511878558544,10.021877969639634,76.3094710438836,20.0,350.17162559097324,0.002855742518578804,0.59,73.3094710438836,9.403899212697294,0.002855742518578804,0.4283613777868206,10.596100787302706,63.20891332410741,0.49188837032282146,11.41097169464332,2.943656681631593,40.087511878558544,0.23867652727248712,0,155.60415947240892,BW-002,2027-10-31 14:20:15.829397,41
92.71868096476248,26.992805067746453,24.089612805130034,24.153260921204005,0.9305571997623692,5.467441690903083,73.97574018225545,52.24028964545245,40.44580459878779,10.111451149696947,76.98705312021106,20.0,346.6306008284132,0.0028849155198937943,0.5800000000000001,73.98705312021106,9.389767933273532,0.0028849155198937943,0.43273732798406916,10.610232066726468,86.05706030295107,0.48746628385778323,11.693384879457902,2.1548186897939616,40.44580459878779,0.2388085289111499,0,159.45524835624414,BW-002,2027-11-10 14:20:15.829397,42
84.67707673502969,27.887117068164542,25.58176232420002,30.235285945539836,1.451008554649417,5.768271571540183,84.61185756456808,47.12505875501955,48.80641726049052,12.201604315122632,78.81078100592681,20.0,337.27672765267016,0.0029649244018692174,0.5700000000000001,75.81078100592681,9.352442450562783,0.0029649244018692174,0.4447386602803826,10.647557549437217,107.14063158420785,0.46935869715483264,11.966953742733434,1.5806715992424818,48.80641726049052,0.2638710758307694,0,163.18573285545594,BW-002,2027-11-20 14:20:15.829397,43
81.59941518863423,26.679072370906862,19.283767665923502,42.26466966004867,1.3118998680141654,5.294429402708986,75.24515881781238,45.05132152926885,39.83801812565333,9.95950453141333,78.94166451906682,20.0,336.6152177754371,0.0029707510153837444,0.56,75.94166451906682,9.349802965994055,0.0029707510153837444,0.44561265230756164,10.650197034005945,85.06688337656182,0.49946935893844413,11.600487295413146,1.9184766609450519,39.83801812565333,0.23377795908480886,0,158.18846311927018,BW-002,2027-11-30 14:20:15.829397,44
98.51968015435978,24.051232996232116,25.591462717607378,46.36867453224042,0.6537645919860189,4.195989083316939,74.39121976486747,42.35068844583063,31.214474602801516,7.803618650700381,79.89556799381998,20.0,331.8330360250756,0.00301356372463299,0.55,76.89556799381998,9.330722403290515,0.00301356372463299,0.45203455869494846,10.669277596709485,54.45207546894573,0.5251322704259366,11.102964198847735,3.6185831047173216,31.214474602801516,0.20359815948352775,0,151.40405725701456,BW-002,2027-12-10 14:20:15.829397,45
97.48913948945804,26.12731433380488,18.814044709262063,31.223125606723592,1.5622581329679224,3.2045169281564805,70.77435720848462,37.70332578309645,22.67976257539826,5.669940643849564,79.88208241315905,20.0,331.9001672322207,0.0030129541914341055,0.54,76.88208241315905,9.330990242394245,0.0030129541914341055,0.4519431287151158,10.669009757605755,32.31116646241544,0.546508730839281,10.648896931822126,6.034393069829777,22.67976257539826,0.17516925875432707,0,145.21223088848353,BW-002,2027-12-20 14:20:15.829397,46
62.69402405875087,25.493022761057638,22.15059668343548,38.90197242641945,0.5686130507187692,5.889345334767522,86.4858860768505,54.3164432230644,50.934524968993486,12.733631242248372,76.73968768737488,20.0,347.91915635989454,0.0028742309289965626,0.53,73.73968768737488,9.3949101352347,0.0028742309289965626,0.43113463934948437,10.6050898647653,107.33793830115162,0.4531491150891314,12.097581441462886,1.1681615102919902,50.934524968993486,0.2741574968046133,0,164.96701965631206,BW-002,2027-12-30 14:20:15.829397,47
94.86147224609505,27.840933815064382,29.626534263428297,41.99164396183019,0.695129360195948,4.297493634990396,79.35448399255779,45.122837256804885,34.102538986596436,8.525634746649107,78.94605050538512,20.0,336.5930726578111,0.0029709464669126595,0.52,75.94605050538512,9.34971460540652,0.0029709464669126595,0.4456419700368989,10.65028539459348,60.094450304131925,0.5172884826960794,11.228947187227217,3.1570792898848645,34.102538986596436,0.21465305175266475,0,153.12200709855296,BW-002,2028-01-09 14:20:15.829397,48
90.3305278371609,22.14752149875281,18.265482618347967,31.76664525958899,1.2329647856069985,4.318535065898731,73.16994052785232,47.816526293804124,31.598695393925492,7.899673848481373,77.57060516261114,20.0,343.6096866456387,0.0029102788392321726,0.51,74.57060516261114,9.377712810276691,0.0029102788392321726,0.4365418258848259,10.622287189723309,57.17107753684105,0.5200631543458671,11.186106621580066,3.160007882620435,31.598695393925492,0.2084118906401099,0,152.5378175670009,BW-002,2028-01-19 14:20:15.829397,49
90.81629671231173,26.099772259639032,23.350832476520978,30.56703999075998,1.9956867502365667,3.648114547528799,88.58763864693489,48.00402184796307,32.31778532791076,8.07944633197769,78.82005228416763,20.0,337.22982611823124,0.002965336760128105,0.5,75.82005228416763,9.35225530832807,0.002965336760128105,0.4448005140192157,10.64774469167193,50.47613295459532,0.5196409511562344,11.04807577381601,3.5983856684902347,32.31778532791076,0.20889489892850527,0,150.65557873385467,BW-002,2028-01-29 14:20:15.829397,50
77.04725208943891,24.70832214597805,19.963485854300032,43.0754291699983,1.540523338672233,3.4560745593859443,71.84048881332005,50.6152317213688,24.828608572156593,6.207152143039149,77.7991940560276,20.0,342.4335238605329,0.002920274828019707,0.49,74.7991940560276,9.373019404623655,0.002920274828019707,0.43804122420295605,10.626980595376345,37.55275952888624,0.5383075660631248,10.805807264484018,4.103413600280044,24.828608572156593,0.18549208573201517,0,147.35191724296388,BW-002,2028-02-08 14:20:15.829397,51
68.83078451155042,22.494286273695057,26.165991624896556,39.70826914274724,0.9098892904973139,4.379401271307961,71.74491386516428,54.89732634339534,31.419976699098058,7.8549941747745144,73.99634767597766,20.0,362.53471805256066,0.0027583565109894357,0.48,70.99634767597766,9.453242023285105,0.0027583565109894357,0.41375347664841533,10.546757976714895,55.6969621267757,0.5073370154210137,11.268618427444776,2.471617189996105,31.419976699098058,0.2134936710794284,0,153.66297855606513,BW-002,2028-02-18 14:20:15.829397,52
98.0345424900164,22.9063473506854,23.188017612511224,46.64678208402238,1.1295909753891835,3.1733416829890997,90.85105686575659,54.67357850526827,28.830144569571843,7.207536142392961,75.57567994350812,20.0,354.04720780845133,0.0028244820971474113,0.47,72.57567994350812,9.419366373593096,0.0028244820971474113,0.4236723145721117,10.580633626406904,38.06273680986441,0.5180375283895414,10.91576150491878,5.151208279096188,28.830144569571843,0.20231464424110823,0,148.85129324889246,BW-002,2028-02-28 14:20:15.829397,53
85.54103790656342,24.385566387776766,21.29058242818404,47.61546355103587,1.1140010094725645,3.7175403126477766,74.26748106061589,37.42769878844858,27.609235476164486,6.902308869041121,74.62508451108903,20.0,359.131706298465,0.002784493773348227,0.45999999999999996,71.62508451108903,9.439659380688877,0.002784493773348227,0.41767406600223406,10.560340619311123,43.03722702631363,0.522349833326553,11.00831195200835,3.975211407289893,27.609235476164486,0.1997702968100878,0,150.11334480011388,BW-002,2028-03-09 14:20:15.829397,54
95.76396814716537,23.379727635346516,20.557256448301,24.74721798922827,1.4775002380638276,3.9098254427027865,73.0313743303194,48.84322683388264,28.5539925472234,7.138498136805849,74.47501186174448,20.0,359.94105461395264,0.002778232677771446,0.44999999999999996,71.47501186174448,9.442889730218303,0.002778232677771446,0.4167349016657169,10.557110269781697,47.39454467517448,0.5231630046647202,11.07834908341307,4.041138861170537,28.5539925472234,0.20316229154159712,0,151.06839659199642,BW-002,2028-03-19 14:20:15.829397,55
74.74105374895045,27.18614949903782,23.678518880298686,47.23664226995332,0.7782882735546817,3.186875394390188,85.2826638444937,54.93393707705954,27.178522297406673,6.794630574351668,75.14733075477844,20.0,356.32936918548086,0.0028063923057643557,0.43999999999999995,72.14733075477844,9.428474668085908,0.0028063923057643557,0.4209588458646534,10.571525331914092,35.93196941584764,0.5220335388857725,10.87804822454216,4.160142344771463,27.178522297406673,0.19749388508033316,0,148.33702124375674,BW-002,2028-03-29 14:20:15.829397,56
94.74492671822443,26.659581116750452,27.251062135728624,44.274797474805304,1.6415359864144983,5.441910808518056,88.45658314693033,41.125072415732234,48.13728359118562,12.034320897796407,76.38983330412682,20.0,349.7497711512943,0.002859187003062888,0.42999999999999994,73.38983330412682,9.402215669983624,0.002859187003062888,0.4288780504594332,10.597784330016376,99.59222704606165,0.4662548996516794,11.931499754044358,1.9026570552419653,48.13728359118562,0.265382543316007,0,162.70226937333214,BW-002,2028-04-08 14:20:15.829397,57
85.04881286525662,22.787469266094327,18.390314153895023,46.100348347576485,1.424975471781107,4.871687508874915,85.81124391734954,43.52166767780743,41.80455651131703,10.451139127829258,74.90130579993095,20.0,357.6467873278493,0.0027960547541094373,0.42000000000000004,71.90130579993095,9.433732710909771,0.0027960547541094373,0.4194082131164156,10.566267289090229,80.1439619985356,0.48570865413573894,11.659061346425892,2.1224010079963516,41.80455651131703,0.24664255790274492,0,158.9872001785349,BW-002,2028-04-18 14:20:15.829397,58
91.86149163904705,24.8891341090753,19.407698267548735,27.00445901286121,1.528347930843457,3.3921311302205983,96.598126457214,43.995692976426454,32.767351187650156,8.19183779691254,74.65829589281014,20.0,358.95284195186434,0.00278588127220929,0.41000000000000003,71.65829589281014,9.438945484238692,0.00278588127220929,0.4178821908313935,10.561054515761308,46.38781561491017,0.5135351732435275,11.097258129481082,3.9605870818163957,32.767351187650156,0.21691035654439317,0,151.32624722019656,BW-002,2028-04-28 14:20:15.829397,59
77.2122357959785,23.20314836020202,23.89913456089724,25.541014489803217,1.3729571028715981,3.583867535462295,81.03278052631869,43.28259505057854,29.041075143651483,7.260268785912871,73.99158322624777,20.0,362.5606281549975,0.002758159387269409,0.4,70.99158322624777,9.453345441930669,0.002758159387269409,0.4137239080904113,10.546654558069331,44.04035712379436,0.5230750339687799,11.038248274021994,3.5064309573576034,29.041075143651483,0.20557177225867085,0,150.52156737302718,BW-002,2028-05-08 14:20:15.829397,60
70.75973617740391,26.78535460382313,21.724343507082885,34.92528357796323,0.517430809862151,5.482613686700622,92.00843141684206,50.386097872826795,50.444668537783386,12.611167134445845,73.63651137303876,20.0,364.49680580651597,0.002743508266930671,0.39,70.63651137303876,9.461073670026362,0.002743508266930671,0.41152624003960064,10.538926329973638,98.92601604749254,0.4536813044724435,12.06785001669969,1.430558694356669,50.444668537783386,0.27749793686789936,0,164.56159113681397,BW-002,2028-05-18 14:20:15.829397,61
62.89787551178235,24.35496133844011,23.75926601660548,38.40049315486329,0.9374938680639548,3.033093793285942,82.48461994539285,44.62688303270647,25.018358879792086,6.254589719948021,70.79800976207899,20.0,380.3513049496052,0.0026291483346757424,0.38,67.79800976207899,9.52436301167493,0.0026291483346757424,0.39437225020136135,10.47563698832507,32.17435693181763,0.530994932707738,10.878574744849372,3.9098139953549063,25.018358879792086,0.1974999210841885,0,148.3442010661278,BW-002,2028-05-28 14:20:15.829397,62
87.79927544506171,27.160734383135228,27.358211866720197,24.95085180836057,1.2207604208867435,3.05757683046917,77.79439626235103,50.2057964624427,23.78623435521019,5.946558588802548,72.29397830253063,20.0,371.9114484919805,0.0026888120923805416,0.37,69.29397830253063,9.49067070757185,0.0026888120923805416,0.40332181385708127,10.50932929242815,31.17694473110806,0.5323211545519368,10.812748190718061,5.632320690966003,23.78623435521019,0.1908608823982948,0,147.44656623706447,BW-002,2028-06-07 14:20:15.829397,63
64.197207136727,23.452270095175166,29.839951119205757,27.419893029636317,1.248332230177034,3.4113291171869973,86.05930394357775,39.30403744034475,29.357660934757256,7.339415233689314,70.63709804433469,20.0,381.2704585000801,0.0026228100753832462,0.36,67.63709804433469,9.528032495335127,0.0026228100753832462,0.3934215113074869,10.471967504664873,41.32806377418042,0.5120195146567563,11.088077485480438,3.1067125470723846,29.357660934757256,0.21224000733254822,0,151.20105662018779,BW-002,2028-06-17 14:20:15.829397,64
84.72622937272476,26.214789823264624,24.71578420184297,24.234500338060407,0.9896919623659879,3.0363623239316797,77.23604372798624,54.517475098201075,23.451661322519715,5.862915330629929,72.28648654347784,20.0,371.9532449048176,0.0026885099503726573,0.35,69.28648654347784,9.49083755331344,0.0026885099503726573,0.4032764925558986,10.50916244668656,30.107048824825945,0.5286707890405149,10.798635284081199,5.628331748202463,23.451661322519715,0.18975817787984434,0,147.25411751019817,BW-002,2028-06-27 14:20:15.829397,65
80.70846573538846,22.527198994869,22.207523174510168,24.7968746109928,0.6178677457325311,5.404611335648969,98.787299329631,44.75708087852725,53.39069577750715,13.347673944376789,72.4355601943279,20.0,371.1224477033316,0.0026945284667862007,0.33999999999999997,69.4355601943279,9.48752113533846,0.0026945284667862007,0.4041792700179301,10.51247886466154,102.12985946291005,0.44754859172435596,12.167132931268334,1.5805067422950663,53.39069577750715,0.2893057202360233,0,165.91544906274999,BW-002,2028-07-07 14:20:15.829397,66
75.87693104806384,22.79629452425836,24.810490179138696,40.547159259294375,1.7008800486636244,3.3292085960325104,86.43878466921079,44.08754669119922,28.77727449513397,7.194318623783494,72.36647569975966,20.0,371.5072291379682,0.0026917376609880877,0.32999999999999996,69.36647569975966,9.489057121420485,0.0026917376609880877,0.40376064914821314,10.510942878579515,40.83879016407635,0.521861480453876,11.015188870612393,3.7159245287735594,28.77727449513397,0.20737641705850368,0,150.20712096289625,BW-002,2028-07-17 14:20:15.829397,67
68.0060097697924,23.004895493554418,19.254814084012803,39.274325989047284,1.5597135897303518,5.533071248218848,72.94247742352734,44.76482274043556,40.35959246059716,10.089898115149287,69.4123902602766,20.0,388.3393632456395,0.002575067311338876,0.31999999999999995,66.4123902602766,9.556254403707815,0.002575067311338876,0.3862600967008314,10.443745596292185,87.58873772988909,0.48218464717163745,11.870759476444242,1.5528482663950023,40.35959246059716,0.25103378384234903,0,161.87399286060332,BW-002,2028-07-27 14:20:15.829397,68
61.26344579302568,27.61727347746214,18.62365540381767,36.99111204722569,1.5635907791763746,3.4501459940819528,79.7402778067018,49.747141547755994,27.511560004177426,6.877890001044356,67.13487972462033,20.0,401.83528382261755,0.0024885818649052,0.30999999999999994,64.13487972462033,9.610140789888488,0.0024885818649052,0.37328727973578,10.389859210111512,39.53338609119775,0.5119644333408855,11.122717134232182,3.0993270170027865,27.511560004177426,0.21225578516071003,0,151.6734154668025,BW-002,2028-08-06 14:20:15.829397,69
94.83876494984342,26.28452159279457,27.6207369968375,32.14680462102734,1.7222376706197684,4.4280543881062995,81.27664855437308,42.8895255714007,35.98974202817652,8.99743550704413,70.37221731572407,20.0,382.7883398873932,0.0026124097727067003,0.3,67.37221731572407,9.534092320543866,0.0026124097727067003,0.391861465906005,10.465907679456134,64.5049765274268,0.4952245125811182,11.496456498016126,2.940510021254531,35.98974202817652,0.23480230872680635,0,156.76986133658355,BW-002,2028-08-16 14:20:15.829397,70
63.204593855387,27.368899936363164,24.571108513844834,43.61514647909985,1.1784774267774503,4.37834030521796,93.5504963151117,52.84169377880469,40.95959085895978,10.239897714739946,69.16331942472807,20.0,389.79293702133253,0.0025654646480812765,0.3,66.16331942472807,9.562057895814421,0.0025654646480812765,0.3848196972121915,10.437942104185579,68.17098339470859,0.4726343679381846,11.663627534897715,1.8542960863402458,40.95959085895978,0.2534698506362657,0,159.04946638496884,BW-002,2028-08-26 14:20:15.829397,71
85.743107807861,25.15841596561668,26.779074261063982,25.95911956873415,0.5905281259858457,5.866004059511785,93.60710158765886,41.308137914960255,54.909963791233885,13.727490947808473,69.74229122004857,20.0,386.4224072698157,0.002587841649932478,0.3,66.74229122004857,9.548600950935437,0.002587841649932478,0.38817624748987173,10.451399049064563,110.89848960455113,0.43572262110563686,12.366189354718635,1.5463349972323195,54.909963791233885,0.298959934818391,0,168.62985483707232,BW-002,2028-09-05 14:20:15.829397,72
69.88412936040586,22.95726808067913,28.46140279910642,29.261135696593065,1.963797883728697,5.064404118259627,83.12809372166176,40.09341244092102,42.0994260187056,10.5248565046764,68.99654061061544,20.0,390.769295838659,0.002559054691986037,0.3,65.99654061061544,9.56595611988312,0.002559054691986037,0.38385820379790553,10.43404388011688,82.79307239501264,0.47175926109391586,11.83894078756773,1.688163691449518,42.0994260187056,0.2575622088139497,0,161.44010164865088,BW-002,2028-09-15 14:20:15.829397,73
73.47583167084427,23.092707494132195,27.47638208570975,39.80898661202103,1.2472935746797085,5.522614738277768,71.15279046886975,53.03523984270847,39.294944931296996,9.823736232824249,68.77310430275627,20.0,392.0811737496282,0.00255049226270316,0.3,65.77310430275627,9.571193998794053,0.00255049226270316,0.382573839405474,10.428806001205947,83.37587298664502,0.4767151135938511,11.851695990592976,1.7625202361026788,39.294944931296996,0.24860750189587844,0,161.61403623535875,BW-002,2028-09-25 14:20:15.829397,74
82.21454203750525,26.315210669633583,20.741456895975585,47.91201398536181,1.9621897432201747,4.384432393874203,89.11604430424842,48.187078444115656,39.07232714614754,9.768081786536884,69.5813578721492,20.0,387.3563578703298,0.0025816021337508465,0.3,66.5813578721492,9.55232973388179,0.0025816021337508465,0.387240320062627,10.44767026611821,68.17491726324216,0.4834964507296925,11.598481724640587,2.411870680240131,39.07232714614754,0.2464479978482574,0,158.1611144269171,BW-002,2028-10-05 14:20:15.829397,75
86.01302745387747,23.19725470557487,26.162738909175495,25.73276181550022,0.545978753308709,5.685353222119609,89.10009046501622,47.27867169520124,50.656548641642864,12.664137160410716,69.26823781503239,20.0,389.1799727694524,0.002569505293100972,0.3,66.26823781503239,9.559610584532548,0.002569505293100972,0.3854257939651458,10.440389415467452,102.04171202773895,0.44900453089896136,12.213486994751017,1.6858405400037926,50.656548641642864,0.28560915396964526,0,166.54754992842297,BW-002,2028-10-15 14:20:15.829397,76
70.30731554044854,24.775737740435897,28.419270064900566,41.45205767439139,1.6140597817999716,3.19995612168207,85.55224065835613,38.003380016340834,27.376341621832434,6.8440854054581095,69.32694344147971,20.0,388.83741780433394,0.002571768955896132,0.3,66.32694344147971,9.55824291129272,0.002571768955896132,0.3857653433844198,10.44175708870728,36.69931467293787,0.5141867107588106,11.016631144208723,3.8315328864870204,27.376341621832434,0.20790569741407494,0,150.22678833011898,BW-002,2028-10-25 14:20:15.829397,77
77.01973337792302,24.075609955281777,22.452465155815233,47.703589529665386,0.5601637871187237,5.2123013061644565,85.36665762438024,48.604555584167066,44.495674103845104,11.123918525961276,68.66996290316106,20.0,392.68824024643243,0.002546549393413074,0.3,65.66996290316106,9.573617829053319,0.002546549393413074,0.3819824090119611,10.426382170946681,85.18639621548448,0.4652663589673612,11.948083445333973,1.8082636852742693,44.495674103845104,0.26612538575341343,0,162.92841061819055,BW-002,2028-11-04 14:20:15.829397,78
94.68125984489794,25.47205245143436,23.263385030275085,41.40618384996328,1.2300034121370542,3.1250187018071527,72.5437604813741,49.326467761253646,22.670060820371273,5.667515205092818,70.56183427479579,20.0,381.7011393431227,0.0026198507076005077,0.3,67.56183427479579,9.52975188941854,0.0026198507076005077,0.39297760614007615,10.47024811058146,30.440337866007873,0.5334181519991146,10.83191012234506,6.220775883741201,22.670060820371273,0.19007721120417437,0,147.70786530470536,BW-002,2028-11-14 14:20:15.829397,79
94.93692952326643,27.40421118406755,23.060651122481467,30.643867133641237,1.3885254928900435,3.21625300799602,72.13770183295776,35.24216950469775,23.20131005101704,5.80032751275426,72.90036264798258,20.0,368.5439674134244,0.0027133804604600196,0.3,69.90036264798258,9.477228422671715,0.0027133804604600196,0.4070070690690029,10.522771577328285,32.024459669170696,0.5302691360341772,10.813465772783413,5.929026157132031,23.20131005101704,0.18790089039408414,0,147.45635144704653,BW-002,2028-11-24 14:20:15.829397,80
96.49453382466764,23.263973134034,25.475599002761793,39.15744528222049,1.5996695336229214,5.8695041948984406,92.12525078377021,42.06502817004128,54.072954593141006,13.518238648285251,75.3728462075601,20.0,355.1260389192485,0.0028159016529547927,0.3,72.3728462075601,9.423672045036568,0.0028159016529547927,0.4223852479432189,10.576327954963432,115.64528872653813,0.4474174223530962,12.216593632450913,1.6688018143626149,54.072954593141006,0.2867809936529112,0,166.58991316978518,BW-002,2028-12-04 14:20:15.829397,81
65.2627074050904,26.29494978809253,28.90839024798769,28.312394612885807,0.8563149873858165,3.8896067438629656,80.49109689237548,50.49307062362364,31.307871329351105,7.826967832337776,72.68680660521463,20.0,369.7264321900203,0.002704702485231166,0.3,69.68680660521463,9.481948519055965,0.002704702485231166,0.4057053727846749,10.518051480944035,49.468880492182585,0.5099868231030734,11.196063217413208,2.6385358534808026,31.307871329351105,0.21527750075484312,0,152.67358932836194,BW-002,2028-12-14 14:20:15.829397,82
98.85580376166558,23.08586171625694,28.25262112043495,35.814668554752835,0.8708466116047655,4.984111833211243,75.55586703602404,38.48218670668169,37.65788909627827,9.414472274069567,75.78408409232294,20.0,352.942162324074,0.0028333254191427347,0.3,72.78408409232294,9.414956140392832,0.0028333254191427347,0.4249988128714102,10.585043859607168,74.01002279767147,0.49481492075297745,11.538327688826893,2.671416654793297,37.65788909627827,0.23140894568481643,0,157.34083212036674,BW-002,2028-12-24 14:20:15.829397,83
94.82999605090046,24.671831530015993,24.177808247156282,32.621600865594374,1.389426277152391,3.295186949140192,89.80908159104014,50.287453244434715,29.593771357306213,7.398442839326553,77.20194231710613,20.0,345.5150920536655,0.0028942295806999936,0.3,74.20194231710613,9.385316376492948,0.0028942295806999936,0.43413443710499905,10.614683623507052,41.280712919486184,0.5230370665903958,10.928910898761886,4.594397206068446,29.593771357306213,0.20230043214045368,0,149.03060316493483,BW-002,2029-01-03 14:20:15.829397,84
66.54095490340092,24.346489219910566,29.63294786802345,30.195202384827063,1.4851049968119383,3.7951392849750123,70.62834883092738,36.64343334952855,26.804442128117145,6.701110532029288,74.71780650419254,20.0,358.6325623771517,0.002788369224957219,0.3,71.71780650419254,9.437667164886683,0.002788369224957219,0.41825538374358284,10.562332835113317,43.273632837720875,0.5241119633632457,10.997691370347123,3.075357927675456,26.804442128117145,0.19693790914020265,0,149.96851868655168,BW-002,2029-01-13 14:20:15.829397,85
73.00760256898779,26.640838754119603,19.5704839286202,47.27570508188507,1.1806843120754589,5.9035801045350915,78.86334332432261,50.384462956762675,46.55760646265912,11.639401615664783,74.19448543723202,20.0,361.45884037329415,0.00276656672435306,0.3,71.19448543723202,9.448947749058075,0.00276656672435306,0.414985008652959,10.551052250941925,103.096894355911,0.4663390050471349,12.02327957627997,1.4162910148767627,46.55760646265912,0.2636296736541853,0,163.95381240381778,BW-002,2029-01-23 14:20:15.829397,86
69.44201853385856,22.440980483980077,20.037094861050488,36.47457476534443,1.0055047646469295,4.873990706562791,81.45818918958688,39.113745243911104,39.70264570834801,9.925661427087002,70.34815924167884,20.0,382.9265020686336,0.0026114671995744122,0.3,67.34815924167884,9.534643908874056,0.0026114671995744122,0.3917200799361618,10.465356091125944,74.36698313417084,0.48030191357659285,11.697583520837533,1.867549700344122,39.70264570834801,0.24722010298175012,0,159.51250255687543,BW-002,2029-02-02 14:20:15.829397,87
93.15533463530437,24.585325141970834,20.984571271051557,38.811479678496724,1.5601658253281687,3.3641592544782193,88.450389041166,50.49267561275576,29.756119485503753,7.439029871375938,72.26044827301241,20.0,372.0985485667607,0.0026874600931709445,0.3,69.26044827301241,9.49141758687186,0.0026874600931709445,0.40311901397564165,10.50858241312814,41.84890572046008,0.5139295820442932,11.0539096297278,4.451984252948358,29.756119485503753,0.21081662952170738,0,150.73513131446998,BW-002,2029-02-12 14:20:15.829397,88
66.681676316038,23.005715297729907,18.440057123202514,41.673648361575374,1.4957067914327076,4.931712760623392,85.90906399747475,35.83902446863272,42.367882716955776,10.591970679238946,69.28223864854125,20.0,389.098248691236,0.0025700449780064094,0.3,66.28223864854125,9.559284295365202,0.0025700449780064094,0.3855067467009614,10.440715704634798,79.2902097319768,0.467395056448477,11.813772028398297,1.6819649371956715,42.367882716955776,0.25795575033055673,0,161.0968912963404,BW-002,2029-02-22 14:20:15.829397,89
78.98523502999255,27.065022693815184,27.668041835400636,38.04850474552205,1.8024069207698878,5.905466332783151,93.96142574963724,40.856440734019294,55.488603634478665,13.872150908619666,69.77235461431833,20.0,386.2481890169419,0.0025890089026569837,0.3,66.77235461431833,9.547905391083257,0.0025890089026569837,0.38835133539854755,10.452094608916743,116.41384332669207,0.43363673576827977,12.390744131658757,1.3569732391419524,55.488603634478665,0.30083646882001147,0,168.96469270443757,BW-002,2029-03-04 14:20:15.829397,90
68.23364840147073,22.67151771638637,21.236995338203876,25.370084546143556,1.296754292001548,5.9399109880765515,88.05644768908967,46.648453164144925,52.30474611994117,13.076186529985293,67.24450565471373,20.0,401.17505330827083,0.002492677427854868,0.3,64.24450565471373,9.60750447533942,0.002492677427854868,0.3739016141782302,10.39249552466058,110.66105594675808,0.4413006163525286,12.36182479444663,1.233200746508324,52.30474611994117,0.2947016697256185,0,168.57033810609042,BW-002,2029-03-14 14:20:15.829397,91
97.46422769179846,22.236061244011058,19.46531896812032,34.85277667880244,1.9008125262918574,5.244219538288596,94.35309364270412,48.12957214663005,49.48083371790425,12.370208429476062,70.39972647924927,20.0,382.6304196659704,0.0026134879732588492,0.3,67.39972647924927,9.533461852633797,0.0026134879732588492,0.3920231959888274,10.466538147366203,96.70837889752958,0.45360255499370994,12.063790597858727,2.0156315058299086,49.48083371790425,0.27972523829280527,0,164.5062354253463,BW-002,2029-03-24 14:20:15.829397,92
72.64624419907003,25.043408852130355,18.498874308604705,27.560236823090133,1.9799451844382703,3.3842872390986,80.14802517983495,53.561672806520995,27.12439388550687,6.781098471376717,69.18091884164966,20.0,389.69004867656565,0.00256614199771362,0.3,66.18091884164966,9.56164710445369,0.00256614199771362,0.384921299657043,10.43835289554631,38.78325003654101,0.5130308536061301,11.04934945909119,3.746269027511815,27.12439388550687,0.2073216608879926,0,150.6729471694253,BW-002,2029-04-03 14:20:15.829397,93
98.60474785744182,22.029639885606457,29.421741425078867,39.338878507572005,1.8018774417800332,3.6738468355315557,81.1650107151254,43.64153765888392,29.818781777164826,7.454695444291207,72.61540476068977,20.0,370.1226315608104,0.0027018072247649142,0.3,69.61540476068977,9.483530059371104,0.0027018072247649142,0.40527108371473713,10.516469940628896,46.54907465718238,0.5186642070857915,11.109823346664498,4.2365932549092,29.818781777164826,0.2104327287254592,0,151.49759109087952,BW-002,2029-04-13 14:20:15.829397,94
78.18959422535437,25.0935761714755,23.86615896308304,40.00474218110651,0.7094768821344694,4.318214969083357,88.38818747483576,53.861516754894154,38.167919424398185,9.541979856099546,71.98811552163535,20.0,373.6216767540987,0.0026765042346784283,0.3,68.98811552163535,9.497497774280408,0.0026765042346784283,0.40147563520176427,10.502502225719592,63.35959467074048,0.4847540289465466,11.503167283565011,2.468121667497422,38.167919424398185,0.2393129011075569,0,156.8613720486138,BW-002,2029-04-23 14:20:15.829397,95
61.19894359490712,23.847579649547146,26.45616915283976,28.84448285095076,1.510148649987376,3.7220781354975148,73.64504128902755,38.94940979719875,27.41125979697011,6.852814949242529,68.50789898581908,20.0,393.6440104123064,0.0025403663552573575,0.3,65.50789898581908,9.57743395379889,0.0025403663552573575,0.3810549532886036,10.42256604620111,42.5567796338368,0.5135325711219966,11.141329462657831,2.876107831535635,27.41125979697011,0.20946406911359228,0,151.92721994533406,BW-002,2029-05-03 14:20:15.829397,96
98.79648184429081,22.56340429473651,26.071225418701516,34.65000526330971,1.802213381566258,5.660774700627808,89.37432437965617,40.7181357847832,50.592791433406084,12.648197858351521,71.82583809479895,20.0,374.5322399981584,0.0026699971142802475,0.3,68.82583809479895,9.5011327067462,0.0026699971142802475,0.4004995671420371,10.4988672932538,105.92503208023378,0.4514565799902694,12.148067643120378,1.8654038597686071,50.592791433406084,0.2810023101108011,0,165.65546786073244,BW-002,2029-05-13 14:20:15.829397,97
67.08599157789544,26.15575571335699,28.05738347577732,46.670741267376556,1.5248720424344686,5.447840816905852,95.84109989090308,51.93028677380556,52.212705592281274,13.05317639807032,70.67298783475073,20.0,381.0652579868507,0.002624222437077973,0.3,67.67298783475073,9.527213282189114,0.002624222437077973,0.393633365561696,10.472786717810886,102.25435657672573,0.44239074832885655,12.180210363097009,1.312139527816754,52.212705592281274,0.2883619293703261,0,166.09377767859556,BW-002,2029-05-23 14:20:15.829397,98
79.8869905603371,25.70708344120728,28.42685981374462,37.69463391933191,0.5455805895452552,5.756779600918663,77.56723060520085,50.10083857492557,44.653745084777405,11.163436271194351,70.33231226881877,20.0,383.01753627611487,0.002610846515599501,0.3,67.33231226881877,9.535007347434508,0.002610846515599501,0.39162697733992513,10.464992652565492,94.56279056951378,0.4661804785915374,12.023038417831515,1.689607298583508,44.653745084777405,0.2637510778320925,0,163.95052387952066,BW-002,2029-06-02 14:20:15.829397,99
97.23794782027912,26.137160506189367,26.118160629326958,29.176203657545212,1.488328205348986,4.381618491822421,95.25995658670185,49.569813543232264,41.73927873104938,10.434819682762345,73.16159949674017,20.0,367.10263425758825,0.0027240338441655554,0.3,70.16159949674017,9.471475075105038,0.0027240338441655554,0.4086050766248333,10.528524924894962,71.27405092627468,0.48011553807068347,11.596912597326318,2.7285652087001844,41.73927873104938,0.2492617193807744,0,158.13971723626798,BW-002,2029-06-12 14:20:15.829397,100
75.75457622616634,25.907397862248953,19.279116363695888,39.78828731047287,1.999120588656,5.329342339499174,89.68485513043214,38.54857538939414,47.79612956584618,11.949032391461543,73.03789328297594,20.0,367.7844598115845,0.0027189838323030254,0.3,70.03789328297594,9.47419669605768,0.0027189838323030254,0.4078475748454538,10.52580330394232,96.50433253142542,0.4597951386135969,11.970890194121557,1.569972544009831,47.79612956584618,0.2696557698296293,0,163.23941173802123,BW-002,2029-06-22 14:20:15.829397,101
61.92848155442224,27.863045105327906,22.882895528674446,44.898082808094216,1.6735782260874101,4.635080756690815,99.54009218573525,53.74776132994238,46.137636580933126,11.53440914523328,70.59959657783446,20.0,381.4849918541931,0.0026213351019119743,0.3,67.59959657783446,9.528888969406422,0.0026213351019119743,0.39320026528679614,10.471111030593578,80.07114207869108,0.45875936220251473,11.83708521618293,1.5468364743333154,46.137636580933126,0.2682376194927017,0,161.41479840249448,BW-002,2029-07-02 14:20:15.829397,102
82.68065043946672,26.43069525550796,28.542186735616177,33.69936771962479,0.990549742344858,3.129521207391035,74.94444447188312,37.63457546909124,23.454022835089805,5.8635057087724505,70.93953748500891,20.0,379.54470761012607,0.0026347357240117672,0.3,67.93953748500891,9.521142908130019,0.0026347357240117672,0.39521035860176507,10.478857091869981,31.02509521650828,0.5285073564573828,10.847703756971406,5.329920818130015,23.454022835089805,0.19204348840000385,0,147.92323304961008,BW-002,2029-07-12 14:20:15.829397,103
86.70373542254339,26.84707565164755,27.147421617319388,43.14752757260723,1.1533749722193996,5.177939729955886,94.53355989570835,39.27022732621344,48.94890755981527,12.237226889953817,72.98469029138859,20.0,368.07808546204325,0.0027168148267906634,0.3,69.98469029138859,9.475368758528314,0.0027168148267906634,0.4075222240185995,10.524631241471686,93.06848824848196,0.4568976917313318,11.976367514633807,1.8632243212343704,48.94890755981527,0.2735864508379972,0,163.3141024722792,BW-002,2029-07-22 14:20:15.829397,104
92.71336864700086,22.72125433222365,24.533869175530192,24.138207851954917,0.9868787448504055,4.517558078855487,95.221090840336,49.65603089532501,43.016680820319216,10.754170205079802,73.14034645391065,20.0,367.21968363414305,0.002723165572454142,0.3,70.14034645391065,9.471942295805583,0.002723165572454142,0.4084748358681213,10.528057704194417,73.99102632415628,0.4761232737016664,11.662890774917246,2.5060706210729284,43.016680820319216,0.25355484115797366,0,159.03941965796244,BW-002,2029-08-01 14:20:15.829397,105
74.65846139485592,24.37703614965553,26.345606480278345,33.3253944304883,1.1730404339337959,4.626711616475545,87.71043071376319,45.167210938325596,40.581086866944155,10.145271716736039,73.19995145317614,20.0,366.8915084280268,0.002725601375416325,0.3,70.19995145317614,9.47063233525945,0.002725601375416325,0.4088402063124488,10.52936766474055,73.67932978648771,0.48798996480129975,11.61034096301554,2.0265781898723993,40.581086866944155,0.24533774208488854,0,158.3228313138483,BW-002,2029-08-11 14:20:15.829397,106
69.5017652349731,24.23951074977604,20.727235527157816,25.756702170442647,1.4051728900720668,3.892645353956462,86.95065978577048,48.777706041001814,33.84680818385284,8.46170204596321,71.08950168736035,20.0,378.69189536454377,0.0026406691356237254,0.3,68.08950168736035,9.517738334235752,0.0026406691356237254,0.3961003703435588,10.482261665764248,53.47877277019743,0.5012816210933787,11.308700897765052,2.59922812864939,33.84680818385284,0.22643026255553927,0,154.20955769679617,BW-002,2029-08-21 14:20:15.829397,107
86.72851194220065,25.716942076057688,23.561928525606866,33.11485872430151,1.795000474357738,5.619968747582423,89.08874061937745,50.22243074086316,50.067593804237795,12.516898451059449,73.19428276479769,20.0,366.92270665885553,0.002725369626496691,0.3,70.19428276479769,9.470756867465232,0.002725369626496691,0.40880544397450364,10.529243132534768,104.70332411573794,0.4543008208914789,12.093712390279041,1.656652502194331,50.067593804237795,0.276968791345116,0,164.91425986744147,BW-002,2029-08-31 14:20:15.829397,108
80.76327140544872,24.875091265778387,18.307704789677228,32.189947863027754,1.0702934281787857,3.480214904863719,83.8467242325937,35.18663239654187,29.18046193982706,7.2951154849567645,72.9619219985353,20.0,368.20381457524076,0.0027158871266817217,0.3,69.9619219985353,9.47587063131848,0.0027158871266817217,0.40738306900225824,10.52412936868152,41.71567521560684,0.512384741279669,11.044272097468518,3.872082663796041,29.18046193982706,0.20772935083866242,0,150.60371042002527,BW-002,2029-09-10 14:20:15.829397,109
75.95291123587602,25.481034215363994,24.40323056072254,38.58972222704267,1.6473248923131925,3.740036593564869,91.79385145339015,54.83619902698727,34.331236349993695,8.582809087498424,72.72580026127793,20.0,369.51024064191034,0.0027062849415561735,0.3,69.72580026127793,9.481085533126892,0.0027062849415561735,0.40594274123342605,10.518914466873108,51.99236029419066,0.4965136694315492,11.255985371780426,2.9216950646636666,34.331236349993695,0.2252905266925521,0,153.49070961518763,BW-002,2029-09-20 14:20:15.829397,110
92.51942954864374,26.308738457358967,29.466284351459215,24.43758198423268,0.7936669785253192,3.2975342987616476,82.04482947583864,51.00141937398319,27.054563923262855,6.763640980815712,74.43835592689584,20.0,360.13901867085616,0.002776705516915776,0.3,71.43835592689584,9.443679868389955,0.002776705516915776,0.4165058275373664,10.556320131610045,37.26458767178024,0.5253794808068314,10.91169985213364,4.965541567964641,27.054563923262855,0.19822358534546636,0,148.79590707454963,BW-002,2029-09-30 14:20:15.829397,111
60.302514999125684,25.884848284927617,28.776366587399842,29.843575117831183,1.89055181719446,3.6121069038866964,86.65254847906859,49.661425920593494,31.29982686006203,7.8249567150155075,72.61217445586222,20.0,370.14056612916556,0.002701676313022757,0.3,69.61217445586222,9.483601650368813,0.002701676313022757,0.4052514469534136,10.516398349631187,47.428804531276405,0.5107390875230288,11.141978451095863,2.542864640805351,31.29982686006203,0.21537492603895642,0,151.93606978767087,BW-002,2029-10-10 14:20:15.829397,112
62.41069561158243,27.606616160833084,22.21947224687561,26.434099882781197,1.2288076387794884,4.847956350780537,75.64074203846249,42.107691373714786,36.67030157431166,9.167575393577915,70.79728520119664,20.0,380.35543878722603,0.0026291197601604646,0.3,67.79728520119664,9.524379514879085,0.0026291197601604646,0.3943679640240697,10.475620485120915,70.61560903198772,0.4931359085553013,11.59112207253436,1.767617569744712,36.67030157431166,0.23634097021720668,0,158.06075553455946,BW-002,2029-10-20 14:20:15.829397,113
70.27106270882032,23.709237411771536,21.68747957911544,43.272621547983924,1.3087419150128818,5.351375353456191,86.6267954239605,35.104592270858255,46.35724979806738,11.589312449516845,70.04223467403996,20.0,384.68773938998623,0.002599510973720497,0.3,67.04223467403996,9.54167540740538,0.002599510973720497,0.3899266460580746,10.45832459259462,91.36202105233913,0.4561299626708784,11.999743522193205,1.538299216663863,46.35724979806738,0.2699304878105538,0,163.6328662117255,BW-002,2029-10-30 14:20:15.829397,114
72.45230796624014,25.66200269986551,26.593808090678323,30.54297601760481,1.1203236522880273,5.282972280084282,71.05934064820717,49.914675654624645,37.540452688554474,9.385113172138619,68.76687840556016,20.0,392.117791315635,0.002550254087285345,0.3,65.76687840556016,9.571340201110736,0.002550254087285345,0.3825381130928017,10.428659798889264,77.22243070828262,0.484965438248289,11.75127920193603,1.8764575862662958,37.540452688554474,0.24277017968987205,0,160.24471639003679,BW-002,2029-11-09 14:20:15.829397,115
64.87544373347791,23.086896097208083,26.173414247579792,28.354520344695047,1.2877450755005904,3.6074416804957123,98.74220440358141,42.35881502604169,35.62067437895068,8.90516859473767,66.93127791013839,20.0,403.06437560080656,0.0024809932619557435,0.3,63.93127791013839,9.615048619822927,0.0024809932619557435,0.37214898929336154,10.384951380177073,50.764490108835325,0.4895935537102122,11.402366069870888,2.5559379635012482,35.62067437895068,0.23965489394341088,0,155.48681004369394,BW-002,2029-11-19 14:20:15.829397,116
88.3618504688973,22.641261538568465,24.80774663554684,30.15750680883273,1.9443903128563698,3.980794849014237,74.46664150997334,41.112084309804295,29.643642294629164,7.410910573657291,68.82207122391256,20.0,391.79329436799503,0.002552366297164703,0.3,65.82207122391256,9.570044589556291,0.002552366297164703,0.3828549445747054,10.429955410443709,49.48070328308544,0.5096960737421499,11.252641416113704,3.5715680904278115,29.643642294629164,0.21635012929249572,0,153.44511021973233,BW-002,2029-11-29 14:20:15.829397,117
79.34182586879699,26.835955298650948,24.602718505875142,25.04190078851566,1.4497270633910335,5.629952285484602,99.89003012881741,42.36619061013697,56.23761034208614,14.059402585521532,69.8752765598145,20.0,385.65234784790886,0.0025930089770758342,0.3,66.8752765598145,9.545526526490846,0.0025930089770758342,0.38895134656137514,10.454473473509154,111.11985883759519,0.4328624141285391,12.355728158751141,1.4280404366740118,56.23761034208614,0.3031544054946598,0,168.48720216478827,BW-002,2029-12-09 14:20:15.829397,118
98.05613368826627,25.60967092087799,27.830266313121484,45.220955120361786,0.8421196579233987,4.345831892863628,91.66212814608211,52.723915609301486,39.834819986499646,9.95870499662491,74.26420613493855,20.0,361.0810205335559,0.0027694615422387404,0.3,71.26420613493855,9.447439726369241,0.0027694615422387404,0.41541923133581105,10.552560273630759,66.79277405159858,0.4845801232207586,11.508535060301938,2.9361299955146705,39.834819986499646,0.2411070394483989,0,156.93456900411732,BW-002,2029-12-19 14:20:15.829397,119
68.48179359632907,25.66588593310595,22.93234163768046,44.15667126880129,1.8500346850970169,4.779133002560353,81.74577094533488,43.25243681697248,39.06739117445891,9.766847793614728,71.51722032000205,20.0,376.2700689288715,0.0026576655508281626,0.3,68.51722032000205,9.508070149460167,0.0026576655508281626,0.3986498326242244,10.491929850539833,74.7873539049024,0.48824583476547356,11.632928611461322,1.8313736218935808,39.06739117445891,0.24310565792685784,0,158.6308447017453,BW-002,2029-12-29 14:20:15.829397,120
87.82472585987227,22.019309581625674,25.435072049518087,32.53183225059258,1.6912959969156263,5.077597294611324,74.03305388224365,40.98791176743362,37.591003410429465,9.397750852607366,50.45643736152424,20.0,516.0578638112877,0.0019377671965205834,0.99,47.45643736152424,10.066411443341236,0.0019377671965205834,0.2906650794780875,9.933588556658764,69.86766451736578,0.4482594042119107,12.2074810164803,2.5140306740335716,37.591003410429465,0.2801207038448179,0,166.46565022473135,BW-003,2026-09-26 14:20:15.929954,1
63.71962559292528,25.529213601690344,23.771674678633484,39.41581262172546,0.5972803917244525,4.07614657625104,94.13311623038516,40.575197448291064,38.370037943432564,9.592509485858141,51.53333669031355,20.0,507.78869607186544,0.0019693230820925435,0.98,48.53333669031355,10.033370272754816,0.0019693230820925435,0.2953984623138815,9.966629727245184,55.40463710793163,0.44822185327198366,11.997485237840648,2.3001549660471756,38.370037943432564,0.2802367352996682,0,163.60207142509975,BW-003,2026-10-06 14:20:15.929954,2
83.19935149712525,25.36890752775714,24.72792113299405,38.483703998314915,1.5147019058395434,3.6321148916016095,98.72344057114289,35.17726570226938,35.85748786485946,8.964371966214864,55.20325488798614,20.0,480.59101871008386,0.0020807713025599614,0.97,52.20325488798614,9.924704942555715,0.0020807713025599614,0.3121156953839942,10.075295057444285,48.502524276873494,0.45843756562433124,11.724511689106441,3.4307225340350196,35.85748786485946,0.2637022651625567,0,159.87970485145146,BW-003,2026-10-16 14:20:15.929954,3
92.1995599872308,23.618924320769285,27.900592922160744,35.95813637432289,0.6155874187014967,5.993462567045935,90.30463896572186,51.56938598898234,54.12374732716517,13.53093683179129,59.32681321302105,20.0,451.7655093491468,0.002213537729873819,0.96,56.32681321302105,9.809552267342696,0.002213537729873819,0.33203065948107285,10.190447732657304,107.20049383040978,0.41790608553624525,12.62946697062073,1.7201331205262855,54.12374732716517,0.3159421438952946,0,172.22000414482812,BW-003,2026-10-26 14:20:15.929954,4
62.342037169759166,24.005429912176364,27.418763725337612,40.984342433781976,1.6829224470086097,3.8838581890385795,70.4294583300118,49.7573903712306,27.35380284845677,6.838450712114192,58.61051669907373,20.0,456.64565050374654,0.0021898818019986713,0.95,55.61051669907373,9.829046219042233,0.0021898818019986713,0.3284822702998007,10.170953780957767,42.91911565557252,0.49484813520507803,11.423968325276405,2.905094208839544,27.35380284845677,0.2281730379793132,0,155.78138625376917,BW-003,2026-11-05 14:20:15.929954,5
80.69076225766437,24.641193987732944,19.769430320475408,31.876626086623478,1.1510290492608128,5.502433791002027,92.21428395860558,37.857005746016775,50.74029920668875,12.685074801672188,60.17627111029615,20.0,446.0456906301689,0.0022419227917821827,0.94,57.17627111029615,9.78670492566143,0.0022419227917821827,0.3362884187673274,10.21329507433857,96.18207415374894,0.4286797944877951,12.406878496921744,1.677875279101979,50.74029920668875,0.30294803787801317,0,169.18470677620562,BW-003,2026-11-15 14:20:15.929954,6
63.54401718718469,23.323671716267267,25.178703528764864,41.65591474174056,1.9975212670894245,5.2602837667709075,93.06768346322923,48.1708103134011,48.956242453259804,12.23906061331495,59.442246174183154,20.0,450.9839567139956,0.0022173737781855923,0.9299999999999999,56.442246174183154,9.806430372356441,0.0022173737781855923,0.3326060667278388,10.193569627643559,92.49327862361297,0.43591023703128856,12.324679853807957,1.374024537410274,48.956242453259804,0.298482661858398,0,168.0638161882903,BW-003,2026-11-25 14:20:15.929954,7
97.32453325374232,25.855391197211148,23.054976639528864,39.26825675299759,1.678477427120348,5.298347798386759,95.37764319033197,47.27208228474917,50.53439258128132,12.63359814532033,63.83345143147044,20.0,422.2356993214596,0.002368345456357712,0.92,60.83345143147044,9.69160718592424,0.002368345456357712,0.35525181845365683,10.30839281407576,96.20002266743431,0.44015603974020195,12.264644134401628,2.023378592959286,50.53439258128132,0.2951186850673756,0,167.2451472872949,BW-003,2026-12-05 14:20:15.929954,8
64.7334476369355,24.459429338177728,28.077627427627405,33.21199084639306,1.3578084068407799,3.265814141909037,84.62883429001633,36.5529866934321,27.638204383761177,6.909551095940294,62.6302952147079,20.0,429.9251099299364,0.0023259864960271034,0.91,59.6302952147079,9.722317174527777,0.0023259864960271034,0.3488979744040655,10.277682825472223,36.40753240602655,0.4988419690434228,11.20200939961439,3.5560469693474834,27.638204383761177,0.22110488092485153,0,152.75467363110533,BW-003,2026-12-15 14:20:15.929954,9
83.51077443448793,23.106857518801835,22.34682529982746,32.02827092980637,0.5392950627980972,4.222629093097293,82.21319467376883,36.32019688280483,34.71558276659277,8.67889569164819,64.11204730598952,20.0,420.47488419410445,0.002378263334126679,0.9,61.11204730598952,9.684575083027312,0.002378263334126679,0.35673950011900185,10.315424916972688,55.62978731011123,0.48101025084722177,11.56789283839366,3.0023761898981434,34.71558276659277,0.24186107448020722,0,157.74399325082265,BW-003,2026-12-25 14:20:15.929954,10
60.96767055565421,26.990182262054642,21.27684971967375,36.43389038973157,0.9480883603831596,4.0464616019084385,73.32994296373944,51.164704200184445,29.672679847290752,7.418169961822689,63.10071708839476,20.0,426.902095527732,0.0023424574638449837,0.89,60.10071708839476,9.710243646757753,0.0023424574638449837,0.3513686195767476,10.289756353242247,47.58814396277265,0.49619623050789924,11.40708109791134,2.562305039816141,29.672679847290752,0.2269795614826221,0,155.55110588060919,BW-003,2027-01-04 14:20:15.929954,11
97.62716980461363,23.555780553194644,23.15588175286722,44.94552601163045,1.762900350187713,5.843064077893413,72.16949425773817,54.102304145834026,42.16909794171248,10.542274485428118,66.72494053973715,20.0,404.31381680194625,0.0024733263085338773,0.88,63.72494053973715,9.620037759304886,0.0024733263085338773,0.3709989462800816,10.379962240695114,93.47907260149942,0.4636195964472529,12.050941021037843,2.0887492160046883,42.16909794171248,0.2618578048462921,0,164.33101392324332,BW-003,2027-01-14 14:20:15.929954,12
67.4440567138511,26.81585985877426,23.498242640854713,35.591252930048526,0.7002199586239157,4.567729798010236,78.98697033861622,36.53724150552327,36.07911380702479,9.019778451756197,65.42180145762894,20.0,412.29472144313246,0.002425449436994379,0.87,62.421801457628945,9.651907516389148,0.002425449436994379,0.36381741554915686,10.348092483610852,62.67793476220863,0.4797244764774815,11.64509825958532,2.152082929015593,36.07911380702479,0.2439521291230224,0,158.79679444889072,BW-003,2027-01-24 14:20:15.929954,13
63.22406055028499,26.367635841842592,23.957533828263596,34.484416862764306,1.5942623429785951,4.501872804211254,93.83546633472247,49.14172954533396,42.243533396276774,10.560883349069194,64.26437833285166,20.0,419.5152104591036,0.002383703796831664,0.86,61.26437833285166,9.68074250860785,0.002383703796831664,0.3575555695247496,10.31925749139215,71.79333084854862,0.46362443815453097,11.845741404566967,1.7612794894182886,42.243533396276774,0.26666634112532034,0,161.5328373350041,BW-003,2027-02-03 14:20:15.929954,14
90.6205159596444,22.953449006016122,25.322701793731696,27.248497974664453,1.6270626290435686,3.1506780343919214,72.1870550610371,43.05746565265274,22.74381687482498,5.685954218706245,66.47721078959587,20.0,405.819020109447,0.002464152615937779,0.85,63.47721078959587,9.626048252130719,0.002464152615937779,0.3696228923906668,10.373951747869281,30.82485914892556,0.527776123259612,10.935726193560923,5.879703490084112,22.74381687482498,0.19755842894891737,0,149.12353900310347,BW-003,2027-02-13 14:20:15.929954,15
86.27820625068559,27.739687726500748,18.827496196277053,25.369313307630105,0.9232806120398003,3.8858714821438296,76.97152969168144,40.62008997817427,29.910147216589195,7.477536804147299,69.038724925818,20.0,390.52210902524786,0.0025606744839518124,0.84,66.038724925818,9.564969194895436,0.0025606744839518124,0.3841011725927719,10.435030805104564,47.19976592018497,0.5087958852865431,11.236567149027433,3.655874327706728,29.910147216589195,0.21685712342953833,0,153.2259156685559,BW-003,2027-02-23 14:20:15.929954,16
70.46822734943623,23.481872794432,28.875054966252442,29.989108796388145,0.9079245891929465,5.410448229890654,97.87684160895562,43.10205389055133,52.955758443046186,13.238939610761546,68.6798830787558,20.0,392.6298115492538,0.0025469283548647556,0.83,65.6798830787558,9.573384540596239,0.0025469283548647556,0.3820392532297133,10.426615459403761,100.91335875680456,0.4414825386368911,12.241281645466533,1.396608500947048,52.955758443046186,0.2943081382749301,0,166.92656789272544,BW-003,2027-03-05 14:20:15.929954,17
90.37593049671855,24.69843905470324,27.320526683462177,25.568787781545247,1.2313567905100764,5.718333006397492,79.64487103743646,44.528739726875834,45.543589484364446,11.385897371091113,71.00400499868739,20.0,379.17786045720015,0.0026372847792174177,0.8200000000000001,68.00400499868739,9.51967838720542,0.0026372847792174177,0.39559271688261266,10.48032161279458,98.38380808246819,0.46895702467664585,12.026685727639233,1.8372114732733824,45.543589484364446,0.26556532308504155,0,164.00025992235317,BW-003,2027-03-15 14:20:15.929954,18
61.34454400733131,22.375919220732126,28.877249440132932,27.341888906822284,1.2986310234128258,3.678086993447999,89.21428126527532,54.57962230349618,32.81378875516206,8.203447188790514,68.7196577270365,20.0,392.39563072476636,0.002548448355943644,0.81,65.7196577270365,9.5724495272995,0.002548448355943644,0.3822672533915466,10.4275504727005,48.152768286120725,0.49428725105795024,11.289613584243527,2.547913492442465,32.81378875516206,0.22709798506797008,0,153.94927614877537,BW-003,2027-03-25 14:20:15.929954,19
76.44382410402827,24.084059957553055,28.79800014824727,24.52376152261175,1.4956845292633836,4.810479288130136,80.73442252340647,47.956348919810566,38.83712673879939,9.709281684699848,69.11546835463731,20.0,390.0728175909566,0.0025636239053412673,0.8,66.11546835463731,9.563175347257335,0.0025636239053412673,0.3845435858011901,10.436824652742665,73.35557162217249,0.4836119605817818,11.687500930153835,2.084199534229308,38.83712673879939,0.24647893440661828,0,159.3750126839159,BW-003,2027-04-04 14:20:15.929954,20
98.53577736854201,25.361009100771053,29.2418695443971,25.254189102864572,1.1281899786112422,3.3687620353961627,96.65977240796195,45.061679015596724,32.56237716379758,8.140594290949394,73.26928847634485,20.0,366.5101193199928,0.0027284376263753845,0.79,70.26928847634485,9.469109969609644,0.0027284376263753845,0.40926564395630766,10.530890030390356,45.171090913478864,0.5127636059649076,11.116664199273131,4.362780503011467,32.56237716379758,0.21849429300865642,0,151.5908754446336,BW-003,2027-04-14 14:20:15.929954,21
70.40631163848205,26.384925789884377,29.77556508596696,30.15672149866195,1.4812619022111118,4.348049226118926,87.57594365360558,47.49567725578805,38.078451402969435,9.519612850742359,73.15877423814682,20.0,367.1181919853266,0.0027239184051112597,0.78,70.15877423814682,9.471537176147057,0.0027239184051112597,0.40858776076668896,10.528462823852943,66.27911347044812,0.4932732058703403,11.480436155254175,2.124539932776081,38.078451402969435,0.23706362893882943,0,156.5514021171024,BW-003,2027-04-24 14:20:15.929954,22
67.9239053103896,25.39198152742966,23.567189840260035,47.32812791115689,1.4127909090446997,3.2153274186795393,90.47851663670207,39.838633606310594,29.0918055343441,7.272951383586027,71.97436888910184,20.0,373.69872529596404,0.0026759523977717995,0.77,68.97436888910184,9.497805347631349,0.0026759523977717995,0.40139285966576993,10.502194652368651,39.07417146610455,0.5157731800681403,11.010614550950086,3.4766651607346897,29.0918055343441,0.20908230270326955,0,150.14474387659206,BW-003,2027-05-04 14:20:15.929954,23
73.98025488347275,22.6845747093276,19.814961944819213,29.407606318829643,0.8764499920104469,5.1418578975197695,94.6760438315259,51.079170151050405,48.68107636810593,12.170269092026482,69.12813611384117,20.0,389.99870440466145,0.002564111082180425,0.76,66.12813611384117,9.5628794425861,0.002564111082180425,0.3846166623270637,10.4371205574139,90.025512942931,0.4512405069260302,12.048798688165778,1.6435397581210192,48.68107636810593,0.2792698658817515,0,164.3018002931697,BW-003,2027-05-14 14:20:15.929954,24
94.02464231364551,25.36733672969515,24.280690936492398,26.75445292486122,1.7902095400241524,4.657502902223667,85.60509676932253,37.857519226788234,39.870598664825756,9.967649666206439,72.01938794077132,20.0,373.44645704878604,0.0026777600406297673,0.75,69.01938794077132,9.496798308240852,0.0026777600406297673,0.4016640060944651,10.503201691759148,73.20880982005832,0.48138449555457613,11.621404368584649,2.5686701517140063,39.870598664825756,0.244935932664055,0,158.47369593524522,BW-003,2027-05-24 14:20:15.929954,25
88.91257212833935,22.40601017140001,26.494021166757225,37.04491721622351,0.6225880186201673,5.326038451209406,78.14228141340143,44.933908456358935,41.61887954730021,10.404719886825053,73.6568742452619,20.0,364.38548977950086,0.002744346380546399,0.74,70.6568742452619,9.460629348796118,0.002744346380546399,0.41165195708195984,10.539370651203882,85.14665839895916,0.48565540625253006,11.77131603577889,2.088457111534191,41.61887954730021,0.24804524542485096,0,160.5179459424394,BW-003,2027-06-03 14:20:15.929954,26
78.33202566114626,24.90817772278028,19.98929448195931,46.696755528006776,1.774963057220993,3.85282227878255,74.0148508899908,47.59115393783473,28.5166066469725,7.129151661743125,72.96558234577765,20.0,368.18359882296136,0.002716036247124749,0.73,69.96558234577765,9.47578993606986,0.002716036247124749,0.40740543706871235,10.52421006393014,46.94466309103052,0.5219610968024415,11.09879705045753,3.337206851788559,28.5166066469725,0.20551043513679673,0,151.34723250623907,BW-003,2027-06-13 14:20:15.929954,27
86.76089349316433,24.773773366003642,22.9411864990141,39.6233632116229,1.3181478041103583,3.1629961044687116,92.459357023786,41.351735905222334,29.24485860879169,7.311214652197923,72.73563615209503,20.0,369.455727727641,0.00270668425186032,0.72,69.73563615209503,9.480867930693908,0.00270668425186032,0.406002637779048,10.519132069306092,38.716028942030505,0.518235544727977,10.987767890068056,4.481910767401863,29.24485860879169,0.20831958034759793,0,149.83319850092806,BW-003,2027-06-23 14:20:15.929954,28
62.49092423527542,25.07501589262199,27.676843406794074,35.021757062327,0.5779348663314026,3.000404079013456,85.3338741771169,35.937038170552064,25.603610415904253,6.400902603976063,69.84132513003809,20.0,385.8487995963869,0.0025916887678438796,0.71,66.84132513003809,9.546310848249373,0.0025916887678438796,0.38875331517658196,10.453689151750627,31.446736820965697,0.5182493536216685,10.911584326665368,3.9743980172602464,25.603610415904253,0.20110000793193025,0,148.794331727255,BW-003,2027-07-03 14:20:15.929954,29
91.45112797536132,23.208182692815846,21.103450018656467,27.952952482375103,0.9953225973072464,3.8285086734626983,91.20929462367148,36.253792432437315,34.91955755671409,8.729889389178522,71.13564202792591,20.0,378.42989144680416,0.0026424973888210146,0.7,68.13564202792591,9.51669237534964,0.0026424973888210146,0.3963746083231522,10.48330762465036,52.73463537378222,0.49313807797408943,11.327008027181177,3.4683515805943186,34.91955755671409,0.2299274926230882,0,154.4592003706524,BW-003,2027-07-13 14:20:15.929954,30
90.2700602275454,25.116315157023624,20.45857528980855,45.06792187564898,1.8193727824272938,5.5180154770680065,70.1145976797575,39.93647738403804,38.68934351652984,9.67233587913246,73.47437461801198,20.0,365.38435959688786,0.002736844021192519,0.69,70.47437461801198,9.464616387911393,0.002736844021192519,0.41052660317887785,10.535383612088607,85.63870216846755,0.48939490017592935,11.725820839297048,2.1081603980865355,38.68934351652984,0.23857978626749915,0,159.8975568995052,BW-003,2027-07-23 14:20:15.929954,31
94.82313700184028,23.432777268289236,23.414872130171858,47.639751747381,1.6580187144649856,5.222712168456214,79.4881044918792,37.03784776132027,41.51434905772565,10.378587264431413,74.30843676531151,20.0,360.84153736871684,0.0027712995773493095,0.6799999999999999,71.30843676531151,9.446483861499384,0.0027712995773493095,0.4156949366023964,10.553516138500616,84.78415024497039,0.4793366828057157,11.733339054897879,2.2368128176755637,41.51434905772565,0.2466336247363672,0,160.00007802133473,BW-003,2027-08-02 14:20:15.929954,32
61.086696849022395,22.391227547562952,23.567176521747992,45.821284940677444,1.3080526969290713,4.080701756401284,78.11179859153577,51.8542380432111,31.87509537081434,7.968773842703586,69.4693898107449,20.0,388.0074776088358,0.002577269917999198,0.6699999999999999,66.4693898107449,9.554929339093093,0.002577269917999198,0.3865904876998797,10.445070660906907,52.63481693712178,0.5011891340880925,11.324423122840031,2.321151678821163,31.87509537081434,0.2226525611853652,0,154.42395167509133,BW-003,2027-08-12 14:20:15.929954,33
79.91250032137161,22.632842199739784,25.881361256691527,43.73047585440541,1.0706300112613434,3.9400437527554293,93.66797415328021,52.8374428962147,36.90559163958887,9.22639790989722,68.63290435593974,20.0,392.9065877635397,0.002545134215468597,0.6599999999999999,65.63290435593974,9.57448962704656,0.002545134215468597,0.38177013232028956,10.42551037295344,56.39264788386855,0.48374894452286216,11.466802850792911,2.834146056980277,36.90559163958887,0.24089061512769144,0,156.36549341990334,BW-003,2027-08-22 14:20:15.929954,34
91.0244740370131,27.78685992340487,20.44519750953227,36.55991114867379,0.9307069371268633,4.301452258729588,97.29829431563176,42.54636107926386,41.85239678545105,10.463099196362762,70.64803707849353,20.0,381.2079026739335,0.002623240475828621,0.6499999999999999,67.64803707849353,9.527782756231042,0.002623240475828621,0.39348607137429314,10.472217243768958,68.64994483217664,0.4776596014988046,11.640693966005184,2.651844054923388,41.85239678545105,0.25387036008701686,0,158.7367359000707,BW-003,2027-09-01 14:20:15.929954,35
91.71417676135357,25.465560195286944,25.614989010603644,43.149939830781456,1.0939557089936822,5.892235249470325,72.67868573576719,48.74038533006485,42.823991397746354,10.705997849436589,72.80955408511129,20.0,369.04631368636234,0.0027096870038102044,0.64,69.80955408511129,9.479233652624735,0.0027096870038102044,0.4064530505715307,10.520766347375265,96.571217279171,0.4770545982745256,11.939352046571903,1.8994101833929142,42.823991397746354,0.25346053209839653,0,162.80934608961684,BW-003,2027-09-11 14:20:15.929954,36
96.60360273628173,25.19817320347684,19.895457874024174,40.701578836051254,1.6898920256573815,4.481442121370786,81.62946416366941,47.654237574972015,36.58177190479952,9.145442976199881,74.36037055422365,20.0,360.56054880544565,0.0027734592797604945,0.63,71.36037055422365,9.445362336911513,0.0027734592797604945,0.41601889196407416,10.554637663088487,66.88901819592402,0.49967263843467663,11.435983776639924,2.888474232147375,36.58177190479952,0.23010740432429874,0,155.94523331781716,BW-003,2027-09-21 14:20:15.929954,37
72.67046708270107,27.143075541992516,28.8737190571892,30.645707697067415,1.975282209072833,5.111571274902993,70.13089808950927,38.33906177494397,35.84790841574848,8.96197710393712,73.04919268489334,20.0,367.7221289275408,0.0027194447147265615,0.62,70.04919268489334,9.47394789101423,0.0027194447147265615,0.4079167072089842,10.52605210898577,74.79110714911619,0.49569813501313925,11.568640023163216,1.9432916519824461,35.84790841574848,0.22980966673075715,0,157.75418213404384,BW-003,2027-10-01 14:20:15.929954,38
65.62846112195034,23.21209401041494,20.210698070856314,45.45575304018889,1.481438828487443,5.139138151902956,89.9915624073462,54.32095010257355,46.247907171694855,11.561976792923716,70.76280219830099,20.0,380.55222664206605,0.002627760212635846,0.61,67.76280219830099,9.52516513680748,0.002627760212635846,0.39416403189537685,10.47483486319252,88.3724409179208,0.45815957379821026,11.937473752099702,1.485269852009751,46.247907171694855,0.268325358564936,0,162.78373298317777,BW-003,2027-10-11 14:20:15.929954,39
66.08417132889092,24.641940510210095,25.383576300837625,26.0031380397452,1.8236245526110082,5.283113370752349,98.52318123194014,49.05081003069614,52.05091360955198,13.012728402387996,67.8250979190436,20.0,397.6964357439266,0.0025144806694820158,0.6,64.8250979190436,9.593614533728873,0.0025144806694820158,0.37717210042230237,10.406385466271127,99.38806892359828,0.4408852193975372,12.208935825412736,1.3298210146268405,52.05091360955198,0.29281197608835124,0,166.4854885283555,BW-003,2027-10-21 14:20:15.929954,40
92.14414141766142,25.03124064145983,29.605519383110046,34.02626350260239,1.9761654785547467,3.8941566259183293,73.16094766752569,50.63647726689871,28.49001891179593,7.122504727948983,71.24480675115683,20.0,377.81073059863934,0.0026468279458751864,0.59,68.24480675115683,9.514220603833667,0.0026468279458751864,0.39702419188127797,10.485779396166333,47.119467924011076,0.5157848829289032,11.1447748149321,3.911085819825513,28.49001891179593,0.20830994888557822,0,151.97420202180137,BW-003,2027-10-31 14:20:15.929954,41
86.71679995214508,25.808027639523647,19.99145874354942,45.16626619931145,1.1412345318809227,4.932447664427748,71.44558037179888,42.201009318019565,35.240158603856436,8.810039650964109,72.63837844053567,20.0,369.99510735220696,0.002702738442019658,0.5800000000000001,69.63837844053567,9.4830210101561,0.002702738442019658,0.4054107663029487,10.5169789898439,69.9246182006114,0.5007299200587667,11.523674720410071,2.480293841672684,35.240158603856436,0.2284657275518502,0,157.14101891468277,BW-003,2027-11-10 14:20:15.929954,42
66.48933623129918,22.075645119854553,24.71706820366059,36.65759093094423,1.5790304335537377,5.870399446452859,85.01203437130604,43.65458272039409,49.90545995151464,12.476364987878659,68.9905068304549,20.0,390.80466467956217,0.002558823090865468,0.5700000000000001,65.9905068304549,9.566097334695472,0.002558823090865468,0.38382346362982017,10.433902665304528,107.69356693831995,0.45165283607652185,12.23446234655426,1.23478752021242,49.90545995151464,0.2835929325755841,0,166.83357745301265,BW-003,2027-11-20 14:20:15.929954,43
95.61032212071208,22.476439507858178,26.777957884084348,28.497886658341972,1.787265579735746,4.373098815477881,76.26648172015491,42.374143417295905,33.352086087107494,8.338021521776874,71.00804650036446,20.0,379.15487443455845,0.002637444662926517,0.56,68.00804650036446,9.519586622984026,0.002637444662926517,0.3956166994389776,10.480413377015974,60.17222269107017,0.5037973430586972,11.391801843447036,3.1778889941155883,33.352086087107494,0.22492008262072585,0,155.3427524106414,BW-003,2027-11-30 14:20:15.929954,44
92.76254055446624,25.244762529913267,26.52291358347974,31.544402716409962,1.206751848399222,4.10943976796153,71.57065060562417,50.351352570358365,29.41152778176319,7.352881945440798,73.75029669800396,20.0,363.87522059950953,0.0027481948299541556,0.55,70.75029669800396,9.458592601581737,0.0027481948299541556,0.4122292244931233,10.541407398418263,50.36975081040646,0.5177191094575622,11.159734669443239,3.683263826482992,29.41152778176319,0.2072009921190635,0,152.17820003786235,BW-003,2027-12-10 14:20:15.929954,45
92.86547590841886,24.755591183039282,22.2935791839053,35.8610987340072,1.7423738786558276,4.249513295711637,94.6653966044927,52.006960022397905,40.22818615146069,10.057046537865174,75.6242658378717,20.0,353.7892763050389,0.002826541297248916,0.54,72.6242658378717,9.41833696417956,0.002826541297248916,0.4239811945873374,10.58166303582044,67.98035231428274,0.48624779822264025,11.471905348906303,2.7321269380625948,40.22818615146069,0.24023073672971396,0,156.4350729396314,BW-003,2027-12-20 14:20:15.929954,46
73.40832189483491,23.042569558814463,26.54416824396937,43.82347710499396,0.6509562177853,3.6359821640959744,89.72060446510386,44.445636083259636,32.622251758702724,8.155562939675681,73.8482000924667,20.0,363.3412434928971,0.0027522336588787196,0.53,70.8482000924667,9.456461236837827,0.0027522336588787196,0.41283504883180794,10.543538763162173,48.17585211759035,0.5130684977167073,11.159228959551864,3.0475152454244387,32.622251758702724,0.21774321224354487,0,152.17130399388907,BW-003,2027-12-30 14:20:15.929954,47
69.59496451023779,22.851831938565965,22.175296938986,34.808423493729904,1.6232395054449598,5.640470213764456,76.47222037529363,48.556264006200884,43.133928120727504,10.783482030181874,70.59126300548368,20.0,381.53268182654494,0.002621007446105566,0.52,67.59126300548368,9.529079360683049,0.002621007446105566,0.3931511169158349,10.470920639316951,93.71382666552773,0.4726441190374142,11.948242613680897,1.4852656643427415,43.133928120727504,0.25823956495038847,0,162.93058109564862,BW-003,2028-01-09 14:20:15.929954,48
86.04590339526696,25.725571404870585,22.228499359315855,44.19474127403424,1.206930751097247,4.823256366758168,78.85904432715498,37.732018073023454,38.03573876274148,9.50893469068537,71.98701318248564,20.0,373.62785467219675,0.002676459978813283,0.51,68.98701318248564,9.497522436164953,0.002676459978813283,0.40146899682199244,10.502477563835047,71.87719083889742,0.48672222049250513,11.600234854922663,2.3942478104946177,38.03573876274148,0.23887415227746395,0,158.1850207489454,BW-003,2028-01-19 14:20:15.929954,49
99.16419752060618,25.804852829774422,19.515176898774033,40.228261489810414,0.9876560231475484,4.954919281431829,92.15792374396992,41.312546875267,45.66350732957207,11.41587683239302,74.09116962194233,20.0,362.01944087463164,0.0027622825933989077,0.5,71.09116962194233,9.4511853314161,0.0027622825933989077,0.41434238900983617,10.5488146685839,85.13318292675406,0.47050461931976956,11.808966839672054,2.329625044230379,45.66350732957207,0.2608175233609631,0,161.031365995528,BW-003,2028-01-29 14:20:15.929954,50
87.4530878674439,22.417846888974434,20.098577246111514,44.537694213738874,0.8407693355352723,4.934497812066941,81.8539272283451,49.264137665652356,40.390802481735555,10.097700620433887,73.73217106704027,20.0,363.9741660692493,0.0027474477400402674,0.49,70.73217106704027,9.458987542984543,0.0027474477400402674,0.4121171610060401,10.541012457015457,77.03100166931841,0.48543342475203827,11.654520301142451,2.2705945910677836,40.390802481735555,0.2438282580932266,0,158.9252768337607,BW-003,2028-02-08 14:20:15.929954,51
93.4816450097176,23.675656530726464,25.714582920704494,40.65961376423594,1.2689821297175794,3.5976458246821594,96.70645007908523,40.748191929311595,34.791555634685466,8.697888908671366,74.43771310547963,20.0,360.14249126370834,0.002776678743158265,0.48,71.43771310547963,9.443693728640888,0.002776678743158265,0.4165018114737397,10.556306271359112,50.839756505449884,0.5036522300666385,11.203845799031829,3.6775016811772736,34.791555634685466,0.22401459949473074,0,152.77971544134311,BW-003,2028-02-18 14:20:15.929954,52
72.21242706786926,23.27586625822658,18.398272254749116,31.29471362977737,1.4797441857969245,4.103357963268459,71.7427585624105,37.23024424642553,29.438621965391356,7.359655491347839,71.60820987530437,20.0,375.75686953324185,0.002661295324400007,0.47,68.60820987530437,9.506021435372917,0.002661295324400007,0.39919429866000106,10.493978564627083,50.12843206029107,0.5113653502992601,11.2068577297484,2.8810965793231698,29.438621965391356,0.2108558007446104,0,152.8207872238418,BW-003,2028-02-28 14:20:15.929954,53
97.53219273793931,27.22722689357831,27.19277731842363,42.92273623807917,1.4974773552139928,4.547585708136984,78.02778030183914,51.70960451484389,35.48380185382962,8.870950463457405,75.47421475624867,20.0,354.58647007053764,0.0028201865677533345,0.45999999999999996,72.47421475624867,9.421518590170873,0.0028201865677533345,0.42302798516300016,10.578481409829127,65.6073265960195,0.5007461930673973,11.392377077524435,2.9732103957992013,35.48380185382962,0.2246552805339267,0,155.35059651169684,BW-003,2028-03-09 14:20:15.929954,54
70.41147430264012,27.44317018423498,26.048787742870008,37.45057514353056,0.6664842038202217,3.0440801659648615,81.3728214601581,41.746910935381855,24.77053918554671,6.1926347963866775,73.50231178353276,20.0,365.23127462483814,0.002737991156499919,0.44999999999999996,70.50231178353276,9.464005338550415,0.002737991156499919,0.41069867347498784,10.535994661449585,31.867222589889792,0.5336172840827902,10.812857307258726,4.4190530946979285,24.77053918554671,0.1921378463392738,0,147.44805418989174,BW-003,2028-03-19 14:20:15.929954,55
77.88222175225701,24.762149627211556,28.374763314272037,37.119557284506925,1.0706008234556146,3.057982892752803,73.7310519700153,43.272853498372704,22.546829558897468,5.636707389724367,72.9532700574477,20.0,368.25160284181226,0.0027155346841207487,0.43999999999999995,69.9532700574477,9.476061387886885,0.0027155346841207487,0.4073302026181123,10.523938612113115,29.906448804501572,0.5410475719955314,10.761007876684735,5.20838981995977,22.546829558897468,0.1856315793822019,0,146.7410165002464,BW-003,2028-03-29 14:20:15.929954,56
99.07201314042638,22.664323559957893,23.070581139743336,25.008592204113725,1.6098561811503955,4.47859375334234,82.12869241764608,45.61875356824188,36.78210488318441,9.195526220796104,74.54250456964328,20.0,359.5768380628728,0.0027810467587045967,0.42999999999999994,71.54250456964328,9.441436029855035,0.0027810467587045967,0.4171570138056895,10.558563970144965,67.2867111511275,0.5014032702978481,11.437489249415492,2.94477204920622,36.78210488318441,0.2304800676961432,0,155.96576249202943,BW-003,2028-04-08 14:20:15.929954,57
96.72306208796603,23.680223977302937,28.300100121589452,31.013237531085547,1.8661552424658727,4.785395024717045,70.29771463383507,44.28190318907008,33.64023338577329,8.410058346443323,77.45485863286686,20.0,344.2067792633744,0.0029052304028992894,0.42000000000000004,74.45485863286686,9.38009550125676,0.0029052304028992894,0.4357845604348934,10.61990449874324,68.14580756297805,0.5157408068247579,11.343113123570106,2.838709101761773,33.64023338577329,0.21539614506492327,0,154.67881532141053,BW-003,2028-04-18 14:20:15.929954,58
90.15847614387135,26.829440661048633,18.216078667205455,47.10744856977662,1.590006488105485,5.890497722662765,85.57096840388647,48.55084534917906,50.40555945091407,12.601389862728517,79.00866960673702,20.0,336.2770637565285,0.002973738347864309,0.41000000000000003,76.00866960673702,9.348453710667462,0.002973738347864309,0.44606075217964636,10.651546289332538,112.00638416438781,0.46334288776019766,12.03537458308609,1.6098810227022229,50.40555945091407,0.2689016506300055,0,164.11874431481033,BW-003,2028-04-28 14:20:15.929954,59
72.19004381544534,26.976367989153083,21.378254380979158,44.94609214958707,0.6688705856179056,3.9355915737506497,93.21974134458287,50.4584296375223,36.687482854295546,9.171870713573885,75.99401982750953,20.0,351.8324828664864,0.0028422617259574656,0.4,72.99401982750953,9.410527475907648,0.0028422617259574656,0.42633925889361984,10.589472524092352,57.08697325946207,0.4991773768957651,11.295072731844941,2.529124936694028,36.687482854295546,0.2278413543742644,0,154.02371907061283,BW-003,2028-05-08 14:20:15.929954,60
88.14743909843183,25.244190859869462,19.15841364234529,29.805451878212136,0.5186060544159722,4.563888142962417,99.2804146983764,37.511004295253066,45.310470747031175,11.327617686757794,75.27024244227039,20.0,355.6730187588957,0.0028115711545662167,0.39,72.27024244227039,9.42585509258447,0.0028115711545662167,0.4217356731849325,10.57414490741553,76.59530107836736,0.4697819292654353,11.694783826039002,2.301640906359127,45.310470747031175,0.2577368081177726,0,159.47432490053183,BW-003,2028-05-18 14:20:15.929954,61
78.75071861858024,23.807591564560003,25.180289811573104,31.13370738500681,0.9498786672604771,3.050842994668743,93.10474635271288,51.143110747297655,28.404796318058427,7.101199079514607,74.83095043701442,20.0,358.0244221003127,0.002793105548871792,0.38,71.83095043701442,9.435239932143732,0.002793105548871792,0.4189658323307688,10.564760067856268,36.12037351944995,0.52180017703166,10.894410176876752,4.360459815077764,28.404796318058427,0.20208998102362188,0,148.56013877559207,BW-003,2028-05-28 14:20:15.929954,62
89.72772794926414,22.28885701587012,28.834739942303848,44.454332985388355,1.5017070248396098,3.3606216873617285,77.96748498875819,35.351047267332575,26.201922096227076,6.550480524056769,76.01493885684732,20.0,351.7221002751511,0.002843153726244962,0.37,73.01493885684732,9.410086949042629,0.002843153726244962,0.4264730589367443,10.589913050957371,37.66556591467434,0.5267612015526145,10.86507040145976,4.764443372629992,26.201922096227076,0.19285637040330225,0,148.16005092899675,BW-003,2028-06-07 14:20:15.929954,63
83.72886280429537,27.353814988837915,20.223962154344573,25.895259892579887,0.8592652548643072,3.8799258323416943,93.19425621756014,45.359210554251575,36.15868021243821,9.039670053109553,75.13439923697783,20.0,356.3984940831455,0.0028058479948759444,0.36,72.13439923697783,9.428750555326818,0.0028058479948759444,0.42087719923139166,10.571249444673182,56.38941791574565,0.5045557058042386,11.286339549174066,2.96966579542988,36.15868021243821,0.22744848226640435,0,153.90463021601002,BW-003,2028-06-17 14:20:15.929954,64
91.78313114800761,22.2080216003589,24.993682021001874,47.890500388591434,1.783544140756309,4.044286779504864,81.1521788471899,35.02707251430936,32.82026840397044,8.20506710099261,76.98300896476724,20.0,346.65162888668226,0.0028847405194997434,0.35,73.98300896476724,9.389851848631167,0.0028847405194997434,0.4327110779249615,10.610148151368833,55.203158498615814,0.5079247053902453,11.180071923566816,3.3252854961300455,32.82026840397044,0.21339638334590613,0,152.45552623045657,BW-003,2028-06-27 14:20:15.929954,65
80.85782756174358,22.381845455719855,27.97648217262852,38.375484196253055,0.6723994955893502,3.899401582695708,89.39376224913792,54.48388887632714,34.858217799741226,8.714554449935305,74.63076192536946,20.0,359.10112350854894,0.002784730914316378,0.33999999999999997,71.63076192536946,9.439537316312801,0.002784730914316378,0.4177096371474567,10.560462683687199,53.66944365212134,0.4984519840448754,11.262031344565575,3.013179271462323,34.858217799741226,0.22392439638503542,0,153.57315469862147,BW-003,2028-07-07 14:20:15.929954,66
63.75429139293425,27.457760916619556,26.03040315525694,43.90288318360213,1.818468350423401,5.541182480951699,70.70784893936587,52.97121209349679,39.18050938085933,9.795127345214834,72.385860520769,20.0,371.3992208245352,0.002692520457581796,0.32999999999999996,69.385860520769,9.48862596881292,0.002692520457581796,0.40387806863726944,10.51137403118708,85.99485996442289,0.4832536040428247,11.769248660914261,1.4827465599527732,39.18050938085933,0.2420214641835583,0,160.48975446701266,BW-003,2028-07-17 14:20:15.929954,67
82.87089408193289,25.104678110530248,23.16512892385188,31.60671810698686,1.1518939412880678,5.349595239895878,93.41128370712941,44.15991518007143,49.97125586722228,12.49281396680557,71.87316060594397,20.0,374.26647724200274,0.002671893051627476,0.31999999999999995,68.87316060594397,9.500071788651091,0.002671893051627476,0.4007839577441214,10.499928211348909,98.0845232462626,0.4565567887181096,12.066122632963854,1.689785326760827,49.97125586722228,0.27885079606334173,0,164.53803590405255,BW-003,2028-07-27 14:20:15.929954,68
90.95518622920625,25.61154058609079,28.71027947945815,34.641120345100504,1.410634368078131,4.1940158788635085,79.08747186499578,36.31389717908731,33.16941128209632,8.292352820524082,74.21898498283304,20.0,361.3260311178977,0.002767583605604403,0.30999999999999994,71.21898498283304,9.448417656027896,0.002767583605604403,0.41513754084066046,10.551582343972104,56.74580688043749,0.5036844618485681,11.279189638707182,3.2057059800329344,33.16941128209632,0.2189625136090237,0,153.8071314369161,BW-003,2028-08-06 14:20:15.929954,69
85.25230212367956,25.550182973837952,26.431605277026197,29.69840324099535,1.268545666318686,3.6847060904810975,77.39810904934073,44.68154139420403,28.518928380582594,7.129732095145648,74.8379472034989,20.0,357.98684887287277,0.0027933987048644826,0.3,71.8379472034989,9.435089969034463,0.0027933987048644826,0.4190098057296724,10.564910030965537,44.7124280532908,0.5276153162441368,11.024456465005189,3.8133604384924498,28.518928380582594,0.20245914926380382,0,150.33349725007076,BW-003,2028-08-16 14:20:15.929954,70
64.16899211233391,24.307067965868875,23.852004823455175,39.653382229091335,1.9257965788793052,5.242333219790082,84.2142948519384,36.15688898894321,44.14793954835136,11.036984887087838,72.56257629463175,20.0,370.4160429621943,0.0026996670878589963,0.3,69.56257629463175,9.48470129732262,0.0026996670878589963,0.40495006317884946,10.51529870267738,89.01504767404768,0.4677790809825072,11.854569002257335,1.4417560578590212,44.14793954835136,0.25828461138316283,0,161.65321366714548,BW-003,2028-08-26 14:20:15.929954,71
84.02604266193424,26.46156349705936,24.075192713942435,39.21849675303195,0.6063983242006601,5.873369402964611,98.28172957282337,50.70379086296817,57.72449033434629,14.431122583586575,73.11038055388411,20.0,367.3847817611315,0.0027219418158974974,0.3,70.11038055388411,9.47260131158741,0.0027219418158974974,0.4082912723846246,10.52739868841259,115.40144851392266,0.43055886735174126,12.375947717667835,1.4562389596313756,57.72449033434629,0.30263040230949373,0,168.76292342274317,BW-003,2028-09-05 14:20:15.929954,72
70.17566323367387,24.171118559230834,23.669920260078165,25.09556989205721,0.7100361463299765,5.973983704692662,86.33446998400788,54.25536700506412,51.57607168377408,12.89401792094352,70.66241769813237,20.0,381.1256814544179,0.002623806394215916,0.3,67.66241769813237,9.527454508011164,0.002623806394215916,0.39357095913238743,10.472545491988836,108.0467590688515,0.44218487335639667,12.266581617269425,1.298986917117158,51.57607168377408,0.286257943382239,0,167.27156750821942,BW-003,2028-09-15 14:20:15.929954,73
71.07257231165224,27.829196145406303,21.976164085236608,35.56898539468998,0.7941465691075894,3.2268151218502523,80.97042244784114,39.507625360135314,26.12765835772969,6.531914589432423,71.0668417964694,20.0,378.8206339977834,0.002639771729028497,0.3,68.0668417964694,9.51825227918629,0.002639771729028497,0.3959657593542745,10.48174772081371,35.0380593711751,0.522716044981573,10.944475311093074,4.056878353834961,26.12765835772969,0.20073838472510064,0,149.2428451512692,BW-003,2028-09-25 14:20:15.929954,74
84.43120284303073,23.684099293095844,20.483910941261122,36.3977430827035,0.5082586987406312,3.58749925240281,74.22408846678029,47.44827283131993,26.627886188485434,6.656971547121358,71.3705220987218,20.0,377.0989528103371,0.0026518238582936417,0.3,68.3705220987218,9.511379113081928,0.0026518238582936417,0.39777357874404623,10.488620886918072,39.52799131963877,0.5249776212070322,11.024732247376473,4.271970318971539,26.627886188485434,0.20188930647138592,0,150.3372579187701,BW-003,2028-10-05 14:20:15.929954,75
60.30656130596901,23.314412854611145,18.440656350009853,26.592618099136594,1.0082909740081274,5.343965567241915,87.34895198261083,37.93925419176419,46.67897917297397,11.669744793243492,67.6106959050432,20.0,398.9774983595741,0.0025064070132064463,0.3,64.6106959050432,9.598729701328153,0.0025064070132064463,0.37596105198096696,10.401270298671847,90.57467944027988,0.45375749261601156,12.065072482075898,1.331642831719475,46.67897917297397,0.2752898467511188,0,164.52371566467136,BW-003,2028-10-15 14:20:15.929954,76
92.10342718319251,25.432291860215805,24.152012711477,31.04373175699492,1.8976305791492245,5.433371309800412,89.07864121491185,42.76331412253991,48.399733349310665,12.099933337327666,70.76949356171168,20.0,380.51403236020855,0.0026280239753506997,0.3,67.76949356171168,9.525012656413104,0.0026280239753506997,0.39420359630260493,10.474987343586896,99.00885362944544,0.4582804254023414,12.060722391880237,1.8605089102011532,48.399733349310665,0.2754866542057648,0,164.4643962529123,BW-003,2028-10-25 14:20:15.929954,77
75.88060164948766,22.522556600774628,25.404798193413615,26.732121443438434,1.0178347142025381,5.022390886608189,77.79714937728498,41.90384416988421,39.072769403657205,9.768192350914303,69.99979009450432,20.0,384.9327360128142,0.002597856473206557,0.3,66.99979009450432,9.542653532583614,0.002597856473206557,0.3896784709809835,10.457346467416386,76.07303992628192,0.48431037902077345,11.716392203482611,1.9949406970726884,39.072769403657205,0.2457223854827016,0,159.7689845929447,BW-003,2028-11-04 14:20:15.929954,78
80.29647754871235,27.245335148111053,23.922558964081425,40.85421038475994,1.9892252584986054,5.75245752939597,78.71513517014262,44.399765363158735,45.28054719869084,11.320136799672712,71.74112898243834,20.0,375.00843687470984,0.002666606672462944,0.3,68.74112898243834,9.50303368000536,0.002666606672462944,0.3999910008694416,10.49696631999464,101.02564157849602,0.47084247394347245,12.008941669338759,1.5896256889657603,45.28054719869084,0.26343768839138243,0,163.75829549098307,BW-003,2028-11-14 14:20:15.929954,79
65.25956479591926,23.648389153117115,22.734912907171758,34.12387628493195,1.1165316128983187,5.670423412188044,91.23164050802582,36.24406452329406,51.73220302690328,12.93305075672582,68.70292569411893,20.0,392.4941267336878,0.002547808825375144,0.3,65.70292569411893,9.572842791863298,0.002547808825375144,0.3821713238062716,10.427157208136702,103.3975050463774,0.43906415889095896,12.256027280179458,1.2623044389059108,51.73220302690328,0.2901889147764506,0,167.12764472971986,BW-003,2028-11-24 14:20:15.929954,80
96.30444010226219,26.284195866801138,25.294862569088444,31.42494522870677,1.735685576331942,3.441909132836911,70.2352477231575,47.61843580458327,24.174334058539866,6.043583514634967,72.00139230603475,20.0,373.5472767460531,0.0026770373183039567,0.3,69.00139230603475,9.497200773967304,0.0026770373183039567,0.4015555977455935,10.502799226032696,36.288536645765674,0.5333897509558488,10.907800955307792,5.307705904062652,24.174334058539866,0.19264529655228213,0,148.74274029965173,BW-003,2028-12-04 14:20:15.929954,81
98.20242045939955,26.927189695301358,18.018781262297676,39.27363288440177,0.5767030721631511,4.343020276231255,74.02824552706826,54.15868242113541,32.15061713378831,8.037654283447079,75.30971231349686,20.0,355.4625055582746,0.002813236232691945,0.3,72.30971231349686,9.425014912994877,0.002813236232691945,0.42198543490379176,10.574985087005123,56.034652679816276,0.5080844568753977,11.254972591492999,3.5050603782816747,32.15061713378831,0.21380747544677672,0,153.47689897490454,BW-003,2028-12-14 14:20:15.929954,82
70.30428881334888,22.35714820208663,25.245545435392653,40.478157923822565,0.6717314570988577,4.5889791718368595,77.25679882338667,45.01207142309415,35.45298406833118,8.863246017082796,72.48436194096179,20.0,370.85087575940327,0.0026965016543435897,0.3,69.48436194096179,9.486437067398748,0.0026965016543435897,0.40447524815153846,10.513562932601252,64.77424360811702,0.5026221654176738,11.46478885945492,2.1707482757711083,35.45298406833118,0.22943187628892492,0,156.33802990165802,BW-003,2028-12-24 14:20:15.929954,83
75.35355532179918,24.73741905373325,22.428636261130997,26.904600011644632,1.128421685281213,5.038860998205323,72.28717653920694,40.49407630095784,36.42450345337927,9.106125863344818,70.9156416718974,20.0,379.6807749354723,0.0026337915059564247,0.3,67.9156416718974,9.52168611518609,0.0026337915059564247,0.3950687258934637,10.47831388481391,72.58962318523578,0.4924799644120693,11.619230402984332,2.076152265717383,36.42450345337927,0.23531924399190593,0,158.44405094978634,BW-003,2029-01-03 14:20:15.929954,84
90.04712191233672,22.426045987199533,18.96216016898284,32.51451100406362,1.9125885674283876,5.420896472651981,83.78994611207983,45.931542840645896,45.4216623322673,11.355415583066828,72.37913716410827,20.0,371.43667845468775,0.002692248929643581,0.3,69.37913716410827,9.4887754938646,0.002692248929643581,0.4038373394465371,10.5112245061354,95.34521729344453,0.47113424381869484,11.932575878317165,1.888864999598211,45.4216623322673,0.262836544643964,0,162.71694379523407,BW-003,2029-01-13 14:20:15.929954,85
86.74290586891657,26.072019740035387,22.343039890054378,38.247858989004925,0.5151967760416151,4.298448006628408,71.31699827929015,38.31499559640312,30.655240909233626,7.6638102273084066,73.82373864223896,20.0,363.4745857606413,0.002751223989724909,0.3,70.82373864223896,9.456993470031007,0.002751223989724909,0.4126835984587363,10.543006529968993,53.25908407034725,0.512684395992132,11.233245171645256,3.257393828040385,30.655240909233626,0.21122651209230447,0,153.18061597698076,BW-003,2029-01-23 14:20:15.929954,86
85.44384185638168,27.47972168545742,25.35088162013783,44.96876624319228,1.5859595831991407,4.336624916225673,76.27556396223784,35.999580573193576,33.07785111778056,8.26946277944514,74.91923866942454,20.0,357.5505957684302,0.0027968069745509696,0.3,71.91923866942454,9.433348790920089,0.0027968069745509696,0.41952104618264546,10.566651209079911,58.947519764965975,0.5047988487971835,11.289862899852272,2.89898004859445,33.07785111778056,0.21752468245646428,0,153.95267590707644,BW-003,2029-02-02 14:20:15.929954,87
64.82233665614761,27.41471984371505,18.797326132269298,36.81521934114633,0.7132056856901865,5.530948992155471,99.43577587492348,50.86285747993479,54.99742043596053,13.749355108990132,71.6446596403589,20.0,375.5514819416475,0.0026627507760850163,0.3,68.6446596403589,9.505201522389687,0.0026627507760850163,0.39941261641275244,10.494798477610313,105.30273356156465,0.4364760795194221,12.258318339276501,1.231161518105313,54.99742043596053,0.2959901793690294,0,167.15888644467955,BW-003,2029-02-12 14:20:15.929954,88
60.468264429236164,24.532205560765835,21.540488491849874,35.664011851142476,1.3657998301018262,5.561354765114001,77.25931390951136,54.212539510263994,42.96664535600995,10.741661339002487,68.463891205921,20.0,393.90394718169466,0.0025386899703717203,0.3,65.463891205921,9.578471814943446,0.0025386899703717203,0.38080349555575804,10.421528185056554,89.70779208025264,0.4641818435231831,11.976886102429878,1.3481162121377643,42.96664535600995,0.26139333534120823,0,163.32117412404378,BW-003,2029-02-22 14:20:15.929954,89
61.74956289235789,22.738019770742476,24.703708757405103,32.236016476143796,1.5937602313241719,3.5907771133602853,98.54289431085496,54.89638587931902,35.38455695756995,8.846139239392487,65.72342553502556,20.0,410.43356466608697,0.0024364479079910573,0.3,62.723425535025555,9.644475262560839,0.0024364479079910573,0.3654671861986586,10.355524737439161,49.75406173893676,0.48091512031512335,11.421426390063504,2.48219183456267,35.38455695756995,0.24107859259172593,0,155.74672350086595,BW-003,2029-03-04 14:20:15.929954,90
86.09166594367758,27.073626177939442,26.309913920030702,34.31834585736355,1.5094499335916485,5.135168417238146,99.43431195375466,46.39079559134207,51.06119383347264,12.76529845836816,68.40476571992184,20.0,394.2534485767964,0.0025364394493183756,0.3,65.40476571992184,9.57986728868767,0.0025364394493183756,0.38046591739775637,10.42013271131233,95.23561619371742,0.4471738774916254,12.135883292758994,1.807972046268063,51.06119383347264,0.2884800140179477,0,165.48931762853172,BW-003,2029-03-14 14:20:15.929954,91
71.01524697021674,23.837880992669277,27.46782191904952,34.71406839363797,1.6975705107775287,3.778625349528271,83.10987656996863,46.87121870757572,31.40410864034492,7.85102716008623,67.59029095589626,20.0,399.09963378334595,0.002505639983981687,0.3,64.59029095589626,9.599217380115363,0.002505639983981687,0.37584599759725307,10.400782619884637,48.8640235219514,0.5041783515199277,11.294246864249386,2.9066475435987886,31.40410864034492,0.22441025226948685,0,154.01245723976436,BW-003,2029-03-24 14:20:15.929954,92
92.89689494673114,27.145374025967705,28.999622830094488,34.34364529231911,0.9783002274817083,3.219244686081045,88.67029793851738,54.62355673524589,28.545138545179515,7.136284636294879,70.96680742233313,20.0,379.38948695289827,0.0026358136806362044,0.3,67.96680742233313,9.520523238202308,0.0026358136806362044,0.39537205209543064,10.479476761797692,37.53899466125264,0.5109628465983529,11.017761041383187,4.949354439830982,28.545138545179515,0.20896730790313453,0,150.24219601886162,BW-003,2029-04-03 14:20:15.929954,93
83.28794986376455,24.227034540625766,25.212890001602794,40.93406070345179,1.5326075277382052,3.570322949351183,93.7778534886515,53.157975875592385,33.48172224514253,8.370430561285634,71.66997496715211,20.0,375.4089008871103,0.0026637620941777065,0.3,68.66997496715211,9.504632335904391,0.0026637620941777065,0.399564314126656,10.495367664095609,48.47887788881191,0.49895672535596386,11.220151860772955,3.4360510593825433,33.48172224514253,0.22422841108327485,0,153.0020708287221,BW-003,2029-04-13 14:20:15.929954,94
74.98211548080485,23.001161210192517,23.16635206154649,27.422259457965808,1.8351455527757126,5.831104778460663,98.80406813216342,45.42919277442944,57.6136873816811,14.403421845420278,69.7779992583454,20.0,386.21548689840364,0.0025892281224420607,0.3,66.7779992583454,9.547774829231363,0.0025892281224420607,0.3883842183663091,10.452225170768637,118.59203200892267,0.4304692230759127,12.43949352473618,1.2645388431351496,57.6136873816811,0.3079102706751248,0,169.62945715549336,BW-003,2029-04-23 14:20:15.929954,95
73.83509842951429,22.926758483339942,18.30537311886901,39.49973727087562,1.4553534761821147,5.931923723974511,92.71930621403317,38.23342872473924,55.00038522014806,13.750096305037015,69.16975718111445,20.0,389.75529795915,0.0025657123975895493,0.3,66.16975718111445,9.561907618283888,0.0025657123975895493,0.3848568596384324,10.438092381716112,114.25792757487118,0.4318595204684813,12.395417493235943,1.29242845545455,55.00038522014806,0.30026120678823853,0,169.0284203623083,BW-003,2029-05-03 14:20:15.929954,96
73.62416666325167,22.430271333085905,22.915546738742783,31.469219881521447,1.515680959602514,4.430700319403909,91.54993526116012,39.94680631638167,40.56303274030294,10.140758185075734,67.575272350569,20.0,399.18955270968297,0.0025050755792881837,0.3,64.575272350569,9.599576420865432,0.0025050755792881837,0.37576133689322755,10.400423579134568,69.16379124323015,0.47371673657118935,11.699789256928604,2.1289800729498936,40.56303274030294,0.254966974947248,0,159.54258077629916,BW-003,2029-05-13 14:20:15.929954,97
84.23116997810762,24.18756236918524,20.61471065105988,47.7128631877342,1.1810024317941723,4.921845550646662,89.99801437139857,38.25399487617132,44.29563266009024,11.07390816502256,68.98160765354989,20.0,390.8568357592765,0.0025584815423719148,0.3,65.98160765354989,9.566305634772274,0.0025584815423719148,0.3837722313557872,10.433694365227726,81.26959700341368,0.4634441003196408,11.876665432969144,2.0728826789818964,44.29563266009024,0.2649091595947504,0,161.95452863139744,BW-003,2029-05-23 14:20:15.929954,98
87.53096943120948,22.843317805470164,23.827076395912773,24.660881276867173,1.258182676865675,4.695255937358269,93.14880732935823,44.97791329071884,43.73574906710107,10.933937266775267,68.79812991343238,20.0,391.93402030877616,0.00255144985682073,0.3,65.79812991343238,9.570606462324028,0.00255144985682073,0.3827174785231095,10.429393537675972,77.99778535059168,0.47113523574003346,11.81885974071979,2.244447558036864,43.73574906710107,0.26336603631630306,0,161.1662691916335,BW-003,2029-06-02 14:20:15.929954,99
98.56069628470809,24.305240277914802,18.467952150898938,24.742938982064246,1.0819801399203042,3.036309350328322,70.27115407237876,42.140586879400246,21.33649621683258,5.334124054208144,72.18655292019292,20.0,372.51122253762367,0.002684482881315072,0.3,69.18655292019292,9.493064933391974,0.002684482881315072,0.4026724321972608,10.506935066608026,28.16373433713985,0.5420811899241803,10.737401646721137,6.999121288737263,21.33649621683258,0.1828750208173957,0,146.41911336437914,BW-003,2029-06-12 14:20:15.929954,100
66.40099745852777,22.140112577969116,27.07456336740212,35.004552213165375,0.9338671579589818,5.778582205295346,76.86030338810826,47.687273777433745,44.414358145212404,11.103589536303101,70.60377778878723,20.0,381.4610665660821,0.002621499512393268,0.3,67.60377778878723,9.528793453215771,0.002621499512393268,0.3932249268589902,10.471206546784229,96.23336911377132,0.469627486189629,12.013991451679772,1.3799994340845656,44.414358145212404,0.26248618045386596,0,163.8271561592696,BW-003,2029-06-22 14:20:15.929954,101
96.00332732065922,22.696833761203152,29.47102594746383,31.535201217056468,1.832605508463022,3.666227612079962,79.65009968978646,51.96084179202968,29.201539478761674,7.3003848696904186,72.82356108247512,20.0,368.9687833702554,0.002710256382303521,0.3,69.82356108247512,9.478924171911114,0.002710256382303521,0.4065384573455282,10.521075828088886,45.21563959505,0.515061283820992,11.085166840259866,4.246465523012052,29.201539478761674,0.2080290999402822,0,151.1613660035436,BW-003,2029-07-02 14:20:15.929954,102
84.11771505917847,26.960244158448923,29.80815795852557,30.921730507649897,1.9417032281113895,5.18658432680984,72.86197831939631,43.574040419728675,37.790479477173925,9.447619869293483,74.32993750392319,20.0,360.72518073924846,0.002772193496308354,0.3,71.32993750392319,9.44601944064034,0.002772193496308354,0.4158290244462531,10.55398055935966,80.1571102598117,0.49715182513352374,11.613931972634179,2.098821047478616,37.790479477173925,0.23418581914568762,0,158.3717996268297,BW-003,2029-07-12 14:20:15.929954,103
75.57927579609681,24.313071428421534,22.08464525105407,36.99378257634204,0.7312175647677306,3.0875092909357935,84.42670439809027,48.248680234021364,26.066823423219354,6.5167058558048385,73.54467979698194,20.0,364.99923651177164,0.00273973175822725,0.3,70.54467979698194,9.463079144275092,0.00273973175822725,0.4109597637340875,10.536920855724908,33.83303351196413,0.5297496589390076,10.859503506930826,4.467780033343463,26.066823423219354,0.19638918236426267,0,148.0841387308749,BW-003,2029-07-22 14:20:15.929954,104
82.14845941432046,25.250228874460024,27.142821751258438,44.007599086502054,1.160662025468636,3.3555078707944546,78.66654816727497,42.95673251004314,26.396622154352222,6.599155538588056,73.84132778735827,20.0,363.37870030173,0.002751949960659923,0.3,70.84132778735827,9.456610744912663,0.002751949960659923,0.4127924940989885,10.543389255087337,37.77583402575679,0.5305535763025325,10.916515039996378,4.3492598658872215,26.396622154352222,0.1970023506050264,0,148.86156872722333,BW-003,2029-08-01 14:20:15.929954,105
72.09332997405974,23.556009383902566,20.335486040458463,25.383541972776598,1.01367196825207,5.758593073968149,99.79765046268892,35.89822597991232,57.46940587527347,14.367351468818368,70.78834394271722,20.0,380.40645505265553,0.002628767169215309,0.3,67.78834394271722,9.524583183275988,0.002628767169215309,0.3943150753822964,10.475416816724012,112.55325035155712,0.42494905030662,12.397426611262455,1.2810528305291604,57.46940587527347,0.3056866227667082,0,169.05581742630622,BW-003,2029-08-11 14:20:15.929954,106
70.80990768523134,27.798504315198443,24.692505915000527,32.33464893673218,1.3707014014905439,5.283023770486176,81.15172199207029,42.8491637245896,42.872647629999314,10.718161907499828,71.17164959182634,20.0,378.22555155766236,0.002643925022732223,0.3,68.17164959182634,9.515876621881223,0.002643925022732223,0.3965887534098334,10.484123378118777,87.16202282466773,0.4757417830849173,11.855686389227863,1.6247880760562483,42.872647629999314,0.25637649090062975,0,161.66845076219815,BW-003,2029-08-21 14:20:15.929954,107
65.56786805382782,24.66426249521322,25.514811857052766,35.733547963018836,1.1026682009814863,5.262794920041069,97.55279296436225,54.018571890050964,51.34003432486638,12.835008581216591,69.4448948293115,20.0,388.1500673421289,0.0025763231392629525,0.3,66.4448948293115,9.555498632900186,0.0025763231392629525,0.38644847088944284,10.444501367099814,95.65620475084359,0.4411791362974997,12.14536028312272,1.3709067430515967,51.34003432486638,0.2875784679521933,0,165.6185493153098,BW-003,2029-08-31 14:20:15.929954,108
99.75393555598794,27.281888572893564,25.48087149791328,37.66505666837479,1.430990719736876,4.7313677581149625,80.71363477901508,50.750981717175584,38.18858892336984,9.54714723084246,73.39526269745193,20.0,365.81821084347,0.0027335981926495455,0.3,70.39526269745193,9.46634814134061,0.0027335981926495455,0.41003972889743184,10.53365185865939,71.75897286153752,0.49010213543470305,11.555204062697966,2.780249816241603,38.18858892336984,0.2370407596642738,0,157.5709644913359,BW-003,2029-09-10 14:20:15.929954,109
68.05248431289733,24.370826459585913,18.473514394690792,35.413104899683844,1.3145368759364948,3.753004149786901,86.92222086500553,42.17156923049746,32.621945561505925,8.155486390376483,70.77884715842882,20.0,380.460648483222,0.0026283927233649216,0.3,67.77884715842882,9.524799535746673,0.0026283927233649216,0.3942589085047382,10.475200464253327,49.96723279942396,0.5053910813361562,11.251101790735445,2.7238844538808187,32.621945561505925,0.22287801308331967,0,153.42411532821063,BW-003,2029-09-20 14:20:15.929954,110
69.10998944412839,27.78417308299308,28.913455331246904,41.33143765094174,1.3000799431480439,4.969893221123629,77.21196738680521,38.83185891469652,38.37352333053019,9.593380832632548,70.3841662253007,20.0,382.71973748660145,0.0026128780463929137,0.3,67.3841662253007,9.533818437748598,0.0026128780463929137,0.39193170695893703,10.466181562251402,74.51935449830954,0.4840699955761305,11.676063294087037,1.8548198628235872,38.37352333053019,0.24272766568108106,0,159.21904491936866,BW-003,2029-09-30 14:20:15.929954,111
94.7987663859074,22.783914062940777,27.486117531298618,26.99569953520436,1.6913159938241082,5.754717260026311,73.0541104884861,45.11915815469863,42.040575054396015,10.510143763599004,71.73043802068247,20.0,375.068579709818,0.0026661790779000396,0.3,68.73043802068247,9.50327377030191,0.0026661790779000396,0.39992686168500596,10.49672622969809,95.055199794688,0.4811476187016311,11.912435022476414,1.9946045369567478,42.040575054396015,0.25265582409426546,0,162.442295761042,BW-003,2029-10-10 14:20:15.929954,112
71.03070273005427,27.262543486109134,29.328505125904776,27.571103265722776,1.1940134075980904,3.6625583488890268,71.16789889977002,35.72037636582853,26.06565822882429,6.5164145572060725,71.85689703665476,20.0,374.35779201160926,0.0026712413133609596,0.3,68.85689703665476,9.500436314523967,0.0026712413133609596,0.40068619700414393,10.499563685476033,39.97047787771908,0.5203261636934389,11.01191258468897,3.554158293896668,26.06565822882429,0.19919286503289707,0,150.16244433666776,BW-003,2029-10-20 14:20:15.929954,113
99.2394951265074,24.90044461583888,28.362570270174544,38.12955653115168,1.0629948618794027,3.525665316317482,96.00311063518001,40.64957487954053,33.84748374250442,8.461870935626104,75.68692042004221,20.0,353.45693471067943,0.0028291989823839374,0.3,72.68692042004221,9.4170105876979,0.0028291989823839374,0.4243798473575906,10.5829894123021,48.63662786860586,0.5084942222601899,11.134385314381346,4.080854264592832,33.84748374250442,0.21886202622155193,0,151.8325270142911,BW-003,2029-10-30 14:20:15.929954,114
71.43134222103481,23.219338546516525,27.141578296532366,33.27697216375267,1.2669131933011268,5.851377511725888,87.4486687896758,43.732283795375324,51.16951739862746,12.792379349656862,73.24674586927799,20.0,366.63407167946974,0.002727515190880162,0.3,70.24674586927799,9.46960474130762,0.002727515190880162,0.4091272786320243,10.53039525869238,109.77344058793247,0.4546467925301122,12.17189731102188,1.3014321467644214,51.16951739862746,0.2805552794992658,0,165.98041787757109,BW-003,2029-11-09 14:20:15.929954,115
79.69301920004727,25.463674175398786,28.386925747494626,47.537744246002305,1.1113763128607255,4.740266504008364,85.50095155678804,50.1755250751465,40.52972967254841,10.132432418137101,73.748613796583,20.0,363.88440620733456,0.002748125456715006,0.3,70.748613796583,9.458629265968142,0.002748125456715006,0.4122188185072509,10.541370734031858,74.66056845123283,0.4841457842692038,11.619482815807464,2.134808798090027,40.52972967254841,0.24426442077069507,0,158.44749294282903,BW-003,2029-11-19 14:20:15.929954,116
93.10075688425212,26.587166767928306,24.882347417466878,46.945131446686396,0.8007117732926041,3.847488197918557,80.59151174800907,52.88188605066502,31.007489030287967,7.75187225757199,74.8879084080905,20.0,357.71866756241957,0.002795492912948152,0.3,71.8879084080905,9.434019599776745,0.002795492912948152,0.4193239369422228,10.565980400223255,48.589813241017865,0.5121717660852158,11.13059698074203,3.832110093630063,31.007489030287967,0.21067389703635242,0,151.7808679192095,BW-003,2029-11-29 14:20:15.929954,117
64.37056841238486,27.12377180173253,23.26979779960498,44.32725250096945,1.8396353077931225,5.839369539451217,96.77674682459423,43.38895987914627,56.511518753471776,14.127879688367944,71.62813442614566,20.0,375.64458451052775,0.002662090819978197,0.3,68.62813442614566,9.505573190214587,0.002662090819978197,0.39931362299672957,10.494426809785413,117.89480532837112,0.43560993948613014,12.365797808536508,1.092000079784588,56.511518753471776,0.30106510453139756,0,168.62451557095238,BW-003,2029-12-09 14:20:15.929954,118
62.49830374476286,27.300788577916364,23.379828664433067,36.25037973610157,1.4398887666398155,5.341096509020645,84.29007199903296,44.95079704292205,45.02014092991337,11.255035232478344,68.86388637073819,20.0,391.5476280084214,0.0025539677129099913,0.3,65.86388637073819,9.56906372571071,0.0025539677129099913,0.3830951569364987,10.43093627428929,91.08838733834388,0.46734973411893,11.985014041735216,1.3722562353116563,45.02014092991337,0.26753142483557096,0,163.43200966002567,BW-003,2029-12-19 14:20:15.929954,119
97.05530426920348,22.114696566578584,23.722121619813805,40.505329018333455,1.5840604365473427,3.614040327171852,87.73390909775549,38.72271795506696,31.70738855397178,7.926847138492945,71.15393863768074,20.0,378.32604593696124,0.0026432227195021763,0.3,68.15393863768074,9.516277809307285,0.0026432227195021763,0.39648340792532644,10.483722190692715,47.133550315577885,0.5052926370675331,11.187333905801369,4.11831078369355,31.70738855397178,0.2191891089609943,0,152.55455326092775,BW-003,2029-12-29 14:20:15.929954,120
73.26258796268775,27.13018120971961,20.484909710530264,25.707798844162387,0.6035113889192245,3.4610731285326137,87.17821698646067,40.540250486519575,30.173018420522446,7.5432546051306115,49.303093399067414,20.0,525.0634213150526,0.0019045318325459437,0.99,46.303093399067414,10.102396283571824,0.0019045318325459437,0.28567977488189156,9.897603716428176,38.42492321689677,0.46546844089224726,11.697658863582406,3.813284807318581,30.173018420522446,0.25809575446292393,0,159.5135299579419,BW-004,2026-09-26 14:20:16.029417,1
97.63138082012432,25.04152262777101,22.91294486180422,43.461085944190046,1.753738891865774,5.763922536638926,87.49572412831293,46.8568036101622,50.43185761627251,12.607964404068127,55.49249004220238,20.0,478.5104779538285,0.0020898183970309843,0.98,52.49249004220238,9.916392957511974,0.0020898183970309843,0.31347275955464765,10.083607042488026,101.09218418294861,0.42510238009818363,12.579782147631276,1.9315317323333085,50.43185761627251,0.31165933544039026,0,171.54248383133557,BW-004,2026-10-06 14:20:16.029417,2
73.28764132462419,26.161708344842772,27.25347379022264,39.71161648478291,0.7273926122001491,4.06477398263103,71.55968055933123,35.63487530745977,29.087392774295708,7.271848193573927,57.241832470678986,20.0,466.11760415924584,0.0021453813180983333,0.97,54.241832470678986,9.866883970619844,0.0021453813180983333,0.32180719771474997,10.133116029380156,45.25021743022719,0.4823428505232897,11.55004699639206,3.2392172010058884,29.087392774295708,0.23679325716209276,0,157.50064085989172,BW-004,2026-10-16 14:20:16.029417,3
95.03532334068228,25.23456731641605,21.389669116440043,34.205476450504655,0.5563566355983611,4.270005432459593,72.53696134291714,47.136939110802786,30.973321898836765,7.743330474709191,61.45769017641642,20.0,437.5539909810484,0.0022854322451907713,0.96,58.45769017641642,9.752787075200034,0.0022854322451907713,0.3428148367786157,10.247212924799966,51.47409064023439,0.4930619034326946,11.533416707381216,3.6925498695997767,30.973321898836765,0.2345106036237704,0,157.27386419156204,BW-004,2026-10-26 14:20:16.029417,4
65.11467204889671,26.593280503095166,18.000139617064395,33.997579883575014,1.2837652716283827,5.642919016918972,96.48744449556166,48.180908202644645,54.44708354379188,13.61177088594797,61.02267596909317,20.0,440.4184594892945,0.0022705678621182035,0.95,58.02267596909317,9.76422822680206,0.0022705678621182035,0.3405851793177305,10.23577177319794,104.83551945338424,0.4229203104460851,12.523670147654729,1.2422253905624105,54.44708354379188,0.3136158163260946,0,170.77732019529174,BW-004,2026-11-05 14:20:16.029417,5
62.185376800038895,27.838468977833998,20.713503974996062,31.30076927127074,0.9559137683825409,3.633695494418793,95.88990494076616,52.72186870626416,34.84347155435083,8.710867888587709,60.636735326465455,20.0,442.97548454640764,0.0022574612701738274,0.94,57.636735326465455,9.774441582114576,0.0022574612701738274,0.3386191905260741,10.225558417885424,48.01955937547119,0.47471505734990527,11.543945183699913,2.5900019745622127,34.84347155435083,0.2490375505450917,0,157.41743432318063,BW-004,2026-11-15 14:20:16.029417,6
69.216666484694,22.00884293251787,26.752137529055958,47.20429199518285,0.8364402249275675,3.5899607548588763,92.12278257312032,40.73039097854246,33.07171740658992,8.267929351647478,60.505196097461734,20.0,443.8503771884209,0.002253011490796786,0.9299999999999999,57.505196097461734,9.77793614668083,0.002253011490796786,0.3379517236195179,10.22206385331917,45.64132951824754,0.4829009826382326,11.485545181923158,3.033069685536701,33.07171740658992,0.24339417117849266,0,156.62107066258852,BW-004,2026-11-25 14:20:16.029417,7
86.5218876721369,26.451377961752293,28.181104549086296,34.143100728326615,0.9543963584606439,5.407920937058789,99.91713699710809,35.60052010658786,54.03439771376321,13.508599428440803,63.17766265004777,20.0,426.40965644224514,0.0023451626502633965,0.92,60.17766265004777,9.708276933750527,0.0023451626502633965,0.35177439753950945,10.291723066249473,98.65010323058777,0.4225727400104209,12.408254744593636,1.7541165156188026,54.03439771376321,0.30803755597855087,0,169.2034737899132,BW-004,2026-12-05 14:20:16.029417,8
73.01180536092124,26.275727998591076,27.80135359806763,28.358735226158466,1.0564115122366478,5.692097597372795,88.67891600795974,54.467652383296425,50.47690447465315,12.61922611866329,63.95871378585017,20.0,421.4430906178846,0.002372799607495958,0.91,60.95871378585017,9.688441762029973,0.002372799607495958,0.35591994112439373,10.311558237970027,99.96704073239532,0.43417762878834626,12.338499016185692,1.4607175490243565,50.47690447465315,0.2946892754342092,0,168.25225931162308,BW-004,2026-12-15 14:20:16.029417,9
96.077607869966,26.840161118168435,29.81830083314971,42.10195823236994,1.0897928015418834,4.395028552579283,95.42163791714121,36.24788137196555,41.938082317971755,10.484520579492939,68.84911895967333,20.0,391.63436978681705,0.002553402043197439,0.9,65.84911895967333,9.569410056445864,0.002553402043197439,0.3830103064796158,10.430589943554136,69.24247247254016,0.46832138421953046,11.703685659202277,2.775106215569295,41.938082317971755,0.25728391866261763,0,159.5957135345765,BW-004,2026-12-25 14:20:16.029417,10
83.62551335978551,25.966085525483923,18.94146979580549,37.06792701849276,1.5639812427089144,4.005837150234887,72.0104961325363,54.50686266958141,28.84623206145596,7.211558015363989,69.3495443647984,20.0,388.7056188764787,0.0025726409689945232,0.89,66.3495443647984,9.557716696596033,0.0025726409689945232,0.3858961453491785,10.442283303403967,47.68529554234658,0.5072540933223529,11.221376867396572,3.5073920548745465,28.84623206145596,0.21276579253446348,0,153.0187754644987,BW-004,2027-01-04 14:20:16.029417,11
66.69285216004242,26.68379030455334,25.00527336616934,46.85332285674227,0.5636334473103375,5.45092172181551,95.57642263737911,53.75930462867788,52.09795982475094,13.024489956187734,68.27715033515108,20.0,395.00886344838165,0.002531588763021963,0.88,65.27715033515108,9.582883491151925,0.002531588763021963,0.3797383144532944,10.417116508848075,98.04606497080145,0.4372928821015194,12.233158592899157,1.3604391401103928,52.09795982475094,0.29216252511701757,0,166.81579899407942,BW-004,2027-01-14 14:20:16.029417,12
70.61304550221868,25.609323275798943,21.558718946471167,41.14617993770982,1.6385079237828966,3.255310458359356,81.5679277754,36.42069778088004,26.55289283539602,6.638223208849005,66.69607030273663,20.0,404.4889442546973,0.002472255457667894,0.87,63.69607030273663,9.620737064408665,0.002472255457667894,0.37083831865018413,10.379262935591335,35.94067047808863,0.5099781753317624,11.06560465375254,3.929422827282435,26.55289283539602,0.20985632606106258,0,150.89460891480738,BW-004,2027-01-24 14:20:16.029417,13
64.10063856265897,25.083126785240605,24.10668666709267,32.86273848517298,1.8993872938545082,3.632379304650086,76.88097331113018,44.382144220951574,27.926085637670482,6.981521409417621,64.73749520851695,20.0,416.5485538399616,0.0024006805227901502,0.86,61.73749520851695,9.668894980947986,0.0024006805227901502,0.36010207841852254,10.331105019052014,42.52437921798009,0.5102512375582003,11.230452645419978,3.0147712790387327,27.926085637670482,0.21805151827755676,0,153.1425360739088,BW-004,2027-02-03 14:20:16.029417,14
93.10025279492885,26.18325629145782,26.57191962881997,35.08118745151486,1.8814917816448637,3.8056865023609276,73.02934320453284,38.349821781882156,27.792678570977436,6.948169642744357,68.35667493509546,20.0,394.53795054532003,0.002534610418637361,0.85,65.35667493509546,9.581003238902246,0.002534610418637361,0.3801915627956041,10.418996761097754,44.424943064401745,0.5114908852547361,11.173069459782788,4.191350460931991,27.792678570977436,0.21100364706685415,0,152.3600380879471,BW-004,2027-02-13 14:20:16.029417,15
87.78381709013141,26.373886369934898,28.340290845448145,30.577718144212582,1.7106063558000546,3.441826690656273,99.19230393736895,50.185850138369474,34.14027191993257,8.535067979983143,70.53294224244577,20.0,381.866597018586,0.002618715561422432,0.84,67.53294224244577,9.530412443080944,0.002618715561422432,0.39280733421336483,10.469587556919056,47.81186431627998,0.4979992058558612,11.240039883803576,3.672051627580686,34.14027191993257,0.22836088550535105,0,153.27327114277603,BW-004,2027-02-23 14:20:16.029417,16
67.80962411825968,24.072051713469328,22.027325451238113,47.48461124133937,1.7848058356218903,5.9032843958086865,83.19221459523726,40.56736963325313,49.11073022728318,12.277682556820794,69.22918376828687,20.0,389.40802535348706,0.0025680004902113793,0.83,66.22918376828687,9.560521101965435,0.0025680004902113793,0.3852000735317069,10.439478898034565,107.21228051938562,0.45162487877103175,12.21161088739418,1.2649600174487226,49.11073022728318,0.28052484169699005,0,166.52196664628428,BW-004,2027-03-05 14:20:16.029417,17
88.04679446361038,26.362340569692343,24.74487353283085,46.73017601060446,1.2443881293235424,5.39487959162756,79.7876175412344,40.98766747410696,43.04445895377905,10.761114738444762,70.4122939825153,20.0,382.5582958285757,0.0026139806949790987,0.8200000000000001,67.4122939825153,9.533173911596155,0.0026139806949790987,0.3920971042468648,10.466826088403845,88.36268587877451,0.47217983373337713,11.900542870253187,1.9928501173991586,43.04445895377905,0.2582490185945029,0,162.2801300489071,BW-004,2027-03-15 14:20:16.029417,18
75.22070839479578,22.978212021589545,27.434467827132696,41.62665436981419,1.0765325577862024,3.6975179766234936,73.89036934672706,40.12926122033532,27.32109689588728,6.830274223971822,68.7664460147497,20.0,392.1203345458262,0.0025502375467425097,0.81,65.7664460147497,9.571350355423391,0.0025502375467425097,0.38253563201137647,10.428649644576609,41.75774949541377,0.5155166361336362,11.127617840384623,3.6027185039297787,27.32109689588728,0.2087064233500388,0,151.74024327797216,BW-004,2027-03-25 14:20:16.029417,19
61.007736558369174,27.033983966308064,18.137015801448882,40.88879471109722,1.9553856645890857,4.065959245421663,90.21982624437192,36.25129684438903,36.683013663864,9.170753415966,66.25837833666334,20.0,407.15330437089455,0.0024560773282808835,0.8,63.25837833666334,9.631376304477893,0.0024560773282808835,0.3684115992421325,10.368623695522107,58.82078889196827,0.4792259355179484,11.542295476483831,2.0743596849888397,36.683013663864,0.24442270352414835,0,157.3949383156886,BW-004,2027-04-04 14:20:16.029417,20
77.50645312592815,23.409840429975716,26.45845212052058,43.61107540837404,1.319645474116771,3.631520818996029,94.27070920875029,37.93843847167542,34.23460431130974,8.558651077827433,66.22000102121166,20.0,407.38775360789816,0.0024546638703393086,0.79,63.22000102121166,9.632312511285726,0.0024546638703393086,0.3681995805508963,10.367687488714274,49.0023020369408,0.4880090526115457,11.382893307570091,3.1633800823275307,34.23460431130974,0.23633167378673522,0,155.22127237595578,BW-004,2027-04-14 14:20:16.029417,21
98.68141101024585,22.310012329947767,24.057547179654335,41.2428947357412,1.7939607067237684,4.027935439567565,95.9397676557442,38.098506222868856,38.643919020445004,9.660979755111253,68.71224704065268,20.0,392.43925196356156,0.0025481650854151847,0.78,65.71224704065268,9.572623693575338,0.0025481650854151847,0.3822247628122777,10.427376306424662,61.149716181054785,0.4796425301400054,11.534661666381108,3.2275345552893677,38.643919020445004,0.2465448389905518,0,157.29084090519694,BW-004,2027-04-24 14:20:16.029417,22
67.1702244763116,26.80002089058209,24.632484908622544,33.51728836775912,0.6975725428686403,3.2482105068545697,84.53613985240032,41.04839022557073,27.459117767749408,6.86477944193735,67.30312832046505,20.0,400.82243909901126,0.0024948703027900584,0.77,64.30312832046505,9.606096485486683,0.0024948703027900584,0.37423054541850875,10.393903514513317,36.29163101038013,0.513267793402035,11.076705390799441,3.7016922417788045,27.459117767749408,0.21177712428886808,0,151.04598260181058,BW-004,2027-05-04 14:20:16.029417,23
94.6118303563565,22.94363924907829,21.71745431050919,30.961092767098485,1.8071210512862814,4.690225093451563,94.11414671450426,37.742969763054866,44.14165325691498,11.035413314228744,69.60841229467393,20.0,387.1991942236726,0.00258265000268139,0.76,66.60841229467393,9.551702258147706,0.00258265000268139,0.3873975004022085,10.448297741852294,78.79257991055124,0.4644751688996954,11.811091393292452,2.401541629015422,44.14165325691498,0.26329860245681835,0,161.06033718126073,BW-004,2027-05-14 14:20:16.029417,24
86.90811976835592,26.780088383148232,21.005614785509987,38.996978390567975,1.357618974715623,4.742097253662855,85.16526281169592,37.88157572026399,40.38619588868186,10.096548972170465,71.72088903971628,20.0,375.1223063984195,0.002665797215849634,0.75,68.72088903971628,9.50348824746151,0.002665797215849634,0.3998695823774451,10.49651175253849,74.23229875208689,0.47936351585585857,11.660494552986703,2.3415176743644266,40.38619588868186,0.24715734488179872,0,159.00674390436413,BW-004,2027-05-24 14:20:16.029417,25
93.31321507153083,27.436522362887565,18.145881257728643,40.176478057411025,0.5777536986795935,4.871995456586947,78.20921253582316,44.756686370880246,38.103492813777336,9.525873203444332,73.80346734867756,20.0,363.5851240658988,0.0027503875538613973,0.74,70.80346734867756,9.45743468226169,0.0027503875538613973,0.4125581330792096,10.54256531773831,72.80243583249784,0.49650174493772115,11.571844371994304,2.5634640930483075,38.103492813777336,0.23608717993236078,0,157.79787779992233,BW-004,2027-06-03 14:20:16.029417,26
81.95434660309424,23.725796374262067,21.681319194265694,32.47100408285656,1.431938673574415,3.2468169728311858,83.78752171640869,41.129269360856405,27.20427476202973,6.8010686905074325,72.85937062822602,20.0,368.77064752074887,0.0027117125691077,0.73,69.85937062822602,9.47813326672324,0.0027117125691077,0.406756885366155,10.52186673327676,37.53622496981293,0.52441383279151,10.940574227510123,4.366680275867,27.20427476202973,0.2013121101296571,0,149.18964855695623,BW-004,2027-06-13 14:20:16.029417,27
73.36199862675076,26.396194303541684,22.854328626886435,25.640476807439008,1.6756397637261609,5.467143633556063,71.70936180992105,43.3721454983666,39.204538088547814,9.801134522136953,72.06977921038774,20.0,373.16428708742353,0.002679784841698219,0.72,69.06977921038774,9.495671906296606,0.002679784841698219,0.40196772625473287,10.504328093703394,85.52716955164665,0.4888802740434499,11.762222017717342,1.715524996590708,39.204538088547814,0.2426310797547198,0,160.39393660523646,BW-004,2027-06-23 14:20:16.029417,28
71.43033298370824,24.596601277595575,26.225326598662818,31.97894777156909,0.5848784842200734,4.375294272394314,91.75018228897356,46.485751501804216,40.14340470600802,10.035851176502005,71.65013855813572,20.0,375.52061897452444,0.0026629696199660362,0.71,68.65013855813572,9.50507831672056,0.0026629696199660362,0.3994454429949054,10.49492168327944,67.36317598528944,0.48546017241334233,11.5814434715572,2.1207531248023983,40.14340470600802,0.24646753471238406,0,157.92877461214363,BW-004,2027-07-03 14:20:16.029417,29
74.95684188051254,27.66669149616582,25.700812767582697,40.115499568012964,1.4484232304564597,5.0016370115825435,93.31147856955269,52.24405947316377,46.671014481896606,11.667753620474151,72.09709925778432,20.0,373.01139542696967,0.002680883244479285,0.7,69.09709925778432,9.49506157535792,0.002680883244479285,0.4021324866718928,10.50493842464208,87.24183481689778,0.4609692012435375,11.892503418481287,1.7183692213221136,46.671014481896606,0.26747346690107954,0,162.17050116110843,BW-004,2027-07-13 14:20:16.029417,30
67.95968555837747,24.51000318461368,27.011277580359817,26.432949541275818,0.9167791641345684,3.9416264901674114,86.1406811609171,51.802161568784,33.95343907449357,8.488359768623392,69.704507273335,20.0,386.6414777987487,0.002586375382416967,0.69,66.704507273335,9.549475583500213,0.002586375382416967,0.38795630736254505,10.450524416499787,52.91475665711011,0.49546525535663527,11.353494381463284,2.568647759216173,33.95343907449357,0.22917057358793652,0,154.82037792904475,BW-004,2027-07-23 14:20:16.029417,31
71.05276433863415,24.592113565567036,29.76442489130622,25.620061120411727,1.2780514915708925,5.968353392895169,96.6855793313129,42.429345252487536,57.70537054460764,14.42634263615191,69.46285123660047,20.0,388.0455347100132,0.002577017155337971,0.6799999999999999,66.46285123660047,9.555081283139808,0.002577017155337971,0.38655257330069565,10.444918716860192,118.87002694540949,0.4278622284632812,12.477013933757314,1.1954698112631,57.70537054460764,0.30876489556169606,0,170.14109909669065,BW-004,2027-08-02 14:20:16.029417,32
67.17458728048842,27.824059272458463,19.35964205672957,33.68642405667819,1.6068274772519093,3.585499551655951,84.68177612219766,49.832829036720845,30.362647031956936,7.590661757989234,69.2218049472871,20.0,389.4511283205355,0.0025677162737013713,0.6699999999999999,66.2218049472871,9.560693194090055,0.0025677162737013713,0.3851574410552057,10.439306805909945,44.987612664345775,0.5073159379675015,11.18578383457204,2.986359279905803,30.362647031956936,0.21804416193601708,0,152.53341592598235,BW-004,2027-08-12 14:20:16.029417,33
88.18217712109781,24.536371821363595,22.15829001543262,33.5426970852689,0.8964143947379589,4.477707212259893,84.49542589941005,51.76460842163601,37.83457779527597,9.458644448818994,70.75081372320932,20.0,380.62066640889753,0.0026272877125534445,0.6599999999999999,67.75081372320932,9.525438364312212,0.0026272877125534445,0.39409315688301666,10.474561635687788,65.62589196240347,0.48572711584499334,11.553061441945847,2.6874202996468726,37.83457779527597,0.2403014592402558,0,157.54174693562518,BW-004,2027-08-22 14:20:16.029417,34
68.21331754827199,24.89823818535334,21.222405072811288,30.899079957534003,1.4851340952118357,4.084211337201559,95.79384024434937,43.13609601903447,39.12422883600467,9.781057209001167,69.11822101465371,20.0,390.05671185573397,0.002563729759301922,0.6499999999999999,66.11822101465371,9.56311104340215,0.002563729759301922,0.3845594638952883,10.43688895659785,62.747967259289986,0.48381630471110726,11.550795979943388,2.174200074606332,39.12422883600467,0.24743110967673576,0,157.51085427195528,BW-004,2027-09-01 14:20:16.029417,35
98.74149326799568,25.62182320335625,18.923753604779595,25.814006732497607,1.927134831268349,3.9846993170350182,83.61969733599096,50.24893917349737,33.31993508653981,8.329983771634952,72.34915684332891,20.0,371.603752880498,0.0026910384845375457,0.64,69.34915684332891,9.489442429817096,0.0026910384845375457,0.40365577268063185,10.510557570182904,54.975095506162035,0.5035722103471258,11.282952927525189,3.592226347544152,33.31993508653981,0.22254757615261545,0,153.8584490117071,BW-004,2027-09-11 14:20:16.029417,36
71.89163161229334,22.55240191649485,25.188535045804578,38.96757067896638,1.4727572301780323,3.3780060835919827,75.89257647616053,54.02889651326184,25.636558503594003,6.409139625898501,71.5342120669676,20.0,376.17417886240946,0.0026583430128673527,0.63,68.5342120669676,9.507687351339113,0.0026583430128673527,0.3987514519301029,10.492312648660887,36.62759632375788,0.5212932184348816,10.949394687275856,3.925544607231681,25.636558503594003,0.19830744867070282,0,149.30992755376167,BW-004,2027-09-21 14:20:16.029417,37
70.69608111430165,22.09066410528685,29.580184433453663,30.02143309658646,1.5140394320788213,3.526474882144072,87.03181953793164,46.58628933323875,30.69155255478116,7.672888138695291,69.36589388547632,20.0,388.61030330638386,0.0025732719680661453,0.62,66.36589388547632,9.55733614418961,0.0025732719680661453,0.3859907952099218,10.44266385581039,44.83284685017317,0.5099181353915825,11.180482766297784,3.1537627467896825,30.69155255478116,0.218888266174519,0,152.46112863133342,BW-004,2027-10-01 14:20:16.029417,38
88.26519479514837,25.660044502476914,21.754888730563778,30.50631009033758,1.3965024240540547,4.468873386150735,89.34235745730456,39.59653451595237,39.925968349691395,9.98149208742285,71.37840731738476,20.0,377.0543528324862,0.002652137530008226,0.61,68.37840731738476,9.511201066051203,0.002652137530008226,0.39782062950123387,10.488798933948797,69.59630329978827,0.48184482111360827,11.599771139050832,2.5364908942057816,39.925968349691395,0.24620286701538385,0,158.17869735069317,BW-004,2027-10-11 14:20:16.029417,39
94.64382534446766,27.680402373540375,19.270869652845093,27.715886702345276,1.9171043881746195,4.657986803330244,81.1651976574069,48.23334519258378,37.806641957789225,9.451660489447306,74.29758604059359,20.0,360.90027303135275,0.0027708485549223353,0.6,71.29758604059359,9.446718296749697,0.0027708485549223353,0.4156272832383503,10.553281703250303,71.6912039177895,0.49524733538015436,11.509397711525136,2.64031903978063,37.806641957789225,0.23429222176870323,0,156.94633242988823,BW-004,2027-10-21 14:20:16.029417,40
89.4614091333917,27.297962948978636,20.431591609624117,38.102060906625645,1.5517093916262104,3.4236706301194486,87.12632250518429,38.705407107666474,29.82918314713146,7.457295786782865,76.56840449281087,20.0,348.8141962254713,0.0028668557954952224,0.59,73.56840449281087,9.398481997671817,0.0028668557954952224,0.43002836932428334,10.601518002328183,43.204879503171306,0.5202117783665153,10.974866405339718,4.141264142483031,29.82918314713146,0.20407486935807956,0,149.65726916372344,BW-004,2027-10-31 14:20:16.029417,41
87.20447541787891,24.448910145200188,18.184738700295703,37.990225363302315,0.8796523087694131,3.835929189345109,76.5612940097075,38.65675559737634,29.368370246586984,7.342092561646746,76.27740581121414,20.0,350.3400911216061,0.0028543692981254924,0.5800000000000001,73.27740581121414,9.404571529946816,0.0028543692981254924,0.42815539471882386,10.595428470053184,46.79289325719878,0.5210870871776876,11.049597309753057,3.727252980000893,29.368370246586984,0.20299659482510513,0,150.67632695117805,BW-004,2027-11-10 14:20:16.029417,42
78.01016984571561,27.745486090502904,22.788423811709215,44.15523855994624,0.7828109086238767,5.477132854682001,78.57122702982672,53.54247563728899,43.03450489977424,10.758626224943558,75.83805108171649,20.0,352.65656954507807,0.002835619938372297,0.5700000000000001,72.83805108171649,9.413816350610983,0.002835619938372297,0.4253429907558446,10.586183649389017,89.27434910343717,0.47654684527947394,11.79708799610994,1.747650263018543,43.03450489977424,0.24924532052943754,0,160.86938176513556,BW-004,2027-11-20 14:20:16.029417,43
86.89841992100115,27.862041726633663,19.222717210475242,24.19967861345261,1.1503741889489216,5.9097795760355725,87.13781409811293,37.86002245331453,51.49652740574123,12.874131851435308,75.49840545701116,20.0,354.45782798363723,0.0028212100877799285,0.56,72.49840545701116,9.421005173283302,0.0028212100877799285,0.42318151316698926,10.578994826716698,110.45731817055183,0.4516484107484287,12.1446830493139,1.5734298344420328,51.49652740574123,0.27799243974756194,0,165.6093143088259,BW-004,2027-11-30 14:20:16.029417,44
63.70501932205469,26.49030609805739,28.974583966182706,34.41650334501021,0.8880674632331614,4.123644730138744,93.93196790044642,42.347814573941406,38.734206442423755,9.683551610605939,74.3451338961965,20.0,360.6429642898145,0.0027728254784318905,0.55,71.3451338961965,9.445691285822495,0.0027728254784318905,0.4159238217647836,10.554308714177505,62.79316531294102,0.4930685344232331,11.42932699645972,2.02904309743168,38.734206442423755,0.2373069107616902,0,155.85445904263256,BW-004,2027-12-10 14:20:16.029417,45
77.3761327602644,26.340686907100007,18.10864993896445,38.14689574763273,1.4199375273310686,3.2610516549083663,86.70354732784564,51.9024170299207,28.27447464998969,7.068618662497422,73.7941955737834,20.0,363.6356937737275,0.0027500050658455177,0.54,70.7941955737834,9.457636530793987,0.0027500050658455177,0.41250075987682766,10.542363469206013,38.811311762674244,0.5196117854533722,10.954987345576273,3.9872979936060213,28.27447464998969,0.2033389569654172,0,149.3861910760401,BW-004,2027-12-20 14:20:16.029417,46
85.50752987583742,23.452132479885265,26.56863268053752,26.193395671962634,0.7989055047002012,5.387779161430507,75.2536942039106,48.45529228824933,40.54502854524932,10.136257136312333,73.56636914186753,20.0,364.880506911718,0.0027406232480430854,0.53,70.56636914186753,9.46260522880092,0.0027406232480430854,0.4110934872064628,10.53739477119908,84.33087511960609,0.48548653062993163,11.753428716290452,2.0279056692952016,40.54502854524932,0.24461424722434644,0,160.27402794941526,BW-004,2027-12-30 14:20:16.029417,47
95.09880186617929,26.432338904359398,18.164946648136144,29.961030248875204,0.8216097244897469,3.6615127903069413,76.54622603656517,52.481435466103704,28.027498568260956,7.00687464206524,76.38339392386106,20.0,349.7835553595029,0.0028589108455147737,0.52,73.38339392386106,9.402350496139215,0.0028589108455147737,0.42883662682721607,10.597649503860785,42.80142362554584,0.5241478295008528,10.972261736547228,4.443721437780401,28.027498568260956,0.19836006183538737,0,149.62175095291676,BW-004,2028-01-09 14:20:16.029417,48
70.8322531214789,23.485358621679318,18.75031554891415,35.014572398323686,1.5991002121792477,3.7490068582206906,77.89742039554034,35.013067815225995,29.2037963300581,7.300949082514525,74.31470489737949,20.0,360.8076119274329,0.0027715601526752823,0.51,71.31470489737949,9.446348452881493,0.0027715601526752823,0.41573402290129235,10.553651547118507,45.870013353421975,0.5144546200575691,11.069145709255613,3.088390342323487,29.2037963300581,0.2055882713450902,0,150.94289603530382,BW-004,2028-01-19 14:20:16.029417,49
84.26926898869746,26.037230011588477,18.97379014243487,46.83577704424289,1.7577377507645373,5.612007102376553,93.77784439627405,47.54657870181356,52.62819287974531,13.157048219936328,74.83784140364946,20.0,357.98741699764423,0.002793394271750564,0.5,71.83784140364946,9.435092236546296,0.002793394271750564,0.4190091407625846,10.564907763453704,109.08452311344257,0.45141353820324676,12.133196874858246,1.5450270411149258,52.62819287974531,0.2828235346984443,0,165.4526846571579,BW-004,2028-01-29 14:20:16.029417,50
92.20361273982651,26.937902830250607,29.192526097593138,37.06209518672874,0.8004230268014388,5.250797291816527,74.56145702273476,44.16647189175151,39.150709660887,9.78767741522175,75.83157654083453,20.0,352.6908205488997,0.0028353445616862956,0.49,72.83157654083453,9.413953044827498,0.0028353445616862956,0.42530168425294435,10.586046955172502,81.08074857633096,0.4959877407710699,11.635444030385514,2.27436510784121,39.150709660887,0.23630961170095993,0,158.66514586889338,BW-004,2028-02-08 14:20:16.029417,51
84.67134431410165,26.457288962007635,26.855008720248307,36.51477658000512,0.602688079000367,4.053658162046343,72.8132957877105,44.72260970429848,29.516021077534727,7.379005269383682,76.28218658342378,20.0,350.3149685798321,0.0028545739968062864,0.48,73.28218658342378,9.404471270065736,0.0028545739968062864,0.42818609952094294,10.595528729934264,49.84621497117061,0.5270415729957652,11.097472139054638,3.3973028589261083,29.516021077534727,0.2034812274990654,0,151.32916553256322,BW-004,2028-02-18 14:20:16.029417,52
74.84451753720512,27.524599650780143,25.013386917089115,36.919966638137126,0.9032802715732903,5.762218951027906,71.20177357152083,40.82921826987588,41.02802090206153,10.257005225515382,75.45196858444473,20.0,354.7048126874539,0.002819245649427216,0.47,72.45196858444473,9.421990902105422,0.002819245649427216,0.42288684741408245,10.578009097894578,91.71199185343367,0.4863263391661879,11.802103668017242,1.6321642573593926,41.02802090206153,0.24317151347977461,0,160.93777729114422,BW-004,2028-02-28 14:20:16.029417,53
74.73795679666316,27.372076534919017,25.99755657032203,42.89728864205599,1.1815181346014827,3.6226228086171104,77.14439960997089,53.16869103758751,27.946506158415346,6.986626539603835,74.81502926079649,20.0,358.10993485960284,0.0027924385856316733,0.45999999999999996,71.81502926079649,9.435581232847246,0.0027924385856316733,0.418865787844751,10.564418767152754,42.42815912187361,0.521020738889054,10.995359485914294,3.5230355661663575,27.946506158415346,0.200588000985932,0,149.93672026246765,BW-004,2028-03-09 14:20:16.029417,54
85.20988877824632,23.490301652459245,26.465529963401835,34.2624320088801,1.1638182722221184,4.40420716270287,83.98898238819456,50.211512849105645,36.990487782221166,9.247621945555293,74.12573413720571,20.0,361.83179412588066,0.002763715119108913,0.44999999999999996,71.12573413720571,9.45043635601252,0.002763715119108913,0.41455726786633695,10.54956364398748,64.89320318548509,0.49547562497825004,11.43788324251073,2.6261575818561393,36.990487782221166,0.23185116417850143,0,155.97113512514633,BW-004,2028-03-19 14:20:16.029417,55
85.97289298307527,27.61768372881356,18.76807615930345,43.79383769632818,0.9385746656182896,3.4634766120147775,84.61796062300152,43.59970428242119,29.307232757415314,7.32680818935383,75.33925703135635,20.0,355.30500986805,0.0028144832530545266,0.43999999999999995,72.33925703135635,9.424386333131887,0.0028144832530545266,0.42217248795817897,10.575613666868113,42.54610367119623,0.5249087024775142,10.993132344597615,4.041399120703926,29.307232757415314,0.20428227881846603,0,149.90635015360385,BW-004,2028-03-29 14:20:16.029417,56
77.75677818025511,22.131479972650055,21.612552934011756,36.06314982312313,0.5842641160211586,4.790732071639969,99.98673109751316,50.38897788164094,47.90096394072977,11.975240985182442,72.83622131110263,20.0,368.89872158564435,0.002710771118158613,0.42999999999999994,69.83622131110263,9.478644503850505,0.002710771118158613,0.40661566772379193,10.521355496149495,83.42341333639897,0.46015320117312447,11.870770218892464,1.8641476072600014,47.90096394072977,0.27033949627812587,0,161.8741393485336,BW-004,2028-04-08 14:20:16.029417,57
79.6438291753266,27.562663773150565,19.264718617293664,42.346577473812104,1.1145065800639888,4.1935971090522814,94.8265915682214,38.414167266249606,39.766452026177475,9.941613006544369,73.11582958547736,20.0,367.3547546190492,0.0027221643041942132,0.42000000000000004,70.11582958547736,9.472481453318416,0.0027221643041942132,0.408324645629132,10.527518546681584,64.79940626858061,0.48404769892693067,11.501132001071976,2.4581653987759955,39.766452026177475,0.24276126647297303,0,156.83361819643605,BW-004,2028-04-18 14:20:16.029417,58
86.20694858097352,23.561419587911377,19.9139071504963,27.851102742509433,0.6057379184647169,3.0913910589268805,76.1334511739282,41.80823112228519,23.53582702443278,5.883956756108195,72.46632164265029,20.0,370.9512432451529,0.0026957720676491267,0.41000000000000003,69.46632164265029,9.486837716556716,0.0026957720676491267,0.404365810147369,10.513162283443284,30.804678436049624,0.5355631388102359,10.808157995498972,5.597003634362797,23.53582702443278,0.18973812972165513,0,147.38397266589507,BW-004,2028-04-28 14:20:16.029417,59
67.42586819604972,25.985316309933808,28.580287342122098,43.53901645418789,1.5277014648117262,4.531742272378679,88.45387421623599,53.21211434428844,40.08501609413832,10.02125402353458,71.86405550283624,20.0,374.31759675576245,0.002671528158620038,0.4,68.86405550283624,9.500275856201498,0.002671528158620038,0.4007292237930057,10.499724143798502,70.77708804704812,0.47943966112366904,11.606169324322936,1.905302126903816,40.08501609413832,0.24591199934052313,0,158.2659453316764,BW-004,2028-05-08 14:20:16.029417,60
64.41727453644411,23.735124677775698,21.71768250386963,29.99896671354291,1.2725084895645846,4.529562028651373,85.03826933877188,36.004860196459646,38.51861157791295,9.629652894478236,68.3313633854918,20.0,394.6877744891779,0.002533648277538476,0.39,65.3313633854918,9.581601452268943,0.002533648277538476,0.3800472416307714,10.418398547731057,67.16637394511031,0.47730836620956557,11.640221851024375,1.9181406037815047,38.51861157791295,0.24680170427312986,0,158.7302979685142,BW-004,2028-05-18 14:20:16.029417,61
81.4221525951869,24.14131585102666,22.245469904837233,43.88533434974595,1.6839392724795283,3.104734657968671,86.53479885749115,43.76357226496689,26.86675891332006,6.716689728330015,69.36419197192298,20.0,388.620224150149,0.002573206276608074,0.38,66.36419197192298,9.55737575366178,0.002573206276608074,0.3859809414912111,10.44262424633822,35.534880744815624,0.5218003454619675,10.981430595593931,4.582660804739919,26.86675891332006,0.20614193028944489,0,149.74678084900816,BW-004,2028-05-28 14:20:16.029417,62
72.31183326722983,27.482730663239558,29.43378020403007,31.84182100872098,1.0316374231895824,5.517541184940896,74.82038754135536,35.49943324234099,41.28245697326669,10.32061424331667,68.75540263082729,20.0,392.185294957021,0.002549815132945228,0.37,65.75540263082729,9.571609721852647,0.002549815132945228,0.38247226994178424,10.428390278147353,85.61380845604562,0.46938662020088767,11.910723126014265,1.689256314402949,41.28245697326669,0.25526377839799524,0,162.41895171837632,BW-004,2028-06-07 14:20:16.029417,63
80.22536613687835,27.64672487520204,28.51583319770774,26.461631102006155,1.0890961149071243,4.3471163037903775,77.12435670256772,35.99228746677675,33.52685484410768,8.38171371102692,70.23796808634992,20.0,383.55995213391384,0.0026071543560180284,0.36,67.23796808634992,9.537172857186176,0.0026071543560180284,0.39107315340270427,10.462827142813824,57.92326779408265,0.4954612846434779,11.409468714616962,2.7700566349978635,33.52685484410768,0.22682416845386644,0,155.5836642902313,BW-004,2028-06-17 14:20:16.029417,64
82.13484758999087,25.01879483530924,20.32635681524271,44.611602508035716,1.515411174495256,5.173794860542887,73.34778999871742,47.16639000015543,37.94864189275431,9.48716047318858,71.57594626472586,20.0,375.93876264331755,0.00266000769106318,0.35,68.57594626472586,9.506747559225715,0.00266000769106318,0.399001153659477,10.493252440774285,78.36638379708054,0.4913269169316219,11.676973279464477,2.0961755183872786,37.94864189275431,0.23927710176884298,0,159.23145381087923,BW-004,2028-06-27 14:20:16.029417,65
93.51633499407214,27.152585676096834,26.980270243988876,34.54105442999322,1.4158201325231368,3.8431492505006677,75.20488151065067,42.59503045838635,28.90235840116486,7.225589600291215,73.47097758326046,20.0,365.40297842175795,0.002736704567431777,0.33999999999999997,70.47097758326046,9.464690706325392,0.002736704567431777,0.41050568511476654,10.535309293674608,46.95228007868405,0.5218696355602375,11.09731251582211,3.983462989970014,28.90235840116486,0.20596208819707693,0,151.32698885211968,BW-004,2028-07-07 14:20:16.029417,66
66.41461624478973,26.041872504849447,20.15103906887137,40.654790172243764,0.844397241130953,5.404337328668861,81.76280730713718,50.015392984221116,44.18737916267206,11.046844790668015,71.48851349449258,20.0,376.4321266057761,0.002656521400064411,0.32999999999999996,68.48851349449258,9.508717092998177,0.002656521400064411,0.39847821000966166,10.491282907001823,89.28832034161337,0.46956535088807405,11.91221734703704,1.4876439827894665,44.18737916267206,0.26022090185730634,0,162.439327459596,BW-004,2028-07-17 14:20:16.029417,67
64.7020520060088,22.991706940857746,18.023905622628842,41.24975082848472,1.5986015735875687,3.376458890397452,93.18314258995238,39.73866649813297,31.462905023301822,7.865726255825455,68.14889390160273,20.0,395.76953133858575,0.0025267230567693386,0.31999999999999995,65.14889390160273,9.585920688793207,0.0025267230567693386,0.37900845851540077,10.414079311206793,43.39598384232662,0.5016136963694117,11.202257054132888,2.981937325863834,31.462905023301822,0.22360720947924845,0,152.75805073817574,BW-004,2028-07-27 14:20:16.029417,68
80.59733399653038,22.968176806332302,19.002652050128276,24.45909519449489,0.7486222654478311,5.032179389666618,86.9734466452299,53.58289434423375,43.76659856563951,10.94164964140988,67.396880958235,20.0,400.25916284245915,0.0024983812810141642,0.30999999999999994,64.396880958235,9.603847330310979,0.0024983812810141642,0.37475719215212466,10.396152669689021,80.53902787410037,0.46057998029127484,11.920470486272347,2.0014478973478833,43.76659856563951,0.26596641073820276,0,162.55187026735018,BW-004,2028-08-06 14:20:16.029417,69
95.63422139932587,23.44922105021009,22.25125592660659,26.528291627551997,0.8335419571222554,4.161967553925942,71.98495566503321,35.38310971102506,29.959904984866565,7.489976246216642,70.5750521643198,20.0,381.6254675926615,0.0026203701925558535,0.3,67.5750521643198,9.529449786837272,0.0026203701925558535,0.393055528883378,10.470550213162728,50.228714910391275,0.5060543304266908,11.257692530701831,3.8079501563971383,29.959904984866565,0.21435399022735366,0,153.51398905502498,BW-004,2028-08-16 14:20:16.029417,70
80.7689828312082,25.646516098573915,20.944227769994534,25.385571821402813,1.086549303691098,5.480575682918259,85.74206912984296,50.50488103669899,46.991589907611356,11.74789747690284,71.45039576587389,20.0,376.6474192130794,0.002655002925784747,0.3,68.45039576587389,9.509576555143825,0.002655002925784747,0.39825043886771205,10.490423444856175,95.1445498641631,0.46059735012361175,12.01245251066431,1.6978162794720508,46.991589907611356,0.269632858789295,0,163.80617059996786,BW-004,2028-08-26 14:20:16.029417,71
69.36813483705336,23.317323539378812,29.518353632561464,38.79121166221738,1.335317664758144,3.703276800034544,80.35251236539702,35.60207744422638,29.75675948672636,7.43918987168159,70.80583011740478,20.0,380.30669033112264,0.002629456765878421,0.3,67.80583011740478,9.524184900186103,0.002629456765878421,0.39441851488176316,10.475815099813897,45.17228744047648,0.5072981940074496,11.15458490593319,3.0712695224238864,29.75675948672636,0.21328120538842466,0,152.10797598999804,BW-004,2028-09-05 14:20:16.029417,72
76.63100414093287,24.573666000580864,24.49086004605697,40.71431536886657,1.553219144272744,5.884476973722336,90.0360372010244,53.664101755186124,52.98149877146356,13.24537469286589,70.20600308126441,20.0,383.74390366778596,0.0026059045901240378,0.3,67.20600308126441,9.537907257335034,0.0026059045901240378,0.39088568851860567,10.462092742664966,111.01014427907747,0.4378163043433838,12.301315972559516,1.3806126392968905,52.98149877146356,0.2917281670052143,0,167.74521780762979,BW-004,2028-09-15 14:20:16.029417,73
66.86775630821798,25.000676512459762,22.943497140409224,44.89264719046522,1.4471283818275646,3.796489222287217,88.34390833676983,48.56999936585275,33.53966958552765,8.38491739638191,68.17981182219813,20.0,395.5860283292007,0.002527895143879589,0.3,65.17981182219813,9.585187995353667,0.002527895143879589,0.37918427158193835,10.414812004646333,51.325625258747074,0.49718323358726685,11.347832045340075,2.6056285128965735,33.53966958552765,0.2304747071171857,0,154.74316425463738,BW-004,2028-09-25 14:20:16.029417,74
81.30016265663927,22.692367853073506,25.267654671880937,26.812893736325602,1.005809863348628,3.9526491007727653,95.44327705046891,53.943229258004955,37.72537832083419,9.431344580208545,67.54823961848439,20.0,399.35145329551887,0.0025040599996514925,0.3,64.54823961848439,9.600222880681683,0.0025040599996514925,0.3756089999477239,10.399777119318317,57.068584714279275,0.4783101106442257,11.519696982961655,2.8492090022445207,37.72537832083419,0.24555669705810293,0,157.08677704038618,BW-004,2028-10-05 14:20:16.029417,75
65.71367859257327,26.152441882146213,20.475025366033833,33.40462495651262,1.843512166428168,5.654565353088013,92.17200927818118,40.54929359449908,52.119265018891014,13.029816254722753,66.86595618394921,20.0,403.4595020584557,0.0024785635110785268,0.3,63.86595618394921,9.616626392183788,0.0024785635110785268,0.371784526661779,10.383373607816212,106.05970046452343,0.43874246291119035,12.308329029418154,1.2391828056228436,52.119265018891014,0.2947687340138401,0,167.84085040115662,BW-004,2028-10-15 14:20:16.029417,76
68.17265533595881,25.046830383752674,23.031259933992263,24.434976985097514,1.6891371703592193,3.8448481263168954,98.90080961338114,35.205689918713844,38.025859253323254,9.506464813330814,65.80451223106236,20.0,409.9346576125071,0.002439413163610224,0.3,62.80451223106236,9.64248297025909,0.002439413163610224,0.36591197454153357,10.35751702974091,56.520446749715255,0.47344580413330317,11.549484033313105,2.4123183469459133,38.025859253323254,0.24973326146149633,0,157.49296409063325,BW-004,2028-10-25 14:20:16.029417,77
62.76183625258399,24.84553012586172,24.7281395392674,39.08223495875009,1.5329474439618134,5.148149919726434,91.18738487665786,47.45379081899595,46.94463281328296,11.73615820332074,65.04571159063971,20.0,414.6271924016786,0.002411805154909448,0.3,62.04571159063971,9.661222050405987,0.002411805154909448,0.3617707732364172,10.338777949594013,88.93250722497181,0.4527356126390068,12.096477737950488,1.41144870893645,46.94463281328296,0.28087026709811347,0,164.9519691538703,BW-004,2028-11-04 14:20:16.029417,78
70.13089534090861,22.059872659950695,26.681323948258942,36.85575838434188,1.7541765548108732,5.970326538260597,79.35638307291175,41.79943727586496,47.37835198405791,11.844587996014475,63.839608112109445,20.0,422.19670756660906,0.002368564183656577,0.3,60.839608112109445,9.69145146497305,0.002368564183656577,0.35528462754848655,10.30854853502695,103.81638766080229,0.4486228187109365,12.304202697440292,1.351056358655942,47.37835198405791,0.28458685221684243,0,167.78458223782215,BW-004,2028-11-14 14:20:16.029417,79
92.85553451602777,27.0599570067273,23.821135919754482,32.00708150008478,1.687337303887055,3.236818208839667,83.28394409631213,40.22097052469696,26.957498675492797,6.739374668873199,67.32516783009063,20.0,400.68995204976983,0.0024956952249099314,0.3,64.32516783009063,9.605567465327104,0.0024956952249099314,0.3743542837364897,10.394432534672896,36.61573513739107,0.5139439341589159,11.058848410231796,5.071892407327692,26.957498675492797,0.21006531453324026,0,150.8024783213427,BW-004,2028-11-24 14:20:16.029417,80
78.0517645211702,23.100653178420608,28.25968823473769,45.18143704253633,1.1994646342102553,4.030160106532932,95.03715370766884,53.70969027054991,38.301494551108526,9.575373637777131,67.88877676627637,20.0,397.31674435147,0.002516883605377051,0.3,64.88877676627637,9.59209847146193,0.002516883605377051,0.3775325408065577,10.40790152853807,59.31195317719963,0.4774448039511321,11.544343835245725,2.631906735156192,38.301494551108526,0.24686667180913607,0,157.42287048062352,BW-004,2028-12-04 14:20:16.029417,81
63.0279890923915,24.326956539501587,27.64245191355124,45.64257668510949,0.8052091137463937,3.5571992160155568,81.17526794660398,53.572611242307886,28.875659949951242,7.2189149874878105,65.41606565523793,20.0,412.3301955848914,0.002425240767490961,0.3,62.41606565523793,9.652049178202992,0.002425240767490961,0.3637861151236441,10.347950821797008,40.902264003463046,0.500682712587117,11.227030424041214,3.0818826599454323,28.875659949951242,0.21995125850863823,0,153.09586941874383,BW-004,2028-12-14 14:20:16.029417,82
62.67894448101086,27.264102718797034,22.672859267746503,37.00226314242152,1.9520987180761384,3.1854253820676677,72.77081584334135,38.25581978412459,23.18060038611515,5.795150096528788,63.69670450454059,20.0,423.1026797090913,0.0023634924758395774,0.3,60.69670450454059,9.695069647871685,0.0023634924758395774,0.3545238713759366,10.304930352128315,31.336450156750484,0.5157471212550294,11.024913806833354,4.0003857595534695,23.18060038611515,0.20419947186644455,0,150.33973372954574,BW-004,2028-12-24 14:20:16.029417,83
62.66258911656892,25.889908044712573,18.889265070898404,33.01125428319601,1.70572181779017,4.785638502380625,74.51416813017993,54.361527629014674,35.65978719766523,8.91494679941631,62.2492458208604,20.0,432.3894866281697,0.002312729682208816,0.3,59.2492458208604,9.732159767405165,0.002312729682208816,0.34690945233132237,10.267840232594835,66.08185944018265,0.47399622150299897,11.756479262918761,1.8965141007659185,35.65978719766523,0.24858280331400168,0,160.31562631252856,BW-004,2029-01-03 14:20:16.029417,84
77.33888931022537,27.9830941234177,24.708711419359226,31.707891663262885,0.8301669888571297,4.3401435817755605,85.045538810505,39.93317231610813,36.91098494270576,9.227746235676438,64.19626480513813,20.0,419.9440494085094,0.0023812696034352637,0.3,61.19626480513813,9.682455125937903,0.0023812696034352637,0.35719044051528953,10.317544874062097,60.98265697387806,0.4782720551426196,11.655134462270324,2.5364224239476316,36.91098494270576,0.24901983129823868,0,158.9336517582317,BW-004,2029-01-13 14:20:16.029417,85
74.02082137144647,24.235199642557305,18.82456413268753,32.86978078624256,1.1963577796088374,4.412880757304201,89.85740897911035,50.02354273908085,39.653003098512976,9.913250774628244,64.26819424716882,20.0,419.4911986348454,0.0023838402408782604,0.3,61.26819424716882,9.68064661481037,0.0023838402408782604,0.35757603613173905,10.31935338518963,66.23882659026819,0.4704067661462395,11.75013103895561,2.2349677728838757,39.653003098512976,0.2580240365854969,0,160.22905962212195,BW-004,2029-01-23 14:20:16.029417,86
88.90951008955219,25.940376908329647,26.50518786274985,24.20072836504457,0.8265010993708041,5.261604248129739,87.33673338082265,53.08719549987714,45.953132737431076,11.48828318435777,67.04413795918562,20.0,402.382604870724,0.0024851968944365186,0.3,64.04413795918562,9.612326265989138,0.0024851968944365186,0.37277953416547777,10.387673734010862,87.35785159196651,0.4539887034650688,12.040445251231777,2.035524190884025,45.953132737431076,0.27389189058598745,0,164.18788978952423,BW-004,2029-02-02 14:20:16.029417,87
86.46737153599426,24.903936209078484,18.063761708020152,43.30787141836373,1.659214359935506,5.452223541918328,92.71144344095876,36.11211043360921,50.548351453402496,12.63708786335062,69.4125534902543,20.0,388.33841241741953,0.0025750736162692914,0.3,66.4125534902543,9.55625060748798,0.0025750736162692914,0.3862610424403937,10.44374939251202,99.73832804027568,0.443594830442945,12.160248901655418,1.7338845203235727,50.548351453402496,0.2849960285699008,0,165.8215759316648,BW-004,2029-02-12 14:20:16.029417,88
81.9367665197425,22.398779954657634,27.198180594391015,38.00912610555274,1.6729399657369388,3.020633886658948,76.37341831586419,48.27047187826905,23.069613540487854,5.7674033851219635,69.01303065909643,20.0,390.67265072227275,0.002559687754316068,0.3,66.01303065909643,9.565570251612698,0.002559687754316068,0.38395316314741024,10.434429748387302,30.16523792650091,0.5303933412242993,10.858905786435516,5.432529106475837,23.069613540487854,0.194100507018308,0,148.07598799684794,BW-004,2029-02-22 14:20:16.029417,89
90.06987969583362,26.81801243174702,24.216096796855496,27.36778843664436,1.506736210069533,4.233592466647638,82.07218777897936,52.691737764592276,34.74601959023773,8.686504897559432,71.01164507343134,20.0,379.1344087391284,0.0026375870323288742,0.3,68.01164507343134,9.519504920367883,0.0026375870323288742,0.3956380548493311,10.480495079632117,59.077746711524654,0.49450117061728754,11.405636715993174,3.049198207766551,34.74601959023773,0.22956038792253095,0,155.53140976354325,BW-004,2029-03-04 14:20:16.029417,90
84.81895140207882,26.453519123194525,20.038572072608822,28.679404797606942,1.8356142758289926,5.686688544395516,97.27525792160758,41.277561530300545,55.31740948759249,13.829352371898123,72.59425189116676,20.0,370.2400875297997,0.0027009500961170567,0.3,69.59425189116676,9.483998918977331,0.0027009500961170567,0.4051425144175585,10.516001081022669,113.20352127848831,0.438829499634852,12.277820343626077,1.4985214319158584,55.31740948759249,0.29546339121758153,0,167.4248228676283,BW-004,2029-03-14 14:20:16.029417,91
89.99911193808283,27.449370932201937,27.10458385396705,38.33172734376724,1.4811991055418106,5.073167438217785,78.14899543823108,38.812196661489,39.646293898666414,9.911573474666605,75.43170326553162,20.0,354.81265216937163,0.002818388785985695,0.3,72.43170326553162,9.42242129606172,0.002818388785985695,0.4227583178978543,10.57757870393828,79.74140136968852,0.4885257305389038,11.623272913281037,2.2572743993007753,39.646293898666414,0.2385981086463662,0,158.49917609019596,BW-004,2029-03-24 14:20:16.029417,92
95.5651169576004,25.472840527071643,25.58869589194065,27.755441184086415,1.210881830174154,3.5538973720421074,80.26322862590783,43.599152395596434,28.524727728522866,7.131181932130717,76.8725495297061,20.0,347.2264691254816,0.0028799647749164466,0.3,73.8725495297061,9.392145836873707,0.0028799647749164466,0.431994716237467,10.607854163126293,43.24669471652099,0.5299045562918197,10.955427182766034,4.419533912777517,28.524727728522866,0.19925036649938735,0,149.39218885590046,BW-004,2029-04-03 14:20:16.029417,93
88.65588447832396,23.625656189898194,20.427050166294418,31.531843397385973,0.8622509419892501,5.492847513165206,73.59673280418136,49.698516947897886,40.425563076053166,10.106390769013291,77.63194305106859,20.0,343.29368764877904,0.0029129577268053116,0.3,74.63194305106859,9.376451828037771,0.0029129577268053116,0.43694365902079674,10.623548171962229,86.86701997572337,0.4910319414403302,11.68451114550975,2.041186275368961,40.425563076053166,0.23773998321481093,0,159.33424289331478,BW-004,2029-04-13 14:20:16.029417,94
68.59650548145584,24.54910505720852,28.89406216660241,36.16943152172924,0.7818805712229846,4.594364742567916,78.63836028027977,44.856391690656494,36.129330988507064,9.032332747126764,75.67349262331025,20.0,353.5281340989126,0.0028286291911359253,0.3,72.67349262331025,9.41729474423568,0.0028286291911359253,0.42429437867038877,10.58270525576432,66.7200333987873,0.5057455363203919,11.416865414564445,2.056249134992269,36.129330988507064,0.2264895435246973,0,155.68452838042424,BW-004,2029-04-23 14:20:16.029417,95
63.078866775234964,26.176936870827554,22.593585173236654,43.72394271804862,1.4892661529611553,3.899826209331068,87.88245865714919,43.676878457104884,34.272631561160445,8.568157890290111,72.90525853265301,20.0,368.51690317580534,0.0027135797337440944,0.3,69.90525853265301,9.477120389903684,0.0027135797337440944,0.40703696006161416,10.522879610096316,54.85778188816552,0.5056235725839017,11.282211801404248,2.299723561693732,34.272631561160445,0.22479717615660977,0,153.84834274642157,BW-004,2029-05-03 14:20:16.029417,96
91.84965802165473,23.631676236510692,26.308307069532695,30.33748763264925,1.9086027191754373,3.493216587236636,73.49749223667091,45.9339136414426,25.674265900143467,6.418566475035868,73.39156366951937,20.0,365.83850898329234,0.0027334465220162744,0.3,70.39156366951937,9.466429163270439,0.0027334465220162744,0.41001697830244116,10.533570836729561,39.295145696161704,0.5331455655827273,10.932225330384801,4.6748602858915715,25.674265900143467,0.19533243902879927,0,149.07579995979273,BW-004,2029-05-13 14:20:16.029417,97
85.45497126133498,23.947070801052053,21.234142347507273,28.582238041719442,1.5419614383405917,5.7072390998583105,80.31873059673056,49.66000214445246,45.83981997126466,11.459954992816167,73.91016975998828,20.0,363.0036583766435,0.0027547931733581184,0.3,70.91016975998828,9.455113775826602,0.0027547931733581184,0.41321897600371776,10.544886224173398,99.70521600130965,0.46876435819477114,11.968657052616175,1.714152472428574,45.83981997126466,0.2617004974172086,0,163.2089598084024,BW-004,2029-05-23 14:20:16.029417,98
68.74862451991709,25.571819595564936,21.175620323104287,39.887254675052844,1.7224095928108087,4.975984064819301,97.94664742928443,51.41962034598282,48.73809568105936,12.18452392026484,72.72857333469153,20.0,369.4948707762102,0.002706397514799777,0.3,69.72857333469153,9.48102418030899,0.002706397514799777,0.4059596272199666,10.51897581969101,90.48779929700568,0.45650011201416474,11.93531916650048,1.5195114712485231,48.73809568105936,0.2733087801697276,0,162.75435227046108,BW-004,2029-06-02 14:20:16.029417,99
91.12100972578612,26.56510798558469,20.252668868307026,26.121238727628448,1.5484232427310785,4.699815776716389,89.71091494702321,52.9677293316807,42.162477341168184,10.540619335292046,73.78856830279446,20.0,363.66638921804787,0.0027497729502860874,0.3,70.78856830279446,9.457759051441263,0.0027497729502860874,0.41246594254291313,10.542240948558737,76.78759707609046,0.4765483411479532,11.659503032450516,2.3733262452656874,42.162477341168184,0.24964150790264164,0,158.99322316977975,BW-004,2029-06-12 14:20:16.029417,100
74.73388855177406,24.594077358420083,18.373789113520694,30.22983478260118,0.5505146058116961,4.198556353760805,79.80384117573333,35.216221672703924,33.50609244228933,8.376523110572332,73.16905368816357,20.0,367.06158975266607,0.0027243384432400603,0.3,70.16905368816357,9.47131123975931,0.0027243384432400603,0.40865076648600906,10.52868876024069,55.488724126777505,0.4997894644108067,11.313140403031506,2.693660368943654,33.50609244228933,0.22180545173343091,0,154.27009640497508,BW-004,2029-06-22 14:20:16.029417,101
95.16743090404991,23.460380099311184,24.688046034876095,24.93550369586713,1.5002710869584872,5.479653222574393,94.02942101210095,37.08909036200303,51.52486198657633,12.881215496644083,75.08114049542544,20.0,356.68332787145573,0.0028036073510012433,0.3,72.08114049542544,9.429887369755699,0.0028036073510012433,0.4205411026501865,10.570112630244301,103.22370067439218,0.45024614548368475,12.06840981559799,1.8439065889382344,51.52486198657633,0.27875453831669117,0,164.5692247581544,BW-004,2029-07-02 14:20:16.029417,102
72.92109383016376,27.387515121745995,28.657418267208428,31.806974840681946,1.8514413435357018,4.730572143398101,83.91945094500662,37.37418191018223,39.69870169297117,9.924675423242793,75.39088496001237,20.0,355.02996145763495,0.0028166636863388448,0.3,72.39088496001237,9.42328859247767,0.0028166636863388448,0.4224995529508267,10.57671140752233,75.01627742914367,0.4868795928898171,11.557195325299293,1.9441405606680786,39.69870169297117,0.23883799408052772,0,157.59811807226308,BW-004,2029-07-12 14:20:16.029417,103
99.84630693995115,26.95249398474369,28.13845617306275,29.976209666618157,1.3650535982866345,5.941704681182171,76.44087662390066,36.34468360181123,45.41891144698994,11.354727861747484,78.69701966285817,20.0,337.85275478790146,0.002959869309420857,0.3,75.69701966285817,9.354740872124705,0.002959869309420857,0.44398039641312853,10.645259127875295,103.32645331490365,0.4734164935665144,11.902319298797737,1.9326378431988525,45.41891144698994,0.2527521979263369,0,162.3043540745146,BW-004,2029-07-22 14:20:16.029417,104
62.690236558694714,22.56950762093002,29.986711344399488,31.83934198622186,1.6222758680732696,4.784542138505729,92.16600031399098,35.64886892094374,44.09721122398221,11.024302805995552,75.36617834755596,20.0,355.16155965624375,0.0028156200264687625,0.3,72.36617834755596,9.423813811154753,0.0028156200264687625,0.4223430039703144,10.576186188845247,81.12476984504782,0.4718231010196921,11.700471003045587,1.545526395413782,44.09721122398221,0.2535391719768138,0,159.551877314258,BW-004,2029-08-01 14:20:16.029417,105
92.26660212107265,27.148139626043374,29.97153956882588,29.79591564616483,0.5605262402895496,4.976152916181066,85.96875627854364,37.065300177500966,42.77936772559342,10.694841931398356,77.69334450967865,20.0,342.9776522115968,0.002915641860487923,0.3,74.69334450967865,9.375190705939437,0.002915641860487923,0.43734627907318846,10.624809294060563,80.78785307845486,0.4807196912797937,11.650522223850404,2.284170171757641,42.77936772559342,0.24549118808212378,0,158.87075759796005,BW-004,2029-08-11 14:20:16.029417,106
76.44766071978344,22.78048401897368,18.269110669944663,32.650243851395665,1.6756073766128545,3.517571630839086,87.03922891948241,40.927152270265765,30.616672241728025,7.654168060432008,76.0393483656653,20.0,351.5933433926592,0.0028441949166347004,0.3,73.0393483656653,9.409573092851852,0.0028441949166347004,0.42662923749520504,10.590426907148148,45.644605387197366,0.5192591702743201,11.028387866990293,3.3496909468835447,30.616672241728025,0.2075335771568912,0,150.3871072771404,BW-004,2029-08-21 14:20:16.029417,107
82.64722764900284,23.876667935262123,25.852104065912634,29.568436327411458,0.5215721691081275,5.814947185953948,94.56220688452152,54.67134413027326,54.987423882074346,13.746855970518586,75.76613345860764,20.0,353.0372081516746,0.002832562622040599,0.3,72.76613345860764,9.415335465556494,0.002832562622040599,0.42488439330608985,10.584664534443506,110.72064595516711,0.43914505658102687,12.224760986259719,1.4928964139618237,54.987423882074346,0.28920257538575017,0,166.7012861762689,BW-004,2029-08-31 14:20:16.029417,108
90.57413545745709,25.742458509184054,27.14763149401152,24.934512400503976,1.7556794417459782,3.779012516851242,99.09170898393931,43.624677395831156,37.44688085664873,9.361720214162183,77.38076175625855,20.0,344.5895616550789,0.002902003169210802,0.3,74.38076175625855,9.381623000185678,0.002902003169210802,0.43530047538162026,10.618376999814322,58.25399013761943,0.5031599123190953,11.257567175690026,3.1096285505416685,37.44688085664873,0.22819980468535278,0,153.51227966850036,BW-004,2029-09-10 14:20:16.029417,109
84.78104800145213,25.380372104275843,25.49536857737438,44.746397924840736,1.3804047598383606,4.042556385941264,71.51048580908059,36.05530515719205,28.90851710692609,7.227129276731521,78.80925866774018,20.0,337.2844294792352,0.002964856698377666,0.3,75.80925866774018,9.352473181702615,0.002964856698377666,0.44472850475664993,10.647526818297385,49.534533864477154,0.5238513039660987,11.024904508312975,3.4231087440292405,28.90851710692609,0.1975470525335242,0,150.33960693154057,BW-004,2029-09-20 14:20:16.029417,110
83.23801519552717,27.944074942394593,27.080762004822816,34.61505133082724,1.5610955000493916,5.076033767839964,83.73786983302084,39.530432520722115,42.505625491940116,10.62640637298503,78.03682688270356,20.0,341.2150949974631,0.0029307026994436895,0.3,75.03682688270356,9.368157420526726,0.0029307026994436895,0.4396054049165534,10.631842579473274,85.03346695011042,0.48448396838266666,11.655235898316048,1.957770703254128,42.505625491940116,0.24404994680570596,0,158.93503497703702,BW-004,2029-09-30 14:20:16.029417,111
75.56921886767154,23.373252774900994,25.162222522653114,46.27637035473484,1.893709280023194,4.841910918975698,77.58574354750334,46.55263508688845,37.56632588395047,9.391581470987617,76.41278513698043,20.0,349.6293809019892,0.0028601715262606257,0.3,73.41278513698043,9.401735216575,0.0028601715262606257,0.42902572893909385,10.598264783425,74.86938356258007,0.5010812168271375,11.49388948392161,2.0186948328352807,37.56632588395047,0.23010990055043162,0,156.73485659893103,BW-004,2029-10-10 14:20:16.029417,112
73.6762111242196,25.16606479733017,20.539630782838334,47.895146627973205,1.9716768618019036,4.077626240948071,94.70656679835457,51.413923215335586,38.61779819670719,9.654449549176798,73.74426704006935,20.0,363.90813273452034,0.002747946281072877,0.3,70.74426704006935,9.458723970504288,0.002747946281072877,0.4121919421609316,10.541276029495712,63.36088126907561,0.4887170498392053,11.42969172502891,2.325605630746761,38.61779819670719,0.23789843380938008,0,155.85943261403057,BW-004,2029-10-20 14:20:16.029417,113
85.98035718829789,26.82648435806484,26.5812019354044,38.23579725694724,0.5800219954833465,4.4320511943672045,80.52457328005048,42.25119593118189,35.688903118175716,8.92222577954393,73.79820094469278,20.0,363.6138469925757,0.002750170292663299,0.3,70.79820094469278,9.457549329549549,0.002750170292663299,0.41252554389949486,10.542450670450451,62.644242698559445,0.5013716749082876,11.411532720389015,2.7450362071429453,35.688903118175716,0.22804716449169177,0,155.61180982348657,BW-004,2029-10-30 14:20:16.029417,114
78.19057370210643,26.048717813004465,26.130379366604217,32.95494284213721,1.9125379799870459,5.417143577004653,79.84538448392836,39.18118747413692,43.25339117105795,10.813347792764487,73.28714432757626,20.0,366.4119672125195,0.002729168502894444,0.3,70.28714432757626,9.468718183415834,0.002729168502894444,0.40937527543416663,10.531281816584166,91.3835751431118,0.4745239898564774,11.846678319382749,1.7112609914780772,43.25339117105795,0.254101560733949,0,161.54561344612839,BW-004,2029-11-09 14:20:16.029417,115
66.69428128947123,25.002156677293364,26.290607718609873,40.73125934140342,1.4729584351532234,3.2540650256259207,84.00079362653226,44.64264197839684,27.334404466491936,6.833601116622984,71.57494312398438,20.0,375.94441947821355,0.002659967665932999,0.3,68.57494312398438,9.506770141537029,0.002659967665932999,0.39899514988994983,10.493229858462971,37.91770849661844,0.5254089456982562,10.974622817032795,3.517843452771896,27.334404466491936,0.2038980073984372,0,149.65394750499266,BW-004,2029-11-19 14:20:16.029417,116
71.0115285380744,22.93723941211973,25.63128392192053,38.383250787346505,0.7690340154338615,5.522726131208722,76.63716089338192,42.619825473367996,42.32460510875274,10.581151277188185,69.46496890908973,20.0,388.03320860548257,0.0025770990158131297,0.3,66.46496890908973,9.55503207081472,0.0025770990158131297,0.38656485237196947,10.44496792918528,88.07764173038541,0.47429545193415096,11.92641621392626,1.6124757008242316,42.32460510875274,0.2574919796108206,0,162.6329483717217,BW-004,2029-11-29 14:20:16.029417,117
88.20556582282254,24.73103195040194,26.013127099237835,44.096809914483615,0.7545926428653847,5.425217216681073,94.7087083224692,42.69222151957536,51.3815314960686,12.84538287401715,70.98873598405872,20.0,379.26471548772383,0.0026366808172862267,0.3,67.98873598405872,9.520025127870342,0.0026366808172862267,0.395502122592934,10.479974872129658,99.51348897070635,0.449548952081055,12.143548250169168,1.7727358719939463,51.3815314960686,0.28505118629987913,0,165.59383977503413,BW-004,2029-12-09 14:20:16.029417,118
60.76579471987347,26.674615518374722,25.31636910183139,40.79134967093092,1.7572324624829638,4.3773720698600425,79.0985767254785,53.65109756838624,34.62439005237912,8.65609751309478,68.11571217628367,20.0,395.966565107099,0.002525465754234894,0.3,65.11571217628367,9.58670740940191,0.002525465754234894,0.3788198631352341,10.41329259059809,60.610403967672084,0.4887717915740826,11.498072375971779,2.0051275273560054,34.62439005237912,0.23420460304006008,0,156.7918960359788,BW-004,2029-12-19 14:20:16.029417,119
92.11243739298001,27.765520881572947,24.43122094622542,35.723895183837726,1.102830799836095,3.355931297224741,98.0124826900441,48.677329036706865,32.89231581782172,8.22307895445543,70.78299304324379,20.0,380.4369890285213,0.0026285561836497193,0.3,67.78299304324379,9.524705081820692,0.0026285561836497193,0.3942834275474579,10.475294918179308,44.61951590679649,0.5037205294039322,11.179703690093685,4.128795910085136,32.89231581782172,0.22377214943462878,0,152.4505048649139,BW-004,2029-12-29 14:20:16.029417,120
81.26288610746926,22.195954364706974,23.7071543018641,33.78595452006557,0.7418282179626838,5.622922002411242,94.91868281295373,39.49314795283533,53.372035002885134,13.343008750721285,49.45479949978907,20.0,523.8699498925964,0.001908870703893246,0.99,46.45479949978907,10.097627279112267,0.001908870703893246,0.2863306055839869,9.902372720887733,95.61411546812452,0.40135897083562605,12.821225250139188,1.699809399681376,53.372035002885134,0.3350677683107294,0,174.8348897746253,BW-005,2026-09-26 14:20:16.129392,1
86.25638414002628,27.826905444209714,24.7462657327743,41.154078634654695,0.6026756788490252,4.197997740597668,82.29018607877558,54.56441337053117,34.545401523206145,8.636350380801538,54.6078595129338,20.0,484.90236727843734,0.002062270814664402,0.98,51.6078595129338,9.941929523780248,0.002062270814664402,0.3093406221996603,10.058070476219752,52.85028880518376,0.4610337349974321,11.815571062929466,3.2641783456655746,34.545401523206145,0.26062204859421834,0,161.1214235854018,BW-005,2026-10-06 14:20:16.129392,2
76.70667983267978,22.698150910986975,25.353550026438125,46.52357179713971,1.4926665987074577,3.5426757041366947,93.97473913314346,41.683854283462196,33.29220251295712,8.32305062823928,56.18107127390217,20.0,473.5935146172172,0.002111515401152087,0.97,53.18107127390217,9.896749513295164,0.002111515401152087,0.316727310172813,10.103250486704836,45.38091400727353,0.4739553464022265,11.60167527468492,3.3805700705096173,33.29220251295712,0.25305206276168885,0,158.20466283661256,BW-005,2026-10-16 14:20:16.129392,3
63.07212193257686,24.1279972299105,24.60796055329022,33.67698614719805,1.7504660157127585,5.192611037328481,82.60033012886989,46.5671952623308,42.891138591414595,10.72278464785365,55.51926123293254,20.0,478.31836210111095,0.0020906577694556738,0.96,52.51926123293254,9.915625438395082,0.0020906577694556738,0.3135986654183511,10.084374561604918,81.40947911961442,0.44685062221810024,12.238529813612578,1.5495031442199847,42.891138591414595,0.2864659706017153,0,166.8890429128988,BW-005,2026-10-26 14:20:16.129392,4
92.58684018839958,25.67098612061933,22.481495341592463,30.12807297031786,0.658811477319694,5.497835319978393,94.12496694951652,52.32846367079401,51.74835677868509,12.93708919467127,59.9767594080738,20.0,447.382560065731,0.0022352234737381725,0.95,56.9767594080738,9.79204486667088,0.0022352234737381725,0.3352835210607259,10.20795513332912,95.79940195420154,0.42525821863311775,12.441548007619154,1.9329314859953346,51.74835677868509,0.30670929061533625,0,169.6574728311703,BW-005,2026-11-05 14:20:16.129392,5
74.19590733946217,24.479035103246318,26.109875101248882,39.79583578314176,0.6051622094618854,3.178851976033977,90.76151659119235,37.799747534435255,28.851742636375242,7.21293565909381,61.24656516071097,20.0,438.9418663334299,0.0022782060147353953,0.94,58.24656516071097,9.758330447100295,0.0022782060147353953,0.3417309022103093,10.241669552899705,35.79733186580938,0.49373430385485306,11.257090139631773,4.145331703356802,28.851742636375242,0.2278550353546131,0,153.50577463134235,BW-005,2026-11-15 14:20:16.129392,6
75.81037261724632,23.09067320330417,19.881752463801668,43.8552515936939,0.5628728250743863,4.247455704055233,86.45765245164066,43.054789694936616,36.7225049064946,9.18062622662365,61.45378644195042,20.0,437.5796131501371,0.002285298423299469,0.9299999999999999,58.45378644195042,9.752889413326761,0.002285298423299469,0.3427947634949204,10.247110586673239,58.67469316782737,0.47646676741539423,11.701484740606434,2.584090977703308,36.7225049064946,0.25368223363335646,0,159.56570100826954,BW-005,2026-11-25 14:20:16.129392,7
76.76731503608485,23.009221934599108,28.551962588141688,37.36897231860084,0.847070954565272,4.558835027409023,99.89578926395858,37.70434627425709,45.54084231872046,11.385210579680113,61.895292351260856,20.0,434.6912780592632,0.002300483240576237,0.92,58.895292351260856,9.7413531558827,0.002300483240576237,0.3450724860864356,10.2586468441173,73.85487695977052,0.44671581536288113,12.016757387280471,2.078869214768329,45.54084231872046,0.28221019114684714,0,163.86487346291554,BW-005,2026-12-05 14:20:16.129392,8
80.09709148665506,26.388918158218694,29.497416107033203,29.290704101890054,1.8292726581940177,5.0263681360092765,81.88002899156845,37.660195978146575,41.15591686987354,10.288979217468386,63.858263426646914,20.0,422.0785809094094,0.0023692270710477716,0.91,60.858263426646914,9.690979704092566,0.0023692270710477716,0.35538406065716577,10.309020295907434,78.53874646840342,0.46305774938636535,11.9282654569357,2.039683470600809,41.15591686987354,0.26380996383906796,0,162.65816532185045,BW-005,2026-12-15 14:20:16.129392,9
97.37216456669961,27.498523267192397,25.624972282342917,39.11569570643299,1.1048159497757342,3.4762102901229284,98.4781931873685,52.59202993423524,34.233090851064404,8.558272712766101,68.80499969434432,20.0,391.8936348768331,0.0025517127888905022,0.9,65.80499969434432,9.570445216394834,0.0025517127888905022,0.38275691833357534,10.429554783605166,47.00830368293171,0.4922309895241379,11.28980932306385,4.1427644453400925,34.233090851064404,0.23167839329993126,0,153.95194531450704,BW-005,2026-12-25 14:20:16.129392,10
90.09591529215152,25.18776411010559,26.129256854739534,34.28298969237109,1.5972446960647086,5.721125881245065,99.7459832748216,39.16630780017036,57.065932646381924,14.266483161595483,70.61192449052527,20.0,381.41445467112925,0.0026218198805869584,0.89,67.61192449052527,9.528607366050176,0.0026218198805869584,0.3932729820880438,10.471392633949824,113.98212057075402,0.4287220389867135,12.381860974324987,1.5808780331688035,57.065932646381924,0.30464411188927853,0,168.8435587407953,BW-005,2027-01-04 14:20:16.129392,11
92.97886070418195,22.878617539616897,27.995156586890737,36.96711676296737,1.7669988636353364,4.066318012092186,90.076570897746,44.676050797212945,36.627998270900335,9.156999567725082,72.53905647566435,20.0,370.54674779108933,0.0026987148206298393,0.88,69.53905647566435,9.485223045337566,0.0026987148206298393,0.4048072230944759,10.514776954662434,60.80281895989629,0.49881480828917324,11.394290541709804,3.0583733548771153,36.627998270900335,0.2332573519069946,0,155.3766892051337,BW-005,2027-01-14 14:20:16.129392,12
77.25206825364059,24.27424291229821,28.98072879020667,30.028062421161632,1.7663184879292146,4.255168600135001,80.7343374800678,46.87561263886904,34.35382177978868,8.58845544494717,71.85025204150045,20.0,374.39510795701887,0.0026709750708462823,0.87,68.85025204150045,9.500585278782777,0.0026709750708462823,0.40064626062694236,10.499414721217223,60.17533370822031,0.5029971104715163,11.379228805248736,2.5675659275351057,34.35382177978868,0.22683127165306793,0,155.1713018897555,BW-005,2027-01-24 14:20:16.129392,13
79.36082290037616,25.084572655307557,21.701619377873808,37.753012814856376,0.987816794414317,4.7267802859202455,74.8437350219272,44.43479675036878,35.376989122628416,8.844247280657102,72.22790336525539,20.0,372.2802416061208,0.0026861484662353313,0.86,69.22790336525539,9.492142883448999,0.0026861484662353313,0.4029222699352997,10.507857116551001,67.11162418776763,0.5018572942907414,11.495786697287386,2.3650395549461662,35.376989122628416,0.2296073695572643,0,156.76072769028252,BW-005,2027-02-03 14:20:16.129392,14
61.570776569666094,23.631991632066136,18.076548520879086,47.48051488936456,1.9486208147296211,4.66041532862955,87.10860816194172,39.202143858247034,40.59622927334983,10.149057318337459,68.80261430177843,20.0,391.90765743015004,0.002551621487973173,0.85,65.80261430177843,9.57050120389457,0.002551621487973173,0.382743223195976,10.42949879610543,73.9490496777793,0.4750567214522893,11.717600573647006,1.665221577233258,40.59622927334983,0.25289306147354446,0,159.7854623679137,BW-005,2027-02-13 14:20:16.129392,15
75.8062118988922,26.370225126037877,22.1496731809251,40.10623577006342,1.7081450645689686,5.226814176756861,70.75597284463208,42.096637110863256,36.98283219545465,9.24570804886366,68.04394821067777,20.0,396.3930365699342,0.002522748655357808,0.84,65.04394821067777,9.588410238517016,0.002522748655357808,0.3784122983036712,10.411589761482984,76.95914814288412,0.4873078078649035,11.74041994749475,1.9700377077497961,36.98283219545465,0.24219401828916243,0,160.09663564765566,BW-005,2027-02-23 14:20:16.129392,16
97.87024978768963,24.40127365509803,27.399575795472572,30.38228281517085,1.9854984556904725,5.3406379456069,86.91678763166207,40.2232486502172,46.4191094135911,11.604777353397774,70.82934444143075,20.0,380.1725741637104,0.0026303843779361597,0.83,67.82934444143075,9.523649479080019,0.0026303843779361597,0.394557656690424,10.476350520919981,94.33479301526181,0.46199600705548527,11.981391168183954,2.0749555208512693,46.4191094135911,0.26878213696108344,0,163.38260683887208,BW-005,2027-03-05 14:20:16.129392,17
61.03078395057405,25.621172839006725,25.914071779815927,40.51309336977909,0.6805813681836335,5.084859358029143,87.0217283246822,50.92487218912774,44.249324962363005,11.062331240590751,68.98746076195657,20.0,390.8225213541751,0.0025587061782802686,0.8200000000000001,65.98746076195657,9.566168629867265,0.0025587061782802686,0.3838059267420403,10.433831370132735,82.78506695714874,0.46436357146908724,11.90774170589342,1.4744394416486934,44.249324962363005,0.2647445062807958,0,162.37829598945572,BW-005,2027-03-15 14:20:16.129392,18
97.54119133892522,23.087099674300497,25.47304083887809,29.34422589895404,0.9608246255319064,5.205075558569471,88.30323766108704,44.76355350621628,45.96250240922753,11.490625602306883,71.08829720605239,20.0,378.6987373359929,0.002640621426505497,0.81,68.08829720605239,9.51776564844879,0.002640621426505497,0.39609321397582453,10.48223435155121,89.47382536011813,0.4680432909082069,11.934685133334694,2.180329072694438,45.96250240922753,0.26681796256488965,0,162.74570636365493,BW-005,2027-03-25 14:20:16.129392,19
81.85834166912497,24.50316051138746,19.922707211718077,28.102473658100358,1.1272171822441994,3.3995463770025705,77.83999053656152,43.38198945834171,26.462065781448207,6.615516445362052,71.5516402111916,20.0,376.0758514478138,0.002659038053494283,0.8,68.5516402111916,9.507294823601436,0.002659038053494283,0.39885570802414244,10.492705176398564,38.04896162387878,0.5266884207436803,10.978074654635215,4.302789783243508,26.462065781448207,0.20102964137250484,0,149.70101801775292,BW-005,2027-04-04 14:20:16.129392,20
90.29131913102003,27.38778788108673,19.009531947112595,33.43449378142563,0.650368345584315,4.797897861019166,85.41123565645914,40.76369051919059,40.97943848631292,10.24485962157823,74.09985801838893,20.0,361.9722634225661,0.0027626426139524423,0.79,71.09985801838893,9.450997026630962,0.0027626426139524423,0.41439639209286633,10.549002973369038,75.37167294989527,0.48426214104769577,11.636851780483486,2.39589531709195,40.97943848631292,0.24518980731447954,0,158.68434246113844,BW-005,2027-04-14 14:20:16.129392,21
60.663699225303915,25.97031209586374,25.229393303599053,27.91245873155727,0.8507192496395961,3.0193930733691317,84.88717665702441,40.712519771244864,25.630775321608134,6.407693830402033,71.25173000126827,20.0,377.7714974630899,0.002647102829926191,0.78,68.25173000126827,9.514063980536026,0.002647102829926191,0.3970654244889286,10.485936019463974,32.40895905933417,0.5258271660868289,10.88388786417443,3.743637622809242,25.630775321608134,0.1987673669776207,0,148.4166526932877,BW-005,2027-04-24 14:20:16.129392,22
60.94831014578074,27.009683234166424,29.696287152582617,27.25102888307258,0.8472128206479472,5.203824902131605,70.7183879581145,46.69655622611582,36.80061082950401,9.200152707376,69.83009653215291,20.0,385.913793184862,0.0025912522891374757,0.77,66.83009653215291,9.546570331564729,0.0025912522891374757,0.38868784337062134,10.453429668435271,75.06593282191177,0.49223264347825346,11.68843847805089,1.6238607276186383,36.80061082950401,0.23844284072047195,0,159.38779742796666,BW-005,2027-05-04 14:20:16.129392,23
94.73638095787736,27.55878278773711,23.035528593681725,25.214939334457778,0.5590877505392291,5.824422712518196,75.23227801334498,44.43298981501191,43.81845887754098,10.954614719385244,73.33733187938336,20.0,366.1362312205914,0.002731223830720854,0.76,70.33733187938336,9.467617551691927,0.002731223830720854,0.4096835746081281,10.532382448308073,96.2877656364314,0.4779187177468141,11.943983233712235,1.9677760789587362,43.81845887754098,0.25590239895798067,0,162.87249864153046,BW-005,2027-05-14 14:20:16.129392,24
82.95799464276041,24.357370653359073,18.343829130931855,37.998057415501364,0.5169538048835337,3.2742659754514145,88.77045736784058,46.01063361192451,29.06580881847808,7.266452204619518,74.19042611002794,20.0,361.4808502389349,0.0027663982734881,0.75,71.19042611002794,9.449035599013415,0.0027663982734881,0.414959741023215,10.550964400986585,39.323285896832736,0.5240865585131466,10.972750860600366,4.21928090447,29.06580881847808,0.2053302844666074,0,149.62842082636863,BW-005,2027-05-24 14:20:16.129392,25
91.49487832597092,23.83859693622023,18.483096036110787,38.12045330359568,1.096526621649582,4.222096572638497,85.64131064421224,52.931493169380204,36.15858841471974,9.039647103679934,74.79228814929183,20.0,358.2321129663062,0.0027914862007194082,0.74,71.79228814929183,9.436068873841034,0.0027914862007194082,0.41872293010791123,10.563931126158966,60.796377822056584,0.49635485674281216,11.362105418834517,3.0098792593784127,36.15858841471974,0.22799826193895764,0,154.93780116592524,BW-005,2027-06-03 14:20:16.129392,26
98.95201653428597,25.265191975022212,21.3028701724441,41.0265327512154,0.907238003814067,3.5888829069332013,70.67693535116042,52.233297693982024,25.365124519620252,6.341281129905065,76.93359189666535,20.0,346.9086817531897,0.0028826029805488007,0.73,73.93359189666535,9.390877655365877,0.0028826029805488007,0.4323904470823201,10.609122344634123,38.74150201767632,0.5334582614262616,10.866365043988008,5.108321122352862,25.365124519620252,0.18862301959135774,0,148.17770514529101,BW-005,2027-06-13 14:20:16.129392,27
96.1697316563026,24.24833182304426,24.598422753314463,25.213754491781494,1.1391818569283463,4.731351247163719,96.71975366385527,46.93890446826345,45.76151271228493,11.440378178071233,77.48417436143805,20.0,344.05545245003253,0.00290650821801823,0.72,74.48417436143805,9.3794916315454,0.00290650821801823,0.4359762327027345,10.6205083684546,82.97315147648884,0.47703740509587234,11.695337440601422,2.3180927792902533,45.76151271228493,0.2557550114426262,0,159.4818741900194,BW-005,2027-06-23 14:20:16.129392,28
93.2945415864398,26.83389283218005,20.691822706242316,29.425897704253504,1.7259579683198552,5.430483269879107,82.89020090065443,49.99719862576538,45.0133849227922,11.253346230698051,79.86743551496627,20.0,331.97309486254846,0.0030122923076463296,0.71,76.86743551496627,9.331281208296296,0.0030122923076463296,0.45184384614694945,10.668718791703704,95.88775935020878,0.4798838885230873,11.764390581109783,1.9459113909566326,45.0133849227922,0.24963654486807185,0,160.4235079242243,BW-005,2027-07-03 14:20:16.129392,29
97.21593680677302,22.57216552763802,23.400703673114705,32.0989026951415,1.806032683186159,5.739124400669568,87.16368891166618,38.61570301124759,50.02432538853149,12.506081347132872,81.19986252502883,20.0,325.40401094615004,0.003073102870159417,0.7,78.19986252502883,9.30507328451353,0.003073102870159417,0.46096543052391253,10.69492671548647,109.35651921723415,0.4648909647227385,11.95017068557446,1.7779632618638097,50.02432538853149,0.26436895457895,0,162.95687298510626,BW-005,2027-07-13 14:20:16.129392,30
63.34099658720075,23.266755655348224,27.02962005103793,25.231052375549176,1.238803071071434,3.8063928450905946,75.95933730692218,39.93714055191466,28.91310780428917,7.228276951072292,77.16617482034492,20.0,345.7005149391008,0.002892677206963842,0.69,74.16617482034492,9.38605632161424,0.002892677206963842,0.4339015810445763,10.61394367838576,46.581212520718104,0.5253057862411731,11.011473862903197,2.7195941522144076,28.91310780428917,0.20008718049602747,0,150.15646176686178,BW-005,2027-07-23 14:20:16.129392,31
77.6842813871888,24.006407073932493,22.734867783827085,36.71857408632559,0.7420510375825746,3.9192463480531092,86.65401360259565,46.759832589276655,33.96184263561175,8.490460658902938,76.90224393717504,20.0,347.07184330058175,0.0028812478433577495,0.6799999999999999,73.90224393717504,9.391528777026105,0.0028812478433577495,0.43218717650366245,10.608471222973895,54.18035378281047,0.5127809555507981,11.190991921881302,2.8676180926613037,33.96184263561175,0.2173276951088804,0,152.6044352983814,BW-005,2027-08-02 14:20:16.129392,32
82.87983513134371,26.832593975799917,27.12193115748191,27.69359771265057,0.7238742046122109,4.279499241725583,88.46262339462507,36.63149851222732,37.85757297383538,9.464393243458845,76.81680357574582,20.0,347.51693761330364,0.0028775575857333925,0.6699999999999999,73.81680357574582,9.393305002737165,0.0028775575857333925,0.43163363786000886,10.606694997262835,63.49328279624328,0.4939746406992893,11.381694788013391,2.610664671326381,37.85757297383538,0.2304469911967757,0,155.20492892745534,BW-005,2027-08-12 14:20:16.129392,33
70.72697470979654,24.166448358046225,22.90146697690179,40.31273320400029,0.5850206482487531,3.26336471117448,75.15488381072976,45.3615499608069,24.525779570035372,6.131444892508843,75.40881980463222,20.0,354.9344631958976,0.0028174215346568753,0.6599999999999999,72.40881980463222,9.42290745201008,0.0028174215346568753,0.4226132301985313,10.57709254798992,34.19963195713816,0.5408584834432502,10.808184182119547,4.136124903240918,24.525779570035372,0.18823293752555387,0,147.38432975617562,BW-005,2027-08-22 14:20:16.129392,34
61.386908169042655,24.351463377663453,26.365964305655766,28.64244823095558,1.4622567218843776,3.6419840360949407,78.49853210477733,43.006256723459884,28.589040078248523,7.147260019562129,71.44336274166221,20.0,376.6871558653377,0.0026547228500604656,0.6499999999999999,68.44336274166221,9.509735186667669,0.0026547228500604656,0.3982084275090698,10.490264813332331,43.884965896606076,0.5196451506127128,11.092816633027795,2.7976281587490135,28.589040078248523,0.20830294702042973,0,151.26568135946994,BW-005,2027-09-01 14:20:16.129392,35
70.39312551761198,27.3165166528811,28.7482793311994,31.134892902751837,0.8449906309448607,5.435598372031139,70.4158640773858,47.98757640473245,38.275235614420424,9.568808903605106,71.4380195537887,20.0,376.7173477288775,0.0026545100883426727,0.64,68.4380195537887,9.509855714764896,0.0026545100883426727,0.3981765132514009,10.490144285235104,81.05878781601538,0.48929320772200086,11.742246133754351,1.7368413077527884,38.275235614420424,0.24059932303339798,0,160.12153818755934,BW-005,2027-09-11 14:20:16.129392,36
76.45215888264926,23.44318951108089,26.068606119500444,43.825552429158854,1.5096381963668255,5.006629593122057,93.9596734106991,53.655058781206264,47.042128145808974,11.760532036452243,71.245618800491,20.0,377.80612861238376,0.00264686018639461,0.63,68.245618800491,9.51420223215923,0.00264686018639461,0.3970290279591915,10.48579776784077,87.45899822930373,0.45718539221786353,11.923814277448217,1.7482971547925514,47.042128145808974,0.27014893240307836,0,162.59746741974843,BW-005,2027-09-21 14:20:16.129392,37
92.97401788997398,24.381952973244843,19.87580364850633,41.710822737542216,1.0407117577123308,3.0604135468478697,74.61351116539649,52.723425881119866,22.83482003484642,5.708705008711605,72.29218172198836,20.0,371.921471160106,0.0026887396333445794,0.62,69.29218172198836,9.490710716727937,0.0026887396333445794,0.4033109450016869,10.509289283272063,29.805194129102528,0.5324687883345618,10.78481319505539,6.238779555486394,22.83482003484642,0.1876925081308532,0,147.06563447802804,BW-005,2027-10-01 14:20:16.129392,38
86.8508330091653,23.623863651890595,18.97475561768007,47.82196309170632,0.734302261895899,4.3755556865610465,86.93771916800391,48.26054407446295,38.04008314822068,9.51002078705517,72.2901741565614,20.0,371.93267117904657,0.0026886586672527214,0.61,69.2901741565614,9.490755425716847,0.0026886586672527214,0.4032988000879082,10.509244574283153,64.8826962550101,0.49117904611353846,11.504044316475017,2.6771647302637755,38.04008314822068,0.2383800785144496,0,156.87333158829568,BW-005,2027-10-11 14:20:16.129392,39
99.53683975853924,27.863679595398683,27.525817246896477,39.826151089967944,1.366710575376627,5.037199813486913,97.95221209949524,54.938988348233394,49.34048645182079,12.335121612955199,74.96561691020855,20.0,357.30194375443546,0.0027987533162911497,0.6,71.96561691020855,9.43235637249857,0.0027987533162911497,0.41981299744367245,10.56764362750143,91.42606710047654,0.45481598920053884,11.91686233126975,2.177428011841503,49.34048645182079,0.2716588712990666,0,162.5026681536784,BW-005,2027-10-21 14:20:16.129392,40
94.64406181511339,23.73663712971693,23.612174549818526,38.86535926479605,1.1167857138042367,5.160472382792821,78.61663627615452,52.59504804588687,40.56989803311637,10.142474508279092,75.96566594533805,20.0,351.98215194342504,0.002841053145674081,0.59,72.96566594533805,9.411124792562584,0.002841053145674081,0.42615797185111215,10.588875207437416,81.5432840337373,0.4851610354009508,11.657120025325755,2.321320828235366,40.56989803311637,0.24082763902674872,0,158.96072761807847,BW-005,2027-10-31 14:20:16.129392,41
77.09945816361072,23.981708005012507,24.770781800214433,44.413788672362784,0.8022925670094693,3.147662743622285,76.93242558623488,52.94771434927429,24.215732979428537,6.053933244857134,74.52134813738135,20.0,359.6909666163241,0.0027801643433171958,0.5800000000000001,71.52134813738135,9.441891551351528,0.0027801643433171958,0.4170246514975794,10.558108448648472,32.25079563065474,0.5320447967366198,10.79476840457261,4.781243789863393,24.215732979428537,0.18862639991632568,0,147.20138733508105,BW-005,2027-11-10 14:20:16.129392,42
97.37732155013765,26.134525922489377,27.87927855216036,37.34857662312028,1.6692750521360953,3.768574543318065,76.61953178865245,37.76250586280494,28.874641701966485,7.218660425491621,76.31666985837059,20.0,350.13381532385966,0.0028560509046378175,0.5700000000000001,73.31666985837059,9.403748318563157,0.0028560509046378175,0.42840763569567264,10.596251681436843,46.32860294079271,0.5217134278062229,11.020489421018045,4.203766803613071,28.874641701966485,0.20128895027037952,0,150.27940119570061,BW-005,2027-11-20 14:20:16.129392,43
60.64801589357869,26.91028254867721,18.481666309024398,45.3579210327087,1.987944120857965,5.57733527294075,85.0017477757326,48.49786406108309,47.408324613120634,11.852081153280158,72.96651777255569,20.0,368.1784327272416,0.002716074357187652,0.56,69.96651777255569,9.475769314560802,0.002716074357187652,0.4074111535781478,10.524230685439198,100.97455431637648,0.4636133135291107,12.010430523890735,1.20125345051892,47.408324613120634,0.2684812785285746,0,163.77859805305548,BW-005,2027-11-30 14:20:16.129392,44
71.7626984870711,23.26191133771476,27.184360366296488,30.07263218208608,1.7983435747583052,3.717199152225089,92.74121263033649,50.20011089924197,34.47375569658136,8.618438924145337,70.29369316033223,20.0,383.23947749048256,0.002609334525107305,0.55,67.29369316033223,9.535893411302675,0.002609334525107305,0.39140017876609573,10.464106588697325,52.125077714500364,0.4965619282143041,11.310610411304388,2.7534807288012106,34.47375569658136,0.22988436223574926,0,154.2355965177871,BW-005,2027-12-10 14:20:16.129392,45
64.11370368629906,22.75573117827615,29.749818661207385,40.17213355848011,1.7703308366434292,3.9377940747249003,82.32047899030849,39.19380554860402,32.41610943965524,8.104027359913811,68.48366241380072,20.0,393.7871451500646,0.0025394429765322065,0.54,65.48366241380072,9.578005453948856,0.0025394429765322065,0.380916446479831,10.421994546051144,52.11828385811281,0.49884305599545525,11.335190678734895,2.4603152268345085,32.41610943965524,0.2261898416772035,0,154.57078198274854,BW-005,2027-12-20 14:20:16.129392,46
72.97317509406072,26.058902497123626,25.130901927703167,38.475602882950724,1.5237986893065822,5.929683069968712,89.36807731175234,53.69087761431031,52.99243750311528,13.24810937577882,67.97598710005781,20.0,396.79733227291894,0.002520178233739222,0.53,64.97598710005781,9.590024529604632,0.002520178233739222,0.3780267350608833,10.409975470395368,110.8717713376815,0.4342243755133724,12.362899068178876,1.316352651601583,52.99243750311528,0.2956806580255933,0,168.58498729334832,BW-005,2027-12-30 14:20:16.129392,47
83.01436692516394,24.574374215815997,21.31107233256656,42.445951941916846,0.8394086450047793,3.9101566308873994,93.45672738990669,50.317172877694844,36.54304423046797,9.135761057616993,68.66849146853326,20.0,392.696907568202,0.0025464931878189647,0.52,65.66849146853326,9.573652435109103,0.0025464931878189647,0.38197397817284473,10.426347564890897,55.44351795444198,0.4873705563310287,11.449110283364327,2.994556261504797,36.54304423046797,0.23961921970535383,0,156.12423113678625,BW-005,2028-01-09 14:20:16.129392,48
87.69417224617656,23.39999693589596,25.503962039453448,41.929878411096695,0.8280708333598088,5.074966955599624,98.96916925800402,42.871106722126314,50.22652636075166,12.556631590187914,69.54036688522234,20.0,387.5946028980875,0.002580015285359729,0.51,66.54036688522234,9.553280928788379,0.002580015285359729,0.38700229280395937,10.446719071211621,91.46771975004008,0.4508762263157656,12.072167593534825,1.9174889783155034,50.22652636075166,0.2837001354052651,0,164.6204671845658,BW-005,2028-01-19 14:20:16.129392,49
62.39773203445233,22.785842457965046,25.271963607252307,44.38671374941765,0.5674952318531366,3.3921519707692718,90.15126577732183,49.586196009544125,30.58067938738866,7.645169846847166,66.42625884315063,20.0,406.12929769838297,0.0024622700348563933,0.5,63.426258843150634,9.627287244582744,0.0024622700348563933,0.369340505228459,10.372712755417256,41.09186966436565,0.5016668393589321,11.220367966569047,3.0369867588946846,30.58067938738866,0.2237743872674771,0,153.00501772594154,BW-005,2028-01-29 14:20:16.129392,50
89.36605036166586,24.04791187570031,23.742340439034272,46.292629196293575,0.9979572571037683,4.725181720376444,76.20453679400188,45.089118833387104,36.00802842687719,9.002007106719295,67.92343370578689,20.0,397.1102512936184,0.00251819235777072,0.49,64.92343370578689,9.591273971576966,0.00251819235777072,0.377728853665608,10.408726028423034,67.07046628957421,0.4927766219333446,11.613718202056079,2.664840586490969,36.00802842687719,0.2391598368110095,0,158.36888457349198,BW-005,2028-02-08 14:20:16.129392,51
78.61347735757944,22.08209448856409,18.97918464005806,30.20619818723482,0.5417783612316116,3.9365692097073883,82.82399584500067,47.90437151689328,32.60423918683623,8.151059796709058,66.46321672667307,20.0,405.90421490433437,0.002463635417621089,0.48,63.46321672667307,9.62638844946216,0.002463635417621089,0.3695453126431633,10.37361155053784,50.373313733066425,0.4974278314428627,11.389057877163902,3.121235095795391,32.60423918683623,0.23045206176075442,0,155.30533468859866,BW-005,2028-02-18 14:20:16.129392,52
85.25501304193004,24.558390140809735,24.577742432736265,28.19153246151191,0.9438980441549242,5.235644228072504,76.96674072704029,43.106507212939064,40.29704718410814,10.074261796027036,68.23646990007414,20.0,395.2499739908784,0.0025300444422624506,0.47,65.23646990007414,9.583846195961058,0.0025300444422624506,0.3795066663393676,10.416153804038942,80.66322846614062,0.4787114558588901,11.837040157101258,2.1138507511565043,40.29704718410814,0.2528984828109573,0,161.4141839604717,BW-005,2028-02-28 14:20:16.129392,53
86.552978994109,27.7918163417824,18.60500128322651,45.36922370052639,1.3653218019668127,3.8074847129748877,75.95894841585607,50.66774439991677,28.92125349070201,7.230313372675501,70.92835002864058,20.0,379.60840505241254,0.0026342936212435286,0.45999999999999996,67.92835002864058,9.52139720053355,0.0026342936212435286,0.3951440431865293,10.47860279946645,45.76625222487687,0.5138853756463677,11.147568167525689,3.7823931297158713,28.92125349070201,0.2102866998180638,0,152.01229319353212,BW-005,2028-03-09 14:20:16.129392,54
82.55678267022495,25.001671211246563,18.8327290308502,26.157044441667857,1.401368008488629,5.727758083310977,81.1069655705373,50.025578487475336,46.45610776594701,11.614026941486753,70.14272220921873,20.0,384.10833133317146,0.002603432204995863,0.44999999999999996,67.14272220921873,9.539362186563306,0.002603432204995863,0.3905148307493794,10.460637813436694,99.21433149568784,0.46053093881459484,12.075668174973293,1.6642108337707868,46.45610776594701,0.2700861919531081,0,164.66820238599945,BW-005,2028-03-19 14:20:16.129392,55
73.63834285742233,27.503608399466085,22.879086448313668,27.438755008863385,1.5720782502530541,5.690985868093233,95.38372631590696,38.65626777078452,54.28274385098991,13.570685962747477,70.66980236463628,20.0,381.08346650173195,0.002624097049341434,0.43999999999999995,67.66980236463628,9.527285975187436,0.002624097049341434,0.3936145574012151,10.472714024812564,109.77941902617589,0.43670821992373304,12.291013355155272,1.3415691850193514,54.28274385098991,0.2952675194538193,0,167.60472757029916,BW-005,2028-03-29 14:20:16.129392,56
71.7341368576404,25.15282184413536,26.37399342606204,45.60633866884969,1.6882867922025142,5.8688756445400845,81.30029321288387,41.784813223476725,47.71413107310617,11.928532768276542,70.67291229932259,20.0,381.06568974600646,0.002624219463753178,0.42999999999999994,67.67291229932259,9.527215005880748,0.002624219463753178,0.3936329195629767,10.472784994119252,105.0162656810682,0.4592915036543765,12.129461820085229,1.3661528791262716,47.71413107310617,0.2733668105008225,0,165.4017520920713,BW-005,2028-04-08 14:20:16.129392,57
87.05444271490896,26.07779909437086,29.35109572838504,31.099778339916867,0.5016681412942812,3.1872939818333412,84.58520962314648,37.18027231281857,26.95979295839664,6.73994823959916,71.4778304469848,20.0,376.4924530735557,0.002656095738005747,0.42000000000000004,68.4778304469848,9.50895791999948,0.002656095738005747,0.39841436070086206,10.49104208000052,35.111045773825786,0.5185096074248455,10.95222239741279,4.958806597541187,26.95979295839664,0.2028137124500555,0,149.34848723744713,BW-005,2028-04-18 14:20:16.129392,58
70.87818237592795,23.307348277760465,25.94201502136798,39.209078394372696,1.3901920740570857,3.745619462782278,79.50827865301844,51.17652646983368,29.78077559750626,7.445193899376563,70.3506759900997,20.0,382.9120463964542,0.0026115657875245687,0.41000000000000003,67.3506759900997,9.53458619709678,0.0026115657875245687,0.3917348681286853,10.46541380290322,46.02026494007637,0.5097359298851639,11.174195346067462,3.080303099872172,29.78077559750626,0.21414286591062376,0,152.37539108273813,BW-005,2028-04-28 14:20:16.129392,59
60.64973772837815,26.372668326703884,21.8823649498259,39.96134373615915,1.33486764275323,5.62646595118769,79.07398952384409,52.17396242489148,44.49071096804809,11.122677742012021,67.73124505857757,20.0,398.25670424378023,0.0025109432919624666,0.4,64.73124505857757,9.595851628178579,0.0025109432919624666,0.37664149379437,10.404148371821421,93.1130080675755,0.46033517715608985,12.053041336254102,1.3027124563382684,44.49071096804809,0.2677793811666277,0,164.3596545852832,BW-005,2028-05-08 14:20:16.129392,60
73.7092370171163,22.807457602624645,19.13302677192577,43.95643999469337,1.877596313122337,5.571692812109373,92.9395285115462,37.93390228030363,51.78305029686161,12.945762574215403,66.44755820895399,20.0,405.99956397670445,0.0024630568323895496,0.39,63.44755820895399,9.626769194843256,0.0024630568323895496,0.36945852485843245,10.373230805156744,103.4563552265804,0.436723199782359,12.29182832723454,1.4249339609091243,51.78305029686161,0.29441003684921674,0,167.61584082592555,BW-005,2028-05-18 14:20:16.129392,61
85.99152187057199,22.6206046891629,22.82432660265889,41.49454080252377,1.669731326015102,5.070968540702187,98.35072193741706,48.65080957534314,49.87334168999904,12.46833542249976,67.01788035029782,20.0,402.54112016134775,0.002484218257253264,0.38,64.01788035029782,9.6129592261848,0.002484218257253264,0.3726327385879896,10.3870407738152,92.12866517010316,0.44638140115924285,12.1205584394858,1.8667701678256214,49.87334168999904,0.2870068083484011,0,165.28034235662454,BW-005,2028-05-28 14:20:16.129392,62
64.72874489164354,22.000184313072296,26.54564455056726,32.55830822366893,0.8817219974273904,3.9948505473235016,85.01737952292494,47.914500867021076,33.96317251191665,8.490793127979163,64.42975186008229,20.0,418.4758494618183,0.0023896241594014373,0.37,61.42975186008229,9.676591725026599,0.0023896241594014373,0.3584436239102156,10.323408274973401,52.9416687174222,0.4894886394087763,11.491768682669473,2.445285404097677,33.96317251191665,0.23875332987826767,0,156.70593658185646,BW-005,2028-06-07 14:20:16.129392,63
60.515898791581016,25.241796440568997,28.21380882511178,46.98315951054211,1.348617425919934,4.531711226185511,73.5985882519291,41.24128089304041,33.352754861267215,8.338188715316804,63.29271438962925,20.0,425.6744034745059,0.0023492133702135817,0.36,60.29271438962925,9.705340478939513,0.0023492133702135817,0.35238200553203725,10.294659521060487,59.65121163896808,0.4882214454325726,11.60962250497314,2.0289914363465527,33.352754861267215,0.23887817057990912,0,158.31303415872466,BW-005,2028-06-17 14:20:16.129392,64
80.57845310959577,22.510338312935446,24.5864736185112,33.119497895169474,1.4107029213253655,5.407188091660897,95.84254138286552,37.7460006543114,51.82386484399471,12.955966210998678,63.40437815352398,20.0,424.9620141603126,0.0023531514974953977,0.35,60.40437815352398,9.702495352075934,0.0023531514974953977,0.3529727246243097,10.297504647924066,97.8663106817646,0.43124460113522056,12.336001620293272,1.646704622832174,51.82386484399471,0.3002348203947428,0,168.2182039130901,BW-005,2028-06-27 14:20:16.129392,65
75.54905391506188,23.4417947407022,19.13958330274052,31.558042670133496,0.6449672514316285,5.857160257196174,79.86467853545828,48.2462747746144,46.77802210716346,11.694505526790865,63.5260312307237,20.0,424.18725221587727,0.002357449439548646,0.33999999999999997,60.5260312307237,9.699401139483001,0.002357449439548646,0.3536174159322969,10.300598860516999,97.5363612525642,0.4497778602378326,12.271521723517647,1.5491464505105415,46.77802210716346,0.2831829160219747,0,167.33893259342247,BW-005,2028-07-07 14:20:16.129392,66
67.07587803295935,27.924016951477277,23.329242682879425,36.7649223961204,1.810427793105823,5.255475437870043,94.3583870391365,53.91499404451861,49.58981854412169,12.397454636030423,63.861172748402076,20.0,422.0601618753466,0.0023693304659617347,0.32999999999999996,60.861172748402076,9.690906144275592,0.0023693304659617347,0.3553995698942602,10.309093855724408,93.34321368952685,0.4370746496059711,12.227030291399045,1.4371881014524208,49.58981854412169,0.2919174437096763,0,166.7322312463506,BW-005,2028-07-17 14:20:16.129392,67
99.82275601962752,25.49628669606809,27.74968585253006,31.846584584080205,0.9586159361709367,3.9387586440864677,95.75519363654664,37.63373806872414,37.71565966521215,9.42891491630304,68.17840548426906,20.0,395.59437333175737,0.002527841818319721,0.31999999999999995,65.17840548426906,9.585221315372639,0.002527841818319721,0.3791762727479581,10.414778684627361,57.09232812888996,0.48100125536152427,11.501599012100687,3.4968886115230964,37.71565966521215,0.24439717755023435,0,156.83998652864574,BW-005,2028-07-27 14:20:16.129392,68
76.10814883978242,26.035043576041893,26.186300271061185,31.56574643158682,0.699814886204943,5.115122719060778,92.25933188541958,48.55446482402641,47.191780457247816,11.797945114311954,68.75727271277408,20.0,392.1742938317208,0.0025498866593971427,0.30999999999999994,65.75727271277408,9.571565797818703,0.0025498866593971427,0.3824829989095714,10.428434202181297,87.53307562756322,0.4573919958668961,12.007475132856474,1.7389574922194733,47.191780457247816,0.27495822300700895,0,163.73829726622463,BW-005,2028-08-06 14:20:16.129392,69
85.29585025862033,22.769955173132587,24.94191009875196,40.642131073351415,1.5509172445916775,3.756944208405459,96.1912944104561,38.3771692674079,36.138532643438744,9.034633160859686,69.92930594304984,20.0,385.3399260872096,0.0025951113090048224,0.3,66.92930594304984,9.544279204571469,0.0025951113090048224,0.38926669635072336,10.455720795428531,54.04837604545737,0.4895175456492207,11.376904525333092,3.1562780049814,36.138532643438744,0.23606375330429202,0,155.13960716363306,BW-005,2028-08-16 14:20:16.129392,70
90.13888442638387,27.237156529393985,23.99950790357746,41.52598054870971,1.4287591030487552,3.1609043745624925,91.52394971835736,44.50951430465467,28.929845304199336,7.232461326049834,71.95833181711482,20.0,373.78863160967114,0.0026753087585720107,0.3,68.95833181711482,9.498164248792078,0.0026753087585720107,0.4012963137858016,10.501835751207922,38.61218146398894,0.5211062396542939,10.995230760477162,4.66893508777537,28.929845304199336,0.2085694071635658,0,149.93496491559765,BW-005,2028-08-26 14:20:16.129392,71
67.4655975919073,22.15413786921645,21.414496628123207,34.63280895210286,1.4256589166429845,5.5472940598760285,81.50191423174778,38.365571770154254,45.21150846863,11.3028771171575,68.7253758462345,20.0,392.3619756932743,0.002548666950290162,0.3,65.7253758462345,9.572315153092173,0.002548666950290162,0.3823000425435243,10.427684846907827,93.55304910184361,0.46039123347972394,12.035251968807202,1.442296071365092,45.21150846863,0.2684136209367489,0,164.11707230191638,BW-005,2028-09-05 14:20:16.129392,72
93.99837322012822,23.177474300236995,19.506597478781725,47.12351873938386,0.6620668390646107,5.50932657740961,86.46728894920216,38.783915847807094,47.63765330843957,11.909413327109892,70.85878745214693,20.0,380.0047098570417,0.002631546331034164,0.3,67.85878745214693,9.52297932905058,0.002631546331034164,0.3947319496551246,10.47702067094942,94.98895941465129,0.45704568399446543,12.051013754163275,1.9791431298831497,47.63765330843957,0.27279359065191106,0,164.3320057385901,BW-005,2028-09-15 14:20:16.129392,73
79.13964280428758,25.51338237275981,24.49649305088926,26.064771768790635,0.585540371005429,5.1611519957593375,85.33340915468501,47.0862596448064,44.041869496365074,11.010467374091268,69.83959672431472,20.0,385.85880327516816,0.002591621576369396,0.3,66.83959672431472,9.546350787374088,0.002591621576369396,0.38874323645540937,10.453649212625912,84.41187083229549,0.4700401123106981,11.89692169714349,1.8750832560391306,44.041869496365074,0.2625638726371007,0,162.23075041559304,BW-005,2028-09-25 14:20:16.129392,74
64.21933709844143,25.513526103235677,24.532138651611852,29.609779008881862,1.4566612127683873,4.382695014619745,94.8612695145402,51.591254313661,41.57480129818753,10.393700324546884,68.6830344976211,20.0,392.6112518729992,0.0025470487542814417,0.3,65.6830344976211,9.573310437340565,0.0025470487542814417,0.38205731314221625,10.426689562659435,69.62321768757683,0.4711761456874156,11.694228049361572,1.8447678585214358,41.57480129818753,0.2563660465558582,0,159.46674612765779,BW-005,2028-10-05 14:20:16.129392,75
92.80270008222598,22.249473759079564,23.97755932257651,40.543449890464565,0.8784678906045307,5.128166465473159,73.16204132189387,51.777077238081375,37.51871268524977,9.379678171312442,70.95773593775246,20.0,379.4411148535959,0.002635455043889594,0.3,67.95773593775246,9.52072934633876,0.002635455043889594,0.39531825658343905,10.47927065366124,74.68895834343445,0.48701539259888543,11.668959133066508,2.4850447011324217,37.51871268524977,0.238894710073578,0,159.12216999636146,BW-005,2028-10-15 14:20:16.129392,76
72.31083621172596,25.681827417936304,28.775223521324843,43.438186087269585,1.3746953286493753,5.0130389415987295,90.91072498012899,42.25965680807743,45.5739004534359,11.393475113358974,70.06505535603465,20.0,384.55607937703843,0.0026004009652375016,0.3,67.06505535603465,9.541149768594046,0.0026004009652375016,0.39006014478562523,10.458850231405954,85.97832024515472,0.46518647799718654,11.908049119430977,1.6820713874274837,45.5739004534359,0.2672798253245645,0,162.3824879922406,BW-005,2028-10-25 14:20:16.129392,77
89.20886871028998,24.188934821246793,25.691586337185093,35.18835818706137,0.7849042046863414,5.63783866847102,91.76114800704572,37.25180933058389,51.73345484974149,12.933363712435373,70.92514247306576,20.0,379.6266697176341,0.002634166879644675,0.3,67.92514247306576,9.521470116610137,0.002634166879644675,0.3951250319467013,10.478529883389863,102.81096323661956,0.44348286374409657,12.198078058056986,1.7353960297984108,51.73345484974149,0.2863328504144285,0,166.33742806441342,BW-005,2028-11-04 14:20:16.129392,78
88.06953095509029,25.338787824092933,22.303458983443097,45.872140561887136,0.5314011767400999,4.2233341032184875,96.59141085880425,35.94393403394758,40.793779955797646,10.198444988949413,72.46934614142991,20.0,370.93441450315726,0.0026958943708133296,0.3,69.46934614142991,9.486770539179794,0.0026958943708133296,0.4043841556219994,10.513229460820206,64.88622748150507,0.4774872358018286,11.552217877330255,2.7145831827006215,40.793779955797646,0.24725959087027266,0,157.5302437817762,BW-005,2028-11-14 14:20:16.129392,79
72.63092604997985,22.34128838666588,27.198327794659527,40.85057889873102,0.9970283281044756,5.8842498589261485,90.37487704958689,47.62751955286753,53.17883575294996,13.29470893823749,69.94968911087318,20.0,385.22212737072283,0.002595904879154667,0.3,66.94968911087318,9.54380890247194,0.002595904879154667,0.3893857318732001,10.45619109752806,110.68675911425233,0.4421956572047394,12.31310355385662,1.312368825886559,53.17883575294996,0.29282942405438334,0,167.90595755259025,BW-005,2028-11-24 14:20:16.129392,80
87.02651608828292,24.375623357175698,27.075045497069212,34.90040790568095,1.1184195917474984,3.8116777694639743,77.46375366217531,53.841164389771905,29.526686777334714,7.381671694333678,70.83004572951663,20.0,380.1685750272919,0.0026304120479400776,0.3,67.83004572951663,9.5236335136631,0.0026304120479400776,0.39456180719101164,10.4763664863369,45.95581466257371,0.5086036245833682,11.168810457322003,3.787399558783454,29.526686777334714,0.21247286176596994,0,152.3019607816637,BW-005,2028-12-04 14:20:16.129392,81
97.38919661953204,23.5052745993442,19.445368079958786,38.029034718226995,1.9539827184262684,3.8948173627023683,93.26515890156998,42.86243596414158,36.32507602250301,9.081269005625753,73.07499931960025,20.0,367.5798114150151,0.0027204976142472426,0.3,70.07499931960025,9.473379805476089,0.0027204976142472426,0.4080746421370864,10.526620194523911,58.075518266036674,0.4988324903007935,11.339034998875626,3.3538812748395745,36.32507602250301,0.23135753016618124,0,154.6232045301222,BW-005,2028-12-14 14:20:16.129392,82
75.11356854908746,22.372220581772687,22.07166320771481,36.1423597036694,0.7428845099483206,3.417762212354112,70.32145893086077,45.88514674030502,24.034202505150752,6.008550626287688,71.21562483559588,20.0,377.9761454119818,0.0026456696067685232,0.3,68.21562483559588,9.514880959955542,0.0026456696067685232,0.3968504410152785,10.485119040044458,34.83500733255604,0.5342164550370105,10.916483099273272,4.3125335288153055,24.034202505150752,0.19350685197409706,0,148.86113317190825,BW-005,2028-12-24 14:20:16.129392,83
86.32408872225969,27.986496334061204,23.420873711777325,32.5134853615251,1.1010562502517,5.927336455646798,81.07408581427613,42.1438466798609,48.05533844551958,12.013834611379897,72.84098839910101,20.0,368.87234393871546,0.0027109649623560292,0.3,69.84098839910101,9.478539211337512,0.0027109649623560292,0.40664474435340436,10.521460788662488,105.60697286334982,0.462047615746152,12.102616820249809,1.6348179742630966,48.05533844551958,0.2708461646666799,0,165.03568391249738,BW-005,2029-01-03 14:20:16.129392,84
64.60584713580805,27.299641608557344,22.977907866256224,33.29458587419619,1.4895354093957116,4.032274853548326,85.61631511914575,43.81329766848587,34.522851450840086,8.63071286271002,71.19139870677313,20.0,378.1135238534388,0.002644708366441851,0.3,68.19139870677313,9.515429392326002,0.002644708366441851,0.3967062549662777,10.484570607673998,56.72914530932028,0.5020278052091989,11.354594609648624,2.27769506427567,34.522851450840086,0.22851022865883192,0,154.83538104066307,BW-005,2029-01-13 14:20:16.129392,85
77.68133683724494,25.889400812847075,18.737355481569452,43.52936024933346,1.9107559293191039,5.639743880181044,85.16562375170471,45.15515676377137,48.031230535547806,12.007807633886951,71.25587251971442,20.0,377.7480243114321,0.0026472673201211926,0.3,68.25587251971442,9.513970272980863,0.0026472673201211926,0.3970900980181789,10.486029727019137,102.87719140453052,0.46210337700917403,12.079877789348371,1.510176080367295,48.031230535547806,0.27342850907858895,0,164.72560621838687,BW-005,2029-01-23 14:20:16.129392,86
85.95061544637544,27.727395573152865,19.81718777243956,35.45798854752849,1.4027101009181708,3.41511478416167,99.48218622731159,39.999457817376594,33.974308494561626,8.493577123640407,71.99833936061144,20.0,373.56438342947723,0.0026769147283784976,0.3,68.99833936061144,9.497269062787334,0.0026769147283784976,0.4015372092567746,10.502730937212666,47.08791761251652,0.5012428202618238,11.196509745387091,3.6506441484058643,33.974308494561626,0.22531701001071525,0,152.67967834618761,BW-005,2029-02-02 14:20:16.129392,87
83.26946589684746,24.40877067453426,22.057012912395138,27.04377654121005,1.0876136758434174,3.220092202378808,89.89438746925626,46.90732740313745,28.94682161273713,7.236705403184282,72.03024301399137,20.0,373.3856551694613,0.002678196085348135,0.3,69.03024301399137,9.49655559127386,0.002678196085348135,0.40172941280222024,10.50344440872614,38.85584449976351,0.519705325260179,11.00596570953572,4.2860716048703695,28.94682161273713,0.2085051019266288,0,150.081350584578,BW-005,2029-02-12 14:20:16.129392,88
66.50643260421941,26.40619405895331,20.50597122593508,25.405567326828812,1.3285492067258515,4.245436961978237,82.66576701642035,50.701278420928624,35.09523027817924,8.77380756954481,70.75247561605215,20.0,380.6111782657401,0.002627353207429465,0.3,67.75247561605215,9.525400485421319,0.002627353207429465,0.3941029811144197,10.474599514578681,59.58339489793967,0.49499989804140243,11.424389013803983,2.2323814451371295,35.09523027817924,0.23116745440698616,0,155.7871229155089,BW-005,2029-02-22 14:20:16.129392,89
83.80918930877607,27.23147836768303,24.923779349012182,32.291540489362696,1.7045178222894808,3.587137920298947,94.6075995683467,47.97494227790036,33.937050796007476,8.484262699001869,72.91888073477446,20.0,368.44161069233456,0.002714134264370713,0.3,69.91888073477446,9.476819843816756,0.002714134264370713,0.4071201396556069,10.523180156183244,50.220434908878396,0.5049924897898015,11.209305550709352,3.3376528682335076,33.937050796007476,0.22365598586105861,0,152.85416660058206,BW-005,2029-03-04 14:20:16.129392,90
81.61115572749685,22.47568170778715,24.79020672375896,45.7924450901199,1.094468938247331,4.256909321338573,83.74085849751606,40.132944143721915,35.647724111497055,8.911931027874264,72.90696935835132,20.0,368.507446274326,0.00271364937156677,0.3,69.90696935835132,9.477082640640317,0.00271364937156677,0.40704740573501547,10.522917359359683,60.61207934719004,0.4978676518372759,11.39484337270993,2.6929007091151815,35.647724111497055,0.22937798092062134,0,155.38422780968085,BW-005,2029-03-14 14:20:16.129392,91
71.853032075992,22.86081674210812,19.817346263224287,34.38651562420365,1.3935197362422942,5.256342998090925,85.38624226915803,41.41709085499687,44.881937668478415,11.220484417119604,69.85289898484028,20.0,385.7818190409974,0.0025921387443448417,0.3,66.85289898484028,9.546043432251377,0.0025921387443448417,0.3888208116517263,10.453956567748623,89.01126149283812,0.4661252168721736,11.940854005836528,1.6144705932916887,44.881937668478415,0.26534100460722726,0,162.82982735231627,BW-005,2029-03-24 14:20:16.129392,92
63.22461620678407,27.637411534150992,27.06160340934235,38.0789740388079,1.7426580064084862,4.788150347282851,99.8720335615397,43.705245593131075,47.82023121815308,11.95505780453827,68.63825611298392,20.0,392.8750479205269,0.002545338537769102,0.3,65.63825611298392,9.574363697537096,0.002545338537769102,0.3818007806653653,10.425636302462904,85.64873623586253,0.4573848422081207,11.963737197683269,1.476370089867383,47.82023121815308,0.27726328510333503,0,163.14187087749912,BW-005,2029-04-03 14:20:16.129392,93
63.20747027248453,24.861033266398746,25.561117522339963,43.88766974683894,1.6752043400739016,5.762074202335858,80.35050519773698,36.09465413849972,46.298557314453355,11.574639328613339,66.62284390059384,20.0,404.9334773981392,0.0024695414328926397,0.3,63.622843900593836,9.62251214370456,0.0024695414328926397,0.37043121493389597,10.37748785629544,98.3102325419869,0.45149528403741074,12.161105469493329,1.285877749205598,46.298557314453355,0.27580856760095296,0,165.83325640218177,BW-005,2029-04-13 14:20:16.129392,94
71.08276998853599,27.645281017355224,19.492150097170445,45.00320684690765,1.9564103744069279,3.6127263191052865,82.56085429983052,39.39269857189138,29.82697712568146,7.456744281420365,66.07538636369762,20.0,408.27242639283463,0.002449344935770442,0.3,63.07538636369762,9.63584521862408,0.002449344935770442,0.36740174036556633,10.36415478137592,44.53306166739475,0.502183881546444,11.25044428316284,3.192359443841241,29.82697712568146,0.22190498500345524,0,153.4151493158569,BW-005,2029-04-23 14:20:16.129392,95
67.08614092890502,26.33239638522271,18.483426225335982,33.73014780333972,1.274424948796511,3.0006811146547667,97.45004613242583,51.87758822461858,29.2416513051806,7.310412826295148,64.44391693453285,20.0,418.38694278397486,0.0023901319514082653,0.3,61.44391693453285,9.676236669581234,0.0023901319514082653,0.3585197927112398,10.323763330418766,35.34603657604886,0.4994226064414818,11.15093353322227,3.795963985074573,29.2416513051806,0.22298825385246113,0,152.05818454394006,BW-005,2029-05-03 14:20:16.129392,96
83.22580903638536,27.615623489491355,26.067008247530335,35.55067082926169,1.714512554398834,5.226876694460842,75.03443786938087,37.40727152419972,39.21957545814369,9.804893864535922,66.92910102921033,20.0,403.07753716296935,0.0024809122508746683,0.3,63.92910102921033,9.61510117493411,0.0024809122508746683,0.37213683763120026,10.38489882506589,79.41796448386938,0.47410302501001406,11.834272751288355,2.0958937836612366,39.21957545814369,0.2516551793427031,0,161.37644660847755,BW-005,2029-05-13 14:20:16.129392,97
98.02131283817636,22.132396892093745,29.790255267072464,26.06717133752833,1.721580168903142,3.2028142484171496,91.72087566318764,53.576159213757705,29.37649274513551,7.34412318628388,69.71529030033092,20.0,386.5789453736586,0.0025867937505841716,0.3,66.71529030033092,9.549225924464041,0.0025867937505841716,0.38801906258762575,10.450774075535959,39.01187229243141,0.5073107609020464,11.06817341353213,5.025204230312894,29.37649274513551,0.21389532609588263,0,150.9296374572563,BW-005,2029-05-23 14:20:16.129392,98
71.21339010205651,22.79307794652323,23.278267676566017,39.45495790674272,1.0714277675352126,4.291607462739111,73.57422015988145,45.24785641464213,31.57516723033576,7.893791807583939,69.05665577480052,20.0,390.4170872549333,0.0025613633025929096,0.3,66.05665577480052,9.56454988273515,0.0025613633025929096,0.3842044953889364,10.43545011726485,55.193848121600254,0.5080487779999797,11.36724485847763,2.58048288081537,31.57516723033576,0.22237568361093252,0,155.00788443378588,BW-005,2029-06-02 14:20:16.129392,99
62.182616331307955,25.5967668379523,28.828839313328096,33.19716878273404,0.8244991664462406,4.046495722375891,81.24474773049994,47.42661248311414,32.87565241569763,8.21891310392441,66.90153336478667,20.0,403.24425022398503,0.002479886568610817,0.3,63.90153336478667,9.615766873285628,0.002479886568610817,0.37198298529162255,10.384233126714372,52.71296758139005,0.4979280881784894,11.408545717842047,2.3592910505482942,32.87565241569763,0.23055878311952094,0,155.57107797057336,BW-005,2029-06-12 14:20:16.129392,100
77.70309383731262,22.290176266292686,27.845851013763298,43.83217946280448,1.3820006951444426,5.156154339786607,73.31810796619483,35.71180461612953,37.80394805748385,9.450987014370963,67.14583081871102,20.0,401.7692812037411,0.00248899068889463,0.3,64.14583081871102,9.609877239339971,0.00248899068889463,0.3733486033341945,10.390122760660029,75.23835656058765,0.47702102994334716,11.7724264344968,2.065518105110129,37.80394805748385,0.24654394455273515,0,160.53308774313817,BW-005,2029-06-22 14:20:16.129392,101
74.12411555753557,26.7987001866747,24.656244297460404,43.82237540520039,1.4471881888745308,5.982990908057145,76.98185046746656,36.07661049816918,46.05817114322671,11.514542785806677,66.9930887373638,20.0,402.6908426532038,0.0024832946123416,0.3,63.993088737363806,9.6135570770517,0.0024832946123416,0.37249419185124005,10.3864429229483,101.16464561334058,0.4528205632167583,12.189106686521047,1.4654154148049687,46.05817114322671,0.27433448994005016,0,166.21509117983246,BW-005,2029-07-02 14:20:16.129392,102
91.37621892851189,25.59137795930656,22.969692818587994,46.9907006382273,1.3116707373182672,3.56962598728776,71.16873539045393,42.836217892343434,25.404576733217045,6.351144183304261,69.07867342644327,20.0,390.288167533588,0.002562209370372317,0.3,66.07867342644327,9.56403515567602,0.002562209370372317,0.3843314055558476,10.43596484432398,38.42069821930729,0.5246851201502345,11.037215169588414,4.756614177437995,25.404576733217045,0.20176837270413323,0,150.50747958529658,BW-005,2029-07-12 14:20:16.129392,103
84.20358074162154,23.322925836488494,25.507809473127317,37.71858358759065,0.7772575969205374,5.407205353353973,80.23733349273162,43.88366813756733,43.38597392007465,10.846493480018662,68.9241437484669,20.0,391.1938834006275,0.0025562771874321076,0.3,65.9241437484669,9.567651345438371,0.0025562771874321076,0.38344157811481616,10.432348654561629,87.87499333383063,0.47137323294624645,11.947795821875545,1.9164401053605393,43.38597392007465,0.2619780780871037,0,162.92448848012106,BW-005,2029-07-22 14:20:16.129392,104
62.383483894125746,25.626155918288624,27.164307232203846,36.561632902128196,0.8401589379794685,5.026760320702317,85.2668221020964,52.22891372042648,42.86158780152015,10.715396950380036,66.94084866684464,20.0,403.00651528802075,0.002481349462266931,0.3,63.940848666844644,9.614817579297133,0.002481349462266931,0.37220241934003967,10.385182420702867,79.5464602497021,0.463726580333291,11.90322575933815,1.5684791931231001,42.86158780152015,0.2637739139248067,0,162.3167149000657,BW-005,2029-08-01 14:20:16.129392,105
86.6608790677214,22.480634359657614,23.302004457623454,27.920802201562083,0.776688576589825,5.59810702513727,70.29732086473462,50.56092612966398,39.35319257811996,9.83829814452999,67.80718225242836,20.0,397.8033250570859,0.0025138050313091203,0.3,64.80718225242836,9.594041330888565,0.0025138050313091203,0.377070754696368,10.405958669111435,83.54565245028336,0.4772346596649813,11.891430482599397,2.0745754333366864,39.35319257811996,0.25051830611085896,0,162.15587021726452,BW-005,2029-08-11 14:20:16.129392,106
68.09175796632815,24.320242342263867,18.61380246744477,33.54704258229836,1.2675611706720513,4.3822008007250215,99.6652162391099,44.6646415175087,43.675299040745976,10.918824760186494,66.8168545849837,20.0,403.75676911721024,0.0024767386617107114,0.3,63.8168545849837,9.617813407463267,0.0024767386617107114,0.37151079925660674,10.382186592536733,72.16503103387116,0.46755915040400053,11.801726207836223,1.8871122755942225,43.675299040745976,0.266711360870983,0,160.9326301068576,BW-005,2029-08-21 14:20:16.129392,107
79.331771398653,24.296704602418245,28.06975929684903,27.4878406180921,1.258545115672061,5.960687836164892,92.63708083617209,39.972097692266125,55.21807209179948,13.80451802294987,67.51683277468427,20.0,399.53963314877797,0.00250288060816141,0.3,64.51683277468427,9.600974273279293,0.00250288060816141,0.3754320912242115,10.399025726720707,114.1285801522653,0.43010180467428055,12.446838262582075,1.390217442341122,55.21807209179948,0.30392213025063164,0,169.72961267157376,BW-005,2029-08-31 14:20:16.129392,108
62.48165667826217,22.426934073267457,24.886390196125156,37.5844421973077,1.8170502692666854,4.615184937860873,99.76406918435748,52.15061215503847,46.04296294393567,11.510740735983918,65.67724815200974,20.0,410.7179543662795,0.0024347608605106096,0.3,62.67724815200974,9.645610923433193,0.0024347608605106096,0.36521412907659145,10.354389076566807,78.75990993408963,0.4522160900869443,11.947197693355363,1.5866360621933178,46.04296294393567,0.2766919294563361,0,162.9163321821186,BW-005,2029-09-10 14:20:16.129392,109
82.31494702640293,27.758746122429102,18.584338180799158,26.352184434737786,0.566098792355572,3.2921006813736633,91.19115990429988,41.91159171741626,30.021047965620028,7.505261991405009,67.06362285170837,20.0,402.2650163284278,0.002485923357510049,0.3,64.06362285170837,9.61185672909091,0.002485923357510049,0.37288850362650733,10.38814327090909,39.491978139475286,0.5060696440657548,11.168111640557045,4.16869201819611,30.021047965620028,0.22074966478392843,0,152.29243146214154,BW-005,2029-09-20 14:20:16.129392,110
67.4110740133416,25.247620665650068,25.746866177129135,25.09404379076805,1.9189563347683989,3.020946785641044,82.10442907080999,39.695088434499425,24.80331110883565,6.200827777208913,66.58850611053992,20.0,405.1420989315356,0.0024682697814847145,0.3,63.588506110539925,9.623345199230313,0.0024682697814847145,0.3702404672227072,10.376654800769687,31.927898948747757,0.5183424230085237,10.96885708611942,4.222706550252693,24.80331110883565,0.2042203333755795,0,149.57532390162845,BW-005,2029-09-30 14:20:16.129392,111
93.68661506601524,23.77967489294256,18.926250362717617,28.077289757257375,0.690416620632459,5.4566078115614145,80.11991826537296,51.55047387907634,43.71829718684961,10.929574296712405,69.49057016966208,20.0,387.884225124287,0.0025780888606118926,0.3,66.49057016966208,9.554437250465336,0.0025780888606118926,0.3867133290917839,10.445562749534664,88.14587100427441,0.46620654496485575,11.954407378414919,2.1257176087458967,43.71829718684961,0.2620929248267848,0,163.01464606929434,BW-005,2029-10-10 14:20:16.129392,112
64.93135117195787,25.111370131994406,20.950169309920803,32.59535319669946,1.9842580000764838,3.001793816504386,79.23457450078358,39.823304286155235,23.784585578980828,5.946146394745206,68.0980248729619,20.0,396.07163275534276,0.0025247958129273793,0.3,65.0980248729619,9.587126926310916,0.0025247958129273793,0.3787193719391069,10.412873073689084,30.840028027186214,0.5244574714837437,10.898182861691673,4.2108490377972,23.784585578980828,0.1981034417565389,0,148.61158447761372,BW-005,2029-10-20 14:20:16.129392,113
87.3725699570138,27.693884002282008,19.710678660397388,33.17134739598166,1.3320977049235314,3.700702083205833,72.04559859296388,38.74248540821004,26.66192967987927,6.665482419969816,70.4063715694014,20.0,382.5922823621912,0.00261374848919018,0.3,67.4063715694014,9.533309596499103,0.00261374848919018,0.392062273378527,10.466690403500897,41.38246529101623,0.5190930749637294,11.07036743648631,4.222685591231879,26.66192967987927,0.20365078364158828,0,150.95955595208602,BW-005,2029-10-30 14:20:16.129392,114
63.07032247554952,22.025124661767748,26.04521200556301,39.40366840323445,1.1161832149994177,4.66664870965686,78.74083218513233,43.347895646582955,36.74558029140552,9.18639507285138,67.78218138967573,20.0,397.95253442804415,0.0025128624986325227,0.3,64.78218138967573,9.594637108023138,0.0025128624986325227,0.3769293747948784,10.405362891976862,67.28457758014214,0.48876964162496245,11.627507288385713,1.874733400842918,36.74558029140552,0.24187102796643162,0,158.5569175688961,BW-005,2029-11-09 14:20:16.129392,115
79.5857630412813,24.49265800355254,18.288060538138666,32.048918549219096,0.7656233830959347,4.130600641041566,96.27714774999684,53.10597998021031,39.76824482137905,9.942061205344762,67.59528221989893,20.0,399.06975472733313,0.002505827585664206,0.3,64.59528221989893,9.599098074943203,0.002505827585664206,0.37587413784963086,10.400901925056797,61.744601013409174,0.473177200066216,11.615446491759016,2.577901929401002,39.76824482137905,0.25228174248946345,0,158.39245216035022,BW-005,2029-11-19 14:20:16.129392,116
63.93696756405475,27.740322603336097,25.192316700505987,41.48775082167846,0.9730456148991762,4.47887091496758,79.90467850946813,37.136014080047275,35.78827405458918,8.947068513647295,66.97877550749759,20.0,402.7773090339093,0.0024827615100725827,0.3,63.97877550749759,9.613902342834468,0.0024827615100725827,0.3724142265108874,10.386097657165532,62.0203215143611,0.4840453499339319,11.580531640766829,2.061807033659116,35.78827405458918,0.2401274395588034,0,157.91634055591132,BW-005,2029-11-29 14:20:16.129392,117
75.72588517976061,23.42154396338034,19.163588051585098,28.296759298598012,1.6962710679447288,5.860208638146285,71.80680834700892,40.95300555136561,42.08028785528564,10.520071963821412,65.91837869719278,20.0,409.2350880518275,0.002443583234176037,0.3,62.91837869719278,9.639689383345758,0.002443583234176037,0.36653748512640555,10.360310616654242,94.09662860332978,0.46721216370593355,12.071390715495136,1.6095345030689212,42.08028785528564,0.2630381525998337,0,164.6098733931155,BW-005,2029-12-09 14:20:16.129392,118
87.10183220735104,25.28157325591286,23.701078474401218,46.13842280774699,0.6091024216680025,3.8941986035100125,79.61203858420645,38.285736865448186,31.002508947720198,7.7506272369300495,68.6061961676468,20.0,393.0640266451516,0.0025441147808287607,0.3,65.6061961676468,9.57511823570904,0.0025441147808287607,0.3816172171243141,10.42488176429096,47.950213333317244,0.5023526020731102,11.281171095714216,3.6330112486415187,31.002508947720198,0.22126090448594615,0,153.83415130519384,BW-005,2029-12-19 14:20:16.129392,119
71.22403252951663,24.099627121424284,27.389109746553455,47.820350883887315,0.8610057721357296,5.349484292771091,73.67493585897968,47.698133183063256,39.41229121485294,9.853072803713236,67.09779857312449,20.0,402.0588537191096,0.002487198057572512,0.3,64.09779857312449,9.611033512691208,0.002487198057572512,0.37307970863587675,10.388966487308792,80.3791310043183,0.47854682460225,11.860501009876243,1.7722021036950546,39.41229121485294,0.25199196016524267,0,161.7341046801306,BW-005,2029-12-29 14:20:16.129392,120
