steam_volume,steam_pressure,injection_duration,soak_time,production_cutoff,spm,stroke_length,vfd_frequency,rod_load,motor_power,reservoir_temperature,reservoir_pressure,oil_viscosity,oil_mobility,production_potential,wellbore_temperature,wellbore_pressure_drop,fluid_mobility,estimated_flow_rate,pump_inlet_pressure,actual_production,pump_efficiency,energy_consumption,sor,rod_load_actual,failure_risk,is_anomalous,motor_current,well_id,timestamp,cycle_id
74.9816047538945,27.704285838459498,26.78392730173686,38.36780362072888,0.7340279606636548,3.350694122125092,98.19496370840426,47.55416106142836,61.430223975283866,8.225532193000921,47.92560566186679,15.190967726115776,556.7927864871872,0.0017960002792223886,0.99,45.14771538526947,10.945547789528327,0.0017960002792223886,0.0,4.364341394617515,72.74859408729893,0.32994065139334117,12.389273828011454,4.780430005272349,61.430223975283866,0.37180524919710234,0,168.9446431092471,BW-001,2026-09-26 13:44:54.220529,1
66.2397808134481,22.348501673009196,28.394113749299223,38.42676028183701,1.5621088666940683,5.3820755678108885,88.60218267785541,45.66922183952643,93.3708641632028,11.92159106613007,47.366008769208285,15.119394579513257,550.8464493363222,0.0018153879383353251,0.98,42.84020806883286,10.656759642467131,0.0018153879383353251,2.8403087235988815,4.1834301056342955,126.17229097570818,0.2458045909265233,12.298243840530873,3.1161839041606996,93.3708641632028,0.47649014867823924,0,167.70332509814827,BW-001,2026-10-06 13:44:54.220529,2
60.823379771832094,27.819459112971966,27.98931168960506,29.096138656278626,0.7727374508106509,5.681677749152873,93.65791633673592,38.033497594655024,100.96986767002342,13.303352482061346,45.86446481995411,14.964199370292969,550.8930083148192,0.0018152345099804376,0.97,43.46402490270628,10.169506623718952,0.0018152345099804376,0.0,4.892199288769253,163.94060796611367,0.27111831592018176,12.731574335469244,3.535185353455943,100.96986767002342,0.5018341280611904,0,173.61237730185334,BW-001,2026-10-16 13:44:54.220529,3
67.33618039413736,23.825453457757227,24.297077179586854,34.36668044741078,0.9368437102970628,5.231838877718031,71.00597304207338,46.39779369742633,70.21335486603911,9.287295257792948,47.063204822610764,15.02597294290365,550.2806755707932,0.0018172544383149992,0.96,43.573821365544866,10.562176351930734,0.0018172544383149992,8.5788842384866,4.300694771093384,107.48927909862672,0.2765231845574628,11.740615550720905,3.038655261835202,70.21335486603911,0.3991287188913683,0,160.09930296437597,BW-001,2026-10-26 13:44:54.220529,4
84.47411578889518,22.83696316391225,21.50573578242262,32.7926842390486,1.1841049763255538,5.287376057222072,96.30296910285249,41.84163497431815,108.2728774340118,12.72975032684548,50.40375744554986,15.039317595158046,515.6586474430908,0.0019392673912452174,0.95,46.57308199711693,10.277187207034565,0.0019392673912452174,2.6347613890619015,4.84140563170298,131.3075293246012,0.2438594314375347,12.813646225488462,3.9857291688948933,108.2728774340118,0.5156071856796333,0,174.73153943847905,BW-001,2026-11-05 13:44:54.220529,5
91.40703845572054,23.198042692950157,24.17081326096334,38.217949652689015,0.5696756190799965,3.4497522820463216,76.87754185697925,49.445051367861325,50.81850730061696,6.6302118864806445,48.71285508382597,15.173244237948996,538.8960259208163,0.0018556455269665261,0.94,44.74198961502455,10.407761218832961,0.0018556455269665261,0.0,4.531136656113949,81.9098724116446,0.4476421203062,10.475195239148372,4.190263349811363,50.81850730061696,0.33106383211163476,0,142.84357144293233,BW-001,2026-11-15 13:44:54.220529,6
84.30179407605753,23.023144742123748,18.780619115823356,46.77325289408,1.948448049611839,5.160109609638223,89.23442898655892,48.878968889342005,83.93079650768186,11.511485863103058,50.64327922126828,16.044187352390363,485.65101671793957,0.002059091746081504,0.9299999999999999,45.92451547970517,9.989263790211416,0.002059091746081504,0.0,4.758651780591446,156.15419231339948,0.32860438157381255,12.329082547498082,4.926998481775176,83.93079650768186,0.4254646267076547,0,168.12385292042842,BW-001,2026-11-25 13:44:54.220529,7
92.33589392465845,23.827682615040224,19.172065368076606,40.42159263629176,1.1602287406094018,4.0370879805117585,75.44793150404277,53.169011226672566,62.322809090480106,7.6147484357361375,50.710794460543596,14.480047036437234,525.1744986017669,0.0019041290136181711,0.92,46.4325996732897,10.164457398145418,0.0019041290136181711,7.749062196840334,4.754205521541812,118.44390414386037,0.4816138334058487,12.07854070790572,3.623727715833766,62.322809090480106,0.3652950465487971,0,164.70737328962346,BW-001,2026-12-05 13:44:54.220529,8
64.88152939379115,24.97106146066762,18.41266225338262,45.82368964989077,0.8881699724000254,4.750175384298362,82.02554250290919,44.24011607288266,78.82979678523482,9.740892822025957,47.34500331413124,14.688115519652097,530.1798014680069,0.0018861525792403164,0.91,45.244162513581394,10.640215360165815,0.0018861525792403164,0.0,4.390277926141038,136.8522880252043,0.3697035885444774,12.84470597228304,4.042592095308278,78.82979678523482,0.4218199297245181,0,175.15508144022326,BW-001,2026-12-15 13:44:54.220529,9
86.50089137415928,23.870266456536466,24.24081625413373,37.12104670423871,0.7772816832882905,4.834362706303944,70.54330551462522,52.44247817888303,81.42424298885466,8.525798133982738,51.889165059990674,15.108716436589862,503.1788078254318,0.0019873650965581417,0.9,48.65587825218856,9.950380843381188,0.0019873650965581417,3.982324249945888,4.965220889483348,105.81269936207212,0.3209028174638138,12.551559903064982,3.531165665917212,81.42424298885466,0.4223677856438117,0,171.1576350417952,BW-001,2026-12-25 13:44:54.220529,10
98.78338511058234,26.650796940166686,29.27398729877027,45.475856410263575,1.3968499682166278,5.7963548474508375,86.95399550767627,48.93301647753785,101.88754785814223,12.600405334153441,52.68757549727611,15.075209452571789,504.02954373604,0.0019840106843492878,0.89,47.87710811117683,10.553643077292636,0.0019840106843492878,2.8772976911728905,4.413492135266603,163.77266726808622,0.28029280813028234,13.847254686436022,3.696191186336576,101.88754785814223,0.49083402264795273,0,188.8262002695821,BW-001,2027-01-04 13:44:54.220529,11
96.87496940092467,22.530955012311516,20.351794349029742,25.085454933852915,0.9879954961448965,3.457617128742784,87.2886508050044,47.13430092765712,62.572730160213524,7.54526835420577,51.896206412604926,14.971190601483208,529.0664432121151,0.001890121766046456,0.88,49.11573303971877,10.343326078598011,0.001890121766046456,4.254841663016104,4.280387094451214,89.42310794795806,0.4284579262649355,11.317724795208882,4.9483888876327145,62.572730160213524,0.3672957001643463,0,154.33261084375746,BW-001,2027-01-14 13:44:54.220529,12
75.54709158757927,23.628094190643374,27.94485010982315,32.56207984064614,0.9214017645310711,4.272392013907158,92.09332706874169,53.687340295380295,78.24062070024533,9.836469877565797,48.53316278485186,15.552762966478992,541.6690525770796,0.0018461457143293227,0.87,45.141365324786854,10.855124228968712,0.0018461457143293227,0.0,4.168873785199031,114.84740496706624,0.34160234129071654,12.635871430269928,4.560752247141961,78.24062070024533,0.4233027847739416,0,172.30733768549902,BW-001,2027-01-24 13:44:54.220529,13
81.70784332632994,22.845545349848575,27.626363769048474,25.7892154483145,1.980330404900776,3.339714137522266,99.54523596887003,51.77796172891868,70.3958927157273,8.31131579720563,50.44320680450987,14.428497543634759,522.5475921897549,0.0019137012875888742,0.86,47.39468768824941,10.786691019111217,0.0019137012875888742,0.0,3.970233249784469,54.4839272544051,0.24535750023657105,11.733922834027453,3.605831457666385,70.3958927157273,0.39141725337601746,0,160.00803864582892,BW-001,2027-02-03 13:44:54.220529,14
90.8897907718663,23.192294089205035,18.06626540548323,43.571074282916015,1.5602860157714256,3.3739880436098004,97.62525647852117,52.39792724124257,78.57074513126156,8.234661202821766,52.26690014808104,15.151317732619516,490.7684417251791,0.0020376208308846002,0.85,48.696727413957944,10.554126807241367,0.0020376208308846002,6.048829871776266,4.357210820714668,75.22898052413443,0.33845888114072853,11.49860171526148,4.494888813193388,78.57074513126156,0.40913301628842563,0,156.79911429902015,BW-001,2027-02-13 13:44:54.220529,15
89.1602867216395,26.627622080115675,18.888535820809086,32.603177485062545,0.6738035892876946,4.197008111610391,71.64284916466094,41.70394483291802,62.75688715213131,7.517140477074043,49.619767158226566,15.16438120515174,521.9338450066364,0.0019159516279065693,0.84,45.49626186653726,10.685826981821494,0.0019159516279065693,0.0,4.340016183092419,87.22801023903084,0.345599817191956,11.94985725613421,4.9155796019764075,62.75688715213131,0.36576977734242866,0,162.95259894728468,BW-001,2027-02-23 13:44:54.220529,16
94.52413703502374,25.739788760965347,21.97077629823179,25.525400406864566,0.9664734825734933,5.408560345794035,70.13896069013809,41.669983433822885,80.13139274192883,9.483770037097187,51.499977770703836,15.806855634529324,512.2620564302553,0.0019521258454483063,0.83,49.002654150214006,10.025240776158473,0.0019521258454483063,0.0,4.840245158125363,137.63856455321874,0.3354188405285959,12.568340460838229,4.925536700506412,80.13139274192883,0.42078325940217265,0,171.38646082961222,BW-001,2027-03-05 13:44:54.220529,17
73.00733288106989,26.377637070028385,25.650689656262557,45.29310582183184,1.2083223877429239,5.759566849238281,80.39037983097884,41.93906403792455,80.99906646454524,11.575344166804486,48.404634233674464,15.48204358414418,529.745973254797,0.001887697218075918,0.8200000000000001,45.16933760892094,11.653734510923986,0.001887697218075918,3.3789258877373767,3.963514129989524,169.48138427510813,0.317766623677865,12.223947552620318,3.4507625360135314,80.99906646454524,0.4289206801915899,0,166.69019389936798,BW-001,2027-03-15 13:44:54.220529,18
64.78376983753206,26.27946872333797,27.12942058340277,37.470652741667905,1.6564507699318414,5.212503744329245,83.56653822669422,39.49209645879964,81.4910836427209,10.889772335181917,47.90703596455445,15.298700034924929,523.8985567120352,0.0019087664724177845,0.81,43.48782511285594,10.62988963739788,0.0019087664724177845,0.0,4.175938171205705,140.42532003651874,0.3092361481290639,12.38146918775165,4.244827283131993,81.4910836427209,0.42880651248934687,0,168.83821619661342,BW-001,2027-03-25 13:44:54.220529,19
79.75182385457563,25.136396976291962,23.130492220302596,24.610059041858285,0.6618371404899567,3.52916095951867,84.95103318218439,43.37850899009096,59.215990621820396,7.495146744433505,49.663946320497246,15.68785340665581,519.2534041220308,0.001925841972458187,0.8,45.305111722345146,10.566826115658792,0.001925841972458187,0.0,4.193416282346132,86.87463955240835,0.4105361661249952,12.55999071295615,3.2939254191764196,59.215990621820396,0.3531626566426772,0,171.27260063122023,BW-001,2027-04-04 13:44:54.220529,20
61.25716742746937,25.818462467582684,21.77227177291592,36.205696587952865,1.8613497108891395,5.7445377032043,80.871816973499,46.61176700556087,87.82827949345352,11.614280043272561,46.03851952708788,14.913464087858065,552.6707447821536,0.0018093955749262072,0.79,41.76826501002197,10.521981962819751,0.0018093955749262072,0.0,4.0441796274122,175.77232928365873,0.3293162362321724,13.415605883192853,3.776331412253991,87.82827949345352,0.45856215507949116,0,182.9400802253571,BW-001,2027-04-14 13:44:54.220529,21
69.971689165955,24.46229753821378,27.066613662516584,29.49115597179894,0.6154698647431895,5.883210952408366,74.4598818325934,43.29248247454048,90.19598500574983,10.951579807813653,47.511332422474716,14.279974558702852,528.4038406702475,0.0018924919219579517,0.78,42.87784218801859,10.68951607902939,0.0018924919219579517,0.0,3.8415266783616127,126.01311087341811,0.2444750551160389,13.24377593009136,3.690384416988421,90.19598500574983,0.45917443555357373,0,180.59694450124582,BW-001,2027-04-24 13:44:54.220529,22
71.59005811655072,22.967327723524026,29.156371828110878,43.39488910954601,1.4501056347656351,3.2560490042359316,99.90622755537842,45.043900206624855,61.67208348606312,8.132489318716457,49.33301378070758,14.504303825271846,516.3582092355578,0.0019366400729455807,0.77,45.71690838684944,11.023345934751367,0.0019366400729455807,0.0,3.68462004282879,79.03760586778786,0.37310352786237266,12.14877452874729,3.939976536315873,61.67208348606312,0.36048107439087773,0,165.66510721019034,BW-001,2027-05-04 13:44:54.220529,23
94.85842360750871,26.822032461394688,20.23884070663243,45.421415963759465,1.3090133628734761,5.249881411197533,76.29716779286757,52.96108578881427,80.85664940192132,10.013777073069864,49.07537342752259,14.338455103296251,520.4703818769975,0.0019213389172956425,0.76,45.10503311334971,10.59965322120422,0.0019213389172956425,0.0,4.744880491554807,145.94630881245862,0.3470209675636379,12.817544175763533,3.1244064523294055,80.85664940192132,0.4256632792361703,0,174.78469330586637,BW-001,2027-05-14 13:44:54.220529,24
92.2976062065625,27.37654779954096,21.816041699662367,26.64124618866424,0.8419027438129125,3.6154189214460217,75.72063161991,35.730993356961896,67.60199505894498,6.844045107561664,52.48665609112074,14.655924827411138,510.67726548399247,0.0019581839012399616,0.75,49.625242216867015,10.610021532688846,0.0019581839012399616,0.0,4.4987497118191,64.92090166296724,0.3279616525996413,13.115538274551705,3.268549701804551,67.60199505894498,0.37854316317501435,0,178.84824919843234,BW-001,2027-05-24 13:44:54.220529,25
77.08431154505026,26.90808859553496,28.328766999076123,24.166851132748576,1.2661209538663485,3.197125918285057,93.26582850085032,44.065776694960554,54.10099724507944,7.454564939759943,50.815082537101844,14.837584308245688,523.1067479581112,0.0019116557068005495,0.74,46.911335284450935,11.299744717026895,0.0019116557068005495,0.0,4.0845601914936385,77.39357918079335,0.4059129444661658,12.007743223159613,3.4837865882257786,54.10099724507944,0.3372686818710315,0,163.74195304308563,BW-001,2027-06-03 13:44:54.220529,26
76.69644012595116,23.332646862824383,19.438384408004193,32.10276411368707,1.9143645558687787,4.57317080798274,83.22288240814684,43.01526121750652,70.2308494506488,9.514811409627935,46.0050603040191,14.305213766618202,574.6012241858657,0.0017403373990664019,0.73,43.53119583551306,10.906933876193031,0.0017403373990664019,4.524918985471057,4.387838162895302,155.95157533266072,0.4480042890830168,12.408730302542926,3.152478435947129,70.2308494506488,0.4064831987579224,0,169.20995867103989,BW-001,2027-06-13 13:44:54.220529,27
72.92811728083021,25.112743730460195,26.436227506742135,32.72711045710305,1.957673124081441,3.5457843914858134,95.85356863040552,53.922309242672654,68.99372649427546,8.49690218794765,46.29381884516764,16.219876203169637,559.533084632849,0.0017872044164397784,0.72,43.34353381396506,11.12584585807852,0.0017872044164397784,0.0,3.753059602948881,95.42392125265687,0.3959080471467436,11.999125828662539,3.9193297408053223,68.99372649427546,0.39783901370410624,0,163.62444311812553,BW-001,2027-06-23 13:44:54.220529,28
98.49789179768445,23.510693774952184,23.966982070708625,31.221079435602473,0.9272607415662014,4.119927948839258,78.12234019430662,47.87999086478031,62.562227702885465,8.046460319881312,53.158956588163186,15.297377170832643,501.1954606007598,0.001995229563335123,0.71,49.83798633305814,10.028416013329123,0.001995229563335123,2.4172797624675737,4.750842812158028,73.10225575180482,0.2756425738157142,12.648365524137766,3.0877998852860102,62.562227702885465,0.35889939718984615,0,172.4777116927877,BW-001,2027-07-03 13:44:54.220529,29
61.47547789418131,25.65738600387938,24.032148278746337,25.235490029999745,0.9179696963549171,3.468457792098571,91.47916686542193,48.17847883820303,63.110376711246566,7.9322907282264525,47.0747372429075,15.140595711984687,550.4997418353049,0.0018165312787724681,0.7,42.427488137685486,10.854334751623075,0.0018165312787724681,0.39357697517966056,4.569331415001554,79.67776046026472,0.36200293737944916,11.479239103771201,3.418370930815856,63.110376711246566,0.3755178449214134,0,156.5350786877891,BW-001,2027-07-13 13:44:54.220529,30
96.33063543866615,23.437371344001836,19.738738465094677,35.74686624666151,1.978475681165901,3.0812879775104505,76.65916485798849,39.62149593176143,47.73552149676898,5.9052240760727885,51.5537964197518,14.623017705566662,507.00695041349206,0.001972359548886746,0.69,46.6014654626423,10.495214056444603,0.001972359548886746,2.5577129135816814,4.849405988434229,58.92220064590391,0.4047811691805135,11.754370081442397,4.921253951026399,47.73552149676898,0.31122049011327757,0,160.2868647469418,BW-001,2027-07-23 13:44:54.220529,31
69.68221086046002,26.03281328443527,27.139435383944612,29.70330105581759,1.5923245229177894,3.535633986163001,89.58238323555624,39.76365562093453,62.694378015886215,7.918262968227782,47.17165655220223,14.950830186602625,525.1921836433816,0.0019040648949928483,0.6799999999999999,44.67379186631487,11.342131933825659,0.0019040648949928483,0.0,3.9535870648783003,85.57493489620927,0.3820844557963489,12.14752200667937,3.5190835663521804,62.694378015886215,0.36653891514596854,0,165.64802736380958,BW-001,2027-08-02 13:44:54.220529,32
74.71132530877013,25.793834983561478,25.602356529130738,36.8585924177942,0.6354346550816125,3.2983241782780355,77.29516572998362,49.44533863711318,52.162162824018,6.37361284978032,47.218107689164604,15.08994707557674,530.7082576022895,0.0018842744307728406,0.6699999999999999,43.06004682205713,11.247234313793822,0.0018842744307728406,13.230459374708996,3.511154138091075,85.51800592442567,0.5084971937454819,11.006110912833293,3.1461631240540298,52.162162824018,0.3330863533607468,0,150.08333062954492,BW-001,2027-08-12 13:44:54.220529,33
93.41209982356952,23.924680389830414,20.238222124798252,24.978603397314334,1.3863394147823627,4.191550588855364,90.04255409711939,39.09968590831642,76.74736166725377,9.435448016195544,52.40381725988003,14.214749698188411,510.38465806765765,0.0019593065430023914,0.6599999999999999,47.82928610040854,10.850144460118624,0.0019593065430023914,1.1362008627984301,4.545134800563764,111.49236130123377,0.35238538510625184,12.36464900858117,3.380215299567455,76.74736166725377,0.40893993631114317,0,168.60885011701595,BW-001,2027-08-22 13:44:54.220529,34
87.1025744736913,22.099526973567137,24.14511669959137,29.435898604750513,1.4677591856141747,3.87944319078304,96.89007455563359,35.260038470214724,66.82701213752075,9.396988499732844,49.07575803448336,14.508756303230845,536.2646717321958,0.0018647508454545149,0.6499999999999999,45.662254337684914,10.178052076021158,0.0018647508454545149,5.979105432463403,4.7723282185357885,112.80314535547227,0.38678812363207127,12.159442939762283,4.514620414268878,66.82701213752075,0.3836361086447279,0,165.81058554221295,BW-001,2027-09-01 13:44:54.220529,35
66.97465716019965,26.145626428614797,22.64082415560645,46.48151972968163,0.7062814162189899,5.678015133230924,94.52330685215323,41.83634703395752,116.16438802122487,13.41761916873891,46.821565424032926,14.515827772568182,550.4766411191089,0.0018166075093886244,0.64,43.7481706280566,11.405368164259139,0.0018166075093886244,6.757463859213839,3.5877714170511963,136.2857985939511,0.2236086550798371,13.06517624091013,4.436662350744008,116.16438802122487,0.552357619073149,0,178.16149419422905,BW-001,2027-09-11 13:44:54.220529,36
73.64265404201034,22.680841127443536,29.096323419342752,45.05614448114355,0.8869124415727334,3.7782703002938773,81.39077224501801,46.80589885029615,65.28502534470387,7.687908437283371,48.15177361244751,14.699316178024393,520.8696566489085,0.0019198661070672592,0.63,44.01573155145517,10.104697167097086,0.0019198661070672592,0.0,4.725717399983189,95.18172779544504,0.40960228470069987,11.395392908001167,4.333200958093238,65.28502534470387,0.3738776481436854,0,155.3917214727432,BW-001,2027-09-21 13:44:54.220529,37
86.39936184136715,26.903333201207296,24.66240973919355,36.71161388054416,0.8627784363506775,4.228234956573721,86.5614154255594,43.722530582706334,66.13527879186111,9.150050064821249,50.279686210347606,15.2202373689802,501.4979491441194,0.0019940261006184535,0.62,47.235861975601104,10.302135416169389,0.0019940261006184535,8.375982362439977,4.601168443067209,120.00459681374338,0.3877263461139395,11.388483859323964,4.543253821957215,66.13527879186111,0.37090031404943946,0,155.29750717259952,BW-001,2027-10-01 13:44:54.220529,38
63.72411071223597,27.38329454771996,28.805016685959966,39.19443497455843,1.008544686573051,3.883397278625753,98.4535992088647,50.27211588319521,81.32600129858683,9.558360980965395,46.53897880790871,15.11195706703233,552.8159668699478,0.001808920255436931,0.61,43.48185396807975,11.372659094762488,0.001808920255436931,7.8779182979277955,3.5964339448183473,90.97561728874004,0.3063654411020579,12.650689609149072,3.0180769381585844,81.32600129858683,0.4369314610562738,0,172.5094037611237,BW-001,2027-10-11 13:44:54.220529,39
73.96838298450643,26.355734073221434,28.765323119430924,45.290074182362815,1.669813318786436,5.3995657678419455,82.756405134077,35.44938616640235,89.21493919314145,11.17121630579054,49.459397877649806,14.785297229437374,525.0860618855475,0.0019044497132699918,0.6,44.52208306360434,11.237996483511676,0.0019044497132699918,0.0,3.859311301004805,162.7650241614644,0.33729647587074785,12.673053661994496,3.4573535592072178,89.21493919314145,0.45490894920946906,0,172.81436811810678,BW-001,2027-10-21 13:44:54.220529,40
85.68126584617151,22.504839789970294,19.939544569135364,45.5653005246499,1.4096435894893848,3.8060320781548382,86.24902643982601,47.669564396522944,62.53903975241411,8.206664033490064,49.97448737995801,15.024430035162853,525.2350729468452,0.0019039094141019063,0.59,45.91550578989972,10.036655469154326,0.0019039094141019063,6.223983354423105,4.842724507490673,79.35757270873565,0.3175844939493659,12.279369147537487,3.643339979319097,62.53903975241411,0.36603398772543394,0,167.4459429209657,BW-001,2027-10-31 13:44:54.220529,41
60.36788206466519,22.60882925719619,25.96202122929667,24.121478012309247,0.741212077126248,5.504790710397897,99.53206542110657,45.51380364605372,107.48992265331826,13.697579727920578,46.09577400090366,14.668549541224525,543.9217020456435,0.001838499909525736,0.5800000000000001,41.58465062517484,10.981740849049803,0.001838499909525736,4.632261473715081,3.6144652468761724,166.51525351296476,0.27604468335476334,13.757436237642167,3.1907985546264213,107.48992265331826,0.5214762527914205,0,187.60140324057502,BW-001,2027-11-10 13:44:54.220529,42
81.94935157466344,26.15137118615616,25.823535114031205,29.382463427053434,1.5682688320213038,3.5150378575449106,78.16921979558107,35.367813530949334,46.80558844536165,6.869194171905413,47.88979746439982,14.378068382304358,553.8090629196508,0.0018056764812190958,0.5700000000000001,44.97386543430962,10.832235104371462,0.0018056764812190958,9.965496467474287,4.476369678837456,76.02294518142345,0.3935672062011111,11.58633759772654,3.9617802932060178,46.80558844536165,0.32216134702710075,0,157.99551269627102,BW-001,2027-11-20 13:44:54.220529,43
69.489963499872,23.952398188955605,26.957896861416287,39.59118957713315,1.7738351157412668,4.6625340075473805,89.54261165055593,51.594836074144034,86.25841266561255,10.437386798633131,46.730589327184894,15.44746218847222,538.5362521482255,0.0018568852069122401,0.56,41.91567487183944,10.034306837330098,0.0018568852069122401,2.031683277404632,5.112449301714201,105.84419030055167,0.27187122697591987,12.911394231215903,3.5777698778183313,86.25841266561255,0.4490889178631762,0,176.06446678930777,BW-001,2027-11-30 13:44:54.220529,44
86.30451569201374,25.40985162001283,19.12409721393711,32.8251792734264,0.8978035515225882,3.6192638152818097,70.32987485975441,37.737712601376145,59.01114146847078,6.363559280330175,49.65072767551003,14.663254687878066,534.8100175527785,0.001869822866400055,0.55,46.86986710281202,10.991410822044777,0.001869822866400055,5.828972639741124,4.090398516014203,78.22174447686679,0.42453859199449395,11.818962227656186,4.986510030845928,59.01114146847078,0.35714681016073613,0,161.16766674076618,BW-001,2027-12-10 13:44:54.220529,45
69.75958573516334,27.83806332851467,22.717172696001125,45.409117324250715,1.4467079389958943,4.995110023638766,75.26113835870349,53.2882389184992,83.04000649751046,9.398441665150594,47.7429320224983,16.072574563886693,529.1426156470054,0.001889849674604751,0.54,44.06161012955698,10.97090397259566,0.001889849674604751,0.0,3.736737236003147,95.90303282155698,0.2553532829512438,11.80614042410536,4.508529946694045,83.04000649751046,0.4355428063524698,0,160.9928239650731,BW-001,2027-12-20 13:44:54.220529,46
91.79245214166593,25.015822558631154,24.92284661551631,35.82042465165273,0.7928644816970667,4.25631157467622,81.49415584748492,45.378354105656754,67.63283832893936,8.671612970052946,49.58126940222038,15.31688844046605,525.9752923271145,0.00190122999043476,0.53,45.94132474165701,11.183416796279058,0.00190122999043476,0.0,3.892464248000466,80.46443023933743,0.27250887765885934,12.6366431640951,4.575098171717558,67.63283832893936,0.3832353821279322,0,172.31786132856956,BW-001,2027-12-30 13:44:54.220529,47
88.89808461046022,23.684634174645133,18.291791597177447,39.49133510177202,0.7656660191105734,4.809456328399165,77.36047329043963,42.78591228083953,75.40515538141335,9.301545445866486,50.74851178902053,14.935089650133287,511.9490230748202,0.0019533194809004495,0.52,48.41635000904159,10.528022083402028,0.0019533194809004495,0.0,4.444817931906724,131.68498691659173,0.36795539933916244,11.520143000038743,3.717156923049746,75.40515538141335,0.4049352248604906,0,157.09285909143742,BW-001,2028-01-09 13:44:54.220529,48
97.61834337411656,27.723571462015524,28.978372682645382,32.883808806130666,0.5231849247933011,3.8660812103120996,80.67018149394848,49.380918103684905,65.2453293772526,7.796936822655526,51.686562978096596,15.481939558397455,505.15291760191144,0.001979598583231495,0.51,48.84645098944513,10.691754753294065,0.001979598583231495,1.2494381863800563,4.1776785768657465,76.47717261321895,0.31713695269832853,12.343353611258484,3.3831858914696515,65.2453293772526,0.3690303065380821,0,168.31845833534297,BW-001,2028-01-19 13:44:54.220529,49
97.13274250350901,24.569104889903887,29.599857828524037,47.12687945014207,1.7795141832010402,4.428151206597299,89.91013496087945,53.73659478649516,70.85926593292542,9.953391815308606,53.7804343771177,14.315098510210461,485.38325826089533,0.0020602276303944875,0.5,49.048123892185956,10.802209718222365,0.0020602276303944875,4.003086548996688,4.382400526981551,102.4073327283916,0.2904340461485182,12.083598799735626,3.077859926651335,70.85926593292542,0.38181253058802,0,164.77634726912217,BW-001,2028-01-29 13:44:54.220529,50
71.77795568278343,24.310586371611553,28.213640058202284,31.606128123750665,0.7542391200291387,5.197716291630751,76.4482113577227,35.62366270122569,82.50905704967006,9.93390284100166,47.67841130406626,14.598162716015135,563.8136258668177,0.001773635744369571,0.49,43.190227309489714,10.35134877831179,0.001773635744369571,5.695955942530596,4.8464653975442955,122.28226669148965,0.29603360563364145,13.073685443435723,4.900918341150591,82.50905704967006,0.4441742779256122,0,178.27752877412348,BW-001,2028-02-08 13:44:54.220529,51
82.27205049833401,27.616928644964688,26.352357560099676,37.68146808214476,0.6457647406561529,3.154277440452751,84.89098741603709,46.93685697833779,45.958045385901954,6.694243162604105,50.97992438019417,14.723205879146002,528.7984962302171,0.0018910795078445934,0.48,48.64218320895836,10.4507541225251,0.0018910795078445934,2.120098493183392,5.100700980513437,58.77081973972465,0.34791278453325436,12.485628463923781,4.160177669338909,45.958045385901954,0.31183303348873836,0,170.258569962597,BW-001,2028-02-18 13:44:54.220529,52
84.6002890679668,27.94032310062558,19.681008182838287,36.43991165672968,1.816059607891933,4.002731672450882,93.12736611237466,37.131965062675434,75.45199867562648,9.319096447748276,50.25902643938029,14.810436129506256,533.8722266835111,0.0018731073654311252,0.47,48.22181433054835,10.55762814223163,0.0018731073654311252,0.0,3.8768118421620343,126.30158755200469,0.42324178597228657,12.451226835764446,3.5649921319457043,75.45199867562648,0.41166833025714167,0,169.78945685133334,BW-001,2028-02-28 13:44:54.220529,53
89.63074471016817,26.182094445971607,26.42980900784531,32.627787629274124,0.94038776639674,4.486473948618595,90.65207189283208,43.696546772074925,79.66737042521767,10.16770397338728,50.241031346422865,14.492621634653567,511.91118090315086,0.001953463876752462,0.45999999999999996,46.445958893529586,10.411422182761314,0.001953463876752462,0.0,4.268236940764928,136.74623136761954,0.37471177057487637,12.292378284820455,4.8929130263008105,79.66737042521767,0.4191312556883375,0,167.62334024755165,BW-001,2028-03-09 13:44:54.220529,54
92.37444621914054,26.860680368075084,28.404867822961243,45.91777326135531,1.2670135982914066,3.7392060997173204,94.573069530226,50.98831757937958,65.28673501497344,8.840704961410282,50.20688938780508,15.017041734129613,505.75379899471886,0.0019772466405347596,0.44999999999999996,45.52998189338612,11.003922790960383,0.0019772466405347596,8.84965385898984,4.2163686117080665,97.31296572962736,0.367971701265324,12.442442302390308,4.560731006013763,65.28673501497344,0.3693485897483271,0,169.66966775986782,BW-001,2028-03-19 13:44:54.220529,55
80.06065178748798,26.78977107380065,25.79956716933318,40.84720505418488,1.6936890041541517,4.770692000607261,80.8292169082008,36.83164146653268,81.7696722405844,9.640282462982569,48.239124537064555,14.222052176898186,535.8482731335116,0.001866199911688137,0.43999999999999995,46.1351137368851,10.35457570970736,0.001866199911688137,0.6301908023191275,4.993987781075097,112.78100797653056,0.30653131382303084,10.860768313782387,3.4093602181145677,81.7696722405844,0.43332005607533475,0,148.10138609703253,BW-001,2028-03-29 13:44:54.220529,56
95.60021367270265,24.027970941109213,22.50699543167933,26.255566556180856,1.3674202114942609,5.751940726386728,74.10455892756885,54.00474707641605,78.65226665559467,10.656125762660212,51.670912283119854,14.003132178714273,515.0771762119688,0.001941456632488161,0.42999999999999994,49.38934042864979,10.111709313964557,0.001941456632488161,1.4830634085471497,4.967837344225109,134.96334967046155,0.27524036313819045,12.6016926458282,3.6631293981343873,78.65226665559467,0.4166973750489062,0,171.8412633522027,BW-001,2028-04-08 13:44:54.220529,57
61.43769095186968,24.79358810879476,24.51173561649092,30.876990051078828,1.3862498908535161,4.625702842135075,96.18837507629225,49.644497728191226,87.85654189910855,11.123470999268992,46.58971021262803,14.395179490654398,559.151443002612,0.0017884242498419673,0.42000000000000004,42.10184981467776,11.116722482493836,0.0017884242498419673,1.2161717204700122,4.183591345276306,117.1724787146091,0.2846541851241492,13.094242144092421,3.142316570346866,87.85654189910855,0.4606005725644787,0,178.5578474194421,BW-001,2028-04-18 13:44:54.220529,58
61.220009997561974,22.224089132495287,27.871206727915897,32.64457539387031,0.6905907689778272,5.419683443584349,89.76350100132152,48.84553129035705,95.02923050032365,12.162244005375733,47.855573886472,14.647494072120796,540.7788746593187,0.001849184660976231,0.41000000000000003,44.90473412309864,9.352278226796976,0.001849184660976231,3.6667542968009728,6.089938588949448,105.46481995642858,0.2,13.113466487045232,4.621757162015837,95.02923050032365,0.47899776406554107,0,178.8199975506168,BW-001,2028-04-28 13:44:54.220529,59
80.88973040219217,26.619961318591663,20.589852329962117,38.949371419656,0.628021197490652,4.468274890929422,76.63628325458807,54.75336015993294,71.65110420909348,8.56079950501577,49.077690482671116,15.038002695706206,532.4249573422102,0.0018781989578247008,0.4,45.27192018962572,10.486118249284313,0.0018781989578247008,0.0,4.799744114876568,100.75569239097676,0.3292497058031065,12.758096782472649,4.387236114947591,71.65110420909348,0.3985645012329746,0,173.97404703371794,BW-001,2028-05-08 13:44:54.220529,60
62.067268846744305,25.188127789408888,24.48762145932128,39.298317635956955,1.5891370005839924,5.83217801905984,71.18280434105517,49.11150345031377,87.12258103578056,10.378769670323482,46.84884631945801,15.08468041201804,535.5464182733706,0.0018672517747836907,0.39,43.07375483253904,11.483871220361175,0.0018672517747836907,6.85466003413779,3.211803116488425,166.5592138220684,0.3439553187066634,13.352116860405886,3.3031901496001987,87.12258103578056,0.451072528934613,0,182.07432082371662,BW-001,2028-05-18 13:44:54.220529,61
99.03408317850139,25.09780208980717,21.875477675294952,43.084468674448885,0.9062483768931113,3.1018379357573966,90.9226080174052,40.946980147451015,57.07467722450741,7.050679869159676,50.44139797987023,14.548046179267605,515.0620341977249,0.0019415137082616236,0.38,46.90430664723286,10.966745292779297,0.0019415137082616236,0.0,3.7802807286258453,70.58163263324887,0.40341460157212733,12.298752924200954,3.564944852740007,57.07467722450741,0.3447675343410088,0,167.71026714819484,BW-001,2028-05-28 13:44:54.220529,62
77.55885682822544,22.470738288053596,18.30420892098549,47.1035619522702,1.7539701807683088,5.773188586129591,99.13174735496104,53.88532978226868,120.10660165822438,14.307656808818583,47.89829858164405,15.545655060297134,548.6058426669995,0.0018228023149345022,0.37,43.04670542388544,11.828500572083904,0.0018228023149345022,0.0,3.6152231199378244,132.16128157268926,0.2,13.756860083863906,3.255733602444835,120.10660165822438,0.5649370916608478,0,187.59354659814414,BW-001,2028-06-07 13:44:54.220529,63
87.83896824374793,24.45371766648562,20.079531840850148,27.754489024106064,0.875364347246893,5.5336481956052115,79.57301419729767,51.57830948301355,87.66373441780387,11.008226660793602,50.784983357469365,14.8417957751526,502.5977614733039,0.001989662661983655,0.36,47.266185178983754,10.81856063469129,0.001989662661983655,0.0,4.239821601879884,170.52017507983476,0.34991041917621973,11.361118886798778,3.1092688400019446,87.66373441780387,0.44299177650133736,0,154.92434845634696,BW-001,2028-06-17 13:44:54.220529,64
81.96906658824481,26.287575536200375,25.922368520612775,30.718413526702626,1.9322979209947913,3.111022904146478,87.8880963544616,39.60017674575406,49.47195178097682,6.835547019014065,50.508457688215906,16.159664769990847,517.072507534378,0.0019339647446514339,0.35,47.090977623196366,10.214127244822867,0.0019339647446514339,0.0,4.719814367074745,61.95576423870363,0.36417929260282283,11.009536019124225,3.4608333242346996,49.47195178097682,0.32002825819690284,0,150.13003662442125,BW-001,2028-06-27 13:44:54.220529,65
89.51587666783074,25.326124315068405,25.340648954812227,34.07040149826696,0.8715964842517362,5.174300314586285,71.96069022396827,41.305806756612206,80.85887855893587,9.30865555159313,50.82069933956898,14.84544176789875,515.1663404231455,0.00194112060811004,0.33999999999999997,48.232406201353804,9.541904338897732,0.00194112060811004,0.0,5.686112450209149,151.26562410201376,0.3925650797790047,12.896709427963843,4.69685075818105,80.85887855893587,0.42407949732339656,0,175.86421947223423,BW-001,2028-07-07 13:44:54.220529,66
74.23890714605047,26.547076662786214,18.172721863557072,26.78574337216599,0.5690039630326291,4.618473877126012,93.7216949451689,41.3750500586414,90.90906508570156,10.821279995605888,48.269376976689855,15.354054338344294,531.7436707004872,0.0018806053651426824,0.32999999999999996,46.25285957920859,10.699938229969689,0.0018806053651426824,0.0,4.625405644952232,85.57594281799402,0.21403489291757,12.51546430920517,3.650590268046062,90.90906508570156,0.4625533181624847,0,170.6654223982523,BW-001,2028-07-17 13:44:54.220529,67
61.62915209275881,27.13276350406604,26.443894312560282,35.3801718980958,0.6467512409765022,4.847589564546913,76.98878424260901,35.48801563113076,76.05716644330114,9.330250677040633,47.2010751307084,14.334383523221112,534.0226831856071,0.0018725796328251396,0.31999999999999995,43.484929200600504,10.381348369174258,0.0018725796328251396,0.0,4.653159454569967,138.8944025284045,0.3838624252919964,12.707627340702786,3.3632279355132053,76.05716644330114,0.41373069310001925,0,173.2858273732198,BW-001,2028-07-27 13:44:54.220529,68
79.6646350046733,24.840830624683395,20.07842243892018,34.412439581711354,1.09775710159606,5.61029662170279,70.63808232551162,52.49403345368399,82.8271168779035,9.907514865859532,47.1134898775977,14.448316696913063,547.6748727543107,0.0018259008213593983,0.30999999999999994,44.85221157721038,10.658307965988234,0.0018259008213593983,3.630585505456238,4.075825930928945,159.301412268442,0.35824412994546045,12.5497435543321,4.613387039389479,82.8271168779035,0.4403928514193049,0,171.13286664998316,BW-001,2028-08-06 13:44:54.220529,69
84.63400392208865,25.810561905205862,18.543648117264535,32.99070275103531,1.4387898735713547,5.396349707320996,99.93802331600013,42.0142363090342,108.09519063992596,13.482513071788404,47.542209995360814,16.246499758716396,543.0026204595391,0.0018416117387310348,0.3,44.506540566955735,10.849343815639582,0.0018416117387310348,5.656277453802646,4.157049678962001,188.61857763231683,0.3240585932608849,12.554814925562026,4.322028508494641,108.09519063992596,0.5232180882709483,0,171.20202171220944,BW-001,2028-08-16 13:44:54.220529,70
80.12545034320351,27.138939047129934,25.90432357942734,27.910426249954313,0.6058531211006448,5.301564866793381,82.05792740827727,44.59751240607818,91.6062225486592,10.87588562474011,49.01274663994063,15.040914679273783,535.7400728807863,0.001866576817042621,0.3,44.03429612294342,11.629295707280436,0.001866576817042621,0.0,3.250970737058739,139.23992070371656,0.3018596533865197,12.487014107162459,4.418641656945219,91.6062225486592,0.46607609702643327,0,170.27746509766988,BW-001,2028-08-26 13:44:54.220529,71
85.69677112825262,22.15906786324973,25.02930697528156,46.56552579419898,1.3632112668138183,5.9522504075978855,93.04820241593555,43.35533564334668,112.33854996865125,13.846155018912572,49.75562601604675,14.854862727905674,530.7021305794533,0.0018842961849581013,0.3,46.57189778925381,10.327062266691485,0.0018842961849581013,0.0,4.197696950406868,175.06213038863012,0.26551669845324577,13.208273171303286,4.1675455610282235,112.33854996865125,0.5336724724026735,0,180.11281597231755,BW-001,2028-09-05 13:44:54.220529,72
75.52679704826087,25.859729310654117,23.4990346858982,37.09480294358244,1.9121972131647877,4.264071006831211,92.12746904766675,39.775542915366046,77.06581149933596,9.820951742472388,48.596411871311034,14.665954773178475,533.8757925017484,0.0018730948547301385,0.3,44.77269622903892,10.802942288014483,0.0018730948547301385,2.8245893443591896,4.47343201745862,124.11289824724788,0.3704664852955133,11.695937364107163,3.593119824411861,77.06581149933596,0.41704877608164437,0,159.49005496509767,BW-001,2028-09-15 13:44:54.220529,73
75.44410551203097,27.767143382943487,28.864207703472765,28.698987234943115,0.6040419513127482,3.861716974962245,78.8892436136797,39.6721550209982,56.90565165767413,7.616198280121969,49.30865817634117,14.622127420253578,523.2699976623287,0.001911059308707605,0.3,44.4434766418862,10.345163827592247,0.001911059308707605,0.0,4.698874076003418,104.6415722522615,0.4447291395462246,12.201932064790121,3.205031928132949,56.90565165767413,0.346666504824279,0,166.3899827016835,BW-001,2028-09-25 13:44:54.220529,74
64.03112005509706,22.1093309539093,19.13331552907114,40.39216256199256,0.6067829726903435,3.1262795689090854,70.53621804200242,54.75444779472063,34.434795961027916,5.512898433320714,47.14117785183496,15.014090578684565,533.3849761281106,0.0018748184608780882,0.3,44.797714937637245,11.473035194768265,0.0018748184608780882,4.765419348459373,3.277276640296283,76.53266567220064,0.5550716538778944,12.72154306134596,3.738561540431082,34.434795961027916,0.27479814604185954,0,173.47558720017216,BW-001,2028-10-05 13:44:54.220529,75
72.75902521175045,27.069251865816728,18.27926322882991,43.547243582134456,0.9227821621600999,5.03894184807921,76.54761663595193,53.99922367900451,71.10681860929262,9.642974720940561,47.904734785118364,15.237349116439976,547.0520983518014,0.0018279794612119636,0.3,44.79757571983561,9.630684682214657,0.0018279794612119636,0.0,5.073161459639988,157.5253267147585,0.40523787318402166,12.819179186227526,3.9234322876262384,71.10681860929262,0.40113835820318244,0,174.80698890310262,BW-001,2028-10-15 13:44:54.220529,76
64.72659310486625,26.180422992184905,25.547314161358607,45.05932832464927,1.6026065657058286,5.3590350432466565,72.68233006936778,43.35161551569857,89.45004455034335,9.737678846664053,46.68396200698479,15.695103774508656,554.2798034480257,0.0018041429505085134,0.3,44.44342196473908,10.705770533693975,0.0018041429505085134,0.6548808573701181,4.447806693614807,129.90787615175606,0.3111741066873631,13.1494920948481,4.457962123311633,89.45004455034335,0.4644507562022189,0,179.31125583883772,BW-001,2028-10-25 13:44:54.220529,77
92.13923721539393,23.69220743542784,20.129274525356674,42.0147540393806,1.710252108900896,3.5011018382762256,99.7350587841093,39.63343402766887,66.51703496219318,8.729564941240813,51.37869588866095,14.34408188382492,509.0714621965646,0.0019643607514064033,0.3,47.372977948492206,10.461203194001788,0.0019643607514064033,0.0,4.962076519922093,86.07026253701136,0.35201875049920534,12.370095905959978,4.6141418077334055,66.51703496219318,0.37444488853294666,0,168.68312599036332,BW-001,2028-11-04 13:44:54.220529,78
99.62020568002694,24.475706061468557,22.4642170295134,42.63391105780792,1.0112053103795269,5.828195322405377,89.48939946977106,47.15473589757718,96.46253819063047,13.039042484864648,50.87791718892867,14.695243898920358,509.75328883979967,0.0019617332970543527,0.3,46.969629049700046,10.499472378056867,0.0019617332970543527,0.3885081092823912,4.562544836116632,158.91311325979137,0.2613905909463632,12.382812184592265,3.671220908539685,96.46253819063047,0.47446778062070816,0,168.85652978989452,BW-001,2028-11-14 13:44:54.220529,79
97.23029302414258,27.15047651105807,23.14792832850022,42.02090562699594,1.6318143111270236,3.529584096016525,76.61458627210526,38.72876524288509,54.45333986614958,6.760440630722717,51.397572650635944,15.264846377178365,509.3903406496491,0.0019631310611910183,0.3,46.776476870236905,10.926421003309219,0.0019631310611910183,0.0,4.182030054252611,87.75277611022324,0.45969771012538296,12.139941619685466,4.124145588805142,54.45333986614958,0.33432823508206,0,165.54465845025638,BW-001,2028-11-24 13:44:54.220529,80
64.12495475343731,27.415317440077402,24.063028469374288,43.8349791865858,0.9800744015459176,5.33875342070026,80.5037577750019,36.15685353126793,84.09094609822046,10.744742805012914,46.5482444349565,15.03223720740506,552.0800241259661,0.0018113316119038453,0.3,44.51312460276379,10.1885370169695,0.0018113316119038453,0.8144982706681925,4.302333767534625,144.27887004116985,0.3143958888005103,13.065419307246735,3.7610354197397893,84.09094609822046,0.4459271608985247,0,178.16480873518273,BW-001,2028-12-04 13:44:54.220529,81
95.82092913984802,24.33521007240498,18.13005181776358,45.729167434062326,0.6369300151792003,5.274715427112274,90.88061854161377,38.0779181267971,90.00602909433056,11.984235016173898,49.39767280462333,14.927956222139192,514.9256927265468,0.0019420277801734272,0.3,45.93967132323053,10.251843749308497,0.0019420277801734272,0.0,4.776009721033837,166.3721559537181,0.32898894613510454,12.492517019956308,4.468887864151183,90.00602909433056,0.4544978047990659,0,170.352504817586,BW-001,2028-12-14 13:44:54.220529,82
72.7725455036166,27.70037180230483,29.407285763250673,37.76250931495886,1.447755818254699,5.447499374971853,76.73321715509982,39.47635229645246,95.3877123235607,10.450103812299645,46.70618708270138,15.76537541617185,551.9194006781033,0.0018118587583103123,0.3,43.67668502318341,10.839525199389218,0.0018118587583103123,0.0,4.417112803215575,122.66152261563624,0.26933982305729004,13.0335093464902,4.677994655436022,95.3877123235607,0.48353486128196665,0,177.72967290668456,BW-001,2028-12-24 13:44:54.220529,83
77.93782087913279,23.759264630188387,21.94397454443899,40.14044294584892,1.62856179415652,4.740258623513434,72.74460512193265,52.549217252607605,73.65483985649736,8.620706043583018,49.90943498356724,15.745363068424975,518.1751270712499,0.0019298494809120747,0.3,45.372621894597515,11.23453783043232,0.0019298494809120747,0.0,4.298055437350534,113.77481746001281,0.3480256770706852,12.509743288801111,3.4699468099919057,73.65483985649736,0.4009686709763662,0,170.5874084836515,BW-001,2029-01-03 13:44:54.220529,84
91.66316174903395,26.737708856767323,19.094473236584285,35.86608731286196,0.5863381400249664,3.7968001277661183,73.88544763848412,52.774961597379544,58.82315092071738,7.013206925846335,50.8981417195572,14.69329866822953,509.2791309980656,0.0019635597438289656,0.3,47.97920122322257,9.949577239112088,0.0019635597438289656,4.890304829624353,4.9706918849397175,93.54279916989923,0.43912279906803264,12.089413559667067,4.092860632155695,58.82315092071738,0.34886090903514433,0,164.85563945000544,BW-001,2029-01-13 13:44:54.220529,85
81.98115529294942,24.64918300824026,28.652450193099597,32.42196030124989,0.6756005246414087,4.652572111827418,72.6096027973423,43.16906426141397,72.98233087468354,8.445535325644522,48.994703607454284,15.085208111187743,523.6161425623599,0.0019097959721150219,0.3,44.59956258589923,11.334791922724383,0.0019097959721150219,1.7299375422165384,3.743304628906983,139.1221104990476,0.44257397723868463,12.30390269509729,4.725280942298358,72.98233087468354,0.4003592790176531,0,167.78049129678124,BW-001,2029-01-23 13:44:54.220529,86
65.71966728211343,26.56906379030483,25.418616759795132,26.426944226946965,0.6261602091724962,4.118065551036942,77.79261351280978,49.4684022737717,59.8664723762073,8.008877045805821,47.018524073366876,15.218469084873174,543.3988899556106,0.0018402687574162848,0.3,44.06192361840346,10.649840079042779,0.0018402687574162848,4.330081679411354,3.7994626310986104,107.47173117401192,0.40732341469573846,11.706572309774872,4.10541415143709,59.8664723762073,0.36257457490737416,0,159.63507695147553,BW-001,2029-02-02 13:44:54.220529,87
88.0387652583648,22.43657803818516,27.862320711484273,40.94981345175591,0.6220231709628496,3.6605496058494342,90.49776290978788,36.522617189806006,66.21291969718567,8.281788758741989,51.39646106354106,14.257551015775048,518.3278668560572,0.0019292807968546018,0.3,47.59323856314036,11.177262228941057,0.0019292807968546018,5.452123141236477,4.160749312107218,78.05956307500708,0.32185901927796695,11.919762515256789,4.730591517817825,66.21291969718567,0.37620809238076935,0,162.54221611713803,BW-001,2029-02-12 13:44:54.220529,88
63.39350856340768,27.919837471007053,22.491249549073444,32.89541152960538,1.719199350886254,5.553620742146306,84.85439581041923,44.61173154653296,100.27796691677156,11.781228315875921,43.955105149609196,14.31656065079229,578.2626613923885,0.0017293179497222205,0.3,40.66351713422257,10.345830091854344,0.0017293179497222205,0.0,4.364848631762149,126.61345900065653,0.24189288579262241,12.89000177105114,3.5800910639248738,100.27796691677156,0.5077386881402884,0,175.7727514234246,BW-001,2029-02-22 13:44:54.220529,89
97.88994309535434,27.916006382937226,27.040538223107298,33.03023005274198,0.6252510750480031,4.043427623706579,90.3404845767719,46.31463927991582,74.77271743043589,9.132130271918943,51.45872606241047,14.09900978120999,496.65618043897007,0.0020134653295085323,0.3,49.38238278269322,10.268202584398933,0.0020134653295085323,6.853563530024321,5.1505025588380535,109.83463876928107,0.3718155656782879,12.63473516548747,4.593362794382744,74.77271743043589,0.39823924556647733,0,172.29184316573821,BW-001,2029-03-04 13:44:54.220529,90
91.08587663709747,25.35042549841483,23.090664110963715,45.752505242273664,0.6667962234592271,3.801084810508264,96.35889959065474,50.948520432138565,77.91865313151858,9.156708739783218,51.20434422376941,14.71174479963664,517.8923208094117,0.0019309033168074482,0.3,47.97545753908371,10.308377590757907,0.0019309033168074482,0.0,5.024713117836923,103.98097690295445,0.373436656809473,11.726151021582936,4.143491966287497,77.91865313151858,0.4150965400145521,0,159.90205938522186,BW-001,2029-03-14 13:44:54.220529,91
79.70500417163436,22.068121868604514,23.623927703929517,25.351278616364098,0.6782268744021078,5.601882602879407,91.25088930145104,51.74026656727344,104.34377847457594,12.77941923187683,46.36470833360024,15.195902002701274,543.261144482521,0.0018407353630132005,0.3,42.54737058524217,10.124602628279339,0.0018407353630132005,0.0,4.697658093974793,151.63158904814088,0.2647613449446888,12.983475668445296,3.5752654580873564,104.34377847457594,0.5107909382600094,0,177.04739547879947,BW-001,2029-03-24 13:44:54.220529,92
64.7010498710842,25.895261812696383,26.95253855118508,38.00085036233183,1.9432588227118128,5.092414385007851,90.40422315280901,47.372227564303685,88.82919666524647,11.50939416122061,45.2262459118885,14.992345075413501,560.0081732119858,0.0017856882235564437,0.3,41.16142320454779,10.786837987580466,0.0017856882235564437,1.6686590276315005,4.19937101004439,116.60738691814257,0.24869088992746416,12.228573449883571,4.242584898099221,88.82919666524647,0.46409977418108395,0,166.75327431659414,BW-001,2029-04-03 13:44:54.220529,93
74.99482318094816,23.714272517691164,28.423189538273522,29.366300124466864,1.944833809160917,5.642612277596785,96.15530583235696,35.58494566069118,110.9162323862,13.564177731143278,48.828514976743314,14.513465529559221,530.010317115441,0.0018867557247610918,0.3,46.745904817134914,10.076719228316755,0.0018867557247610918,3.0144345987326613,4.925207452626527,187.6224467327942,0.3064228354790068,13.013307725421688,3.809054771147739,110.9162323862,0.528723869755299,0,177.45419625575028,BW-001,2029-04-13 13:44:54.220529,94
60.48617898759265,27.819272960245833,18.51791894340691,45.3874347287537,1.2915516636294497,5.477450251694288,73.86609602420336,41.70237708518284,77.47187164648759,10.114946656486177,47.26949834980339,14.986347730245035,539.7414071147031,0.0018527390836024652,0.3,45.17663097704536,10.480514090310232,0.0018527390836024652,0.0,4.190042266280514,136.8216140257001,0.30869008740682713,11.629442799056967,4.370887766443803,77.47187164648759,0.4201619942893695,0,158.58331089623135,BW-001,2029-04-23 13:44:54.220529,95
99.71859184477202,22.442779388412394,24.64625141281585,47.26326085485837,1.2846467662552232,5.453901072357187,94.96402533873226,45.14935467521673,106.05965751386101,12.948109990756674,51.02452081764261,14.55759864298655,507.2462651001294,0.001971429005598695,0.3,48.95446452865805,10.355325655884364,0.001971429005598695,0.0,5.124268495267051,136.3311504880833,0.24131897761168794,13.129114382174398,3.747842094025627,106.05965751386101,0.5057060712429089,0,179.03337793874178,BW-001,2029-05-03 13:44:54.220529,96
85.1759455254105,26.174492133907705,23.45449277721328,39.06139392201752,1.3764714678846504,3.0191576151505006,78.61114399524739,47.33853836751484,47.59109729793166,5.933485850723593,49.60344576888815,14.314049428534322,539.8202662425649,0.0018524684279835025,0.3,47.255028888286574,10.979561055183444,0.0018524684279835025,0.0,3.9924087235414563,60.94696874501349,0.4252716443609561,11.837905351991983,4.342958297334414,47.59109729793166,0.320583070865875,0,161.42598207261796,BW-001,2029-05-13 13:44:54.220529,97
96.04632041963956,22.272678282048748,21.371558275106764,46.809875617837406,1.8353956758363745,3.7794107431924795,89.02017109298833,45.79970759431711,67.7385389385685,8.411094774741818,49.79338666506919,14.895338161424068,535.9277635497053,0.0018659231113098578,0.3,45.12817564814315,10.794130030279065,0.0018659231113098578,6.145511654629685,4.3167626273803625,77.26057926657371,0.303802506868483,12.43635130514329,3.83666772820456,67.7385389385685,0.3865734588601399,0,169.58660870649942,BW-001,2029-05-23 13:44:54.220529,98
78.22627011142852,25.72079558680922,21.32857419577359,28.514907833370273,1.1955476074099733,5.339536185453431,73.20941916480875,50.22055805004056,80.87098032328905,9.772608568663104,48.064867778054364,14.697192230131568,545.3058019432228,0.001833833413171936,0.3,44.908332063843595,10.672877937713999,0.001833833413171936,2.5136596410271785,4.485809443203758,127.01207802965898,0.3042572927136545,12.737492870763006,3.5557055521794245,80.87098032328905,0.4331616749939303,0,173.69308460131373,BW-001,2029-06-02 13:44:54.220529,99
74.13408912104211,25.501936671105234,18.93281564357982,47.385475383987995,1.9793161167194042,4.025616498116058,88.97865679401845,53.64056211020035,71.87856000545695,8.954848719255178,49.946123081703256,14.756044295927149,526.8025557476826,0.0018982443974302965,0.3,47.48368795216779,9.614532140235704,0.0018982443974302965,8.947311657040004,6.054857903622085,94.7503579355461,0.3285490528873637,11.429341247198915,4.960737481884371,71.87856000545695,0.3976359667424946,0,155.8546533708943,BW-001,2029-06-12 13:44:54.220529,100
87.9264685607898,25.216578198064724,21.714331395435934,43.531080472966764,1.5270967588308189,3.3075291839720378,98.11685461709354,48.757714446016266,63.973010045300235,8.113109002139462,52.34627849738397,15.371047686004653,495.5771072103808,0.002017849463686956,0.3,49.0249544464467,10.796911086772283,0.002017849463686956,2.806899794275328,3.8840683112564314,82.7235915596259,0.3853438205051679,11.522251062850497,3.3587293640244207,63.973010045300235,0.3619164989807817,0,157.1216054025068,BW-001,2029-06-22 13:44:54.220529,101
66.50467757379565,27.465563106963053,27.870446915078027,46.79519791900618,1.58857926258254,5.124516265935845,72.02051804406315,46.643409203525465,71.79073412305029,9.22675790494819,47.27499421647584,15.780755598363426,554.2994916875687,0.0018040788689080212,0.3,44.69112270636123,10.334792641393939,0.0018040788689080212,0.0,4.523580185296923,160.0859888865831,0.4232152753238949,12.06423958418264,4.409108856054891,71.79073412305029,0.40559229458310486,0,164.51235796612693,BW-001,2029-07-02 13:44:54.220529,102
84.5366078374316,24.509458217743713,29.192741800248157,44.7855333480098,0.5678280051592841,4.03764917085887,88.62746553302432,35.91484067625026,73.40483387888807,8.946165318118467,49.7124953246805,15.229986071469558,514.3146933973607,0.0019443348845322563,0.3,45.97109252169942,9.58192356179891,0.0019443348845322563,4.031201513267508,5.366517542262103,75.23141118520574,0.26034169100007576,11.794648359859881,3.795224757105741,73.40483387888807,0.39897718761550177,0,160.83611399808927,BW-001,2029-07-12 13:44:54.220529,103
61.05467897989008,24.258780201268298,27.726639969381996,47.694627103558666,0.7256253366552923,3.0737607493764045,70.66370654586991,41.472204382990824,40.811638580664706,5.430083189653686,45.48048647723141,15.068267665541368,576.1838409823412,0.0017355571761524771,0.3,41.60178351296822,10.326836939316305,0.0017355571761524771,0.0,4.587361794119662,51.214283368367916,0.38355228066136154,11.197692281952122,3.96607939511778,40.811638580664706,0.3088939475635847,0,152.69580384480165,BW-001,2029-07-22 13:44:54.220529,104
83.7652286140854,24.28534513978613,29.638972773775237,44.21085415525701,1.7574930570667067,4.465929571213997,93.1122225342338,48.665907532130106,74.66155785172482,10.395815701427326,49.199462740800705,14.326436855235151,527.7270490895863,0.0018949189770074513,0.3,45.33748130132695,11.189115062947216,0.0018949189770074513,10.075975117654087,3.676510593146688,111.38956430374138,0.2999052557515255,11.84877624586934,4.313512126949114,74.66155785172482,0.4071899742326253,0,161.5742215345819,BW-001,2029-08-01 13:44:54.220529,105
78.7477263917988,24.48891701402599,21.280884863168474,25.35301191962225,1.7970835643825798,5.991373500473133,82.78543906707918,44.02774048659351,97.16723278682498,12.399962146288287,47.84054492025917,14.671552860514302,548.7138028791942,0.0018224436760162232,0.3,45.72216632158647,10.105652971111002,0.0018224436760162232,13.495083286487608,4.443455930370452,168.91419501023339,0.28420349032558795,13.307840032934912,3.153958934129933,97.16723278682498,0.48850491681984154,0,181.47054590365792,BW-001,2029-08-11 13:44:54.220529,106
92.51604036520311,27.998306039716784,29.959642044886863,37.33036093446306,1.6534811227707658,3.4908714635750075,93.84428646249788,48.87364451562977,71.12893427343269,8.189958540787307,49.83049507209853,15.592852077331498,526.2925460642082,0.0019000839124139887,0.3,46.23033518580244,10.758332561068327,0.0019000839124139887,2.6234784456892646,4.133138518280629,75.19485156955531,0.32876271481668345,12.103210657296787,4.198089174300764,71.12893427343269,0.3949842113973714,0,165.04378169041073,BW-001,2029-08-21 13:44:54.220529,107
97.79062919529713,27.097884344064468,20.96817722091837,34.81305924744224,0.6937391227272425,3.819778580994628,98.5259068675123,38.021157835618006,81.82214886858006,9.408678718139875,52.38754768995963,14.62160245571527,511.28429878277547,0.0019558590052163143,0.3,48.004915702311415,10.696482188398601,0.0019558590052163143,3.4012383000627016,4.192634710788308,116.38620976838274,0.40480392081707456,13.123680078226611,3.5348040557150826,81.82214886858006,0.42612578586343286,0,178.95927379399924,BW-001,2029-08-31 13:44:54.220529,108
98.1620410903489,25.63704780670528,20.743713666041554,40.12081642574056,1.4271923606868437,4.297004403127806,98.30847760502797,43.394546338522446,78.35009332211501,10.560799028339913,50.302495496810494,14.838660080578933,532.2642208671111,0.0018787661480813061,0.3,46.852273188891054,10.84987130128665,0.0018787661480813061,0.13550085378730412,4.226710714937419,136.26680039613052,0.37535092877328347,11.905428038755588,4.413259739757419,78.35009332211501,0.42084624400051673,0,162.34674598303073,BW-001,2029-09-10 13:44:54.220529,109
74.32650872131362,22.681345553197772,26.058878347113595,36.48738482169104,1.658477587603459,3.82264560704601,99.51932943879484,43.18668012630086,84.38611026631597,9.510678187384345,47.898143291741995,15.27811500470033,549.5281014361358,0.0018197431530555066,0.3,44.77215356798319,11.270588864928612,0.0018197431530555066,0.0,3.5332812334767416,68.54655511205044,0.23567858554529236,13.192726902640004,3.5421925075281315,84.38611026631597,0.446145464651894,0,179.9008213996364,BW-001,2029-09-20 13:44:54.220529,110
80.80654004447973,27.11308900191124,24.622882065293826,37.46251131684927,1.8149804039875175,5.682297611037403,76.89863817673259,39.26209408050167,87.76322066973624,10.924023700091931,49.576868778753564,14.678240884809929,544.5616245906017,0.0018363394606658047,0.3,46.04304239215131,10.424977475931263,0.0018363394606658047,7.147641384953958,5.389806495762602,177.36713041431292,0.3571712904102167,12.946890773867318,4.893467457846791,87.76322066973624,0.45591255627630134,0,176.54851055273616,BW-001,2029-09-30 13:44:54.220529,111
76.13931464849588,22.804091370703844,18.345392115760067,42.123294136166855,1.4304643270301969,4.105579031171283,95.93074749518911,44.46419813383115,77.62324005851534,9.846281634020887,49.34873732535562,15.134296139431628,525.274186258243,0.0019037676439488409,0.3,44.75200588848197,10.491511665512547,0.0019037676439488409,0.01109514351089419,4.5941545569447495,105.95789042272237,0.3276397951570941,12.568190671451077,4.1751717422188035,77.62324005851534,0.4163263894058573,0,171.38441824706015,BW-001,2029-10-10 13:44:54.220529,112
88.16319072396894,23.277784969053464,19.636457707041238,24.349071976029165,1.0258813382098955,5.904580283744165,75.56576547109364,52.37246335911222,92.77540349157913,11.15460322316638,51.75294703500787,15.269148039524817,511.1970709772665,0.0019561927420442345,0.3,48.03236018064115,10.816546569076001,0.0019561927420442345,3.51950684105692,4.533195236686514,185.30437638525328,0.3516839353529807,13.412845384870327,3.8163033817333964,92.77540349157913,0.4626104662651104,0,182.90243706641354,BW-001,2029-10-20 13:44:54.220529,113
83.59670747418532,24.353464270598394,23.249699064284748,45.699808667849965,1.0223832005349505,5.534349684350663,92.83071972828996,47.52440643262831,106.36423328671167,12.84394161065766,50.6120134584376,14.580395166330497,511.20544659515207,0.0019561606916757824,0.3,45.932742842851354,10.453799743133148,0.0019561606916757824,3.2612077151556766,3.664083666467568,149.8837776571885,0.2635722746731269,13.107828216530411,3.5062030783592175,106.36423328671167,0.5079090782675846,0,178.7431120435965,BW-001,2029-10-30 13:44:54.220529,114
80.55957956639243,26.70191807644686,22.758513387855242,38.93008080546896,1.7935455631201178,3.3937346330471625,70.97578538473756,53.41695695631374,54.420605031018965,6.021824524197663,48.03912774093783,16.02810356497016,515.4497568468228,0.0019400532965954467,0.3,45.981779457648535,10.905199172498994,0.0019400532965954467,1.2646889680831914,4.681919919663498,70.92727513712165,0.433827733709382,11.663321669818204,3.798070635284869,54.420605031018965,0.33603694382411003,0,159.04529549752095,BW-001,2029-11-09 13:44:54.220529,115
97.98082494630569,22.882440885574226,29.119051501937932,35.81079103390891,0.8873665824484376,4.44456705453765,73.51924566887183,37.50371584405101,67.809266269963,8.16903042935819,50.59391537622417,14.86159335005554,512.7822249426605,0.001950145600526267,0.3,46.42579450312948,10.4432039195032,0.001950145600526267,0.0,4.678911766634161,101.47278793534488,0.34934910031345695,12.29563312649331,4.344920996050058,67.809266269963,0.3798655550493415,0,167.66772445218152,BW-001,2029-11-19 13:44:54.220529,116
78.36543024953045,27.88019545171286,23.911417127914433,31.890038646900198,1.4501012814750887,5.056695861686914,82.90917684698388,39.01049453400673,80.14513625176387,10.481162286450298,49.06222123523867,15.430236744179872,535.1213221930698,0.00186873510459597,0.3,44.64890961220015,10.189778243694706,0.00186873510459597,0.0,4.541916782502674,139.0812288012486,0.3280214568367492,12.457662247373777,3.1852509661027346,80.14513625176387,0.42768685083046715,0,169.87721246418786,BW-001,2029-11-29 13:44:54.220529,117
69.60582475112773,22.455179968651983,19.54655666292779,27.07310013498654,0.7278540402684415,4.745914205743196,78.06980213305293,50.951182012743764,74.03107143961343,9.26281457457041,46.857796274100224,15.141289975244149,543.0088092347709,0.0018415907495298997,0.3,41.985452216985934,10.373064295274306,0.0018415907495298997,5.041863839309919,4.780861330754882,126.59093926645565,0.3599563023728398,12.487797818659198,3.8680419454175174,74.03107143961343,0.409672880902476,0,170.28815207262542,BW-001,2029-12-09 13:44:54.220529,118
65.5530869059764,25.84524846881929,20.182561012789737,32.29601479977272,1.8451826148590178,3.9310858767707213,83.65660447245403,35.232410798162014,64.90708487456709,8.221532408506462,46.58427190971291,15.245487475819125,562.9928217161498,0.0017762215812125947,0.3,42.362843513852354,11.177512002004748,0.0017762215812125947,2.8473246727566814,3.948901941324676,88.46625616661966,0.3421545795828479,11.395895282732273,4.4468956357000025,64.90708487456709,0.38525479609673524,0,155.39857203725825,BW-001,2029-12-19 13:44:54.220529,119
78.95846561051489,26.005346431126164,20.067838454419558,28.6149364514081,0.5613029243997183,4.43981650415137,88.0006164435791,40.833251574186065,74.70051940183802,9.767664731542423,49.57864762762705,15.586736928742663,529.5264613037222,0.0018884797513951373,0.3,45.27187928130412,10.350712225395291,0.0018884797513951373,6.227838820082485,4.861778928765028,120.12847748360021,0.3462583221405636,12.315743551995556,4.226583369774758,74.70051940183802,0.40785966973057675,0,167.9419575272121,BW-001,2029-12-29 13:44:54.220529,120
66.75740252288658,23.671542034191752,20.124125811320962,26.128860810169336,0.6809538066509012,5.0849456583796275,95.80367191567613,50.597019777867,97.31040822739806,12.17891163911109,47.19463193713669,15.199843975876322,528.9666326571504,0.0018904784125545208,0.3,44.92881779522765,10.820557267056543,0.0018904784125545208,5.634322953465316,3.9333703341088464,108.31351723160329,0.21862402020030633,13.38003268007314,4.428105446756254,97.31040822739806,0.4830580172218053,0,182.45499109190646,BW-001,2030-01-08 13:44:54.220529,121
78.43115072130902,23.238002310434755,22.371238332576905,36.082014500516564,1.5355922429440478,3.3147905352545246,77.26135047587583,54.73325186534293,48.366015061485314,6.402629832460397,48.11331571440452,15.293182009377547,529.2320025388423,0.0018895304803994849,0.3,44.89068662130723,10.63414608365391,0.0018895304803994849,0.0,4.322498315131435,74.0472877580418,0.4361186756628689,11.851879333537495,3.0274911080226907,48.366015061485314,0.3199896509666037,0,161.61653636642038,BW-001,2030-01-18 13:44:54.220529,122
61.57248559364396,26.796462393454256,25.534804673890893,25.962216766772926,1.810367936160166,3.4274866287045396,84.96664460354069,47.36311468636238,60.86885154622503,7.28055095661316,47.47415591048023,15.154416506299482,539.8801677142145,0.0018522628905482408,0.3,43.04945028045256,10.303190878071092,0.0018522628905482408,0.0,4.705866358091955,68.21712388176185,0.3417144963695325,11.64031569108548,3.541612656073945,60.86885154622503,0.36486022213501446,0,158.73157760571107,BW-001,2030-01-28 13:44:54.220529,123
96.83489602127253,22.366467759129183,21.322531777766443,43.34883071503347,1.6223895355754876,3.029312542257551,79.79383924731975,45.35423286769423,57.25222105748455,6.0430119506697135,53.227449347826116,16.300841557090198,497.4550322940163,0.0020102319507926078,0.3,50.32875231396449,10.791578882648452,0.0020102319507926078,0.30756216943001236,3.963294528031091,71.38089017445614,0.4874100015502568,11.556985104792139,4.213463449434872,57.25222105748455,0.3400772465464867,0,157.5952514289837,BW-001,2030-02-07 13:44:54.220529,124
67.38084077425509,23.256095940020263,22.445665233496584,35.62855164458451,1.427382157295444,3.2635994974345,80.51880793627542,35.66406217582733,51.66116838738328,6.569528527871336,47.67263576176981,15.376670810552266,520.4555169763561,0.0019213937932863324,0.3,45.52195772737789,10.931900419097982,0.0019213937932863324,4.976059757125742,4.019690268999159,65.609218252675,0.38251090030141105,11.75135936979461,4.902981420353575,51.66116838738328,0.3283405497175177,0,160.24580958810833,BW-001,2030-02-17 13:44:54.220529,125
74.75654558279089,24.775208296798887,26.96965125760508,24.88039686937435,0.8786554165160312,3.3981472621291813,87.02622544784674,48.78929938274531,55.48620051965637,7.393198243475932,48.594640222301415,15.336590675634978,543.570444285443,0.0018396879567551944,0.3,45.70876874015759,10.363066074950602,0.0018396879567551944,0.0,4.354962994716739,83.41555908523637,0.4150329055658526,12.065133510911206,4.6459676100835345,55.48620051965637,0.34802513501782084,0,164.52454787606192,BW-001,2030-02-27 13:44:54.220529,126
88.5339834353821,27.371241026123194,24.140129305387994,36.77072364636757,0.6607580170096641,5.401760097327249,76.0045073273443,38.349651645181396,83.48917579131424,10.263952872446623,50.14164153132354,14.895488371356988,506.25743666150896,0.001975279625706742,0.3,47.1771544275799,10.946024604273418,0.001975279625706742,0.0,3.5917374829973214,146.42270901236705,0.3301174706648592,12.901046229565324,3.400564035735252,83.48917579131424,0.43017448363616684,0,175.92335767589077,BW-001,2030-03-09 13:44:54.220529,127
77.89649467293819,25.19570359873014,20.909646043616757,30.461837542785144,1.065926244656934,5.119427179460704,70.94758434476927,53.7242449248738,68.64947174430759,9.080274790292313,47.83395374673143,15.294289202210305,530.9574951228266,0.001883389930805421,0.3,43.9125256202039,10.588529135843183,0.001883389930805421,0.5821716409524544,4.494683945544274,160.89670742816807,0.43265010010973576,12.523983884413338,4.475834786708051,68.64947174430759,0.3881188210178732,0,170.78159842381825,BW-001,2030-03-19 13:44:54.220529,128
60.802847911109055,23.93247499349907,20.537376083958534,31.859936452269952,0.6796431977288768,3.155913850954417,86.23889005903212,49.18121038901833,56.39881728256532,6.804062690705867,47.79033169101776,14.402058468982407,541.0607802567889,0.0018482211915737032,0.3,45.421569655621596,11.38563319920327,0.0018482211915737032,0.0,3.61675608559093,60.92472524882855,0.35465831504352685,11.875176557227915,3.742225876860256,56.39881728256532,0.35031429168558775,0,161.93422578038067,BW-001,2030-03-29 13:44:54.220529,129
95.6210912295958,25.561554721324292,26.149227829733874,42.94010972657612,1.247663298393586,5.405184249209375,80.18350577628418,51.29650227493025,90.08854989545847,10.835165561709005,51.78776635265951,14.69510854784031,517.8207566762342,0.0019311701725105758,0.3,48.439717126540586,11.09095854528651,0.0019311701725105758,9.292231433430853,4.280725360595321,146.7173556849894,0.3131449769574764,13.157173207624487,4.076663886511427,90.08854989545847,0.4556413933210651,0,179.41599828578845,BW-001,2030-04-08 13:44:54.220529,130
63.47681152349695,25.222639250911286,25.04209341625055,41.89054738042392,1.147489319344519,3.2403445391540253,96.84449968181583,45.951847523074726,61.77214350537348,7.845238642276893,46.38750456185162,14.60755084345888,548.6828705658036,0.0018225464173299173,0.3,43.661709520905035,10.84824406046633,0.0018225464173299173,0.0,4.404767726180788,68.50506252802674,0.3368490531725448,11.357373485847532,4.7906921783063385,61.77214350537348,0.3705120061876527,0,154.8732748070118,BW-001,2030-04-18 13:44:54.220529,131
65.10321211182256,23.702655434792348,22.356987556783622,39.50201379195843,1.3561674570033677,4.930733085589575,85.7920798280834,49.63179043510664,91.18996043163048,10.57544616224682,47.41376225061724,15.209766221953513,538.9470793583797,0.0018554697451751794,0.3,43.00188672795968,10.974459934789417,0.0018554697451751794,5.579369999270676,4.853438076883906,147.43624115863952,0.3534305372648131,13.212080461587968,3.9086908461353103,91.18996043163048,0.4656506585796155,0,180.16473356710867,BW-001,2030-04-28 13:44:54.220529,132
74.24386903591385,27.91909149275788,25.269297832282646,29.693443001663866,0.6526737089306056,3.2448899460917686,71.81056251971691,39.94206468020293,41.44559323433397,5.825434308585594,47.24908817758498,15.361190678913886,537.1178737819148,0.0018617887223876459,0.3,44.434860036244835,10.881797352498957,0.0018617887223876459,0.0,3.5682002981491134,55.645463660402605,0.3679692244337214,11.738298603673485,4.410921660566973,41.44559323433397,0.2992873395823543,0,160.06770823191115,BW-001,2030-05-08 13:44:54.220529,133
66.11436556737328,23.47574637030705,19.92817647911467,28.477608577231337,0.9276427530407707,5.369095521427438,89.76123326502628,44.96391432906278,93.74083591648012,12.048415888026403,46.544321683014225,14.800181907192698,564.5168459783807,0.0017714263216837588,0.3,44.142836594015144,10.808542297095414,0.0017714263216837588,0.0,4.237164164514702,106.20992255528668,0.20523150244049848,12.05252703999899,4.298644649153763,93.74083591648012,0.4818245068484479,0,164.3526414545317,BW-001,2030-05-18 13:44:54.220529,134
66.93494381179019,27.380592547758553,18.962804947939706,36.58827334968611,1.1155952404844922,4.666090652812894,91.57605334816792,39.56909482662597,79.82129720736972,10.682554163734531,47.26492629752042,14.290817133533483,550.6897370465638,0.0018159045515595738,0.3,45.26452221850696,10.342238719041719,0.0018159045515595738,5.877539019356293,4.469904271291812,119.27197382038527,0.2991025694779269,13.027191807897246,3.8878389090127556,79.82129720736972,0.43127791180520153,0,177.64352465314428,BW-001,2030-05-28 13:44:54.220529,135
99.29514467634425,22.672233413008314,22.774267188548897,47.26729039860885,1.7982606888409705,5.040684727293874,72.16595226937528,35.61305004411612,75.57454962710541,9.094145335871467,50.13346288947086,15.631292051713592,503.30746921906734,0.0019868570628439144,0.3,47.30495421600816,10.52422683678139,0.0019868570628439144,0.0,4.522330368376304,115.3923211718062,0.3146556228408755,12.28251286952716,3.98219145876633,75.57454962710541,0.4029074061894049,0,167.48881185718852,BW-001,2030-06-07 13:44:54.220529,136
92.68288283797119,23.54741696226964,20.05065104868079,40.047437278186344,1.8940639836913786,3.773048665533641,83.87868870217949,52.36545010816761,67.96007031653711,7.911959361861751,50.35057427980323,14.717876200671306,542.4599797884852,0.001843453963903324,0.3,47.40176383061531,11.124849031276243,0.001843453963903324,0.0,3.7932583487478064,80.28909772607156,0.3361941372166893,12.930458030384461,4.310347429048676,67.96007031653711,0.3892715616583359,0,176.32442768706082,BW-001,2030-06-17 13:44:54.220529,137
82.2705157205572,25.4296761368194,21.35974912392341,42.46783039660649,0.7805656228362851,4.276480003344226,80.37804977640889,42.42077525969205,73.11281725841962,8.593378064415486,49.52512866128062,16.003046444079562,538.7386908067879,0.0018561874561161562,0.3,46.71394880212704,10.30492393411145,0.0018561874561161562,0.0,4.957392820102368,91.9299220222425,0.31269183433474385,12.102160243982983,3.320925228542453,73.11281725841962,0.4053309981034351,0,165.02945787249521,BW-001,2030-06-27 13:44:54.220529,138
72.94716945616975,24.5526186316985,24.09132454421346,29.817833577961927,0.6722552371088053,5.962948691208173,71.20327574237447,52.34062992244897,77.10726167256796,10.614536997443164,50.00357899506186,15.512031262905731,531.6589762100667,0.001880904949876901,0.3,46.70212673633227,10.789575545551298,0.001880904949876901,1.2500852993192568,4.142546193096577,191.32969878790107,0.37785943707517916,12.609879402301752,4.628251371182324,77.10726167256796,0.41652189843824655,0,171.95290094047846,BW-001,2030-07-07 13:44:54.220529,139
84.4248016976653,23.731783319441533,24.974858657071348,27.704705166580855,1.2217101527822263,5.17577298124541,84.60006824274109,52.468464761633214,97.58283499711011,10.946768685557428,50.256247203850975,14.724407141835734,525.3934491589106,0.001903335493811115,0.3,45.36401195438065,11.004993906833876,0.001903335493811115,1.6123120710698093,3.820178495882649,112.61524156981291,0.24845401852302001,13.194048577027376,3.5783748925918997,97.58283499711011,0.48289415140470693,0,179.91884423219147,BW-001,2030-07-17 13:44:54.220529,140
81.30357730206343,22.310941220934563,22.03925133832705,27.225952246535382,0.5950624557091516,5.702105592033775,82.65162780620366,40.536555944701036,98.26015302971949,11.782207727611203,48.37733771188721,14.914907688737536,532.3717426811917,0.0018783866982941004,0.3,44.4792020756414,9.442450134267744,0.0018783866982941004,0.0,5.7142229701066585,121.31197058064284,0.2257104880012508,12.664586296626872,4.0300113194194465,98.26015302971949,0.48724536623675574,0,172.69890404491187,BW-001,2030-07-27 13:44:54.220529,141
99.5984092955978,23.934123069848336,27.71849335025562,30.111375714330332,1.522254083335894,3.631986567017,88.68899750690449,47.63120440185041,65.31982253958967,8.052931189682031,51.4865333450124,15.477652604285256,515.1091888589946,0.001941335976193853,0.3,47.487377104277776,10.167343951244453,0.001941335976193853,0.7344883512362652,4.891850760977226,62.64539583914387,0.26773241103586926,12.286448082022067,3.707578317472872,65.31982253958967,0.3722654984563306,0,167.54247384575547,BW-001,2030-08-06 13:44:54.220529,142
90.40911439558747,25.573832443647067,23.6589142626019,33.88418193953444,1.023302399814493,5.199339067245843,73.9470305538178,49.31649929364177,78.5141376110871,9.61189212163217,50.64977404562997,14.429155442933247,529.3387388811606,0.0018891494737635392,0.3,46.30430245559516,10.337867746688628,0.0018891494737635392,0.0,4.530699306038293,143.5653138246877,0.35908933731527787,12.746411482546238,3.6155916633614913,78.5141376110871,0.4205154137013052,0,173.81470203472142,BW-001,2030-08-16 13:44:54.220529,143
97.18116576991304,26.983716446726376,29.58032292799815,26.983133363653074,1.5963012128054663,4.476833569344104,77.4169322320953,52.41499802545023,67.85909431548892,8.664568026307046,51.38351540620724,14.06673169146347,501.76291942359524,0.0019929730980295618,0.3,48.3033640085043,10.578703082001093,0.0019929730980295618,0.3015857589874207,4.601658942677641,97.41913436801539,0.31393259802033635,11.36113819479847,4.011268306843918,67.85909431548892,0.3767258568787083,0,154.92461174725184,BW-001,2030-08-26 13:44:54.220529,144
97.53361827284152,23.08739839699396,18.79795520840133,41.78689558296142,1.3617096697698678,4.3359157650079965,85.4445206178907,42.18466738799531,68.31820855560403,9.262006099516578,51.54736205508353,15.756724871621065,506.4644033992667,0.001974472427456385,0.3,48.92071388306804,9.810394608929563,0.001974472427456385,0.0,4.768236113949544,114.78131312998123,0.35726897399566393,11.649700653135032,4.1067423794995435,68.31820855560403,0.37966668287179345,0,158.85955436093224,BW-001,2030-09-05 13:44:54.220529,145
93.67315107033087,22.838634259757736,27.543207742318682,28.83905568114587,0.7454839142985568,4.173244609955282,99.08236967005863,40.16266865402255,84.29510974441152,10.337374129179224,51.68178434510441,15.927046283167094,496.41738515270146,0.0020144338814652774,0.3,49.524719284541995,9.773838108223774,0.0020144338814652774,0.0,5.661902152117449,88.40796215211438,0.2561635406461671,12.521688862865231,4.717633542336309,84.29510974441152,0.42990891469384884,0,170.75030267543497,BW-001,2030-09-15 13:44:54.220529,146
66.57063191723972,26.88744832138829,25.9823666483544,36.553570194458864,1.0382457261852538,4.970209993623877,79.75570192674084,50.46946251373201,71.5010241005054,9.910064669119361,48.20662848311131,14.886757950575085,539.5915091892151,0.0018532537724742745,0.3,45.57064631901534,10.861329928247235,0.0018532537724742745,1.780359863925283,4.027492914831029,156.81029434802315,0.39795444159407317,12.54474070337663,4.717528558698945,71.5010241005054,0.4002141997584492,0,171.0646459551359,BW-001,2030-09-25 13:44:54.220529,147
95.08802163252433,24.354670644535812,27.799193273658926,34.53923780568525,1.0654166441373614,3.220490241990038,75.09273715262623,45.395478971120355,47.00510559637207,6.0458856811088895,50.30376400815517,15.544374309852094,513.5189746012585,0.0019473477114969088,0.3,45.66329379439071,11.619497919069998,0.0019473477114969088,3.644505242930599,3.0589449110179556,63.3888526662976,0.4069499369370095,12.259681518748454,4.221093510030849,47.00510559637207,0.31073937770161775,0,167.17747525566074,BW-001,2030-10-05 13:44:54.220529,148
78.50719142678426,23.80826724498485,26.971312562115013,36.0652893622195,0.848319042720226,4.011009529293859,94.86650097647828,43.617750473236114,79.34670893801889,9.512760985685489,50.66066501995225,14.755575289106863,529.9118187614216,0.0018871064290230952,0.3,48.25086230899873,9.872679710799076,0.0018871064290230952,4.372514254478608,5.509697851788978,108.74462595191842,0.3562521861238664,12.036857978195483,3.3585065114785615,79.34670893801889,0.4234625754218228,0,164.1389724299384,BW-001,2030-10-15 13:44:54.220529,149
95.98298293098273,24.30334732823927,24.52263433336786,45.755330663149124,1.4363569938709881,5.120331650656338,75.0112572370285,38.35238432576635,69.85652123131622,9.602062864657034,50.2778300063584,14.115780317218574,518.8511559247195,0.0019273350142542437,0.3,47.33094797506835,10.999286931649944,0.0019273350142542437,0.0,4.4935149543268444,121.76491604484431,0.30957761492218383,12.543008109888595,3.23510260030044,69.85652123131622,0.38851041754846993,0,171.041019680299,BW-001,2030-10-25 13:44:54.220529,150
66.6113796057183,22.011952811314423,26.62487541424236,41.5776251774011,1.2724000248698892,3.9192984681101146,71.20774009027696,46.767044419663065,57.538798417573815,6.977109666335142,46.755736953646775,15.210773041768281,552.9563671644379,0.0018084609552974375,0.99,44.69270948268769,11.604119172508472,0.0018084609552974375,0.0,3.378251413808509,90.2808354616694,0.4126878618042641,11.327829076212979,3.7174850210857775,57.538798417573815,0.35768290487457743,0,154.47039649381335,BW-002,2026-09-26 13:44:54.340925,1
66.45451204221534,22.501326025064138,18.229547597247443,27.977956247165295,1.83628330247472,4.632595987511106,78.25717543111026,49.1887772926795,72.13493238512925,9.063346922402852,47.2349952026277,15.185030557634478,538.2157146868193,0.0018579910855666616,0.98,42.78502947302283,10.438570148250427,0.0018579910855666616,4.576623024552781,4.585370296967192,117.59744366423259,0.3501022190394433,12.405997872685871,3.9717712123792266,72.13493238512925,0.4019144890231433,0,169.17269826389824,BW-002,2026-10-06 13:44:54.340925,2
69.66147366806727,24.125627963303295,19.264145813775997,29.33667131395609,1.2788368561703076,3.814476007628134,97.12729874222696,42.49443941014753,70.94685738160295,9.262243768448874,47.325488370110335,14.751533987441011,545.4503164065195,0.0018333475477438506,0.97,44.924401406912025,11.297029350045332,0.0018333475477438506,0.0,3.753081750172575,110.98422753496827,0.39266318256426286,12.37451571227665,4.6016361997195006,70.94685738160295,0.40012461952729905,0,168.74339607649978,BW-002,2026-10-16 13:44:54.340925,3
84.3101073238261,23.472113884997267,18.692785910701406,33.384788859057565,0.8513050563895013,4.278363713856693,94.97090618982985,51.11297610726684,81.6136621186344,10.1580019728664,49.46394712419438,14.982496194996882,513.8984944154228,0.0019459095733244645,0.96,46.3737353281961,10.778190037444073,0.0019459095733244645,0.0,4.28827750464319,145.08744815107784,0.4173052612644428,12.308637884016628,4.172470997561524,81.6136621186344,0.42621508872007485,0,167.8450620547722,BW-002,2026-10-26 13:44:54.340925,4
68.78215692919207,27.759176816280732,25.39560583110869,37.3650826361303,1.1236626552849829,3.6729556765605786,76.78237213031689,51.34610624426473,46.476344813078036,7.050456239395856,46.50632267574996,15.129330573927694,536.4187546361605,0.001864215207535529,0.95,42.21037377717381,11.299469730203201,0.001864215207535529,0.0,3.895339675098057,72.85379659073557,0.35166511848780757,11.522690050960001,3.927872526909782,46.476344813078036,0.3158467757677749,0,157.127591604,BW-002,2026-11-05 13:44:54.340925,5
77.15777333720577,25.245430023028483,26.357157684433286,40.85150630836391,0.7575408615581743,5.612065366372319,72.50574744040057,39.22251885116075,78.33128392715031,10.17267485183026,48.78640577643853,14.784437215212451,536.9773756367075,0.0018622758525240937,0.94,46.595022107677735,11.090488642114874,0.0018622758525240937,0.0,3.675860245038996,158.8709053159121,0.3478535974534647,12.411479607777837,3.670813626992694,78.33128392715031,0.42219749244817995,0,169.2474491969705,BW-002,2026-11-15 13:44:54.340925,6
80.00451008306507,24.47174857020461,28.44632359523261,39.15405410924103,1.2987560996239726,5.257405012759483,71.53881546943647,44.85070761428578,65.56086959854794,9.402713176397274,49.408729359296515,15.222386903915798,529.7400721648598,0.001887718246258688,0.9299999999999999,44.47887644735149,11.32423680703087,0.001887718246258688,4.714113679862781,4.039410799534229,147.46779055488707,0.37289156811132845,12.397489945755835,4.263088757352321,65.56086959854794,0.3774582536446177,0,169.05668107848865,BW-002,2026-11-25 13:44:54.340925,7
64.61578568715669,25.633827335940467,19.406446868162803,32.09295781357805,0.7142629472214979,4.183716945956771,85.89821760790699,38.22734716776766,68.49735984153692,8.98434571584207,45.86671417027136,15.18207014802733,554.33148842368,0.0018039747351239986,0.92,42.56312128035787,10.525085014241325,0.0018039747351239986,0.0,4.544467613399129,91.02497739850487,0.3027065674879123,12.334520149952755,3.7516424380158817,68.49735984153692,0.39462397933222704,0,168.1980020448103,BW-002,2026-12-05 13:44:54.340925,8
87.68294588097476,23.237512683016917,22.70231247825631,45.496194662850684,0.8064745750984554,4.715987634850778,94.16296987899959,50.20321859580318,87.9545406474813,11.101785040254708,50.15962034905416,15.08024481198674,497.495830925979,0.0020100670957155964,0.91,46.97835492435794,11.060494226700929,0.0020100670957155964,0.0,3.6142427493651277,137.36429209972695,0.3279581241463951,12.227479529558583,3.893748390400878,87.9545406474813,0.4424305514360647,0,166.73835722125338,BW-002,2026-12-15 13:44:54.340925,9
80.31220255835116,24.51562996699613,18.217488492548757,43.02619472574751,0.6035688594718995,3.80452310323474,80.83224179023111,43.16911162816965,60.657285481532064,7.688203284429774,51.25936142314992,14.635961451072339,506.27942045393274,0.001975193854617663,0.9,47.032251611880575,11.589770513009489,0.001975193854617663,0.0,2.8432264356356285,83.23167071586118,0.3556915447774291,12.188618422258761,3.32913211685867,60.657285481532064,0.3540747777412867,0,166.20843303080127,BW-002,2026-12-25 13:44:54.340925,10
78.97020083907815,25.3640697696337,25.541117479375046,40.52715910338901,0.8799085752840726,5.039091650500036,71.70041296497506,35.69345408452133,80.09997111782442,9.032623807730259,49.21887868557312,15.596367582708208,528.8508935088786,0.001890892144220631,0.89,46.01892963069241,10.416857108855547,0.001890892144220631,0.0,4.619022494609688,133.50950666810476,0.3666536593453425,12.439529215954504,4.420843630024823,80.09997111782442,0.425655171778745,0,169.62994385392506,BW-002,2027-01-04 13:44:54.340925,11
60.39915106633798,26.34066197412947,24.42787919217094,44.06682487697397,1.7320825443510415,3.5803060288694475,89.24513443768755,40.19656275880599,59.60747837590254,7.988122321862927,44.80200450404181,15.295211030625731,569.0517138859258,0.001757309530220418,0.88,40.14897422012795,10.52754701601175,0.001757309530220418,1.8019796965386319,4.143797167334581,92.57415069274097,0.40460839826504197,10.753321629550308,3.168426022354197,59.60747837590254,0.3694071087521195,0,146.6362040393224,BW-002,2027-01-14 13:44:54.340925,12
93.73304671151533,24.91056795987724,22.00354075004239,42.99739686219288,1.1769411695438823,5.658258326440549,96.8706983279985,40.94574408562653,107.27818025510612,13.702985885062702,50.91781046978675,15.514728740799178,515.8856384283417,0.0019384141086899115,0.87,46.81451770769394,10.139051147340343,0.0019384141086899115,9.284387208060046,4.901790174699044,180.2743213971258,0.29063365317011575,12.466220406158014,3.218964732137988,107.27818025510612,0.5123596257121896,0,169.99391462942745,BW-002,2027-01-24 13:44:54.340925,13
67.33768785613738,27.129844117368847,28.590718521268165,35.191434147364085,0.6135495909646812,3.7215947555404463,90.1715152987511,51.521293690965706,59.975625209767955,8.38954596087418,47.972968558449054,15.410079093377743,524.2144331053443,0.0019076163051753357,0.86,45.95090942478577,9.310736685686194,0.0019076163051753357,5.637968246925949,6.070831040895403,81.06855249442435,0.3245599239801964,12.261927039793635,4.435122765297072,59.975625209767955,0.35718308063082976,0,167.20809599718592,BW-002,2027-02-03 13:44:54.340925,14
75.51304359667725,26.82122595677562,28.821288342554745,28.8833458199423,0.6004604180379073,5.0192763927336514,94.73051341748048,42.939843244149486,97.50464447288604,11.886965741697454,48.262267934469065,15.036598495500847,534.0539784867555,0.0018724699005772877,0.85,43.32517241209406,10.614863612294235,0.0018724699005772877,0.0,4.405114159231266,151.00338328671037,0.3163621865772398,13.614271781280962,4.228998920510385,97.50464447288604,0.48523167512231347,0,185.6491606538313,BW-002,2027-02-13 13:44:54.340925,15
95.09401812531354,24.33642963387325,24.50113157121076,47.233579489218215,0.5998470918713343,4.081423515424662,90.13812475687398,40.41287883963531,70.0990653030736,9.197296550474684,51.11385972999877,14.958141020075393,522.910929023379,0.0019123715808879004,0.84,46.38406925551962,9.25793332803519,0.0019123715808879004,3.3812872272489534,6.233574591646093,90.41038998891979,0.3010623889516969,11.800279709610043,4.976027924130843,70.0990653030736,0.390536829717259,0,160.91290513104605,BW-002,2027-02-23 13:44:54.340925,16
85.93272029808382,22.444632535449202,22.505627141598005,43.291549084642725,1.1502083491334516,3.243688904420018,99.7774538646329,38.12403015861199,67.75552250748927,8.09117550029975,48.770361916329406,15.089347358405238,525.3406988528438,0.0019035266107949418,0.83,45.3996977011176,10.817358300396613,0.0019035266107949418,1.8437932716431327,3.475441432223543,92.21656851760214,0.4392058884652489,11.784280860552231,4.369450327762009,67.75552250748927,0.38345395134748406,0,160.69473900753042,BW-002,2027-03-05 13:44:54.340925,17
99.88729415611802,25.354355709679613,21.853945831631442,29.282671821714075,1.0257808014292427,4.733421150753254,95.98304636133504,40.78879043238976,96.44280283900036,11.358204544011837,53.21230890771475,14.574732360626477,501.1908886717228,0.0019952477640809516,0.8200000000000001,48.312190487659365,10.248480178045043,0.0019952477640809516,0.0,4.824578883210861,110.66878173406585,0.25730623478738823,12.52610460719411,3.562569127106068,96.44280283900036,0.47183327606485137,0,170.8105173708288,BW-002,2027-03-15 13:44:54.340925,18
74.90133095038203,22.412282066343767,22.43489039312128,35.1417244737414,1.584106628358207,4.403043637454632,88.58169908099507,43.223809517389824,68.82545736918652,9.750727163337402,50.720389559236196,15.637695368999507,516.6664373199383,0.0019354847301234013,0.81,48.51412783996874,10.553130322001236,0.0019354847301234013,5.9292239626880034,3.787261834330015,100.5141223665143,0.2926490399918096,11.889974550625091,3.039302965493696,68.82545736918652,0.3844181224266032,0,162.13601659943308,BW-002,2027-03-25 13:44:54.340925,19
86.26917938886432,26.252593931374925,18.100364182522284,29.224017589932863,1.4925264325997847,4.692695450053608,95.51723584045348,39.03056756012626,85.72420638982815,11.205832450754837,49.78866247475242,15.419734252259202,526.5865888884828,0.001899022916840318,0.8,45.15541426016455,11.292750775564274,0.001899022916840318,2.9175368558875836,3.564026012577886,106.06863930214067,0.2521334787737443,12.0544262247337,3.0141836255487418,85.72420638982815,0.4437233312993053,0,164.37853942818683,BW-002,2027-04-04 13:44:54.340925,20
79.35957472718988,22.031880854010076,27.653935709181866,42.54742975896809,1.322628744490344,5.803299116260324,90.67262961244688,51.4654642536006,112.58799094658698,13.155009782472819,50.12213092083274,15.436098500036488,529.2258681806951,0.0018895523823082797,0.79,45.206595016856284,10.321215898154756,0.0018895523823082797,0.7042740082747228,4.12019906138303,176.2726195098641,0.28862154045143934,13.757992162953286,3.2932166007200063,112.58799094658698,0.5340610636094985,0,187.60898404027208,BW-002,2027-04-14 13:44:54.340925,21
62.65853303105089,26.59909029719551,25.00456305277637,42.76703945179102,1.6276204885937606,3.0486011920184017,94.55141274338605,35.80277718170733,59.127046352126555,7.206238739912766,46.08369322346353,15.1663037551621,545.3240045967261,0.0018337722006928935,0.78,42.67547269749575,10.782780605718537,0.0018337722006928935,0.0,4.455364934424607,71.33881348821222,0.40590708671921777,11.70082628231286,4.232581496708289,59.127046352126555,0.36068735588610634,0,159.556722031539,BW-002,2027-04-24 13:44:54.340925,22
92.12008287831348,25.108048398427748,19.68389421832218,40.10777936111253,1.430710677577956,5.669740129088588,99.7588824171593,40.88134924353555,116.43862642047716,14.140173471839951,51.75114050408809,15.532585982857194,503.90522137900024,0.001984500174980076,0.77,48.85756230891746,10.370838067273446,0.001984500174980076,0.0,4.583318597606346,154.39045112400873,0.2407202125492654,13.274214251025112,3.617835445687532,116.43862642047716,0.5393003211486239,0,181.01201251397882,BW-002,2027-05-04 13:44:54.340925,23
89.69012748796348,23.01928603630441,20.33970239880347,45.36982841326388,1.624966697678106,3.75907902276076,95.9668714951661,37.05685184314953,68.52817804319959,9.01867633793641,51.9061358686807,14.58153964810186,495.79386333174256,0.0020169672800707623,0.76,49.22369105760008,11.233093018251214,0.0020169672800707623,0.0,3.47703308582281,117.99782357322023,0.4350706165501681,11.726230475778939,4.621870385345221,68.52817804319959,0.3771654191435214,0,159.903142851531,BW-002,2027-05-14 13:44:54.340925,24
96.32913954801292,26.552291926983525,25.16586367188362,39.69918568866897,1.8336918859100149,3.3778655891380747,99.37454665301847,48.47677796540009,64.8692429751819,8.391846539385684,51.3089958732966,14.737716493116475,512.5764670403526,0.0019509284259069878,0.75,46.3446236454327,10.475193107252418,0.0019509284259069878,2.750167500119966,4.126051352744118,92.00987107460494,0.40573692880289547,11.93205343424084,3.8129254359041447,64.8692429751819,0.3700037500293788,0,162.70981955782963,BW-002,2027-05-24 13:44:54.340925,25
83.15227018047761,25.794347945970323,19.877720592043207,35.37410928278646,1.5745956679371484,5.029451248561813,87.82725481925792,47.06300240245894,92.81819685493032,11.043072410211831,50.82504320593878,15.01972352412037,517.4530768921545,0.0019325423785399888,0.74,46.151622930558254,10.556671165571261,0.0019325423785399888,9.356919849358114,4.340465175961469,130.33203792059828,0.2933260786834747,13.632511907456665,4.795064653044168,92.81819685493032,0.4646299125840807,0,185.89788964713634,BW-002,2027-06-03 13:44:54.340925,26
70.83770793265461,23.21352508314721,21.765921698692985,29.796015071828002,0.8223689555545938,5.0475973786131645,87.26077519387296,43.58124738605332,92.68129037820098,11.011431503108644,46.18974666602966,15.140504625140903,537.0074060635081,0.0018621717106853772,0.73,43.34427165614325,10.824211347639876,0.0018621717106853772,0.0,4.146439408730141,117.37413380367614,0.2639696068301198,13.224733489258943,4.61023841750933,92.68129037820098,0.4700398564130558,0,180.33727485353103,BW-002,2027-06-13 13:44:54.340925,27
76.99403371472349,27.447031083301205,24.08471576086462,28.510089139567754,0.6154575040713111,3.6788172900095586,90.77062918463243,39.66665645298653,62.956411563462886,8.3482140017368,46.41650943105368,14.920923077813839,558.4237614041771,0.001790754744184709,0.72,42.59881898551524,10.238147971563388,0.001790754744184709,0.0,4.742915124503238,85.31933996516973,0.34726075704515547,12.507010212300584,4.904520156724647,62.956411563462886,0.3773818336327961,0,170.55013925864432,BW-002,2027-06-23 13:44:54.340925,28
87.84624580551701,24.296792586618327,27.86197135902431,39.82825844737849,1.6943621758120528,4.875990509863362,92.41234801387087,39.37427777813078,95.4847800969294,11.265043297745617,53.42002984042229,14.909275465376242,516.6986791394942,0.00193536395654309,0.71,50.12151007725077,10.781392820052345,0.00193536395654309,1.6080586532553882,3.7061713615652163,180.20651024484783,0.4100952816414923,13.523466442063945,4.290300166601806,95.4847800969294,0.47329220406494626,0,184.41090602814472,BW-002,2027-07-03 13:44:54.340925,29
70.87784157673795,26.154153534766348,21.168743816324625,46.537643506807,1.4545614223000616,3.134990463706273,92.02453777124938,41.826372919001045,59.32639396513796,7.2124012084961135,47.52533923397938,15.851586304959019,549.2090964903011,0.001820800140402736,0.7,44.35771337810906,12.064892926433455,0.001820800140402736,5.759620958778955,2.4654126640848664,69.55922241429319,0.3845462936909102,11.83987771401536,4.8645337678419445,59.32639396513796,0.36251737549755025,0,161.45287791839127,BW-002,2027-07-13 13:44:54.340925,30
72.98047200701369,23.617071173753637,20.29111902085972,40.67138301344947,0.828073419496891,4.435585109758568,97.86578649536696,41.63943009471691,85.23457953705393,10.852300633341521,46.309041743616035,14.68898259722281,531.3182092217515,0.001882111289701044,0.69,43.47295879583046,9.15277487626188,0.001882111289701044,3.1382137245512003,5.353165966250266,141.09574188721632,0.36639639111409267,12.94130761119435,3.02656240691716,85.23457953705393,0.44351072789003854,0,176.4723765162866,BW-002,2027-07-23 13:44:54.340925,31
83.81213063709956,23.587810161552145,25.943627337526422,43.55855348497294,1.6670378647169797,3.244796160014515,77.75774773404352,35.55704481642149,50.348718546288254,6.307701031470045,50.1545571787388,15.534885727491925,523.3687131303726,0.001910698853240196,0.6799999999999999,47.31753230769541,10.919139738003114,0.001910698853240196,0.83928141535573,3.8929656791419838,51.19863263957633,0.31268702130652853,12.660111263653015,3.997935888441586,50.348718546288254,0.32483967576007267,0,172.63788086799568,BW-002,2027-08-02 13:44:54.340925,32
90.43405323723127,23.126334434153513,19.060619363814226,40.774771883697255,1.052520820691527,4.8941259781447535,82.79195070404867,45.96290405456044,78.30963441453748,10.12985591804911,49.36541045721938,15.429007097651073,501.41140588946166,0.0019943702681156287,0.6699999999999999,46.589033232125814,10.754088988935068,0.0019943702681156287,0.0,4.071680579039794,139.79154095424275,0.3524621554889741,12.110696615938792,4.006440829717269,78.30963441453748,0.4114555364819634,0,165.1458629446199,BW-002,2027-08-12 13:44:54.340925,33
77.2938490561339,22.186894556760347,21.11491739130059,24.808233692987137,1.8187786589018715,4.991473424558175,98.959081708912,36.00833547204418,94.43904417615693,12.34879066171788,47.76588108545485,15.07253187297969,517.1262139054625,0.0019337638918896756,0.6599999999999999,44.8562217339221,10.456590714595288,0.0019337638918896756,4.279283483262284,3.985608253906695,142.55506317136167,0.2890942596239035,13.695929828083372,3.298763272452864,94.43904417615693,0.46993467809216183,0,186.76267947386418,BW-002,2027-08-22 13:44:54.340925,34
69.73586732874122,25.344023017438047,18.467751847933563,40.004337391335795,0.9845410186311407,5.671152962565799,87.30643603933626,46.278391335112474,95.16021340125626,12.378203834888582,48.25355578752986,14.771075806908755,532.1743668571401,0.001879083364923598,0.6499999999999999,46.21096588411469,10.683617572451077,0.001879083364923598,3.073544620797067,4.2146113373710365,132.6649512479904,0.23623118226474352,13.220207577322482,4.74478912670963,95.16021340125626,0.4768530213946629,0,180.2755578725793,BW-002,2027-09-01 13:44:54.340925,35
95.91676747830664,27.328709133604214,21.903487420340973,45.623061496571225,1.9942365102481683,3.269630555208482,88.02736016977258,41.819171428711165,57.56588962625425,7.195423662635764,51.22815288960009,14.325976444029916,506.4127304135426,0.0019746738972841148,0.64,47.149426156525784,9.710786975251152,0.0019746738972841148,1.9184941063552026,4.748054186980139,64.8725359125108,0.3446798020218491,11.931488995177919,4.924676114962414,57.56588962625425,0.34381011787824356,0,162.70212266151705,BW-002,2027-09-11 13:44:54.340925,36
93.01662656495793,27.069228086531375,20.98810483330908,37.84085757258615,0.6008838709510518,5.7518041997330425,82.19771612078416,37.86562917405282,89.56866089469491,11.81962921979977,50.23781330775326,15.16083927068825,522.9657807263353,0.0019121710001964616,0.63,47.730327626226,9.418850801475166,0.0019121710001964616,4.510697528937969,6.334611077585876,144.82742549437097,0.26628878555042723,12.795926997860262,4.253665808830134,89.56866089469491,0.4554519372002169,0,174.4899136071854,BW-002,2027-09-21 13:44:54.340925,37
63.79671747286679,27.993355672199744,21.91967099311093,41.95641388917231,1.7099975795402247,4.57641092206768,90.93498356515511,53.00528222404141,88.41440454422045,10.40389629964052,46.73756742689684,14.909248418932167,535.7117216121487,0.0018666756011808763,0.62,44.05578426621785,10.658283300269627,0.0018666756011808763,9.624090542896397,4.467628382237553,131.3265143441563,0.34477947360731576,12.483079882648418,4.635644147132381,88.41440454422045,0.4554281982977128,0,170.22381658156937,BW-002,2027-10-01 13:44:54.340925,38
94.32093084028917,27.985769784412938,20.897957823082415,24.96841984463279,1.116787276991879,5.376573584405028,90.29083203618173,48.59266364790287,96.51279264519601,12.136382560992148,48.97107457960052,15.714428853906783,529.4696744662504,0.0018886822951816524,0.61,45.13704961085734,10.785639125126776,0.0018886822951816524,0.32608274839899704,4.600348617904282,148.9944036671967,0.28542047041791935,13.220648922615275,3.909913759455474,96.51279264519601,0.4805502111571952,0,180.28157621748105,BW-002,2027-10-11 13:44:54.340925,39
65.20322679315788,22.13455533497233,22.325121925697832,42.80971802580567,1.3492710368376062,3.0033362825885623,78.15863678194596,39.35782759253488,48.21028356587131,5.868416741121981,45.30635188693158,15.164553389355065,551.6450032933811,0.0018127600069426722,0.6,42.79496435218665,10.453232705707634,0.0018127600069426722,0.0,4.192929394940031,54.21488007580513,0.38450642784964617,11.843953772347982,4.093831027586249,48.21028356587131,0.32619444620758536,0,161.50846053201795,BW-002,2027-10-21 13:44:54.340925,40
72.51111956841416,25.926052032956317,20.784218163705727,24.34515470573004,1.646530079654641,4.985503755341995,89.01134799296587,46.86922765409447,94.57844246159416,11.094160242174611,49.12951056968961,14.653874835367052,521.9500864390037,0.0019158920095645243,0.59,45.67699147319939,11.327294131806136,0.0019158920095645243,0.0,3.7793354454219887,110.06522232271455,0.24874630943340773,12.974060266150493,3.8359681710138274,94.57844246159416,0.4718465008036816,0,176.9190036293249,BW-002,2027-10-31 13:44:54.340925,41
84.94972339456037,26.57381574700576,18.467256200251988,44.09087106793565,1.4292893000544549,4.66973528550646,80.28192776283721,37.69152534208216,68.75110061444757,9.372383771565042,47.77353536676797,16.02103802007187,538.2837864299682,0.0018577561227178109,0.5800000000000001,44.74732706279531,11.374538427132707,0.0018577561227178109,0.0,3.835068216922406,136.18413100556398,0.38895037205542815,12.030555368220123,3.257805170146998,68.75110061444757,0.3906554713104824,0,164.0530277484562,BW-002,2027-11-10 13:44:54.340925,42
82.5358140285056,25.74768428868719,28.373198962420368,38.08647615741377,1.371425569832269,3.2832566929814426,94.94554999336671,53.367950841631156,58.54517525209466,7.793265312113134,49.65773056624052,15.161041155383494,522.0549423443321,0.001915507198360033,0.5700000000000001,46.87518282835425,10.6228801454917,0.001915507198360033,0.0,3.505780535535173,74.76693838668258,0.36525427730350013,11.99206075479458,4.24627570749565,58.54517525209466,0.3517670668769485,0,163.52810120174425,BW-002,2027-11-20 13:44:54.340925,43
99.62716628263064,26.540381002411408,23.30752566541362,40.977528000790265,1.0838457075376828,4.206081650664722,91.86817600315472,50.59641768020136,78.71667664399618,9.660126234172656,51.932982938445996,15.411639957838853,496.623620473052,0.0020135973376527354,0.56,47.03207739459105,10.778825857008453,0.0020135973376527354,5.6787566104324,4.28437468255248,130.37434371188573,0.4010898274839705,12.053005935835788,3.4673808976507274,78.71667664399618,0.4113760082885695,0,164.3591718523062,BW-002,2027-11-30 13:44:54.340925,44
69.15501849933996,25.581111261326555,29.13818517736742,46.29934848037111,1.0128579171582355,3.354655866873266,70.00092156536147,49.242740917612096,40.47825224324387,5.870725055394379,47.59901429801275,14.512316986360876,538.8338002437711,0.0018558598208716585,0.55,42.99507541782004,10.798936116350252,0.0018558598208716585,0.0,4.690535404946175,58.852705581993455,0.373539668783202,11.70410283354551,4.427320566224307,40.47825224324387,0.2965776475506109,0,159.6014022756206,BW-002,2027-12-10 13:44:54.340925,45
81.1070986488678,23.26981539141917,29.947573313986602,47.54682978883046,1.474263394561171,3.0386924093685765,86.208982202845,52.02301470851964,48.60323498780577,6.549064495979394,50.46957272926493,14.723539581316349,522.6032221336588,0.0019134975783678657,0.54,47.35344202582831,10.923989016144398,0.0019134975783678657,0.0,3.8096801303940393,68.84743563080625,0.43244588936448186,12.0601104248428,3.254220981734048,48.60323498780577,0.31879174993278353,0,164.45605124785638,BW-002,2027-12-20 13:44:54.340925,46
92.17656238709893,26.2906009677022,25.11789862847362,25.280351927733545,1.1821465138289917,5.872894938817764,86.97234851839868,45.289226554797885,102.65158478325026,12.769486635769955,51.82830921174678,14.608998253744481,500.5711951687111,0.001997717826458158,0.53,49.09632330468936,11.001672014303677,0.001997717826458158,0.0,3.7732196771337794,128.71066032913635,0.21453534928953893,12.955450696624261,4.400695777733139,102.65158478325026,0.49234330782811414,0,176.665236772149,BW-002,2027-12-30 13:44:54.340925,47
86.99145208669643,26.06518968330211,22.477471421068604,46.60060767979273,0.7510355483551715,4.139937236896184,88.21405842650731,42.77452695753094,68.83157332933659,9.130016632440832,49.28901469552417,15.235771190209103,507.46363067693324,0.0019705845691168956,0.52,44.602347472902515,9.91418614641745,0.0019705845691168956,0.0,5.233881914882838,104.88507071062548,0.346863308751734,12.227533052335696,4.012279705389289,68.83157332933659,0.38167766696753525,0,166.73908707730496,BW-002,2028-01-09 13:44:54.340925,48
80.01437784862242,26.14530385930494,26.36562967070171,39.567334962451575,0.9129323201777902,3.7208973703511004,72.84895825685129,41.29836889177791,54.055137820031895,6.776587430268376,47.171011798955014,13.962205995460733,529.8425565194291,0.0018873531159313936,0.51,43.10770417985781,10.794661311392147,0.0018873531159313936,0.0,4.487212512314406,87.66403446738904,0.43458299586800875,11.750714979527686,4.071377940912059,54.055137820031895,0.33913655968926837,0,160.2370224481048,BW-002,2028-01-19 13:44:54.340925,49
66.24826274746488,25.815641960960264,25.191625393673252,28.304544246941784,1.557708718355845,4.59561529951505,96.20855586211647,54.91137800981376,89.80121176656988,11.053437781604769,46.85116971932884,14.836651893406819,543.2309647411465,0.001840837626913457,0.5,44.69619764798492,10.266127707373608,0.001840837626913457,0.0,4.576752901794966,144.2353178822726,0.3549282693434762,12.703091636827681,3.985965420916178,89.80121176656988,0.46230666197757686,0,173.22397686583201,BW-002,2028-01-29 13:44:54.340925,50
78.20687966934625,26.006563549618917,28.048404957241807,28.073482285846154,0.528717301995255,4.748143348034045,94.37421463132515,41.538820486733506,85.5318825068821,11.202557485691594,47.68845425573136,15.232184931773286,526.2131519499314,0.0019003705937307108,0.49,44.21539496772463,9.95177875212092,0.0019003705937307108,0.0,4.746244122956149,111.29842311841915,0.26155198546237324,11.08245717640819,4.693570003739491,85.5318825068821,0.4429702206079198,0,151.12441604192983,BW-002,2028-02-08 13:44:54.340925,51
91.16410345583148,25.658184550915696,26.39567483546546,44.115719399727425,1.7042164022367507,5.0175217880209475,90.46575067765296,41.304788692989014,82.6197612905223,11.347846877369863,50.12406358666623,14.55737565693789,521.80073283985,0.0019164403901037028,0.48,47.19565493940043,10.315823321213603,0.0019164403901037028,0.0,4.7933678680422185,140.46727710685178,0.3083773292775427,13.149188266676674,3.66659971974105,82.6197612905223,0.431939424153696,0,179.3071127274092,BW-002,2028-02-18 13:44:54.340925,52
98.43680587715298,25.215610473112708,23.861947591918863,33.64529279737752,0.7305365642663069,3.3996297724098863,88.97188769396526,37.56651724377529,69.15454211922302,7.5617869577978265,51.94658362434403,15.293082900196392,517.6835801110352,0.001931681896855827,0.47,46.996561319101346,11.635016866660148,0.001931681896855827,0.0,3.5986920936288906,103.12223556832735,0.5014253322195557,11.99256527694393,3.4766744212559937,69.15454211922302,0.3858202144307207,0,163.53498104923543,BW-002,2028-02-28 13:44:54.340925,53
82.90428931528089,23.66207514595587,29.055690146555705,37.996579302650346,1.3892602707621653,5.101834489183355,92.6041633197879,52.45718843131329,98.00463184634803,11.811277856671554,49.023229579075654,14.879667412734893,529.844237877621,0.0018873471267813837,0.45999999999999996,44.87527549845048,10.094008314761883,0.0018873471267813837,0.0,4.966962471613926,133.92482060957616,0.27780997454692274,13.786844146315536,3.668091096839919,98.00463184634803,0.48563537751777974,0,188.00242017703002,BW-002,2028-03-09 13:44:54.340925,54
74.1969864350804,22.311936111866245,18.380925184475863,34.16004345967674,0.6268480671458567,4.499876975894365,91.90747568588714,47.38345470731673,80.41672204449014,10.339308343787366,48.13742814995679,14.917832397057305,531.0687657690596,0.0018829953189807055,0.44999999999999996,44.3490002013071,10.426527204176491,0.0018829953189807055,1.2108921999408004,4.3261877285198835,117.6471074583331,0.316081544636761,12.336837605076758,4.898562343511967,80.41672204449014,0.42737636987901834,0,168.22960370559213,BW-002,2028-03-19 13:44:54.340925,55
84.27387822160557,27.285838033837944,28.594977798224665,39.81708984317358,0.8168477472093965,4.851317833285969,95.49877991509616,38.924914334123315,83.96842861410467,11.58237335147895,49.85317508631501,14.49206058650501,510.81524254209967,0.0019576549733000253,0.43999999999999995,45.32830906368669,10.89570640746216,0.0019576549733000253,0.0,4.041753129375717,125.75751836791207,0.27976068539405574,12.302016739751313,3.9213455833099866,83.96842861410467,0.4331393348096455,0,167.75477372388153,BW-002,2028-03-29 13:44:54.340925,56
94.51987325435488,27.316560611879247,20.359843019435505,41.69822605849625,0.9297793233906844,3.376649369695431,98.90439842422983,37.160891187528144,79.56652654936687,8.349136864982036,49.78943843432202,14.39135865388976,505.24421836293806,0.0019792408575008335,0.42999999999999994,46.155035178493726,11.129525169246648,0.0019792408575008335,0.0,3.7558066591835066,81.60919908550245,0.3618441722211609,11.433286792271547,4.103424744039934,79.56652654936687,0.41679502067343766,0,155.90845625824835,BW-002,2028-04-08 13:44:54.340925,57
92.1056124941172,27.983427399421615,18.360312063952712,45.53678077898236,1.433945800397987,4.624123262722315,72.5809647109883,36.140538280072384,63.91369220751033,8.39058318377271,50.975304380921706,15.256807232115548,503.12909724758777,0.0019875614538506885,0.42000000000000004,48.25904906766363,10.175397514400437,0.0019875614538506885,0.0,4.414917264342518,106.89905064918726,0.34439934094742064,10.907958807889361,4.931035836469533,63.91369220751033,0.36398436986597743,0,148.74489283485494,BW-002,2028-04-18 13:44:54.340925,58
98.93530476659285,24.790057105158567,28.168655166856485,25.497457646358654,1.0029185751174436,3.316450282383107,87.56763051617838,45.88689775268642,61.36956340754772,7.260342323824985,51.87500946374149,15.327487792110844,485.5078479096937,0.002059698940615279,0.41000000000000003,48.77497282463255,9.940478316440284,0.002059698940615279,3.8260944250288356,5.147616315718637,62.390960653982546,0.3238926527499747,11.429162823528168,3.4869340881335202,61.36956340754772,0.3502175657314005,0,155.85222032083865,BW-002,2028-04-28 13:44:54.340925,59
62.680661510048395,27.852058800874424,27.80368688726204,44.46113810990329,1.9069478471508412,5.460202506166948,71.24736879539782,44.962598870960846,71.45296861098925,9.7256265413608,47.21289787209897,15.210095771447495,531.8478614991844,0.0018802369481775822,0.4,42.348898801461765,10.625624526420427,0.0018802369481775822,0.0,4.593962124332526,183.94767976769677,0.43299012165007833,12.142204718753764,3.4119763683769464,71.45296861098925,0.39773092048638614,0,165.57551889209677,BW-002,2028-05-08 13:44:54.340925,60
63.40413944479141,24.31358555508,18.852418668528024,29.059034437200687,0.8440486655565085,5.067931236308071,77.56935781209062,41.15541810586298,82.80487788392757,9.827904285906287,45.65412267930951,14.367750796522516,555.5803005903844,0.0017999198296580268,0.39,42.85373903100802,10.679440598953477,0.0017999198296580268,0.0,4.7804394122071905,154.90550917804532,0.38876328645040564,12.496750162550091,3.677465911548863,82.80487788392757,0.44269034979020716,0,170.41022948931942,BW-002,2028-05-18 13:44:54.340925,61
78.76428844190315,23.611373004721855,19.211737281813132,28.019786138258585,0.7209133453281364,5.429773260908698,87.4939065729875,49.60443435514499,96.20856181142233,11.876801860061285,47.0215368137509,14.938135526862581,539.5157029926058,0.001853514169195007,0.38,42.44656799711433,10.713932393097412,0.001853514169195007,0.0,4.587844960441513,110.80616877994346,0.2147794600900329,13.194348079068739,4.483990782252345,96.20856181142233,0.4825499169358562,0,179.92292835093733,BW-002,2028-05-28 13:44:54.340925,62
98.92307191649193,26.555755041510842,29.613137583234746,34.553771676189804,0.9175527224939849,4.0944674106233965,89.22896584296274,44.323631822551135,76.06271362549353,9.133627318190978,51.44078109385919,14.800050468934431,496.6538603747862,0.002013474735191583,0.37,49.25806446415364,9.919521252397411,0.002013474735191583,5.941566176546583,4.564126000015672,109.1160070677295,0.364718482760534,12.144620641144096,3.705058482601035,76.06271362549353,0.4025385368640809,0,165.60846328832858,BW-002,2028-06-07 13:44:54.340925,63
91.93172788836748,23.95752350824688,21.592600484464178,29.58014381298795,0.694518467336353,4.669393912046466,80.75864745860774,53.226783801572616,70.81759470878406,9.427348419708245,51.059053935835855,15.091250515299606,510.9651778298594,0.001957080527966974,0.36,46.9789213202793,10.096755130858625,0.001957080527966974,0.0,5.214135736763119,110.46711803330564,0.3136844323817364,12.747165148420615,4.811823342469295,70.81759470878406,0.389348202378238,0,173.82497929664476,BW-002,2028-06-17 13:44:54.340925,64
70.25852244067065,24.131918490843326,26.087930497748765,25.501556213266838,0.8157604094980144,3.0628023534802,79.47319453748489,36.13762795555293,52.51311749947022,6.085267181699962,46.86866316564637,14.41191333172261,556.3084280738956,0.0017975639942437974,0.35,43.52968408568668,10.483774672777548,0.0017975639942437974,4.772299985794527,4.795805689917345,58.34731049601682,0.39132016841639905,11.708700290700083,3.9860602503176046,52.51311749947022,0.34193625342040274,0,159.66409487318293,BW-002,2028-06-27 13:44:54.340925,65
92.36094561166706,22.881531541502625,22.11174175827026,44.75181412459536,0.732387966715164,3.9940566562089512,90.26988706621219,42.918744523918996,77.1606777896603,9.013576082300878,51.34170213883678,15.240454046374447,521.0693547905629,0.0019191303246032135,0.33999999999999997,46.37959672190018,11.153672908335862,0.0019191303246032135,3.694681181567009,3.5002194072621804,107.89955366571273,0.37464359414569304,12.299672881093235,4.089649351346863,77.1606777896603,0.4135230657360365,0,167.72281201490773,BW-002,2028-07-07 13:44:54.340925,66
63.3094734247276,24.907227970480065,21.629034135342437,37.5218007476125,1.7057073357252128,5.268761374267303,83.62550988210118,43.24559455663331,89.2106967347075,11.015071409255585,46.29389678664431,15.518043825523128,544.0237676390727,0.0018381549841834121,0.32999999999999996,43.82481036170969,11.097485487229267,0.0018381549841834121,1.2728431775613473,4.0291470908177045,161.86193348573016,0.3486252914662924,12.327104311683616,4.317803613149715,89.2106967347075,0.46057611940741344,0,168.09687697750385,BW-002,2028-07-17 13:44:54.340925,67
65.48593952610973,25.48419450732571,24.066105124678366,27.457890864316788,1.4359977282934735,5.907965436852537,81.3351764118156,36.240735272575634,91.21101097785635,12.013135276032758,45.39991600365479,14.801221117254139,547.0211502924918,0.0018280828802785792,0.31999999999999995,42.57591839429107,11.513546669735806,0.0018280828802785792,0.0,3.3912481825914336,157.5378190904883,0.27746009361420615,12.997073958168526,3.2272920773934386,91.21101097785635,0.4681430483472687,0,177.2328267022981,BW-002,2028-07-27 13:44:54.340925,68
70.94561671443087,24.927005911264075,18.98726789132474,35.03001737312695,0.9596952020642304,4.0179158019287025,85.17794962958675,38.23846013264428,58.12277902059705,8.555945744815093,48.87949626467663,14.515977120744877,532.2079497019231,0.001878964792916145,0.30999999999999994,45.17158131144003,11.131630681719601,0.001878964792916145,1.241333398302602,3.965646957090958,115.46694624071671,0.4198545264167952,12.182384561777038,4.01945215057636,58.12277902059705,0.3534049816459004,0,166.12342584241415,BW-002,2028-08-06 13:44:54.340925,69
92.89524844741418,22.34187236198421,23.02328729901996,35.00235417915451,1.5875091144486781,4.2021125005034,73.45438535185603,52.665472028524476,58.302727972168505,7.716589772595703,50.623979561727225,14.645105503883233,508.61933862576745,0.00196610691740878,0.3,48.470483042390796,11.682218228419975,0.00196610691740878,0.05806252488913727,2.843128742576187,92.27373548811269,0.35570914201594395,11.551229467565852,3.5693494776929273,58.302727972168505,0.3469282281616253,0,157.51676546680707,BW-002,2028-08-16 13:44:54.340925,70
82.97150300360843,26.003274023165087,27.324591427821073,44.69287136779653,0.9708132450837057,4.244476966564056,81.61823234274524,48.19380545860949,79.24950457244128,8.660667680761392,50.42461500909805,15.804390427867187,502.58682394785365,0.0019897059619369485,0.3,46.91221648334273,10.042734661497093,0.0019897059619369485,0.0,4.6111455012856215,119.56344657513031,0.4065677094125456,12.060992862645945,4.079323577806305,79.24950457244128,0.41494106242582707,0,164.46808449062652,BW-002,2028-08-26 13:44:54.340925,71
81.52090821455612,27.040648470635197,29.873413571580677,45.348463465050315,1.0572008939365651,3.1843388703923625,94.41170031166682,53.810079057588055,56.231291426847925,7.515971178056883,50.05636592236804,14.768530243987371,530.0726916770784,0.0018865337069829708,0.3,46.66440967004689,10.227799152972093,0.0018865337069829708,2.304044382434106,4.986962670435195,73.96735433404895,0.3863186848504894,11.366281198742184,4.866385834098036,56.231291426847925,0.34645944559261654,0,154.99474361921162,BW-002,2028-09-05 13:44:54.340925,72
67.80666068874602,24.93635522443953,26.899697422032506,35.82165769807914,1.2247712949705027,4.946296158478158,98.63697786576432,38.02864628739927,109.80045470317755,12.197192617533128,47.021058384232795,14.737668796466599,529.0162560337033,0.0018903010797768202,0.3,42.59718639990574,10.75859851960096,0.0018903010797768202,0.0,4.118363606843612,148.21976599499214,0.3070973988674204,13.675566496212184,3.932749189009097,109.80045470317755,0.5247063924873695,0,186.4849976756207,BW-002,2028-09-15 13:44:54.340925,73
93.52921684327202,24.168422674403118,28.317536097739747,33.76331522284136,0.9923496585175091,4.7452099422635605,82.0438533726713,41.76168818732523,75.15165005630939,9.73288271814034,51.523037374133956,14.446421591598774,520.8277808947074,0.001920020468727961,0.3,47.59131350293066,10.746376719205774,0.001920020468727961,1.6710068978650976,4.61226747604187,112.92767032011629,0.30564230060657954,12.19437580701193,4.7518660443724094,75.15165005630939,0.40675383445611013,0,166.28694282288998,BW-002,2028-09-25 13:44:54.340925,74
78.15959644798795,26.57468175204921,19.512024334367933,28.714061180928418,1.927167238494638,3.3804720676512563,81.75227351686834,38.253216302109706,51.07029773712459,6.909031927268974,48.35843353021293,14.302105398903757,531.0434868106132,0.0018830849541266127,0.3,44.77231157056077,10.356902904747201,0.0018830849541266127,10.772159438781149,4.672099931594868,71.39472461699687,0.3821040003069282,11.8959633560709,4.0245211277525215,51.07029773712459,0.3295473718335993,0,162.21768212823957,BW-002,2028-10-05 13:44:54.340925,75
67.0196650952543,25.40636390758633,24.951773599943255,35.75098708920588,1.4671178728652279,3.1756959158536016,86.57098413451703,46.904594654388035,58.366833231956385,6.873078018685316,47.644299006046545,14.902304824411488,531.051994321313,0.001883054786900866,0.3,45.39995736737307,10.493293721130456,0.001883054786900866,0.0,4.342893739224527,88.52910805186755,0.5069976162013313,11.757228016720894,4.892373787982523,58.366833231956385,0.3538717090695818,0,160.32583659164854,BW-002,2028-10-15 13:44:54.340925,76
69.19306903190474,25.31597360666049,22.466079062962766,39.88001423110054,0.7118353150597242,5.615739183841517,87.30944837253045,41.90961707446891,98.98575748830463,12.25767725863018,46.92701098287383,14.996477507259723,536.2214367287366,0.0018649011984686456,0.3,42.852080776953876,10.135046583469398,0.0018649011984686456,0.9564269192317514,4.714837589494472,185.20746677055467,0.3363205410216531,14.286285497970397,3.100645865869328,98.98575748830463,0.49081895597963643,0,194.81298406323268,BW-002,2028-10-25 13:44:54.340925,77
82.83509667357905,23.111622132299942,21.343716757380438,29.249035207766,0.7742566698032256,3.2378408538935752,86.97551680939739,53.16037090843325,63.27623876075257,7.040322040349356,49.209654922468836,14.635769189159829,522.081275348522,0.0019154105830216516,0.3,46.89671566041319,10.829657261525478,0.0019154105830216516,0.0,4.782963634352886,62.918224833340325,0.34501537594282605,12.19438763495378,4.672157801590561,63.27623876075257,0.3675451784737318,0,166.28710411300608,BW-002,2028-11-04 13:44:54.340925,78
93.02843806242669,23.714245405965343,29.12548538237339,47.27823660828458,1.356890704905646,4.188937876494662,78.889774056994,37.869389140360404,64.98442962309429,8.261609065386203,51.273790380146956,15.069943616419563,526.3056422594633,0.0019000366321495945,0.3,46.669791604461686,10.779168181607751,0.0019000366321495945,0.0,4.348510094431088,96.70188086050327,0.34928213580894185,11.641699461873412,3.49795379832273,64.98442962309429,0.3745064580881533,0,158.75044720736472,BW-002,2028-11-14 13:44:54.340925,79
65.72004490662906,24.247289460277486,27.572787160178567,32.81737748872969,0.6305258274541832,4.787039472484588,72.41846215508805,53.79137178050331,63.5871493235282,8.666750921825946,47.85412495090549,15.078880719646884,522.6981276773031,0.001913150147377929,0.3,45.628288800950465,11.167512067578134,0.001913150147377929,0.0,3.7111793346148594,102.75718080240486,0.30959851561946294,11.643141950751954,3.9779018528769043,63.5871493235282,0.3687666027149516,0,158.77011751025393,BW-002,2028-11-24 13:44:54.340925,80
82.27139643712752,27.07072510897621,27.55111664572203,28.202955363128478,1.5091469216187001,5.2654008523355875,87.59871754850988,51.56877341877981,92.01916611184056,11.531059051085709,48.24334114659806,14.630314296270482,518.7074217309352,0.0019278690801511644,0.3,43.41439279438465,10.250397540777133,0.0019278690801511644,0.0,5.086263529532181,150.30976705712473,0.30945434089562673,12.817239366257786,3.1118527002564513,92.01916611184056,0.46234278022541575,0,174.78053681260616,BW-002,2028-12-04 13:44:54.340925,81
68.82017053742588,23.309245207313033,28.488861279662224,29.992054865765525,0.8948710197770168,4.890279380584991,94.85958718354868,50.66939120098535,88.62162278114093,11.59724708136281,48.51492491502746,15.1215023610272,540.807995871791,0.0018490850868208488,0.3,44.38387041289046,10.888926697916483,0.0018490850868208488,1.8990638130974682,3.9512556526184457,126.1394085161227,0.2780175566591061,12.897336148733926,4.672879474752246,88.62162278114093,0.4576478080320071,0,175.87276566455353,BW-002,2028-12-14 13:44:54.340925,82
60.02613563045198,27.224014204753104,27.511137758509616,39.05589444217627,1.6253986459082634,3.831207749140199,98.22640508677613,37.48691682861741,78.06303817528051,9.408144108466022,44.471219784677864,15.150850004450868,562.5692458178554,0.0017775589537359332,0.3,41.4483338637489,11.232678161304872,0.0017775589537359332,0.0,3.8635847920505015,139.12777199487857,0.4824854041309987,13.272226078619994,4.123189015424389,78.06303817528051,0.4289809009962916,0,180.98490107209082,BW-002,2028-12-24 13:44:54.340925,83
66.08194269697967,24.749941567525454,22.214632648185372,26.250636630168394,1.2291957278223862,3.1208565563339956,82.16268475417465,45.325665983953485,47.21593893338266,6.410448835026729,47.087827634125546,14.554841075990064,524.3659269141025,0.0019070651784813856,0.3,45.01389442021658,10.539549149759177,0.0019070651784813856,5.686340072468759,4.743287404482846,64.03064466361631,0.4000696824081276,11.267246500802944,3.6376346457460094,47.21593893338266,0.3146962411855062,0,153.64427046549469,BW-002,2029-01-03 13:44:54.340925,84
96.82958601370541,22.240354714304168,21.497530961925527,28.980982468936883,0.8572199804985445,4.741935677728902,98.07811744745678,48.4450137458839,99.91183780670366,11.627003108214518,51.460360137907095,13.901936089450027,513.7077595340695,0.0019466320713298067,0.3,47.518333734787824,10.812191416192846,0.0019466320713298067,5.651644136758457,4.2934957170570405,93.47365737975741,0.211921881750788,13.268294517717015,3.2326634542665227,99.91183780670366,0.4871517872158997,0,180.93128887795928,BW-002,2029-01-13 13:44:54.340925,85
96.33738207517501,24.808414325405742,23.595592955277827,42.25381541892678,0.7317383060073888,5.851598462863227,70.66198446046873,54.650425445120774,82.28021120815649,10.337138991293601,51.28848333579639,15.424805994258106,511.0876193499872,0.001956611669192501,0.3,46.34103559399265,10.119552752729149,0.001956611669192501,0.0,5.134511878436325,173.16544490994897,0.3578461698278414,12.819689986715034,3.5944282276901918,82.28021120815649,0.42759365649885117,0,174.8139543642959,BW-002,2029-01-23 13:44:54.340925,86
79.49061416400204,24.579911284726357,25.162928286559875,47.989384878010526,1.6541733411230706,3.258396417191041,94.43160337806285,40.606695051028254,60.66439679333052,7.692389952917135,49.61644970883774,14.600029746649033,528.4269465607582,0.0018924091712363511,0.3,45.137278774036076,10.584522616527693,0.0018924091712363511,0.0,4.3035952273432665,87.05402097561114,0.4341438339708417,12.620596882648673,4.565491348502773,60.66439679333052,0.3607427399459958,0,172.09904839975462,BW-002,2029-02-02 13:44:54.340925,87
75.91462812069709,26.965318313644282,20.048500359749763,24.731128471415044,0.8066725586964096,4.93186973834284,81.42855535070424,36.09130816565398,74.96952894882013,10.03987569927783,46.47919208098126,15.50081591260428,543.8515710247767,0.001838736988689221,0.3,44.313887475504764,11.643433169757596,0.001838736988689221,0.0,2.607148524994522,138.62060875981967,0.34994345990075654,12.619962451704172,3.311703073102887,74.96952894882013,0.41305390113683343,0,172.09039706869325,BW-002,2029-02-12 13:44:54.340925,88
73.61646224457039,25.063484544757358,25.3815496864944,45.85453721314612,1.2647810143256866,4.79838341897615,97.07209828332024,42.664307318945035,91.69080179037118,11.644728671197676,49.43592386420999,15.214670411400867,531.1237875895915,0.001882800249897143,0.3,46.50096511424604,10.755848753654822,0.001882800249897143,3.3269468187577314,4.020039450135395,147.4773129001928,0.32992171989842967,12.63813011651752,3.418612151668417,91.69080179037118,0.4649731422447814,0,172.33813795251163,BW-002,2029-02-22 13:44:54.340925,89
80.05102578502917,22.301458058937893,18.418938631874685,37.227839085992926,1.1572679198725169,3.1450881331463427,94.61462753440824,51.526816219003734,52.26716981021862,7.439283557013216,49.38729351614034,14.93496985322319,518.8394964316216,0.00192737832581678,0.3,44.46958880919113,10.615990281352897,0.00192737832581678,0.0,3.718505390631779,78.67652063313635,0.42033081120570454,11.432015850186689,3.8050527109802843,52.26716981021862,0.3298757482968818,0,155.89112522981847,BW-002,2029-03-04 13:44:54.340925,90
93.56721579921194,22.96407750827107,18.299659945404596,34.77693043032302,0.8562178351283862,4.764001390288885,80.59308666815168,50.99566728891567,83.13497866924135,9.598639423368681,52.70415189570812,15.807389395354926,489.52306779965113,0.0020428046516681696,0.3,48.71745542071935,11.132465892825348,0.0020428046516681696,0.0,3.570146992682556,125.24089972358315,0.34235339172637647,12.770125506631716,3.1808379555833213,83.13497866924135,0.42397351590403315,0,174.1380750904325,BW-002,2029-03-14 13:44:54.340925,91
61.984574933553496,26.347589721085775,19.33911599948697,38.59966800018652,0.9215746252503337,4.894376377749062,93.53216419638392,46.9712598643552,92.62107286886372,11.4445403750632,45.975658085540964,14.29659249525123,565.1894876555444,0.0017693181169170142,0.3,43.02865264204877,11.28624655963363,0.0017693181169170142,2.017248799469243,3.4604562292114482,106.75207431529775,0.23822679964140234,12.195778261720239,3.1024485928086265,92.62107286886372,0.47829375585954237,0,166.30606720527598,BW-002,2029-03-24 13:44:54.340925,92
66.93984201420088,24.278509137515904,27.617349314675444,33.410245845709746,1.6261544738165836,4.2424232046469985,98.73837579778413,45.822276497576894,77.05777219237578,10.472249416841874,47.62688050329478,14.292366404037907,531.0648582378722,0.001883009173904112,0.3,43.01779284873987,10.706566612268464,0.001883009173904112,0.0,4.2555938596343825,101.438439584399,0.2854030474712781,12.43107019439757,3.8019406533767035,77.05777219237578,0.4161786981126142,0,169.51459355996684,BW-002,2029-04-03 13:44:54.340925,93
65.01945187196603,26.636628517990474,20.843199898879785,40.257435117332946,1.3486723322614944,4.876952368281829,87.14822948448831,38.6967679589405,87.53018533557905,10.625444104398591,46.97145182320585,14.577529280703251,553.8469467410703,0.0018055529706973565,0.3,43.593540758566625,11.25289035022446,0.0018055529706973565,1.4042541880775894,3.5786423258763524,151.48484652086856,0.3654126680034129,12.510546975067582,4.606341023265462,87.53018533557905,0.45792136847425124,0,170.59836784183068,BW-002,2029-04-13 13:44:54.340925,94
97.1657886884675,24.323935107851884,18.793982266013284,24.45973165323007,1.7402878414591296,3.178761292059431,88.13077959144313,50.27384538700641,48.30745539411821,7.003667770107517,50.07585234281172,14.956282335611409,518.0938997618135,0.001930152044754312,0.3,46.81194969791163,10.313924590352002,0.001930152044754312,3.7688420021820734,4.779332866886441,71.5790886122448,0.401895112753362,11.012717106332325,3.7467063220636634,48.30745539411821,0.31645302124227137,0,150.1734150863499,BW-002,2029-04-23 13:44:54.340925,95
80.98942550645728,26.651464311009697,20.813107200138177,32.28200989231761,0.5451558083169784,4.999565930079105,72.40317179828807,43.83667409603909,73.05825014296417,9.049610773809633,49.69673345352309,14.970292409363752,531.4682121211167,0.0018815800779673143,0.3,47.11925400161561,9.868003459654089,0.0018815800779673143,3.041666870805867,5.3360656028712,133.40913910126858,0.3685813821734709,12.095146537542307,4.414456656670847,73.05825014296417,0.40296796411288227,0,164.93381642103145,BW-002,2029-05-03 13:44:54.340925,96
98.45969298296448,26.00720744020488,29.198461053111675,30.371913778297735,1.4171954168384913,3.4901002751952603,75.5337715317965,39.04587898316407,50.03290643197601,6.5905109202414724,53.624457262238934,14.82678674699655,494.35054195340336,0.0020228560811292855,0.3,49.9850281791628,9.503376358515785,0.0020228560811292855,0.0,5.55675909278631,73.33709701775575,0.39854442539249896,10.901643147780502,3.2116100497130287,50.03290643197601,0.31508151735927437,0,148.65877019700685,BW-002,2029-05-13 13:44:54.340925,97
87.1399987317055,23.90529820154553,28.17731082018756,46.73187510960595,1.8272826765440064,4.193380322787295,85.35122341344102,44.6658856993265,70.90275457560796,8.947753519693647,48.459432450653,14.831806527294432,529.1236802148655,0.0018899173055228259,0.3,44.71212721998811,10.486033443773032,0.0018899173055228259,0.0,4.364694806734204,93.42208076742061,0.311229878934302,12.395295951252612,4.971868337249836,70.90275457560796,0.39507961931648616,0,169.0267629716265,BW-002,2029-05-23 13:44:54.340925,98
89.5626790375749,23.664788078349723,21.37939250526758,47.120647690704914,0.515426743903538,4.148352301209122,95.17439824212258,37.906533848410085,75.3250250184994,9.870423349097564,51.3947066519177,14.410315439183691,513.4705524387007,0.00194753135355193,0.3,49.34221200995554,11.142188771632878,0.00194753135355193,1.7750143956843147,3.8865319785270915,105.34152262434088,0.32158678371438154,12.976271005528304,4.157127864558709,75.3250250184994,0.40512458245994154,0,176.94915007538597,BW-002,2029-06-02 13:44:54.340925,99
88.64199892968578,26.237476975331575,25.47227449139757,47.762612306084776,0.9678191536455878,3.2134670366337295,87.21597549031289,46.32036849775642,56.100458431308546,7.006641557649394,50.468554225863905,15.764015679693916,522.6793890049175,0.0019132187360665022,0.3,46.01006716970575,10.316734500209622,0.0019132187360665022,0.0,4.283326993357036,72.81209858323032,0.40423118194785385,12.202025529902102,3.34899697279591,56.100458431308546,0.3438053448058371,0,166.39125722593775,BW-002,2029-06-12 13:44:54.340925,100
73.59887455172992,22.473636417679334,23.313577638524848,30.265164629636352,1.0150800532664663,5.634100538533371,86.7362102698022,54.195820408097006,108.25447131359587,12.217013224785907,48.92733515017355,15.030042997307582,535.6396975196992,0.0018669266012779477,0.3,46.847510051940496,9.902442363069031,0.0018669266012779477,3.5902981639840577,5.321679490084934,167.9697894941371,0.30503632104894735,13.202376096603905,4.2884260319792356,108.25447131359587,0.521540146967896,0,180.03240131732596,BW-002,2029-06-22 13:44:54.340925,101
93.38287161022511,27.612907081164973,20.22879686406223,32.94021435728318,1.892945843173091,3.1367554738460064,98.37912669536797,51.84330753300762,64.7002381803653,7.71478160434713,51.39574274695722,14.333611301260175,521.3328570787091,0.0019181603200755545,0.3,47.65347474979024,11.305959787706598,0.0019181603200755545,4.503250709627534,4.0428917855538975,81.24116709210077,0.419644819346843,12.20929324268321,4.78794611492501,64.7002381803653,0.3720673177248304,0,166.49036240022556,BW-002,2029-07-02 13:44:54.340925,102
62.47233842756891,22.55416316866827,19.953491870474753,38.285108019045,0.7257084065089963,3.8898374464712795,72.31562590679404,38.39774146438115,48.07118133616783,7.032400740431401,46.02141143691838,15.189576559363061,543.8308157760563,0.0018388071639025864,0.3,43.6430810118825,10.42914591255344,0.0018388071639025864,0.0,4.685778734560007,108.98201655560202,0.4980005114830861,11.770080266454936,4.513853690254027,48.07118133616783,0.3233865158533763,0,160.50109454256733,BW-002,2029-07-12 13:44:54.340925,103
98.72305525802935,24.68028716355112,24.018215524202,29.919806779329754,1.2064403786521003,4.074419149587433,99.68516000152968,48.6862849785069,81.82982628131946,10.153978120997992,53.03868046435519,13.804847816265282,490.48148750696697,0.0020388129327425343,0.3,48.462880143407695,10.050027764225465,0.0020388129327425343,0.843043811615843,5.066183679964432,91.86463057337383,0.27755970566636035,12.599060602390695,4.594841107883329,81.82982628131946,0.41991053385648824,0,171.8053718507822,BW-002,2029-07-22 13:44:54.340925,104
86.47654530548046,26.507062821724254,27.046416992518957,37.86938670465812,1.856539662490786,5.846942001141004,74.27669665099347,42.64278949665139,82.9115724106858,10.857288433867577,49.5592610507976,15.26881495147494,532.1844659800689,0.001879047706058845,0.3,45.704405987756445,10.822515071129448,0.001879047706058845,6.7009414551766335,4.3896407843855805,152.26434680475577,0.299818257304038,12.73536251312772,3.9276196493487525,82.9115724106858,0.43602724782964003,0,173.66403426992346,BW-002,2029-08-01 13:44:54.340925,105
92.69631389224438,26.542288688191753,18.667266260165526,24.165071093271585,0.8186709157932095,3.0125623308838736,90.11303001390752,47.83639033602871,54.80459852957805,6.786777993542642,51.33263333164723,14.360484631890106,506.51978996550264,0.0019742565242477626,0.3,46.82925857307894,11.02219166762238,0.0019742565242477626,0.0,4.204777734851562,62.39688747378505,0.3814813010394644,11.166592186521372,3.0361621844113706,54.80459852957805,0.3346379320882443,0,152.27171163438234,BW-002,2029-08-11 13:44:54.340925,106
86.5409437565381,24.467184933295275,22.828875111591742,45.23008531751073,1.8433442721977582,4.2323664299988355,84.68932228096098,43.308860011841794,72.23919711579681,8.96090611503229,50.496435885105186,16.09204836669023,507.4055152864048,0.0019708102688547847,0.3,45.62252268565783,9.839780042002394,0.0019708102688547847,5.565079301807633,5.183890807340975,125.11904292358537,0.41238061168815476,11.101171049036884,4.239165185654174,72.23919711579681,0.3930189783052441,0,151.3796052141393,BW-002,2029-08-21 13:44:54.340925,107
96.36701056214343,23.883268459090164,26.29266975287114,30.51919635058487,0.7859147496116747,5.185968852709808,79.46091229798353,42.862942589880305,84.9534678762161,10.302045404631206,52.02555879267603,14.694307376305686,498.2468474436041,0.00200703728509429,0.3,49.52604815152748,10.260548129844626,0.00200703728509429,0.0,4.905468565077702,159.1772342074404,0.3724239514211545,12.777267671474764,3.4309258145514603,84.9534678762161,0.4326522804871349,0,174.23546824738312,BW-002,2029-08-31 13:44:54.340925,108
67.38529829389476,24.052645725181563,23.15949143735786,43.942780105321646,0.6798366402090681,3.7107719816901703,72.90897012896274,38.580632748831675,57.213450490085215,6.763714089211012,47.01485053747063,15.558416887764977,541.0033526102749,0.001848417380733636,0.3,42.270345687479995,10.688054150087419,0.001848417380733636,0.0,4.173696147973552,78.46162791501479,0.3907669432715276,12.495412109362999,4.96284284984405,57.213450490085215,0.35301250741669987,0,170.39198330949543,BW-002,2029-09-10 13:44:54.340925,109
89.39703389579577,25.18872948513583,21.45534411211191,35.82767002878779,0.949913104665534,4.64078662795643,84.25269618600305,53.44868567312249,83.4006999898195,9.774969645731966,50.595971254113415,15.94522034257789,507.6625625391697,0.001969812378912308,0.3,46.319040758551324,10.351597965187757,0.001969812378912308,4.701205460903691,4.648799741432565,113.12957303070105,0.31173038973331707,12.235613434607272,4.276448830081223,83.4006999898195,0.43030110206114924,0,166.84927410828098,BW-002,2029-09-20 13:44:54.340925,110
83.84327820953224,24.603063537131465,19.972866348946546,26.797993789336722,1.3200435231081953,3.218204843336005,78.41802439713749,41.99875707141428,52.98662764280806,6.3091316479927215,49.62580006295006,14.69588674627762,530.216337673434,0.0018860226080319516,0.3,46.92716262449462,10.84879218106119,0.0018860226080319516,0.0,4.292766520348112,70.57845250323889,0.43450909473720767,11.607650253156354,3.131252176355635,52.98662764280806,0.33568699344472375,0,158.28613981576845,BW-002,2029-09-30 13:44:54.340925,111
96.09652133144414,24.063746119346114,26.796001286671476,39.807872518554404,1.8973323714642216,5.491868281295374,76.739721929253,42.986651603984456,82.54742168783102,10.536111119467288,51.777593827461146,14.055175353951924,509.0427348662692,0.001964471608189655,0.3,47.99653996773495,10.10373097510796,0.001964471608189655,0.0,5.219323468289344,203.03892223230966,0.43862043143180224,13.112261980564133,4.3054562475544484,82.54742168783102,0.4278708927526508,0,178.80357246223818,BW-002,2029-10-10 13:44:54.340925,112
92.83924069196564,25.399631553432776,25.88436597880929,45.56127519801684,1.0992781768804023,4.229018607877557,99.34662005579675,38.61783802757797,81.04062414342509,10.503467621142654,52.94116121425549,14.801402341927005,510.084409658929,0.0019604598397129133,0.3,47.98889282235594,9.465583339431795,0.0019604598397129133,0.0,5.2252027811883694,104.94886522849573,0.2953353706250157,11.804251059483352,4.687361059329955,81.04062414342509,0.4231607367090957,0,160.96705990204572,BW-002,2029-10-20 13:44:54.340925,113
73.0717882343111,22.064866501811178,27.91861289029757,43.22353680968076,0.6566817771502271,5.192611037328481,82.60033012886989,46.5671952623308,91.17178588009581,10.72278464785365,46.85849849469081,15.043348849707199,548.1499052579397,0.001824318476401881,0.3,43.79485386820498,10.218942321221881,0.001824318476401881,0.0,4.904957352419458,142.85094474478095,0.32070058632056164,12.699601681173323,4.125310845805485,91.17178588009581,0.4683509245110346,0,173.1763865614544,BW-002,2029-10-30 13:44:54.340925,114
83.07429524530801,24.783890189001326,19.424509146109337,47.533637449457366,0.8220438311950331,5.497835319978393,94.12496694951652,52.32846367079401,104.29530220078068,12.93708919467127,49.81681323535943,15.253120494652963,522.9487118429802,0.0019122334128633604,0.3,45.129366040678846,10.50770971035097,0.0019122334128633604,2.183861999955053,4.580272779227125,173.28986528566753,0.3045473870471961,13.705438426271794,3.4150229907697582,104.29530220078068,0.5045356208888296,0,186.89234217643357,BW-002,2029-11-09 13:44:54.340925,115
62.689367203622446,25.569084277011456,26.866400125596392,24.778642705132487,1.4880764580905332,3.4199621301652887,82.47455704055233,45.97176830109377,54.5807638687783,7.051496544521149,47.85071077993517,14.475172250545029,542.3088603637215,0.001843967659553468,0.3,43.12975422462044,10.340156879554252,0.001843967659553468,3.5654110296848884,4.638983434573067,86.89320388706012,0.450394656251683,11.905724183086171,3.8642324736038587,54.5807638687783,0.34462853767171076,0,162.35078431481145,BW-002,2029-11-19 13:44:54.340925,116
81.29167503805817,22.619590053250292,20.070286523356344,37.631383135585935,0.9445364202699326,4.208218454240493,85.58835027409023,54.93052617597238,74.02714063257457,9.004361877285646,50.55631410842118,16.576028367256043,531.6914555821972,0.0018807900512619847,0.3,47.99140653366986,10.064960583758115,0.0018807900512619847,5.571189411793278,4.763037464477102,104.35152164700399,0.344237026899892,12.599125225617898,3.285571273335769,74.02714063257457,0.4062645721165744,0,171.8062530766077,BW-002,2029-11-29 13:44:54.340925,117
97.53262914605264,26.912441376904304,29.80280647816396,30.232100134809937,1.9545854491969656,4.188002899156846,73.99029396721987,38.17473526748619,57.832325854868564,7.746789141104602,50.5064003386683,13.958950648405507,518.1000720241852,0.0019301290503455468,0.3,48.07479643963831,10.45225548232755,0.0019301290503455468,0.0,4.273901241883497,109.31505340614117,0.4211737305409767,11.74335662975118,3.6394416986797085,57.832325854868564,0.34820444112348414,0,160.1366813147888,BW-002,2029-12-09 13:44:54.340925,118
77.24935479166231,24.085112771882528,18.60419432363224,25.266366188630464,1.538016883919982,5.847819318736851,96.38804490135286,53.140839208300434,119.57246662270032,14.091496776735154,49.14055237512856,15.961722897412477,520.8631453896712,0.0019198901071256905,0.3,46.74959107561155,10.395600535953639,0.0019198901071256905,2.008253123886186,4.261331626116712,131.84724332945586,0.2,13.552770957811362,4.449115818317637,119.57246662270032,0.5548338323592358,0,184.81051306106403,BW-002,2029-12-19 13:44:54.340925,119
78.31715977736111,23.359129756216635,25.36764367590279,30.068594838002667,1.3664476315166338,4.451407619581942,82.55168600135,42.15622498671186,67.65053567268343,9.186780101893634,47.97295899658558,14.76436812964874,518.7528726728262,0.001927700168381897,0.3,45.68012888225861,10.864587207289429,0.001927700168381897,0.0,4.4577126941416445,137.16520517312205,0.41926951349692104,11.760159701896542,3.885309696520866,67.65053567268343,0.3811276473774593,0,160.36581411677102,BW-002,2029-12-29 13:44:54.340925,120
74.36834987930762,26.941313359670914,27.84835392920135,35.456409554937636,1.0262286640025233,4.781341895830357,87.26780285920246,38.2291566812848,96.30097557093046,10.431430049194223,46.179764710679,13.96745847687184,557.7589408616738,0.0017928892335730457,0.3,42.14839192023131,11.03699476317534,0.0017928892335730457,10.644258581778665,4.273172473545177,142.390861206955,0.35686050032240624,13.079542048213737,3.764726662123256,96.30097557093046,0.48833093416160367,0,178.35739156655097,BW-002,2030-01-08 13:44:54.340925,121
74.50239186236378,26.834287154009306,21.938153793571345,29.017424968964306,0.6270325128129602,4.710860816194171,76.30321578737056,49.845427845045734,65.09970753783551,8.986345735058311,48.20381636053773,14.839851097731678,513.0149298532833,0.001949261009393994,0.3,45.4055122549258,11.298610466788075,0.001949261009393994,0.026855142924545883,3.53609499215045,92.28702258287282,0.2725004672844985,11.52909087543359,3.73468103055456,65.09970753783551,0.3709035040821034,0,157.21487557409444,BW-002,2030-01-18 13:44:54.340925,122
78.66772483537633,24.89279259351905,28.090904524834887,29.309728714705535,1.0714869105026,3.0755972844632087,80.64495566629488,50.60425297071267,41.49931054997163,6.2007851663228095,50.44353688111099,14.568253197517533,519.7642133036353,0.001923949310869198,0.3,45.94636375600526,10.68282873678444,0.001923949310869198,5.014650069687797,4.644316680687852,77.63210864128811,0.5088329677605358,11.381948463327163,3.7235366238451317,41.49931054997163,0.2942602991576627,0,155.2083881362795,BW-002,2030-01-28 13:44:54.340925,123
92.33622955574764,26.94174166449384,22.61533291174522,35.01897655888034,0.9549288362739243,5.084859358029143,87.0217283246822,50.92487218912774,90.66739602915774,11.062331240590751,50.81923094442306,15.236315172921703,513.4373228188947,0.0019476573976152706,0.3,45.879364602348225,11.167124355984816,0.0019476573976152706,4.004443177605392,3.641599381392395,183.10386996023186,0.40689460595884347,12.918894454983828,3.5388788926073103,90.66739602915774,0.4562558502761942,0,176.1667425679613,BW-002,2030-02-07 13:44:54.340925,124
97.30219513677248,22.71186259444948,29.20499307601764,40.412794844048236,1.2973582290300967,5.205075558569471,88.30323766108704,44.76355350621628,89.93429476551272,11.490625602306883,50.22847090723505,13.647804184198613,523.7512153346153,0.0019093034454557168,0.3,45.49788253480096,10.72709763615522,0.0019093034454557168,0.0,4.729959957513492,152.6325447270059,0.31899688734241116,12.719431064961045,4.4470691466621775,89.93429476551272,0.4569063471520936,0,173.4467872494688,BW-002,2030-02-17 13:44:54.340925,125
61.30636243137984,24.85357715093205,22.892977260032787,27.86925148740294,1.4846144052509853,4.257298418751256,87.97897861019166,45.2741571043061,71.85094269704506,9.363819163012991,45.566069812343166,15.31666341303562,550.4538589137541,0.0018166826952096661,0.3,42.27564161605269,10.069045481121737,0.0018166826952096661,0.0,4.751654213901806,140.70364619226496,0.44119263456042224,12.842746142834969,3.0585988862068367,71.85094269704506,0.4046392999976097,0,175.1283564932041,BW-002,2030-02-27 13:44:54.340925,126
98.84603629473143,25.373132866387152,26.577039317327348,25.6428108615844,1.126500493725492,3.8645535778785884,70.19393073369132,44.924784438016275,59.223290018057966,6.781705154056215,51.84953629688658,14.507503437091492,491.33032933064146,0.0020352905984093008,0.3,49.091024094815715,10.641757591624076,0.0020352905984093008,3.2268644219379445,4.320003517910709,85.51289834263378,0.40785275722351333,12.938074835501302,4.091499359558871,59.223290018057966,0.3448100655260523,0,176.42829321138137,BW-002,2030-03-09 13:44:54.340925,127
64.65433940657984,25.676775013219064,29.261785898569855,39.88266557931932,0.6152045724716323,3.0718387958114506,87.54483433917372,53.82948475012131,49.24369278774921,6.723090462399009,46.896830920534384,14.710437945182127,543.5705254192607,0.0018396876821617422,0.3,42.160206210189806,10.59898508857711,0.0018396876821617422,7.24185944199879,4.65281964569237,62.49346625428971,0.37824853176400586,11.53928142351378,3.3866784672241046,49.24369278774921,0.32721680025160893,0,157.35383759336972,BW-002,2030-03-19 13:44:54.340925,128
74.18664819940331,25.30398027664511,22.838493073599025,44.007456251404136,1.7220065070649837,3.5232278013344986,84.14948472251785,36.82843983634277,63.55853982494503,7.411945101058688,47.647163440398515,14.741153713565392,545.2304495801562,0.001834086854044982,0.3,45.56279892156474,11.162564423403598,0.001834086854044982,0.0,4.272391632528406,76.55160000358977,0.36643029070734384,12.371063856161065,3.9333663116617283,63.55853982494503,0.3754309342905303,0,168.69632531128727,BW-002,2030-03-29 13:44:54.340925,129
84.47324080412886,24.24074767079623,21.06403648515893,26.540983637115104,1.0323465252298312,4.222096572638497,85.64131064421224,52.931493169380204,82.92001743159199,9.039647103679934,49.58289487659026,14.288158681558038,544.5637024115608,0.0018363324539839372,0.3,47.1446051799663,10.009757327677216,0.0018363324539839372,0.0,5.186863821277855,102.32746260277997,0.33513715521864634,13.55708244087266,4.017411968432533,82.92001743159199,0.4397691688287748,0,184.8693060118999,BW-002,2030-04-08 13:44:54.340925,130
76.52690068830879,26.05493755062444,25.89791789157088,25.682595351390166,1.0928889731467366,3.5888829069332013,70.67693535116042,52.233297693982024,55.411294087140256,6.341281129905065,46.62719237167166,14.660678469352948,554.4032654475831,0.0018037411796135003,0.3,42.83906158523872,10.236920545790749,0.0018037411796135003,8.86576424115113,4.689795172276291,78.70823435529786,0.43230861157158434,11.455919085389286,3.3364731582169838,55.411294087140256,0.35102529325807574,0,156.21707843712662,BW-002,2030-04-18 13:44:54.340925,131
67.27115468869448,22.940876231900834,27.92762579684695,25.00596520119018,1.128774313853182,4.790835670239518,94.30483269879107,43.59346726710296,91.28384278631636,11.294973909233457,46.77243567556155,14.870099929616243,537.566322464954,0.0018602355806342271,0.3,42.313404667220176,10.90497965032245,0.0018602355806342271,4.541378554259888,3.726265270337426,125.31993184650044,0.28949006016655715,12.208753246240505,3.572559724223882,91.28384278631636,0.4655493726938741,0,166.4829988123705,BW-002,2030-04-28 13:44:54.340925,132
66.72814623066073,27.275981294070846,24.68448615930042,29.553135273044354,1.2536409307495646,5.2495797938648066,97.39124400669567,46.442459274444126,99.39165097591412,12.781577665922663,48.60776004669545,15.431111755943489,538.5897765742169,0.0018567006718186404,0.3,46.200522487395745,11.419007732462365,0.0018567006718186404,0.3492514256015875,3.4290114250548904,167.6496804171834,0.3123228350144407,12.498992576035892,4.301943490437089,99.39165097591412,0.49288243622531214,0,170.44080785503488,BW-002,2030-05-08 13:44:54.340925,133
89.25945438812462,27.7487080535166,20.64535205094503,45.26836253110429,1.9014561712512354,3.5959337306922174,77.40571082787199,41.12830898702073,51.71909729242516,6.958645162853817,48.97269110242605,13.580460670257287,516.160575396522,0.001937381597251564,0.3,46.67222610990574,10.156138134067906,0.001937381597251564,4.335203586551332,4.668525278376963,79.46840901672957,0.3969795731817879,12.230116937084516,3.1461701820523005,51.71909729242516,0.32724516359370714,0,166.7743218693343,BW-002,2030-05-18 13:44:54.340925,134
96.65682178128264,25.81248614117146,25.557847853216494,33.67705519641174,1.6285968234556818,4.665401360259565,87.63974888391499,43.52999494483722,78.14943712629385,10.221865091395593,50.68914244610964,15.258473257874185,523.8266965438036,0.0019090283229128582,0.3,47.66246587177293,10.24445463800763,0.0019090283229128582,0.0,4.763968994206767,159.1584213050977,0.4171771177419437,12.806563806716962,3.014715659250829,78.14943712629385,0.4176461327174539,0,174.63496100068585,BW-002,2030-05-28 13:44:54.340925,135
81.25176073403728,26.06462842736977,23.141494846185545,41.55591513703534,1.7367072764068237,3.26336471117448,75.15488381072976,45.3615499608069,50.051633395929485,6.131444892508843,48.96625084715347,14.655557228712297,527.5000875337428,0.0018957342825768398,0.3,45.71776800793499,10.689614407232916,0.0018957342825768398,0.0,4.559870628621205,61.824372249732185,0.3862258041672851,11.622482223103967,4.138460424182896,50.051633395929485,0.32508880424655445,0,158.48839395141775,BW-002,2030-06-07 13:44:54.340925,136
65.85745026411264,26.99757829344537,24.483558381483686,44.271981818165386,1.146952559511522,3.6419840360949407,78.49853210477733,43.006256723459884,63.86268234432061,7.147260019562129,47.08337642201868,14.192056606294763,550.498888780533,0.001816534093674927,0.3,42.2970861584022,10.85722948572655,0.001816534093674927,0.0,4.511151718489049,55.13375075293732,0.2647585120021959,13.138964980719116,4.890034188496988,63.86268234432061,0.37802527444856193,0,179.16770428253338,BW-002,2030-06-17 13:44:54.340925,137
75.1616194153214,27.490364395103335,21.014031210580814,44.26109580686743,1.2260308587641062,5.39596734106991,97.9825881718094,35.4027569789858,111.6549977890216,13.217771144214657,48.573890600135556,14.792449855518315,540.1624600985186,0.0018512948860193153,0.3,45.23623074055613,10.694982122548186,0.0018512948860193153,5.385271196812217,4.580692333849313,124.44861799115927,0.21810847969034058,13.604901425801842,3.931451155334995,111.6549977890216,0.534232063992961,0,185.52138307911602,BW-002,2030-06-27 13:44:54.340925,138
80.56381770205039,23.850809688936906,24.876506407428188,31.805068710629072,0.5589041213624785,3.4613511165396487,96.58513882167979,44.170371243740306,76.37947905894747,8.357876952538957,49.78527326742814,14.947828603506554,549.4260410768582,0.0018200811851582985,0.3,45.873366797814064,10.517301819247793,0.0018200811851582985,0.0,4.423600986287912,75.6635178221988,0.32693010432556846,11.689391154978699,3.9109311440127232,76.37947905894747,0.41942607585288233,0,159.40078847698226,BW-002,2030-07-07 13:44:54.340925,139
70.87994421377424,22.038274260439543,29.74025744468228,47.17793303567394,1.0927329462084576,5.037199813486913,97.95221209949524,54.938988348233394,102.45135256943202,12.335121612955199,48.02529868207146,15.090625581301024,527.8437651222387,0.0018944999753258787,0.3,44.42090028322788,10.333827853068257,0.0018944999753258787,0.2436089882401304,4.713598914528698,99.4151556609861,0.2,13.708591508798442,3.3285408989118563,102.45135256943202,0.49985763810144496,0,186.93533875634236,BW-002,2030-07-17 13:44:54.340925,140
89.13483417358584,24.07483659046255,26.05311788503171,43.3303210331035,1.920134367038361,5.160472382792821,78.61663627615452,52.59504804588687,79.7566167204255,10.142474508279092,50.83049675102018,14.490152340145572,515.1188509916985,0.0019412995623724818,0.3,46.44132458316105,10.436822126800717,0.0019412995623724818,6.7475641294352675,4.841122435730848,167.14437855507842,0.3991796608516566,12.460428405210886,4.328024456135204,79.7566167204255,0.4203910443655945,0,169.91493279833026,BW-002,2030-07-27 13:44:54.340925,141
76.00849103398687,26.699787897736286,21.191141407585427,47.76797529104756,0.5386543981465267,3.6619531788652453,74.14375879420741,52.18223515293833,56.55665151795574,6.787774330236646,48.607635426423485,15.224317882257264,545.1914431699856,0.0018342180761047075,0.3,45.374807769373156,10.840288729918287,0.0018342180761047075,8.450464684053303,4.553219304863512,82.86249750813447,0.41670417304242047,11.783110253972321,4.824415142498364,56.55665151795574,0.3520796046775148,0,160.67877619053166,BW-002,2030-08-06 13:44:54.340925,142
84.14115226004483,25.957035889907964,26.256546684889546,26.889301890938135,1.9077946752096957,4.50017477757326,90.24679609162465,39.78132768150059,85.1842531696826,10.153158888208157,50.58316002807857,15.374950119711855,512.7077323999946,0.0019504289418827,0.3,48.30248180734156,10.017467865285607,0.0019504289418827,0.0,4.762552606668487,130.39609121160427,0.3567336047007445,12.875576003298683,4.93572913190271,85.1842531696826,0.43775983028560705,0,175.57603640861842,BW-002,2030-08-16 13:44:54.340925,143
67.2473311620033,25.736520419439046,20.672112949477018,31.373194008510502,1.3196878125921865,3.9377940747249003,82.32047899030849,39.19380554860402,68.76127892579451,8.104027359913811,47.36636751251702,15.159260502399437,531.0315987608843,0.0018831271102009981,0.3,43.158261311238824,10.32025631476649,0.0018831271102009981,0.6216616361148382,4.0737654855866685,95.250197630595,0.3730972076904219,12.63771302938874,4.060104678424762,68.76127892579451,0.388513742714247,0,172.33245040075553,BW-002,2030-08-26 13:44:54.340925,144
76.68773674258306,22.96135360585904,20.05123682905018,34.03547491590719,1.6359244674132511,5.929683069968712,89.36807731175234,53.69087761431031,111.00675818004623,13.24810937577882,47.51146384794715,15.094664153646187,533.0367254937632,0.0018760433421799948,0.3,45.079835381777805,11.386156130369763,0.0018760433421799948,0.0,3.262479017617056,222.49608453507824,0.3540356524314145,13.118991975874792,4.114503666636821,111.00675818004623,0.5299335449149497,0,178.89534512556534,BW-002,2030-09-05 13:44:54.340925,145
95.91858587391154,22.504765973556296,22.717246890712815,26.40589352934904,0.5248887209488968,5.297575931654226,90.74966955599625,54.31277950533601,92.6479689090363,12.0188316311355,51.68503215446685,15.526992885591438,494.7422463564537,0.002021254516598359,0.3,48.13098610774129,11.610681751120868,0.002021254516598359,0.22013646586020885,3.3575726216298225,132.07649032156456,0.2592961636299208,13.239748170140054,4.129905215304946,92.6479689090363,0.4572492369370571,0,180.5420205019098,BW-002,2030-09-15 13:44:54.340925,146
86.46874730575826,25.614696651799527,19.956229365778633,29.611507994233538,0.5355616304667776,4.180666008318947,73.92151970769272,48.434177184881214,64.46371995646906,7.726029618130753,50.54231837416421,14.231207601775413,508.3462138910865,0.0019671632691932485,0.3,46.34566075522754,10.31491287565959,0.0019671632691932485,8.926207218557149,4.886596579486787,95.75138388070262,0.3705554716344356,11.560884659090137,4.500321665909202,64.46371995646906,0.3673829306888895,0,157.64842716941095,BW-002,2030-09-25 13:44:54.340925,147
93.39788822777615,27.848143576291307,19.62551444153629,29.555405130367156,1.802614285920401,3.620453679400189,85.13367825008066,41.243794731382586,69.75699943678035,7.705563466534408,50.86477865508499,15.056570228526512,508.4471713973326,0.0019667726683418544,0.3,47.09948493372463,10.255895036907013,0.0019667726683418544,0.0,4.524214293355859,81.12883994176819,0.3635112715849733,11.225747170438703,3.6590608275479934,69.75699943678035,0.3850574828751343,0,153.07837050598232,BW-002,2030-10-05 13:44:54.340925,148
97.05855191824739,24.517764296840863,18.60746966722889,24.945404008627666,1.3609247991035156,4.282399584500068,89.35655727533992,49.904294853816694,74.02525039131535,9.566512093706805,51.19566612658154,14.805826530849421,490.29263151759926,0.0020395982638056523,0.3,47.94878278049408,10.999498111326696,0.0020395982638056523,2.4325462812213994,4.180537573912287,135.25542970368616,0.4126899647277563,12.088588556653136,4.368418150376973,74.02525039131535,0.39383862409299764,0,164.8443894089064,BW-002,2030-10-15 13:44:54.340925,149
75.71580435572716,22.171914565465926,24.999028707750682,24.271260878136538,1.6810579372239094,3.8074847129748877,75.95894841585607,50.66774439991677,50.75220737155934,7.230313372675501,48.05175154229076,14.650900162694475,541.3486151169376,0.0018472384930438741,0.3,44.043946667038256,10.509135574692662,0.0018472384930438741,0.0,3.6165876283622556,87.45657832220728,0.39710669206186305,11.830904165242927,4.746722235682876,50.75220737155934,0.3315786091069457,0,161.33051134422175,BW-002,2030-10-25 13:44:54.340925,150
62.39049096713538,27.331595682622915,21.948885353528734,31.550103201937596,1.268132865047996,3.811045771486753,94.68280729096996,45.36647846079647,62.51920131272409,9.021012808968655,46.34200523524779,15.295372167755163,555.7437317862068,0.0017993905154555976,0.99,42.59979381585573,11.513610788324781,0.0017993905154555976,0.0,3.1440183466218,110.50319366565701,0.40177728393625156,10.772636935004076,3.739997771919955,62.51920131272409,0.37512045724494236,0,146.8995945682374,BW-003,2026-09-26 13:44:54.469815,1
97.62760750892927,22.286688188088434,22.226771700848943,44.55772772840005,1.0940817161532002,4.742905759894777,91.89667353110794,43.218658099255165,85.18549760860517,10.896431555146544,51.424027395084565,14.814110494238255,509.258460001432,0.0019636394454736954,0.98,48.74351608810808,10.352411408653898,0.0019636394454736954,0.0,5.169871037325199,149.80106074937797,0.3623231730127683,12.943367997443083,4.526570380406318,85.18549760860517,0.43672919669578025,0,176.50047269240565,BW-003,2026-10-06 13:44:54.469815,2
67.96627590388267,24.54876508798847,22.626630017900034,45.96998883520088,1.6429015636146456,4.887657579024877,90.9793876346591,49.22243634030572,80.52657602487255,11.116902337689593,45.717328978662955,15.946095880416534,556.6540379655946,0.0017964479403665217,0.97,41.72861022162926,10.13852989622313,0.0017964479403665217,0.5617145945832277,4.727190946621946,121.49135441271719,0.2794929283407692,12.97264340878433,3.6759399584809573,80.52657602487255,0.4354181314725869,0,176.89968284705907,BW-003,2026-10-16 13:44:54.469815,3
80.20462222976025,27.930223400329425,23.58333037531108,25.397707939686605,0.8934114827224773,3.7252935224390447,84.49042338531851,52.736630789379184,61.472813941426466,7.868790673636485,48.14697419377298,14.564636114178128,526.5180743418213,0.0018992700321827682,0.96,44.6724315162775,10.95853234567759,0.0018992700321827682,0.0,4.097807755735167,65.89355622668076,0.28098586299575834,11.768955298770232,4.509880400316658,61.472813941426466,0.36286480210730127,0,160.48575407413952,BW-003,2026-10-26 13:44:54.469815,4
77.4428192087725,22.94141574487672,29.370781515888517,42.404373547626555,0.902430800641659,4.135042745047941,92.4917724035063,36.93637461974437,77.73833790438707,9.561435811343602,49.341014660039,14.920731153791772,529.2496947789551,0.0018894673154561895,0.95,44.463308354067536,10.252661438901278,0.0018894673154561895,1.300217397312267,5.022748001702718,93.12723045155248,0.2944310334455129,12.247615982229073,3.798080904096608,77.73833790438707,0.4179027014483101,0,167.01294521221465,BW-003,2026-11-05 13:44:54.469815,5
83.63218134071664,26.32869494265743,29.295347146881575,45.15924838020986,1.2727883392073205,5.311313408377011,76.3158546532184,45.02882947395821,81.00676736258416,10.133435552284748,48.62680813946853,14.217688936332097,531.3406867914385,0.0018820316698098432,0.94,44.51449505715362,11.000236968775251,0.0018820316698098432,0.0,4.658756847718435,115.50135063705035,0.2682492010301957,13.549975794935175,3.1420491352986533,81.00676736258416,0.42942476391271206,0,184.77239720366148,BW-003,2026-11-15 13:44:54.469815,6
90.9861047917207,25.37286852296551,24.63244668054648,26.753807000116606,0.689206487024228,3.7008742909456998,82.28682781787528,50.60168047469929,57.27003500341862,7.613330138866252,50.7913422856156,14.374400431683162,522.1871536803325,0.0019150222156023593,0.9299999999999999,47.041343555650045,10.994675440678726,0.0019150222156023593,0.2786825639950341,3.336228431889365,110.53654600148964,0.4903846943080061,11.749943395617008,4.026439951655638,57.27003500341862,0.3475562627821618,0,160.22650084932283,BW-003,2026-11-25 13:44:54.469815,7
81.1813446008983,23.61316926987404,18.252442829525624,41.34814089360509,0.5487298950352475,5.7666699544645805,87.7770454829448,42.59848581924029,104.86383086951062,12.654531271954216,47.64468341330508,14.694120180247708,554.0831727149464,0.0018047831972591956,0.92,45.01682012871472,11.71081762297139,0.0018047831972591956,0.0,3.346977836823017,139.19978540740672,0.2384390700647937,13.7057529716692,3.1724983426079296,104.86383086951062,0.5157710547128527,0,186.89663143185274,BW-003,2026-12-05 13:44:54.469815,8
83.81107364416218,25.235162764763885,29.625776286933654,35.6211153443434,0.5954021545666961,4.505806742342582,88.1521376031323,46.197810636915705,85.85950422700236,9.929912399102616,50.707608892568146,14.919022591529336,512.5772595265378,0.0019509254096127665,0.91,47.65679178056016,10.74558341859526,0.0019509254096127665,0.09682823422811779,3.9273460573490153,110.92769535826082,0.3099074563141905,12.927917034396593,4.1528111029072665,85.85950422700236,0.43997152528130257,0,176.2897777417717,BW-003,2026-12-15 13:44:54.469815,9
82.06751871225848,27.046577023696607,29.96219141137728,34.32823616853774,0.9804481137451138,3.5292357312836584,94.38198712914038,45.835206398820304,48.924967647794524,8.327407034142915,49.74854050633542,15.066248571747822,512.7268077354107,0.0019503563787053697,0.9,47.60466730902446,10.49250982435716,0.0019503563787053697,2.160221873864649,4.944120520817437,91.54741840999182,0.3893728396376619,12.049199574454912,4.432329076355222,48.924967647794524,0.31690126781327166,0,164.30726692438517,BW-003,2026-12-25 13:44:54.469815,10
96.26613187807996,23.147452774456728,25.38514698039512,33.73714618034275,0.5616235474333329,3.3932395851141095,92.98471304748334,53.64887956754701,62.35914535014077,7.887985228079923,51.058430366887904,15.1687410373632,498.2139572487666,0.002007169782079556,0.89,47.342944053339835,10.195560558377116,0.002007169782079556,2.5013751124276586,4.557093849926831,78.55112196057706,0.36684431410712937,11.501478922395457,3.2894212722730396,62.35914535014077,0.35732800500843254,0,156.8383489417562,BW-003,2027-01-04 13:44:54.469815,11
73.8915389722279,23.591371135016047,26.233093847321843,46.77097194460603,0.9020707810679567,3.406550620682262,85.55198879899196,37.25218458698441,60.83072513016079,7.285929513595199,47.82042303895627,14.39491952829292,535.3014340871979,0.001868106334714405,0.88,45.785844996797316,10.303043323749892,0.001868106334714405,0.0,4.468231291069234,70.25691246749349,0.3538337546964786,12.284462567101532,4.434807110810421,60.83072513016079,0.36335951399336197,0,167.5153986422936,BW-003,2027-01-14 13:44:54.469815,12
92.45863756606727,22.332158901630457,24.457452120477758,25.69320152903747,1.901049486695959,5.801962255537852,75.50738882065438,40.05531719902328,79.03578810660926,10.952275498791437,52.460196002672895,15.48207794208599,509.5449563946927,0.001962535370922996,0.87,49.862949064189024,10.167542961365399,0.001962535370922996,0.0,4.6310597695540565,172.94247495573612,0.34019852312652404,12.752682424283178,4.080058384521376,79.03578810660926,0.41631611394043866,0,173.9002148765888,BW-003,2027-01-24 13:44:54.469815,13
90.6540512222956,25.947699467227554,27.886756579495973,39.540475093683916,1.9534165957614367,5.383988677193667,83.68950461652886,38.41536520006674,83.2584458312983,11.264583631383465,50.29266298090266,15.976458691244755,500.0353492418134,0.0019998586130285908,0.86,45.70536059047919,10.567703329115181,0.0019998586130285908,0.0,4.419855137485074,111.23676722125929,0.22926570246160705,12.276189935296927,3.951310061849834,83.2584458312983,0.4275387575435383,0,167.40259002677627,BW-003,2027-02-03 13:44:54.469815,14
88.55831791459086,27.54795165749348,24.205582704127657,26.809545911564705,1.2922665821345256,3.8016296864582224,85.27340155562567,37.9490783485227,70.73187563687848,8.104447370478482,50.222650179182764,15.208400787241557,510.38275843467164,0.0019593138354966565,0.85,47.4124747808781,10.00239417990743,0.0019593138354966565,9.277223083699583,5.176727588395978,90.94028354685672,0.36895474524655847,12.180209036831616,4.8755291186364484,70.73187563687848,0.38888774631999645,0,166.0937595931584,BW-003,2027-02-13 13:44:54.469815,15
65.07491312252372,25.55496087505843,23.789916726331956,38.941809547986765,0.5150704715822474,5.144106949146773,98.13113846138103,53.24509122202311,110.97282808941783,12.619926782171856,47.92835775638186,15.639287583969686,535.7726736628575,0.0018664632392753648,0.84,44.67970666328491,10.110638398983935,0.0018664632392753648,3.0444956288887126,4.608383999142972,181.15040325547227,0.3488048328524863,13.259112129899835,4.790133445872428,110.97282808941783,0.5306412290635834,0,180.8060744986341,BW-003,2027-02-23 13:44:54.469815,16
67.79361966621457,24.947982591472787,29.40604273906962,33.206616968523804,1.136558039080452,5.838226854206495,77.34146791071103,37.631306132787095,93.45328243526612,11.288425872501575,48.252042888449054,14.663104947170261,522.6432310323562,0.0019133510980803101,0.83,45.89961519181958,11.166331934591765,0.0019133510980803101,1.290496136156438,4.03134867186434,167.47458897930542,0.3176468712077261,12.841992172468364,3.831572124138366,93.45328243526612,0.46830391076059386,0,175.11807507911405,BW-003,2027-03-05 13:44:54.469815,17
88.58784356026489,25.622756543716708,21.58711380118,33.85959349361826,0.8265496982858487,5.916160423870465,95.77974853211428,37.20035442255087,111.75529487447655,14.166208941848993,51.2457136973195,14.925272153417506,482.85807868674374,0.002071001903333079,0.8200000000000001,48.90068088683521,10.956704263511773,0.002071001903333079,0.0,4.588322425360759,221.1043487940011,0.3297719502401164,13.663491627969156,4.901184026151877,111.75529487447655,0.5173750731876117,0,186.32034038139759,BW-003,2027-03-15 13:44:54.469815,18
98.64085836520835,22.78380628934416,22.462041414797035,24.620135333280267,0.8326692379003195,5.842283994179379,82.70074082052358,35.18620581524707,93.67810232596705,12.079030360063053,50.36529755315658,14.850589955485399,511.99830948334807,0.0019531314488305425,0.81,45.49485354138395,9.925345994795187,0.0019531314488305425,7.973753581599308,5.144031329360038,190.42511307566156,0.3373024518242912,12.436409368999955,4.041631172288165,93.67810232596705,0.4658598339315612,0,169.58740048636304,BW-003,2027-03-25 13:44:54.469815,19
91.2188455352062,23.207051393733277,18.96076083034759,35.386876316268555,0.5149538521017778,4.631633763483353,80.15662082311154,44.46869867188097,73.87632597882347,9.281402784276406,50.32458245237342,14.451428175185592,511.55693275122445,0.0019548166313021324,0.8,45.62012489907117,10.515248076343555,0.0019548166313021324,4.459011327842493,4.295677135155114,136.12571153043436,0.3958242016926887,11.895745928820928,4.104444560347693,73.87632597882347,0.3997214997547789,0,162.21471721119448,BW-003,2027-04-04 13:44:54.469815,20
63.39064617705333,26.84575521737785,27.257680138315276,45.963331689717506,1.7817731538661243,4.839511082229351,96.0640328745346,48.23803152943857,99.38166670357829,11.622573792498873,48.800508193376686,14.418967089871858,547.7113360462721,0.0018257792639798812,0.79,45.91571478596509,11.170680872580679,0.0018257792639798812,0.0,3.6951537830006647,94.70731249554409,0.21046976924432914,13.749642228650796,3.96254790365521,99.38166670357829,0.4955856231591426,0,187.4951212997836,BW-003,2027-04-14 13:44:54.469815,21
87.32702252959272,22.313997143803977,27.39418341583989,44.292259460173454,1.6986232186579318,5.716746412719397,73.59279899296591,45.63865955105583,82.82066648530261,10.517784241125437,51.68117013074247,15.064593736665856,502.66926647361925,0.0019893796312937732,0.78,49.167862695502265,9.64879674365207,0.0019893796312937732,2.2271567856025403,5.562001255897721,125.11407725514756,0.26010158863244337,13.345364515653525,3.3967450796954024,82.82066648530261,0.4268696682264278,0,181.98224339527536,BW-003,2027-04-24 13:44:54.469815,22
80.33916141232105,23.39741103189689,28.14395970826472,41.451907433763324,1.9711417615832774,3.8535358792273327,71.41183593630842,48.3709339022797,54.37005378199036,6.8797017995515075,48.98760025195124,15.491926171803073,520.956632407481,0.0019195455778703314,0.77,45.02663082273438,10.725221540637609,0.0019195455778703314,0.0,4.317907852294967,85.80334923727486,0.40456213476219854,11.996822080593093,4.467840740575401,54.37005378199036,0.33752050232887887,0,163.593028371724,BW-003,2027-05-04 13:44:54.469815,23
66.22770391023732,23.353987498312332,20.541577798578032,43.020954422912084,0.7803609446751772,5.4372409728717015,95.60187200610825,53.286808853329674,104.68048533605824,12.995260388871198,47.06004211711225,14.347705278099763,538.2646269573673,0.0018578222493509757,0.76,42.2636403709174,10.64896791835541,0.0018578222493509757,4.9589541770827275,4.584113092524045,113.05337958321141,0.2,12.749985441085913,3.81432859693425,104.68048533605824,0.5104143392074043,0,173.86343783298972,BW-003,2027-05-14 13:44:54.469815,24
62.66639319293225,27.99136483951377,18.29780653734179,44.04585744381278,1.048050262325979,3.7958552672581574,97.11859195569667,41.41325509472865,70.59240958736288,9.216202970593173,45.506363965220714,15.006111774207584,539.4203715899325,0.0018538417395185071,0.75,42.811614991353714,10.712340064909977,0.0018538417395185071,0.0,4.4307040135974045,114.66974144212034,0.40972944056123783,11.138143258377518,4.086939739962727,70.59240958736288,0.39713414343485604,0,151.88377170514795,BW-003,2027-05-24 13:44:54.469815,25
93.66461839031261,25.32772294726687,28.81957475383632,46.22863167395104,0.513647271921164,3.1316432651062307,91.6111963819661,43.88959955955582,57.7440081923295,7.172339653947711,49.85302716626249,15.685050926805186,518.0943798519289,0.0019301502561865263,0.74,47.44791275622085,10.34555092825644,0.0019301502561865263,3.865394489068271,4.639113463838947,60.955464058476096,0.3392263056208306,11.8003302772288,3.992150957001062,57.7440081923295,0.3479083412633437,0,160.91359468948363,BW-003,2027-06-03 13:44:54.469815,26
63.01648703971153,23.502152377425134,26.03178499636202,45.318532716276145,1.189912926940944,3.7688771261076526,75.7124048807473,48.39906981718436,55.46964780177956,7.133768772941249,47.65177262887831,14.956457636928425,537.9087872208017,0.0018590512439231044,0.73,45.14134440834684,10.697606330054246,0.0018590512439231044,0.9953892115884843,4.083524765224469,84.60551695252026,0.3933486729273494,11.790324188626828,4.8652914346823355,55.46964780177956,0.34627146217217236,0,160.77714802672946,BW-003,2027-06-13 13:44:54.469815,27
84.27892465097062,23.130999116773367,27.659602006580222,47.215874672483274,0.9028983993718962,4.064985347441826,79.62136494952881,54.27832024146377,52.7065886230795,8.091492046578818,51.5217132470666,14.836096770061738,513.0847987902614,0.0019489955702405824,0.72,48.59374057399193,9.677011163163293,0.0019489955702405824,2.658076601875022,5.112115405424837,129.6237331725143,0.49261421744542216,12.17289637925494,3.8035873406667275,52.7065886230795,0.32961406838067675,0,165.99404153529463,BW-003,2027-06-23 13:44:54.469815,28
79.79303806402186,22.516696663038243,24.70963987755562,36.06680260432033,0.7166547262326164,4.924739043730183,70.70298866102165,43.60351816888627,67.7432450117254,8.704844219183643,47.54293759248283,15.414661886291432,543.0496827301279,0.0018414521392823584,0.71,44.986359666709674,10.59634489493767,0.0018414521392823584,2.608374257953938,4.797280429894497,128.11077158890583,0.3735523163584754,12.567893104473175,4.538339739047175,67.7432450117254,0.3887257215247897,0,171.3803605155433,BW-003,2027-07-03 13:44:54.469815,29
77.68264852472299,24.00462791251938,24.261970503662273,38.05570405029118,0.5127433679108142,3.2836690343231645,92.75154314769753,47.12027663872163,64.49330276915913,7.614134252994581,48.020745754194806,14.818213352542486,538.1729173254122,0.0018581388394082621,0.7,43.956654197338864,11.158915804225536,0.0018581388394082621,0.0,3.5939331348821173,78.32911158361844,0.39160957887046494,12.029786083276528,4.64092258031663,64.49330276915913,0.37642955109482074,0,164.0425374992254,BW-003,2027-07-13 13:44:54.469815,30
90.44023931798222,26.278085751170444,22.395436634478266,25.27046245365164,1.6323988096775754,4.710937523479512,71.60729678822224,37.80998019591035,61.23878802774566,8.433437534864252,50.38200349849833,14.889109298141932,491.7561477169182,0.002033528212392893,0.69,47.02503306559544,11.054326080157686,0.002033528212392893,0.0,3.597787736380374,120.63693281625822,0.37955815123278835,11.942964488446808,3.541926415742439,61.23878802774566,0.3516561377408943,0,162.8586066606383,BW-003,2027-07-23 13:44:54.469815,31
98.20700641912529,23.440909576132086,21.882295364844456,28.41150934756356,1.3654041850172596,4.512210239245273,86.34645058088181,40.67014380541879,80.53521803776073,9.74033346083852,52.70042026527685,15.026263184107657,492.6625514629267,0.002029786914046076,0.6799999999999999,49.42120209580093,10.335587541623875,0.002029786914046076,0.0,4.674131322481199,101.18898396765256,0.2877929137953546,11.92027519108773,4.710816324208576,80.53521803776073,0.4162494922314138,0,162.54920715119633,BW-003,2027-08-02 13:44:54.469815,32
66.1936557858982,24.137163660768277,26.364156167211156,37.44278359222436,1.0796938464919028,5.845275466624479,95.27392320506726,49.44747015265597,105.15663081308297,13.92255814799111,46.17309766119281,14.891738401231914,553.9073937854923,0.001805355933535819,0.6699999999999999,42.13295949207,11.500664270944826,0.001805355933535819,0.0,3.718420874847263,139.63019486435897,0.21446939861791903,13.048736828520944,3.4637192277656967,105.15663081308297,0.5166943208459243,0,177.93732038892196,BW-003,2027-08-12 13:44:54.469815,33
76.80998407230167,25.372665295739377,18.070376734645937,25.884236842886637,1.8218871016445175,5.9347963905884225,74.75560702082228,44.74935670927948,88.59944320324038,11.091482668085566,47.58225607016325,15.464466006766107,552.1186036399516,0.0018112050443642022,0.6599999999999999,45.52816004068756,10.881093144898381,0.0018112050443642022,7.44322910341501,4.204333233117289,166.94540131625206,0.31702173954990187,13.55526143424417,3.011541322585936,88.59944320324038,0.46096705843612007,0,184.8444741033296,BW-003,2027-08-22 13:44:54.469815,34
63.11515956365163,26.24082157726303,29.040457969308633,30.496406503241545,1.0557371555892714,4.092363170524516,89.18159264362293,37.5807281777885,64.7107904089914,9.124086630587065,45.86236717061957,15.268706001410191,557.8517856597757,0.0017925908381153466,0.6499999999999999,43.45361547534364,9.80761435437939,0.0017925908381153466,2.5730129527366286,5.169732653850567,80.63996395108215,0.2699583532579351,11.437167652222087,3.227890538889087,64.7107904089914,0.3830581703945707,0,155.96137707575573,BW-003,2027-09-01 13:44:54.469815,35
82.75685623378865,27.29025381783151,29.30286704712504,41.74951795467044,0.629929641282041,5.663254574015064,71.21757136404085,53.274549880129186,78.10306080323424,10.083080919441215,50.055829670079476,15.503303270516314,502.22569207173643,0.001991136685729656,0.64,45.42148407912237,11.011594799956516,0.001991136685729656,9.02158985323569,4.246355268483722,183.5718201518576,0.4018432615504861,12.870725144138458,4.441786438104195,78.10306080323424,0.4110112436323017,0,175.5098883291608,BW-003,2027-09-11 13:44:54.469815,36
86.76616622139403,24.46182233123597,23.64841199389274,25.179561368284247,0.7865932090195373,5.498982415659001,78.92712149322446,50.785813093542096,77.27909175487517,10.850471330245574,49.445225970283374,16.3189408761301,520.366905226351,0.0019217209817849897,0.63,46.25106144824656,10.885971214708148,0.0019217209817849897,5.720161703296937,4.537742986619662,179.6796266071316,0.37642452818058514,13.309726267207957,4.8912593554979935,77.27909175487517,0.4137070440841559,0,181.49626728010853,BW-003,2027-09-21 13:44:54.469815,37
91.62054430134592,24.72375299828716,21.619946899573787,33.216457775159,1.7815992699885204,4.087749637784031,71.99216060381492,54.78699028084078,60.14485145195178,7.357148210788357,51.0449550259229,13.897352813622048,507.6590505355839,0.0019698260061452523,0.62,47.92400413680395,10.570065277929087,0.0019698260061452523,0.0,4.362892970499831,119.47683834288796,0.49659225374552324,11.230075647171935,3.9526765869887326,60.14485145195178,0.3527805533338478,0,153.13739518870818,BW-003,2027-10-01 13:44:54.469815,38
89.95996069619828,23.633892383086497,19.41002208254848,30.047957319457723,1.8811346765821004,3.1178758354520775,89.64721369443578,43.854718554129164,48.111412579430414,6.987722032337247,51.883758238376096,14.498280548250248,491.6745004048177,0.0020338658994449683,0.61,48.66690006760977,9.935954345072552,0.0020338658994449683,9.22469286092559,4.923050882928445,92.15652011797822,0.5287393629416831,11.415980596261079,4.583813076844474,48.111412579430414,0.3078737253862134,0,155.67246267628744,BW-003,2027-10-11 13:44:54.469815,39
83.26355351399022,25.200881252468697,25.15672319630954,32.784678377916364,1.7106605304792692,5.108599332150304,72.04030695857261,38.8757826004671,87.77249086276474,9.200626600411672,49.158180728010684,15.38661999333288,540.3701057177408,0.0018505834971602672,0.6,45.37706337915638,10.799315315494193,0.0018505834971602672,3.3523107197309305,4.353589607678506,131.165335315257,0.3488267960230795,12.879277851163387,4.883982893767744,87.77249086276474,0.4546860012578714,0,175.62651615222802,BW-003,2027-10-21 13:44:54.469815,40
80.93144997201,22.700487416612773,19.548781497948756,36.88461951606284,1.9048553271062587,3.6436944602785495,92.14452264525069,38.7827739265348,60.09529887336698,8.393662167687783,48.98187998596124,14.699807153564446,530.6823076467334,0.0018843665703392617,0.59,45.52603783463065,11.059264324040301,0.0018843665703392617,1.942247224090326,4.188071216027945,92.50452199001488,0.3780763734007157,11.597276161388091,3.046918043442309,60.09529887336698,0.3595223552052433,0,158.14467492801944,BW-003,2027-10-31 13:44:54.469815,41
72.33408486704795,27.21724701315531,27.16914703894655,29.947498629765764,0.5545111224743637,5.584874850251936,98.26556363468916,45.36985949884481,111.58071771905466,13.720021874730168,47.98976641962254,15.484384947840677,536.2430454148476,0.0018648260495879837,0.5800000000000001,43.290037789558525,10.722565228893524,0.0018648260495879837,0.0,4.159507710896038,162.0419871363595,0.2643439187993347,12.48960562677116,4.8215898610198975,111.58071771905466,0.5328086393546365,0,170.31280400142492,BW-003,2027-11-10 13:44:54.469815,42
64.07389060569531,26.37096360308464,20.39603685648776,32.91050209212945,1.2525487490096372,4.056926652627535,77.02173325052497,35.99562003046088,66.74001752078559,7.811788061390581,47.578261713293244,14.81882622122695,543.7651457306152,0.0018390292350503215,0.5700000000000001,44.71766108834486,9.934831595872943,0.0018390292350503215,0.0,5.2630640937602315,94.57055176278149,0.3730081559176872,11.760125437012046,4.064235944917566,66.74001752078559,0.38559626878846986,0,160.3653468683461,BW-003,2027-11-20 13:44:54.469815,43
89.0187267380065,22.67938733955475,22.87639686332954,35.64174981942469,1.3112405959573095,4.600850793927632,98.32123834842783,42.92554524983401,84.09967396652559,11.309033687882804,51.0946313050911,14.459042815643434,510.2215747513168,0.00195993280073937,0.56,48.885045543037116,10.339708446451652,0.00195993280073937,0.0,4.815757238681971,144.757034171984,0.34776513710509593,12.423413205897148,4.854732818923107,84.09967396652559,0.4333987189804803,0,169.41018008041567,BW-003,2027-11-30 13:44:54.469815,44
92.73442565580866,23.030069170259303,27.693977421919467,40.629082264719656,1.333806221298439,5.081590026985184,84.67968242425364,45.25152431848423,84.41396693589135,10.757685742383996,50.506876056460364,15.455107891832373,516.5128420338137,0.0019360602847015651,0.55,47.69695514589398,10.329469679626401,0.0019360602847015651,0.0,4.794329827328146,160.39270769214193,0.36675509399507283,12.485567001673974,3.7678977885259455,84.41396693589135,0.4363337423964486,0,170.25773184100873,BW-003,2027-12-10 13:44:54.469815,45
87.98111481610287,24.47210643370994,19.660771031617493,39.97836576636882,1.2870084600284333,4.4123549910381215,91.19927565246802,53.81279998372228,71.98786726773108,10.060089477605718,50.01363905025828,15.02837084164841,507.4049283620334,0.001970812548526332,0.54,47.34905759455118,10.680873445316026,0.001970812548526332,0.0,3.6036549019987993,124.12842789678359,0.3495497361923312,13.046347464792236,3.2451663130143658,71.98786726773108,0.3921810360677136,0,177.90473815625776,BW-003,2027-12-20 13:44:54.469815,46
85.57499202171101,24.02799268617094,28.882398928078032,38.096876845813846,0.6281037264363107,3.987963832447513,71.26601405743895,44.92590251001279,50.55802105560727,7.105157163594064,49.94970484331321,15.459935757977215,521.8537350816113,0.0019162457462216166,0.53,46.41047318820905,10.782327339806917,0.0019162457462216166,2.7475082647677356,4.490139298171868,92.95104711767686,0.4100524393549354,11.989139937662275,4.4689740806448075,50.55802105560727,0.3250828573765076,0,163.48827187721284,BW-003,2027-12-30 13:44:54.469815,47
77.99215962817715,26.538136328461807,27.529614740787267,35.87032926633021,1.8421213562469516,5.2813938188282,99.54787325324475,53.91549434016922,105.99287150710313,13.143788061929499,49.71774718431647,14.691928270975529,515.865654840837,0.0019384891989146587,0.52,47.68913032223984,10.80255287361255,0.0019384891989146587,4.389471966127672,4.138805333311658,143.02637385708593,0.2575473233244953,13.23206433363727,3.2010607173836716,105.99287150710313,0.5080692681425949,0,180.43724091323548,BW-003,2028-01-09 13:44:54.469815,48
70.7067374877719,24.4635921834296,28.783162926827643,45.51016119531789,1.5285691532370214,3.5913181164709567,96.26089719702281,49.08987272823369,78.7043350538159,8.64258760028541,46.565811912210314,15.724410054168859,554.0589855797705,0.0018048619840604053,0.51,42.97687833110491,10.918908538691396,0.0018048619840604053,8.60701350635673,4.168169702929669,106.07526470522333,0.4271953046574033,12.55779398044939,3.669470653158558,78.7043350538159,0.4285654791866508,0,171.2426451879462,BW-003,2028-01-19 13:44:54.469815,49
94.3592218848888,22.532639601737397,28.379939714493318,31.694877757205443,0.7674972686423245,5.548800524947374,84.4040481891512,42.46414738210254,82.79940085785917,11.708530672491142,50.8388013548244,15.733391278449488,510.69220076685275,0.00195812663380879,0.5,46.87265175643404,9.476822967812447,0.00195812663380879,8.546583811235557,5.33441338732872,198.4217221122696,0.38176641266743594,13.063011185891822,4.407871814655662,82.79940085785917,0.4292056630895864,0,178.13197071670666,BW-003,2028-01-29 13:44:54.469815,50
69.57479345368185,24.507811048083322,21.014304055253607,31.693622064395978,0.7024677291074631,4.479742479077958,87.37389412105148,38.781553075566976,79.74349548572353,9.785313626413354,47.94177687126729,14.404541747013136,540.2576568058247,0.001850968676524306,0.49,44.58713580281501,10.685264536947267,0.001850968676524306,0.44526881342158353,4.8180723894763835,130.5657974496602,0.3723159484170142,12.545553947359858,3.978393035961231,79.74349548572353,0.42788894866082583,0,171.07573564581625,BW-003,2028-02-08 13:44:54.469815,51
71.84707062235994,25.433702887252007,23.302244497092765,32.32125026966187,1.619678193285671,4.899806752012466,72.98488678541915,47.083478763451836,74.88496670491755,8.940296026651556,48.45578866263341,14.432989907032521,522.4879765864556,0.0019139196398991795,0.48,45.70618626685962,10.200834757195235,0.0019139196398991795,4.647853474405152,4.896376175616725,97.1363729910942,0.2771794605293826,12.221633241744424,3.615310174712673,74.88496670491755,0.40636294865899514,0,166.6586351146967,BW-003,2028-02-18 13:44:54.469815,52
95.7403988557327,26.540735337414382,21.98400842541215,41.86661202810129,0.7279702737110768,3.362881986715477,72.36093025586197,45.546217912847865,56.45917193369607,6.083531722485329,51.01428825159319,14.889200152807481,505.8997032560188,0.001976676391711449,0.47,46.03479703479276,10.941549964707947,0.001976676391711449,0.0,3.983541783552014,66.8136781903095,0.4082328886187436,11.507892248274342,3.4970714878541855,56.45917193369607,0.33996715075579254,0,156.92580338555922,BW-003,2028-02-28 13:44:54.469815,53
65.21271952365164,24.073762222216953,27.692428428528686,29.912357933815244,0.5948801133480194,3.2676665041717157,82.92949188541775,38.49573430090316,45.669004817579996,6.774648071048992,45.34092629402283,15.563843147258215,566.8033873532036,0.0017642802112910626,0.45999999999999996,40.48978703957655,10.649791999083003,0.0017642802112910626,6.274300379391375,4.352844533706618,82.55535845324259,0.4661555021686441,11.265353999378757,3.6544423663229075,45.669004817579996,0.32227103226456105,0,153.61846362789214,BW-003,2028-03-09 13:44:54.469815,54
65.2683814082542,27.152469811177482,25.60539941696745,30.07682792087944,1.332943737992272,5.96130025777235,86.83450637305523,48.74873721881735,100.28276116819383,12.941164130630723,44.84291473709732,14.594735685089187,571.1778827291569,0.0017507680710987605,0.44999999999999996,42.01183839048844,10.884821437359163,0.0017507680710987605,0.0,3.9885155849554974,144.47647758213023,0.2340953653612446,13.035725012745806,4.549716804363912,100.28276116819383,0.5056292353793932,0,177.75988653744278,BW-003,2028-03-19 13:44:54.469815,55
81.10318489701402,25.932615870643968,20.798250653059394,44.745671692665546,0.9640528431200193,5.92761258835061,78.5877710614955,43.476163703471485,91.76899576030544,11.645946525863412,50.022453271534886,15.0143877820405,518.7437706765796,0.0019277339922477226,0.43999999999999995,45.96218611068916,10.946961233673626,0.0019277339922477226,0.0,4.2592667928643255,162.30555954473283,0.29389270483563823,12.291314583164134,4.013860232154389,91.76899576030544,0.4615197837373254,0,167.60883522496547,BW-003,2028-03-29 13:44:54.469815,56
87.76526615904947,22.096747878233288,22.471885558729767,32.4410356310114,1.3152266428745216,4.949591765107725,70.74091893058333,51.20518261034574,61.205493097840886,8.75346674487421,49.9796922744362,14.380205993737485,531.8828035573638,0.001880113425949763,0.42999999999999994,47.11211281853859,10.615141910495312,0.001880113425949763,0.0,4.546133681617829,150.13152529333897,0.4331441401066979,12.681880024286558,4.62144134589035,61.205493097840886,0.3635831513933454,0,172.93472760390762,BW-003,2028-04-08 13:44:54.469815,57
62.90945047108786,26.74078824235665,20.613369621210822,40.248907557168245,1.7048181848661397,3.1848239558774076,74.87495246423325,52.90067717706874,49.14774277297351,5.961588557581804,47.04425790939819,15.358170040270206,554.1720275680683,0.00180449382187045,0.42000000000000004,43.67318605282031,11.047360973792166,0.00180449382187045,7.96638580233382,4.424358489288932,61.79845715508695,0.40685552200799396,11.64428923101684,3.5602682375507593,49.14774277297351,0.3300774175136655,0,158.78576224113874,BW-003,2028-04-18 13:44:54.469815,58
82.47507824966053,26.445299240331913,25.942323746580065,32.53271513164818,1.713287808550348,5.058072671807674,77.4970516491067,36.31201529890059,81.76027262276264,9.79964297730036,51.695960651772495,15.478652411296766,501.2620588686388,0.0019949644747839592,0.41000000000000003,48.869620612400965,10.36524740587624,0.0019949644747839592,6.4527591961399455,4.713510997820758,122.83046810335168,0.30975676605351293,12.079854404429133,3.6195306282858066,81.76027262276264,0.4229128597364671,0,164.72528733312453,BW-003,2028-04-28 13:44:54.469815,59
71.78805479542112,25.427277506509103,26.944772869698475,33.09494183550018,0.9541514114261376,4.213558573374705,80.90834347570191,39.336285518582166,77.03593711558683,8.522801107739731,47.66211758397175,14.996155502139315,550.4821036859021,0.0018165894827538063,0.4,44.31467297577511,9.900227164281377,0.0018165894827538063,0.0,5.0618130617945045,125.98156025466007,0.4385161641671595,12.652462710752186,3.762201027223628,77.03593711558683,0.42193108815772673,0,172.533582419348,BW-003,2028-05-08 13:44:54.469815,60
78.3738404069129,26.907780966094922,29.159061157747978,37.082001908637366,1.4921993079854778,5.0088337696125524,99.12004083381612,38.51430491673652,92.01222168846185,12.411895194344833,48.36820027917447,14.754219030490535,545.5391865848268,0.001833048889228617,0.39,45.7773393885483,10.272533761959991,0.001833048889228617,3.7507835750349954,4.300229514542627,123.38530456199328,0.24808398641115634,13.564237536044626,3.5805673546295207,92.01222168846185,0.47036916160365416,0,184.96687549151764,BW-003,2028-05-18 13:44:54.469815,61
96.13094488955656,22.591281108477656,20.78494293439398,41.01360015003798,1.7356166928684496,4.340066165233995,77.62441840383443,51.502697513228384,76.70824514351611,8.42237779776122,50.00691597453293,15.309516473294266,514.3808385409343,0.0019440848590638554,0.38,46.25534117260889,10.343702601284617,0.0019440848590638554,0.0,4.0242306643275585,94.2587788370332,0.3223300184918395,12.3770206743823,3.1595782472680005,76.70824514351611,0.4100084020406673,0,168.7775546506677,BW-003,2028-05-28 13:44:54.469815,62
94.28116113322312,24.490643061129596,19.072078827502402,34.50675545519088,0.8461018853105806,4.455766812441723,86.30217556594792,41.09521825594651,72.45658865435357,9.613559243206744,52.53421292157056,15.659098533617012,501.3334263516031,0.0019946804809673,0.37,50.066958052973966,9.794688075659213,0.0019946804809673,1.1918479207474841,5.1529665723556795,133.70363101024498,0.3901634233973254,12.120197713940593,4.443023559686847,72.45658865435357,0.3919219900866595,0,165.27542337191719,BW-003,2028-06-07 13:44:54.469815,63
71.64785819986497,26.633605341025035,18.906325032310644,43.861949219536854,1.1415036287362537,5.070226062566393,81.71129338140861,43.31549601979303,85.9970019246476,10.357368232710668,46.38900380850215,14.85571244142295,544.0910182478859,0.001837927784987628,0.36,43.15272297960453,11.22122030342663,0.001837927784987628,0.2638445870841039,3.615697627745454,145.49480887251266,0.3463225504611561,13.49149028223724,4.640585921218355,85.9970019246476,0.4498839785565245,0,183.97486748505327,BW-003,2028-06-17 13:44:54.469815,64
83.8425572440238,22.537913387414076,22.048308940287356,26.1528220563563,1.9423155843216644,4.407532488278315,81.0312552438263,37.0123995444518,76.84134737643893,8.928697251328426,49.46182415913105,15.345455478696095,524.6556965641491,0.0019060118979909542,0.35,45.340730651162396,11.6192968008004,0.0019060118979909542,9.455384514820521,3.2145905012768448,85.60444450281354,0.27190845162381755,12.167040478724168,4.024046778217519,76.84134737643893,0.4135345335573745,0,165.91418834623863,BW-003,2028-06-27 13:44:54.469815,65
92.29046597305002,24.757796526138762,20.683230579884054,46.40292252599645,1.0168948935904576,4.997353204406613,78.58672921719983,44.20205253115376,72.25305446265708,9.818141076935209,50.398763057787015,14.977438554837974,517.894793021109,0.0019308940994879646,0.33999999999999997,45.966571662095774,10.229106971517828,0.0019308940994879646,0.0,4.767203493689755,174.3428683538598,0.44416556518831324,13.375439026913993,4.130147582960211,72.25305446265708,0.3962119527818563,0,182.392350367009,BW-003,2028-07-07 13:44:54.469815,66
66.43937726749499,25.37898633072373,29.325289444137795,24.09192697200774,0.8571872648809982,3.5803416840358127,76.31116244589508,35.460941768132145,53.85075125510823,6.830500896556662,46.0400166862331,14.928170235051441,550.2659301559642,0.0018173031350797347,0.32999999999999996,43.60895381068046,10.664906813372767,0.0018173031350797347,0.0,4.423096249205402,80.08901451237779,0.4093605008045005,11.967289793167662,4.886856214530571,53.85075125510823,0.34458228323048334,0,163.19031536137723,BW-003,2028-07-17 13:44:54.469815,67
97.53790561641631,23.02651580114297,19.358921419677838,37.68449317919531,1.7927657349422448,3.68260163080939,78.38804297935395,37.54816143390858,58.8222846640599,7.216798372793136,51.4656052774594,15.037836770306694,508.622451482801,0.0019660948844957052,0.31999999999999995,49.03410186448847,11.456110863284529,0.0019660948844957052,2.224764695518735,3.1908956535454553,81.05002848744117,0.38120963762235016,11.567184361110797,3.9901118913091698,58.8222846640599,0.3486610176583733,0,157.7343321969654,BW-003,2028-07-27 13:44:54.469815,68
79.08439270775705,27.96738554010715,26.150060394455913,25.777797773050747,1.989248197522963,4.917788649544089,72.2542885953276,37.68404852652701,64.26641811640113,8.883283008374624,48.430363727056225,14.415259685398492,544.7093328407209,0.0018358415024484465,0.30999999999999994,45.48340284610925,11.187591969699145,0.0018358415024484465,0.0,3.7881305443163136,129.75630973607392,0.37127451562710106,12.712167151126016,4.496069478683177,64.26641811640113,0.3776341935735533,0,173.3477338789911,BW-003,2028-08-06 13:44:54.469815,69
76.31576947120762,23.724415203072894,24.69455020293463,31.303382203700743,0.6296862606802285,5.123843480103567,86.72274234010426,40.12042346123026,95.00975152246738,11.10884394790112,47.726395312211245,14.481004322505385,565.429065214902,0.0017685684403576443,0.3,45.16221961277402,10.766818854704617,0.0017685684403576443,9.620657677594217,3.9779159185837134,119.20754935318318,0.2617875882695803,12.811358574277762,4.463552190075345,95.00975152246738,0.4863278913060285,0,174.70034419469675,BW-003,2028-08-16 13:44:54.469815,70
60.05713372316707,24.697500117521574,28.042361066719106,37.73556445512184,1.9988109484151613,4.952483851467984,73.48821040878641,45.72820766160061,64.5317870809678,9.098729383069903,44.6548153837653,13.961440073113064,570.3242745612207,0.0017533884574163542,0.3,39.76620390175987,12.072232234042062,0.0017533884574163542,2.4486421672677126,2.689888300975974,122.77463590836774,0.3405766359932775,11.70829496543534,3.529732515627143,64.5317870809678,0.38620323930492556,0,159.65856771048192,BW-003,2028-08-26 13:44:54.469815,71
71.473865825888,23.682730388560334,19.91699352280733,27.937526118368044,0.9277798940150717,4.812014993218501,96.14000777020848,54.97809399526153,90.28943480232736,11.56567897095966,47.485805963910764,14.2275320389233,561.0314021175302,0.0017824314222441874,0.3,43.76560108621765,12.035655123508942,0.0017824314222441874,0.0,2.7378850175194818,161.27724499668494,0.36223049037090654,12.475533997127702,3.735694362285602,90.28943480232736,0.4692742033096836,0,170.12091814265048,BW-003,2028-09-05 13:44:54.469815,72
91.71360181094109,27.434540743818687,29.701046036492176,29.574951698314862,1.8219463184211375,4.823288306230273,82.1411762298751,39.50414200432403,78.52378202720142,9.904764369238917,48.77507578590245,15.449179784173493,514.2467626457253,0.0019445917264605506,0.3,44.542927432216715,10.587305386710907,0.0019445917264605506,0.0,4.183689857274559,111.84092247241438,0.2926330562604335,12.475930120929288,4.610035386469256,78.52378202720142,0.416019968884389,0,170.12631983085393,BW-003,2028-09-15 13:44:54.469815,73
73.13020357109349,22.677043267101308,28.440299106241987,39.266535231446845,0.7470963441215925,4.101833103842128,97.41443567874833,42.36590935311419,71.4699891419837,9.989443926479739,49.09430725564984,15.341606202000534,521.5845004802933,0.0019172348853908905,0.3,44.92356515432989,10.610765351421305,0.0019172348853908905,0.0,4.658788159944164,140.55854540190376,0.42879327749490165,11.595321756666912,4.450779203323665,71.4699891419837,0.39470864728403365,0,158.1180239545488,BW-003,2028-09-25 13:44:54.469815,74
77.1932503005201,23.723546169262406,26.841534824522363,34.88198953498244,1.9839199176595774,4.120333773436307,81.5060353730193,51.73240420735316,73.1181742020512,8.395801757158642,49.96924287259,14.876832359410075,537.7164499978163,0.0018597162128926148,0.3,45.301884805407674,10.275665863370058,0.0018597162128926148,9.510937034930132,4.7510643666411045,100.5118427255488,0.36318899013998124,12.228881257632352,4.232448503213906,73.1181742020512,0.4050421823395155,0,166.75747169498663,BW-003,2028-10-05 13:44:54.469815,75
62.1897992903838,24.13009159681748,23.78280200531973,36.07520531395967,0.9739037335784552,4.002429067151587,94.53712530497319,35.76727722711402,83.53640504862888,9.459453456139414,44.026998175887584,14.786597902532371,560.097483617877,0.0017854034864442344,0.3,39.952481538446804,11.405234664911776,0.0017854034864442344,0.21023508258340967,3.9039632775606923,75.87826225240495,0.25051728748222307,12.603079381263605,4.884601875802414,83.53640504862888,0.44648392858079267,0,171.86017338086737,BW-003,2028-10-15 13:44:54.469815,76
89.16960996390273,27.24848244093385,29.264631623734356,43.322241043188626,1.775870295959899,5.6123915170143395,85.38249699381788,42.965004697268256,106.2978822148139,11.980000045740145,50.11650269800702,15.559447298965335,516.8173793161768,0.0019349194512830485,0.3,47.45630393365294,11.131486147694545,0.0019349194512830485,0.0,4.165801308416153,119.73407168184237,0.2225988852753535,13.588029157225545,3.675421549448449,106.2978822148139,0.5093714878442327,0,185.29130668943927,BW-003,2028-10-25 13:44:54.469815,77
82.02181202479983,26.95532935856089,21.642046909775427,33.56349029062115,0.9753695207278165,3.038296279553692,96.14655569374743,43.934790506227856,58.2473941003738,7.303043061405368,50.57770023040756,15.54924243802591,513.4033006011222,0.0019477864650054692,0.3,46.40443320959962,10.41600099161423,0.0019477864650054692,0.0,4.447439336940923,75.42626882270167,0.4249116655414699,12.2725607487191,4.531568585431449,58.2473941003738,0.348178970514916,0,167.3531011188968,BW-003,2028-11-04 13:44:54.469815,78
78.69549341791702,23.71347769743182,29.539337307053362,31.508271072136036,0.6470668071664097,4.028899559100235,74.14736696902172,43.78930748716884,46.92668897808754,7.468307352248373,49.161985379318644,15.453272078554981,526.8210179317666,0.0018981778743867792,0.3,46.633717515487085,9.96047813086816,0.0018981778743867792,0.0,4.781112953246977,122.57534815585592,0.509218912731104,11.280411507856337,3.7729874457278276,46.92668897808754,0.3144686019731551,0,153.82379328895007,BW-003,2028-11-14 13:44:54.469815,79
81.07268664201654,22.34259447067106,19.326517995702964,29.26534534070991,1.1965253748232125,5.0359802814806915,82.62689586277678,54.22835155693147,82.73222980590485,10.40268545712256,49.233155044540396,14.28079441660272,546.1926531943732,0.0018308558237676088,0.3,45.87065263403711,11.153658957610903,0.0018308558237676088,1.2095794221884628,3.833059046435703,145.75137268650482,0.3477708514598309,12.054953914217132,4.952027851197588,82.73222980590485,0.43963189531132807,0,164.38573519386998,BW-003,2028-11-24 13:44:54.469815,80
77.33003729236111,26.79815117201675,26.87369584660936,34.23163905577683,1.0005563113634448,4.7978325534707755,94.22433806955726,37.187118062189576,82.1530228620608,11.30181491298394,48.08433469476215,15.219726345228995,533.4853941235232,0.0018744655636597617,0.3,45.814857437045895,10.302947345601034,0.0018744655636597617,0.0,5.204603105656341,132.03539756177767,0.30437369249473323,11.643933532867296,4.348002742139707,82.1530228620608,0.4338890277772596,0,158.78091181182677,BW-003,2028-12-04 13:44:54.469815,81
72.65875136245994,26.643970523764054,18.624868874655238,24.30771958825454,1.693316587889972,4.708447164409775,95.83340560184277,36.56676435524013,85.04447384623926,11.280663171543212,49.16677319147208,14.288885175246897,525.8941854129648,0.0019015232108237474,0.3,45.910496220024115,11.402089783446668,0.0019015232108237474,0.0,3.5688821855972654,160.61245410366848,0.37798702983479265,12.727735518003852,4.523485412939031,85.04447384623926,0.4412498351113536,0,173.56002979096164,BW-003,2028-12-14 13:44:54.469815,82
79.08585503956198,22.785286831321457,20.826791215134016,46.38009487433718,1.7892544634373468,3.2177243941341325,95.50953124472797,39.25700172076715,63.99397926089843,7.683083713961931,49.7053921523893,14.029070670310297,529.4540644611901,0.0018887379795972871,0.3,47.256744196718465,11.152690189816106,0.0018887379795972871,17.928586634792016,3.9165190056842247,79.82809526520613,0.40362807969530423,12.236158970612912,4.302395424190693,63.99397926089843,0.3721494835413518,0,166.85671323563065,BW-003,2028-12-24 13:44:54.469815,83
88.3914020089589,24.89335138202396,24.243883514296627,47.40586884681501,1.9486556658264307,5.498680784661689,73.75266729509211,37.59565931445223,91.06294805933496,10.13855936182674,50.254906167673035,14.667674451248969,501.7188321979537,0.0019931482253100854,0.3,47.66545821046428,10.089109941167681,0.0019931482253100854,0.0,4.749252967459306,155.350194429071,0.34832693434577233,12.567690489010133,3.4033104225337842,91.06294805933496,0.4540588098571693,0,171.3775975774109,BW-003,2029-01-03 13:44:54.469815,84
68.61076183143336,26.86662739783191,20.3669119940042,29.12489946921483,1.5141395512468652,4.670455080834923,98.39135960075113,43.299955167415085,96.88478012866032,11.488310633939603,46.3888053477522,15.058415087086091,556.617932787148,0.0017965644674664163,0.3,43.75912682083721,10.422983653432345,0.0017965644674664163,0.0,4.457231703642004,113.00342740035435,0.26326083797948013,13.290184476574119,4.708691965565431,96.88478012866032,0.48993464693167876,0,181.22978831691978,BW-003,2029-01-13 13:44:54.469815,85
76.20004394350194,27.589266442639122,19.068116818752106,36.27661537942783,1.877782295664682,5.791345801635093,95.10783498533871,54.9096722146644,102.0853128083495,13.770059021123615,47.14441559076926,14.283097088035793,551.1439754449403,0.001814407930691244,0.3,43.13031156407887,10.752343674647133,0.001814407930691244,5.006199022163038,4.26415720616288,176.44781454269753,0.27657377496605046,14.250905659128176,4.66050038556277,102.0853128083495,0.5056275686613138,0,194.3305317153842,BW-003,2029-01-23 13:44:54.469815,86
96.1645464191802,22.939175280494446,22.39965240115748,38.85891360112071,0.7390923271571033,3.067705749607131,73.38574434138286,47.18935526733244,42.19201434795464,5.62814674638148,51.75479575334797,14.81716145873474,497.96457185183823,0.0020081749918095275,0.3,47.378912709947826,10.701040345709911,0.0020081749918095275,0.0,4.218975750306227,52.355674736269464,0.37904839416899627,11.085066669436397,3.5697053532212273,42.19201434795464,0.29002941938206694,0,151.16000003776907,BW-003,2029-02-02 13:44:54.469815,87
98.72088688182956,27.48849597236596,20.00340214841363,26.90773107026365,0.6281127242123979,3.7176332641026564,93.60927398143602,36.127637077064634,73.83018827759415,8.700123769547146,52.31240378031282,15.66848453677798,507.10370597727814,0.001971983221997607,0.3,49.80194585687927,10.045585632037675,0.001971983221997607,0.0,4.687243724785021,133.7721873962707,0.516992050389258,12.51333257073156,4.611161652882467,73.83018827759415,0.39823173938516393,0,170.63635323724856,BW-003,2029-02-12 13:44:54.469815,88
96.37774656146524,23.161742858772765,22.995419142532256,34.77243277564807,1.3985165663203514,4.108147942747755,85.1742766777699,46.206973487006465,65.78429794539775,8.747713237720212,51.37440828454833,14.781131338797838,512.065179475642,0.0019528763916812433,0.3,46.531209872529416,9.505406777065389,0.0019528763916812433,6.989564406152185,5.7145976927413225,113.13311281224581,0.39351304775682416,12.704552887527633,4.561570966730953,65.78429794539775,0.3729005469940184,0,173.24390301174043,BW-003,2029-02-22 13:44:54.469815,89
62.869413749897,23.360551704403097,29.177884643027113,45.80184257444567,1.6719359711085384,4.8380530340238215,87.56126268372869,45.95232201307494,91.3360422490997,10.59065081474926,46.61240194510735,14.950845076272811,551.0835021997316,0.0018146070350651973,0.3,43.59549216658888,10.393463416421522,0.0018146070350651973,5.616152662231241,4.22073667162353,137.73648530449194,0.33602047069326735,12.415131137143657,3.8188958752546185,91.3360422490997,0.4697785248235852,0,169.29724277923168,BW-003,2029-03-04 13:44:54.469815,90
60.77604982472862,23.96204061097661,25.535504824114895,30.60456508256342,1.864380042580666,4.921449879426636,77.78347513204228,36.69297507169258,75.10111835396214,9.570186857749357,44.3126569896168,15.18228073867773,569.1910660384884,0.0017568792970696072,0.3,40.82519857167118,10.301749712356019,0.0017568792970696072,13.06604669133886,4.575423515734736,119.17963899010115,0.31629956493550726,12.879529938220669,3.0237426933387184,75.10111835396214,0.4210943809914204,0,175.62995370300914,BW-003,2029-03-14 13:44:54.469815,91
85.35557847329767,22.431440303898675,28.908067066028437,46.98639979622934,0.6165686275875882,4.5005938065683555,95.2132825163806,49.02586684176768,83.68448508335798,10.71290773990664,49.1231632946467,15.737939575251982,513.6385857894494,0.0019468942319880924,0.3,45.11862130877299,10.683521891551427,0.0019468942319880924,2.4537977057999134,4.101323538231831,137.98976397396336,0.3577500489460844,11.707528918311189,3.751876750806587,83.68448508335798,0.43303985934802813,0,159.64812161333438,BW-003,2029-03-24 13:44:54.469815,92
81.2944093944526,23.820185693285023,22.714068917776828,28.311629230928204,1.3671081530186189,5.3671218126061415,80.52926871778274,43.093074832971006,80.2587641042613,10.805259867210829,49.68560692006229,14.431483558426256,519.7685794967299,0.001923933149187775,0.3,47.27470701642958,9.582666015334457,0.001923933149187775,0.0,5.093361032407301,178.59311485233997,0.38494444474053996,12.535554296263411,4.824970108460737,80.2587641042613,0.42345978752989,0,170.93937676722834,BW-003,2029-04-03 13:44:54.469815,93
98.31917412995563,25.018435601629655,18.994974976733772,38.8800320034578,1.0103344916768855,3.183649974430716,87.7274827848168,54.78433366841172,53.725187826296676,6.9823399581188275,50.926061291071996,15.068830970434023,525.461245106011,0.0019030899220707543,0.3,47.49619992214038,10.637094606575141,0.0019030899220707543,0.0,4.618854985348816,69.46557815116698,0.3906190003812498,10.86082481976314,4.098288030482903,53.725187826296676,0.3367223329527922,0,148.10215663313375,BW-003,2029-04-13 13:44:54.469815,94
94.23700758365192,24.60806888989882,20.314075307306947,28.586534944587477,1.6531462710817406,3.5004891148507884,71.40054459697821,50.59063363647866,53.502691564933606,6.248420728903512,50.58496407054708,14.592800906276839,520.1608062661592,0.0019224824091961933,0.3,46.52501280048497,10.724544305150848,0.0019224824091961933,0.24005025481269307,4.189358039111852,77.96895591272354,0.4455872296263185,11.229915320935694,3.75606212446639,53.502691564933606,0.33439054709629307,0,153.13520892185036,BW-003,2029-04-23 13:44:54.469815,95
70.6235039322944,26.603400364955338,20.470647729199193,31.720472848831427,1.1982304586595491,5.111810001103546,98.37020611152414,43.17854471513344,97.93153471021645,12.571245085287655,49.09436862012454,14.76671296439861,540.2379089796741,0.001851036336729239,0.3,44.79078585074698,11.276433069915047,0.001851036336729239,0.0,3.3332341501675495,120.57242479976344,0.23453356838079967,11.583300760980144,3.0451393931468855,97.93153471021645,0.48850982172795704,0,157.95410128609285,BW-003,2029-05-03 13:44:54.469815,96
97.72783398773802,27.59038854852295,20.482462505067453,32.597256989833745,0.7240990826806585,4.985909518351902,83.94564342439813,47.61177394617087,77.00879206297223,10.463634564347036,51.03050485112984,14.259209614224316,485.4518291144211,0.002059936619920119,0.3,47.06664127058345,10.212768786885896,0.002059936619920119,5.1328399645002465,4.990587405566413,122.10420629869118,0.29255914714117287,12.766661296410835,4.119786203071898,77.00879206297223,0.4023315222775671,0,174.09083586014773,BW-003,2029-05-13 13:44:54.469815,97
80.39940317253988,24.763495304168,28.80912194940879,46.32012906698574,1.0753510865109381,4.523692248010143,85.85752604312327,51.212076965203224,76.59403004678845,9.709825624865143,47.72044070092323,14.83688314777932,539.0293551411829,0.0018551865319803953,0.3,44.64871479641282,11.518311379553642,0.0018551865319803953,0.0,3.751123817683062,103.59026283767825,0.2947979544156541,12.195265035498746,3.8143474771977504,76.59403004678845,0.41702224003164967,0,166.299068665892,BW-003,2029-05-23 13:44:54.469815,98
79.66951772075959,27.3774174948768,27.680493692940736,24.087751472271584,0.9800893462753737,5.206562117380743,89.91374871824333,37.26774191105145,93.64081508320501,11.703537947702426,47.6050921706987,15.252668573823675,535.7969211473938,0.0018663787724993426,0.3,43.654201248478174,10.495092342451443,0.0018663787724993426,3.7926233855441795,4.1992266564307625,147.27580412529443,0.3021156298163565,12.173936593732487,3.3976570605729597,93.64081508320501,0.47287512662156816,0,166.00822627817027,BW-003,2029-06-02 13:44:54.469815,99
76.87096967744503,23.378297702099392,20.394859390751265,24.906828158296314,1.4650545876046408,5.682298608318478,97.59612802391628,36.10313181203571,119.95940223273635,13.864258561189285,49.058484801532344,14.935868259758085,507.9967825747317,0.0019685164046346878,0.3,46.272145885481955,9.737408197783662,0.0019685164046346878,0.0,4.736306346369589,126.0493714041815,0.2,13.645842396672025,4.34194941897157,119.95940223273635,0.5522637088815407,0,186.07966904552762,BW-003,2029-06-12 13:44:54.469815,100
70.50041161932663,22.314083070587877,20.771751726336763,43.24593486806704,1.77723377246982,5.4619246810634365,71.13092171268012,42.343392513900454,71.87835039101012,9.712793422231966,46.19172096592738,15.392073208176749,559.1665585631786,0.0017883759046134248,0.3,41.36102531445645,10.843096576610128,0.0017883759046134248,9.29870197487682,4.158091807667248,137.32832819346265,0.3235789691398161,12.539991439954598,3.9356048240746784,71.87835039101012,0.40734446887232056,0,170.99988327210818,BW-003,2029-06-22 13:44:54.469815,101
79.3226498077321,24.496424022452118,29.734244322021382,28.813551830113678,0.8230389242819127,5.238941437707231,70.25064112516415,38.37198096868074,74.30787139760251,9.200974870403055,48.00037024483536,14.769366474750846,527.7640559513255,0.0018947861051231342,0.3,44.2476958783402,10.343098369986908,0.0018947861051231342,5.867624291106082,4.726530021391653,136.86854288160012,0.3549247363194504,11.992432803499835,3.5288085958592905,74.30787139760251,0.4060221214440727,0,163.53317459317958,BW-003,2029-07-02 13:44:54.469815,102
71.67468708145599,23.036543909686525,22.55238717845024,45.86002144775409,1.4230217609428615,4.742390489560427,91.43162686111877,53.33286205387832,91.78812433366029,10.840111941780183,45.49840966748706,14.863577726829934,559.2601774944364,0.0017880765343961005,0.3,43.441279439664186,11.045742484856287,0.0017880765343961005,0.0,4.023274198607363,156.51399470549092,0.38056786254100683,14.386788873942535,4.848708692387601,91.78812433366029,0.4737384676938652,0,196.18348464467093,BW-003,2029-07-12 13:44:54.469815,103
76.47786194449054,27.60646476742729,18.58157078970987,29.04662826964467,1.3488329076526384,4.183023439051993,70.03853276580404,37.40318517471244,64.65640542874338,7.3243206049042335,49.44185437424144,14.690438525875035,512.9875910238596,0.0019493648920515289,0.3,45.47026138932125,10.626674112373568,0.0019493648920515289,0.0,4.350077597658536,119.55700910611243,0.4877838426308857,12.644673257879102,3.8033062515287606,64.65640542874338,0.36941762873630246,0,172.42736260744232,BW-003,2029-07-22 13:44:54.469815,104
84.62210492772716,22.23734503937568,22.836465094885586,39.57969515594095,1.5471058196051024,4.603663634268117,90.25389657533259,43.34896567792925,83.92716326858368,10.38746453787136,48.18679048111996,14.40900900196589,523.8864842672638,0.0019088104580492367,0.3,46.09980024811211,10.590217361837574,0.0019088104580492367,4.418338155360009,4.3536725495000095,137.74863295126517,0.3600677060649856,12.371394112650949,3.86479272037018,83.92716326858368,0.43692315617545807,0,168.70082880887657,BW-003,2029-08-01 13:44:54.469815,105
85.52559610065077,23.923379346165547,19.122241483174914,34.250698714064015,0.6931316560520833,3.2225285867829365,75.76048752903847,51.799964464878855,57.55883625994301,6.1035084202734655,50.82481309394406,15.062087842372307,506.2315612374781,0.0019753805897749833,0.3,48.45177714161683,11.508513404818036,0.0019753805897749833,9.856334433729735,3.8407046409577457,65.92842347183924,0.41899262339082993,11.955689896373084,3.3777403735257088,57.55883625994301,0.34373225590438683,0,163.03213495054206,BW-003,2029-08-11 13:44:54.469815,106
97.90494634082668,24.85102519613577,21.80711009228241,42.39129770685361,1.2469228888733959,5.174738239873319,96.84285961037484,37.35114498241873,104.9209078580888,12.52841122211225,51.304978547262195,14.915849788414178,496.83639105814166,0.002012735012969242,0.3,46.72195208333815,11.15877147973506,0.002012735012969242,0.4240694528355571,3.6258570523921763,111.40923777560347,0.2148062086565167,13.645785182175205,3.594985339985336,104.9209078580888,0.49878727684440516,0,186.0788888478437,BW-003,2029-08-21 13:44:54.469815,107
72.40136096049801,26.87180645434481,28.405825812013465,40.15219599092825,0.5704466336115009,3.530046942528916,87.40685596597424,53.08069972909119,55.59436685970343,7.713757616468817,48.459307475938296,15.40455639536569,519.6736783236124,0.001924284491810027,0.3,44.76263502625913,11.452971968794545,0.001924284491810027,0.0,3.9398612616262496,98.72238881259405,0.45318883274865907,11.273664925326315,3.4596520835850724,55.59436685970343,0.34121665969609516,0,153.73179443626793,BW-003,2029-08-31 13:44:54.469815,108
82.65291520666128,26.57976947198369,19.638036145002985,29.48809803323048,1.8237426576022047,3.960543502285316,90.10761928133078,38.75807177596833,63.88318428288555,8.921878651276842,48.5482163595215,15.265341561505023,526.2127444792427,0.001900372065274916,0.3,45.42751750140425,10.49261904451181,0.001900372065274916,0.0,4.630583147470629,97.61069269010913,0.34529978492267227,11.347348614219953,3.9518126549464014,63.88318428288555,0.37080777095339135,0,154.73657201209028,BW-003,2029-09-10 13:44:54.469815,109
60.80486887412296,26.516362826955856,23.685279510173075,34.722531812150564,0.5106447987423308,3.633624775763855,79.39546152110906,38.57682137015599,63.415262333069386,7.2123329016576925,45.45729417389896,14.842654585605954,556.6191919450011,0.0017965604033624639,0.3,42.12855187977307,10.093908723564663,0.0017965604033624639,0.15730380060150212,4.8887061139065215,67.3623561001018,0.3213005281174385,12.719716206213132,3.6373945145707944,63.415262333069386,0.3783699653603983,0,173.45067553926998,BW-003,2029-09-20 13:44:54.469815,110
92.77592923865971,24.1589494038194,24.489187575606515,40.25521647205583,1.5539443646568736,5.705748323513649,81.91560658951387,39.905586099487344,83.93990795876047,11.68474587419306,51.04575739250278,14.085159092395958,487.70872784619,0.0020504041508877255,0.3,46.87114483176314,10.732581976814865,0.0020504041508877255,5.119286468966006,3.9460255248838427,231.8302528662299,0.4346585621537312,12.038749448240631,3.2927461331779355,83.93990795876047,0.42611231154972523,0,164.16476520328135,BW-003,2029-09-30 13:44:54.469815,111
98.23920235304288,25.188039719419656,22.79663461169313,46.88888703580099,1.4631653525382817,5.233257761439978,99.13659735656483,43.760673133952935,101.01947781625694,12.970184188974823,52.35184735900327,14.54475664823424,511.96416927063075,0.0019532616929513816,0.3,50.05285559277294,11.121233593295791,0.0019532616929513816,4.138147531154084,3.720549688212323,159.1911611085144,0.29316403712349853,12.931300705289555,3.512509847778145,101.01947781625694,0.49032084350204563,0,176.33591870849395,BW-003,2029-10-10 13:44:54.469815,112
71.92601425106223,22.758785472421426,28.110654017582178,32.692358467059634,1.4907045820466467,5.583100199916721,86.97589220678859,38.14471330188467,97.80850311290585,12.139878029191413,47.5448737854882,15.346608800829353,542.042485962095,0.001844873835350851,0.3,45.51577272071907,10.707659113796863,0.001844873835350851,2.270549897426699,4.167827506071847,177.18023793450763,0.32676501144357767,12.949447821469759,4.326295658799645,97.80850311290585,0.4886410894983147,0,176.58337938367853,BW-003,2029-10-20 13:44:54.469815,113
78.83265677463592,23.19357867877023,25.22023930344558,25.456393654816374,1.1200136898067883,4.95181956975631,96.69062237714995,43.808691413120926,105.54195303274629,11.969862902477214,46.797221244524536,14.833710310075062,536.3147589455369,0.0018645766936679633,0.3,43.06146519874569,10.261727964547061,0.0018645766936679633,3.8534147534949197,4.668154818097421,153.4807549038094,0.3236755924365895,12.756223947419516,3.0393664307628274,105.54195303274629,0.5127009377928153,0,173.94850837390248,BW-003,2029-10-30 13:44:54.469815,114
81.86459758654684,24.616281844711473,26.98406610301189,43.8701989090875,1.6568646110497671,5.703532869652067,92.52007042844964,44.7720985175597,97.3603574241561,13.192281569779668,49.98282983521808,14.88599713659514,544.7213551778447,0.0018358009842913403,0.3,46.16267109587138,11.077335631321414,0.0018358009842913403,4.160028609417845,4.360371073166152,165.7145355787122,0.27530034535167425,13.964857050864648,4.626364294568923,97.3603574241561,0.48795093130054046,0,190.42986887542702,BW-003,2029-11-09 13:44:54.469815,115
61.552517912472084,23.164772622675834,24.439290111165292,46.435728970651226,1.7524351625781753,5.9507918992163225,90.02053489151189,35.8769370499326,111.97842152481054,13.392336744888231,44.825900224766826,15.660497894770355,565.5592812291047,0.0017681612400149188,0.3,40.93973606369008,11.497999616202632,0.0017681612400149188,1.7221191100819677,3.51165590990842,151.783514326074,0.2380693537239019,14.068385790976466,3.720284228277876,111.97842152481054,0.5429291894514332,0,191.84162442240634,BW-003,2029-11-19 13:44:54.469815,116
93.70138033407207,23.819249162558048,23.15337476494443,35.2969427355825,0.7360573750248656,3.979865717244026,88.69943301277172,36.12666555598479,70.38471918477931,8.825295814662828,51.16322117109031,15.47899697074001,501.54915774041825,0.001993822508854775,0.3,46.54583272583929,10.944154330291259,0.001993822508854775,3.9594781334933282,4.729022052359657,129.281652339126,0.4600968042699598,11.941106138785972,4.767995553742374,70.38471918477931,0.38508047793805655,0,162.83326552889963,BW-003,2029-11-29 13:44:54.469815,117
61.24272520977825,27.681417396763102,20.88855102796208,29.758773689367153,0.6250685806531393,3.99807053907801,83.14895824099497,40.253866197600104,64.41356812603512,8.310885007458742,46.84995439996517,15.19071280876717,534.4832913821848,0.0018709658769949186,0.3,42.36240906011542,9.309432031861185,0.0018709658769949186,10.52418617004349,5.202920287078865,94.24822099647845,0.35455649773083864,12.38160588127839,3.211911822688095,64.41356812603512,0.3750568811681058,0,168.84008019925076,BW-003,2029-12-09 13:44:54.469815,118
97.14031007775114,25.47842268963863,26.004442285504247,45.87784529431326,1.0184302533511842,3.494153240828943,90.67430070941013,45.29142232535601,60.28619936916961,7.920747542092088,52.568312079321544,14.966775512345272,511.7852411458104,0.0019539445837889933,0.3,48.7226673895308,10.280536819307368,0.0019539445837889933,0.45628587102270607,4.619837756690373,82.57879141854056,0.37296700800495536,11.542016578445143,4.228367447969078,60.28619936916961,0.35448957024097516,0,157.3911351606156,BW-003,2029-12-19 13:44:54.469815,119
84.86029244552336,22.232796728373323,20.241270338773553,43.94989932215862,1.6501525345075037,4.775423722989977,72.16688044817434,37.94906018532359,63.80683231254281,8.615685822659833,49.37096442064919,14.394919748509558,536.8018826843811,0.001862884673576977,0.3,45.587969218869404,10.84304349485253,0.001862884673576977,0.0,4.253707903234441,123.35531706876925,0.3747711235040196,10.922631196689267,3.086794357157122,63.80683231254281,0.3737300058471237,0,148.94497086394455,BW-003,2029-12-29 13:44:54.469815,120
74.02570765828588,24.260863766645276,24.402653202642952,24.00578411244323,0.8618665040570418,3.2197368123221706,94.36951998142357,50.04818466424018,64.90754348024375,7.596125436134052,48.54243543966389,15.532688136129801,517.3883681821779,0.0019327840776812543,0.3,46.02846180630077,9.904888844001709,0.0019327840776812543,0.0,5.408988320029443,63.11655636531514,0.32258250346954365,11.766649268842686,4.294140332517748,64.90754348024375,0.3715749887221325,0,160.45430821149117,BW-003,2030-01-08 13:44:54.469815,121
68.32927234432857,23.50289768049858,27.670870110401296,30.712172557114634,0.7872819830752222,5.008156271009607,84.30975746134524,47.8455632701423,89.29344104552692,10.55591101343338,46.99134533603812,15.245706378177763,556.275828289025,0.001797669338025647,0.3,43.06068896707587,11.582484835810963,0.001797669338025647,0.0,3.1378037912344414,117.82968300047114,0.27860642657527196,11.295877944893341,3.855383576066922,89.29344104552692,0.4645275519717972,0,154.03469924854554,BW-003,2030-01-18 13:44:54.469815,122
80.17053843172127,27.19387021823639,20.89619644605,25.884869827027167,1.034607103774497,3.115084664363924,88.64393267970354,50.55755411073754,44.02243733577683,6.903333881986315,47.80236053469626,15.775622633213864,551.2634381050594,0.0018140147357449464,0.3,43.21162952527882,9.613428568277822,0.0018140147357449464,0.0,5.326738316955762,87.73465478178738,0.5099791856412124,11.58664910455977,4.113688826269125,44.02243733577683,0.31212048921744057,0,157.99976051672414,BW-003,2030-01-28 13:44:54.469815,123
89.90607298259911,25.30414326816877,27.80152043489217,47.030211542621615,1.6889937151274257,3.832280204402937,89.28406150486248,48.85602397259817,68.46048744624002,8.55403853684447,51.36819743998908,14.846993022821296,501.43221426530306,0.0019942875059696693,0.3,46.776390017609216,10.724955029672435,0.0019942875059696693,2.603129343975288,3.818344674843042,94.5040043358773,0.36035600667677076,12.384587934489236,3.927351611546356,68.46048744624002,0.378631289100391,0,168.88074456121686,BW-003,2030-02-07 13:44:54.469815,124
84.15212315375014,24.960049528314283,18.480829036179202,47.62372749153699,1.075221683862564,5.612902799587628,80.27002247382973,50.39544614771171,95.08903385121036,11.263695846658019,49.76824569046828,15.846173286231602,514.3755515445932,0.001944104841291832,0.3,47.752273118755085,10.97086538501392,0.001944104841291832,0.0,3.4564177098807405,153.00089831837863,0.30250708976753915,12.522369919413489,3.5764239368962123,95.08903385121036,0.4712761116340792,0,170.75958981018394,BW-003,2030-02-17 13:44:54.469815,125
66.08912855667467,26.00025313237874,21.411459469145512,38.058678502345145,1.3801518617668869,4.583436324886862,85.52889485193901,46.557541628818186,79.20128993536541,9.800406087295157,47.057695755227236,15.16967790637811,516.0157732332063,0.0019379252570794255,0.3,44.08964463399378,10.964861438056536,0.0019379252570794255,5.129661133579044,4.154836209193973,123.65840729689276,0.34411086701394406,11.830458598080757,4.064620526759821,79.20128993536541,0.41880903175451323,0,161.32443542837396,BW-003,2030-02-27 13:44:54.469815,126
77.82919283611477,27.016711693270256,21.179604738665315,34.76718219882562,1.3065381928864572,5.247946065427303,98.94071436485383,36.471267084315315,115.4521265126293,12.980888316540035,48.3262215285999,14.81569031710715,532.064596280282,0.0018794710397780688,0.3,45.53243019295681,11.185347502178123,0.0018794710397780688,1.905211833479302,2.9790307360041726,132.74076356782965,0.2435681783789084,13.359438568544142,4.247544381301706,115.4521265126293,0.5444598005928489,0,182.17416229832924,BW-003,2030-03-09 13:44:54.469815,127
86.54498883069198,26.703831103033536,22.737687394539073,39.505126658318304,0.7259164296027787,4.4472708047841865,72.80972357822424,50.36178756837333,67.7783018031086,8.095113949346086,50.78879474121048,15.141526581129327,524.6884093672551,0.0019058930636679094,0.3,48.75386004270119,11.172540105957982,0.0019058930636679094,10.051419950913058,4.0335468836716215,103.40876787477455,0.359046613328402,11.449778354627586,4.44064583295712,67.7783018031086,0.38333419548720515,0,156.13334119946708,BW-003,2030-03-19 13:44:54.469815,128
97.30592402169914,24.29835283852602,26.75425706371726,24.488185965172264,0.8077807143572104,5.24167393526576,79.35109964478436,41.12478490456801,81.4799689174992,10.398314768568557,51.25657741611671,15.009799808288815,509.4877341727965,0.001962755789643491,0.3,47.54255883075748,11.315469261718746,0.001962755789643491,3.282101897920165,3.2185457625231595,92.56157693508428,0.21227937310238043,12.817374840123923,3.6446769161618873,81.4799689174992,0.424446216643503,0,174.78238418350804,BW-003,2030-03-29 13:44:54.469815,129
79.48330177294312,27.269514806394078,24.327061799408128,46.3168915750531,1.2256953448741945,4.778954243266481,98.07982537005333,48.56245003073293,96.41651759349132,11.717974940776296,48.12006522607663,15.230021161930233,540.2533425320412,0.0018509834577112169,0.3,45.881129838972335,11.03424113157724,0.0018509834577112169,8.305746681482272,3.341536710805467,140.69750176902875,0.31405879635944245,13.130308465559988,4.343489680954967,96.41651759349132,0.4834643947379167,0,179.04966089399986,BW-003,2030-04-08 13:44:54.469815,130
79.617963869438,22.71848073100319,27.631874929826637,29.9271698992095,1.8494187340584727,4.24328943740111,90.68602626716245,41.8795927263274,80.65552789311783,9.620176434483248,50.48313582019237,14.657162541204935,528.4047337485656,0.001892488723380432,0.3,46.55182399588864,11.24493287910085,0.001892488723380432,0.0,4.10801425218966,106.34567733209906,0.3256448102853608,12.13789931224512,4.781648263021255,80.65552789311783,0.42737317976829575,0,165.51680880334254,BW-003,2030-04-18 13:44:54.469815,131
96.43296881321584,27.6598606712449,24.24276586923708,40.25025083480746,1.6677738200924952,4.065868929657956,71.47482487465145,35.621137520703115,64.52311546147642,7.265181742764723,52.28524369649134,15.347966050470426,492.5841901081226,0.002030109816923883,0.3,48.33915856889224,10.07706610701143,0.002030109816923883,4.3080262102664655,5.5408873935097915,88.28985221270732,0.3736121108383956,12.200542309239642,4.689418334151725,64.52311546147642,0.3628523085706915,0,166.37103148963146,BW-003,2030-04-28 13:44:54.469815,132
65.24058474601863,25.605743169984983,18.41157481563974,35.94158600132942,0.7322640224303412,4.6625437663463964,92.86098163117154,45.7475838088771,80.10950897240537,10.824209776030653,46.269473513142685,15.140022671348703,539.2754807686501,0.001854339823821883,0.3,41.815519199911066,10.975739322315492,0.001854339823821883,0.0,3.5707245338938267,102.5935913789726,0.25410377911505394,11.535649949411921,4.268486181955085,80.10950897240537,0.4288143408052796,0,157.30431749198073,BW-003,2030-05-08 13:44:54.469815,133
67.31691703848338,24.19028540015561,23.189246000598036,38.95613818877249,0.6116426276577736,4.341818904471366,72.17129179582368,54.08263283142145,59.384877274789844,7.833866976980662,44.42297042761837,14.911254058112858,547.4310191027982,0.0018267141705614913,0.3,41.81181824778537,11.004640431695876,0.0018267141705614913,0.0,3.3639847286745246,87.20269052285911,0.3204734087027228,12.15713001399991,3.691899035726406,59.384877274789844,0.3621788966468056,0,165.7790456454533,BW-003,2030-05-18 13:44:54.469815,134
80.14767044949778,23.095750781518607,24.887702100380903,39.2977106942684,1.3350638848292808,3.669766203208083,97.66923326450754,43.517863100733635,71.85326578007415,8.960581283183409,49.10459233405951,14.2102818506412,522.9359481516616,0.0019122800861836728,0.3,46.60848105751995,10.683718944967081,0.0019122800861836728,0.0,4.847082252053106,87.68748774526458,0.33332896991828537,11.187298158448783,3.6682728237523468,71.85326578007415,0.39639167037907896,0,152.55406579702887,BW-003,2030-05-28 13:44:54.469815,135
89.5318204191323,24.013655465445407,27.18127909959757,34.386409960996644,1.2262767474838951,5.792498592527423,70.16046966082669,49.964776123618,82.79530073587684,10.160110544035039,49.61188122073134,15.290890885314182,526.549140334924,0.0018991579767159556,0.3,46.30373632681358,10.732499364894064,0.0018991579767159556,0.0,4.624878839595485,151.67649406407557,0.32215429402271684,12.331374088844887,4.908895389705977,82.79530073587684,0.4339490778867333,0,168.15510121152118,BW-003,2030-06-07 13:44:54.469815,136
85.92408509044286,22.110150303995344,25.84793065704298,38.84604357773077,0.9647706751299199,5.709151959307546,74.19161700936863,36.92251703464303,88.23080842993434,10.589280390330797,49.872389645970486,15.198698511729617,532.1670995837129,0.0018791090256843176,0.3,46.378000623418544,10.998404026122026,0.0018791090256843176,0.0,3.5029615598125416,167.9974302885848,0.34735583689279004,13.450160203789595,4.290555510647126,88.23080842993434,0.45375282464156164,0,183.41127550622176,BW-003,2030-06-17 13:44:54.469815,137
63.43177139597958,22.545612699478248,29.078684963822745,40.542703709420095,0.6906539206561106,4.627159680571316,85.82369391165196,37.82252236598644,78.81237031047425,9.927998402642247,45.76731005543873,14.298566921396073,550.8577632872007,0.0018153506524671236,0.3,42.666436559987744,11.064120375517216,0.0018153506524671236,0.0,3.897657562765796,156.4575444006619,0.4257261596077162,12.591066395429884,4.173640890147127,78.81237031047425,0.42796523002107434,0,171.69635993768026,BW-003,2030-06-27 13:44:54.469815,138
74.26892677235625,25.55489796340958,28.026860461087786,25.047862289112203,0.8549496972050132,3.0023685332796566,94.30420272236384,36.751491259724766,60.15834903576553,7.078399270241273,48.03220002546202,15.342645042355484,546.2899385148103,0.001830529778232204,0.3,45.21452677901581,10.782772456843883,0.001830529778232204,0.0,4.204050003269581,67.71259384633257,0.3982725801476605,12.948539799345268,3.7583217279598866,60.15834903576553,0.3644148116736615,0,176.57099726379911,BW-003,2030-07-07 13:44:54.469815,139
95.5899596118152,22.0549933011029,20.41678923352665,47.016580223351184,1.4201027697832567,3.625955739475293,89.95818508710732,36.57397153415019,66.37683532442081,8.154609938234438,52.7405032676914,15.67304989725713,495.6478075613251,0.00201756163296712,0.3,49.82377388970792,11.021965813153708,0.00201756163296712,0.0,4.0841653761137096,102.80583539751005,0.43461237571446676,11.211087325828801,4.781990749288529,66.37683532442081,0.3699504600164669,0,152.8784635340291,BW-003,2030-07-17 13:44:54.469815,140
70.46685466550025,22.401946566375084,18.338296085366665,29.873881911286254,1.8222287293833657,4.8112654315128385,74.91795162859609,49.71907121030356,70.3661429472886,9.011253771760384,47.37672397337707,14.989071626278939,555.1725920754781,0.001801241657592574,0.3,42.385752464939415,10.286212845236072,0.001801241657592574,1.0869880232178886,4.1528163498890045,144.59031992389217,0.4168738894499535,12.3239388363572,3.804312763687935,70.3661429472886,0.4011055874469387,0,168.0537114048709,BW-003,2030-07-27 13:44:54.469815,141
76.63654617190038,26.32200021499596,29.019420424559492,33.7929710784676,0.7869160565560955,4.7982916260828645,75.13820231998719,49.83275637235242,62.74714687056767,9.013375174772866,49.202713299589334,14.903286185709398,540.6057292293016,0.0018497769186161237,0.3,45.07208375464054,10.24442730608069,0.0018497769186161237,5.5837478303530075,4.625555823913464,127.51810842989418,0.3685596499021797,11.782258057685107,3.674475501671684,62.74714687056767,0.3713388750040161,0,160.66715533206965,BW-003,2030-08-06 13:44:54.469815,142
80.68471723427677,27.448502122359127,27.652492969652407,25.57991624071569,1.5388592001163728,3.9079210219104437,89.87115579738261,38.165661013987474,66.43249765593724,8.780234475099503,49.32109657268569,14.933498418034969,537.8102825916853,0.0018593917453214946,0.3,46.99873692336003,11.56564881399122,0.0018593917453214946,0.0,3.5765638794624413,113.86566880730854,0.41481162834727464,12.580609767279663,3.10170793766748,66.43249765593724,0.38278474363062975,0,171.5537695538136,BW-003,2030-08-16 13:44:54.469815,143
82.87590089835815,27.444779058078552,19.469777002203568,36.81686671691176,1.8191940402678384,4.27606948880995,77.4161822121663,49.96750498856365,68.13474381468681,8.275924367439899,48.11049285224756,14.765117767831432,555.9708734480581,0.001798655375232396,0.3,45.475342516861666,11.127887075778816,0.001798655375232396,0.0,3.619678069982482,90.81723164028311,0.32078718099343373,11.820152865874183,4.095223968285619,68.13474381468681,0.39390707475004016,0,161.18390271646612,BW-003,2030-08-26 13:44:54.469815,144
76.40095146966972,24.891969506397203,18.8455281320035,30.67544737077386,0.986759973753421,3.786105013520624,96.45151919186189,52.83640422813225,75.3464283970688,9.129389509349723,48.618898771388004,14.6957530481344,542.0399182423722,0.0018448825747790253,0.3,45.42721618268931,10.471279665859965,0.0018448825747790253,0.053699725301846746,4.702742202363301,89.27187731935618,0.32284219268483655,11.816052580551528,3.711243998515131,75.3464283970688,0.4137667367962743,0,161.12798973479357,BW-003,2030-09-05 13:44:54.469815,145
97.80489794979547,23.696004163246954,23.530424823235826,40.111306165542715,0.7432750586118161,3.263152925159893,81.74611298804888,49.26643459002545,47.18713327040316,6.668751692935071,50.66286677924719,14.103461801043805,516.9997653305578,0.0019342368547510325,0.3,47.11265864442699,10.630649412182624,0.0019342368547510325,1.2573784031716353,4.762310138647436,74.42216311462596,0.4274942992647604,12.218453358036184,3.255699473986934,47.18713327040316,0.3123903738338445,0,166.61527306412978,BW-003,2030-09-15 13:44:54.469815,146
79.45769548567498,26.431234236855445,28.402262556324793,39.03022259189824,1.5035802729754217,4.978269740549749,88.74102008219825,40.65081727324887,84.23886665785648,11.044418375518127,48.63074824598333,14.865024051587419,532.8359579571837,0.0018767502175225858,0.3,44.90409972249002,10.627007124906656,0.0018767502175225858,0.0,4.158418319448066,125.99404120837572,0.28644335023148826,13.400381786666282,3.5258484952642943,84.23886665785648,0.44064700958001,0,182.73247890908567,BW-003,2030-09-25 13:44:54.469815,147
65.05133890338276,27.674658983478082,19.590888929813786,42.59215049236316,0.8972244826674782,5.157068461300803,85.1166639037382,49.17531264691309,86.52590872622514,10.973811573727717,45.21424989232167,15.051769076974587,574.2168007098805,0.0017415025104868776,0.3,42.61073099097997,10.523995635606726,0.0017415025104868776,0.0,4.881925112443197,136.37980721736642,0.3012310180469748,11.713798517604731,3.686231032834019,86.52590872622514,0.46068473596704795,0,159.7336161491554,BW-003,2030-10-05 13:44:54.469815,148
97.34372574805006,26.319757236216876,27.045764555740426,29.2574201534372,1.1645599649527412,3.7468305743906183,79.73314685905198,41.68430674520229,59.891635730870426,7.468664811096833,53.03271097996925,14.559994009154618,493.89532323068175,0.002024720528752474,0.3,50.272516657291135,8.858968438160552,0.002024720528752474,2.281702253127583,5.990590734831906,82.28631272017289,0.3675619868325448,11.057878061592978,3.0383458214997967,59.891635730870426,0.3478073827387726,0,150.7892462944497,BW-003,2030-10-15 13:44:54.469815,149
84.71252778357146,26.619841709239605,19.247512510948674,47.096767594908684,1.835331005831834,4.554654946907783,83.66505085657661,35.616492373987406,76.32173500838819,9.526635944179947,49.97606008779088,14.41111927100432,517.6319590854976,0.001931874534498805,0.3,47.5806289672985,10.59084498484549,0.001931874534498805,1.8384150758548319,4.55188061270397,108.72382674285149,0.3132129374258688,12.613116477695096,3.0878092272612747,76.32173500838819,0.4096953710869432,0,171.99704287766042,BW-003,2030-10-25 13:44:54.469815,150
86.14794771620316,26.643616772942032,27.765949579114118,35.8442203838544,0.808052277034978,4.306515082359778,72.17045529692457,50.72365338396426,58.11968755615487,7.770078855924445,50.12968095528266,15.211753937011018,523.0502298956615,0.0019118622702823033,0.99,45.692962339456415,10.900723996780243,0.0019118622702823033,0.0,4.386793588704891,113.03699769928804,0.42225930456648075,11.839065875169561,3.3447922865969053,58.11968755615487,0.350647360822548,0,161.44180738867584,BW-004,2026-09-26 13:44:54.589406,1
89.48910708999307,26.198278462926023,20.95524880923808,45.68178614070703,0.6565571871242435,4.901337118629751,96.40394060300925,52.75507018827973,93.25740389698625,11.812705311492676,48.81866105370115,15.05127071990876,517.651464082386,0.0019318017418779028,0.98,45.1242227104426,11.39106301203287,0.0019318017418779028,1.5102624787936183,3.6911103140212838,155.3583393778667,0.33541357751953055,13.61152599490332,4.35935026228127,93.25740389698625,0.46615345221466997,0,185.611718112318,BW-004,2026-10-06 13:44:54.589406,2
99.30752958365304,27.161486865864788,26.254783745748902,46.529997318715985,1.5834667524855617,5.87299042442692,96.03116379300064,35.0428183869095,118.60405943936334,14.099752635071647,50.20885035790678,15.435777983144071,526.2900763807046,0.0019000928288007961,0.97,45.599544653865,9.8698641498166,0.0019000928288007961,0.0,5.5273621852670285,132.49233954010245,0.2,13.125730564645343,4.368419341176741,118.60405943936334,0.5532338877120891,0,178.98723497243648,BW-004,2026-10-16 13:44:54.589406,3
67.61827988120184,24.65293682867687,18.858036291979623,33.35177813491477,1.612404529605813,4.098759017995423,88.04645519139119,47.12633894749064,69.9934101865006,9.022030055456115,47.469912535058064,15.690069469434258,528.4904630865291,0.0018921817324001006,0.96,44.67970169919053,10.49651288841534,0.0018921817324001006,0.2757186750431145,4.450336677050231,100.28486362634632,0.338991451480159,11.5160453363863,3.376349292105836,69.9934101865006,0.391858506214294,0,157.03698185981318,BW-004,2026-10-26 13:44:54.589406,4
75.4577340372327,23.981765052808804,25.144268670123743,44.93290869597348,0.5713747888191687,4.095075912116469,97.13421781843863,45.06456690772235,80.05175391665823,9.944299890764059,50.355870745303264,15.255267689225619,518.3076924410577,0.0019293558914596288,0.95,47.52764533709503,10.715985446771917,0.0019293558914596288,0.0,4.030384898086591,115.96908985184636,0.35597220768372845,12.441700419990758,3.280647039535652,80.05175391665823,0.42233148745451143,0,169.65955118169214,BW-004,2026-11-05 13:44:54.589406,5
75.41881738798942,22.949444450891576,26.344251008782436,26.537389450347238,1.4972116378703668,4.48050109221785,75.35194755785743,45.261388457268765,67.48769212409096,8.440362083343057,48.514561262994455,14.940220621686802,536.6144276506163,0.0018635354333989113,0.94,45.654583517652696,10.625387324147667,0.0018635354333989113,0.0,4.4996745946293455,90.0258260053124,0.29757021751959556,12.363989861887545,4.5801482539265495,67.48769212409096,0.38594330204215477,0,168.59986175301196,BW-004,2026-11-15 13:44:54.589406,6
71.44723483191629,23.193500882423347,29.236230693899824,24.44458984190294,1.1566659078343533,5.44205020655979,93.30580980694845,50.77163530216942,96.49144022331829,12.694372538328308,47.68252098494364,16.17281208094822,547.0405433736647,0.0018280180730899393,0.9299999999999999,43.643010705670484,11.06451869326358,0.0018280180730899393,1.4351752341751292,3.92283614723198,146.8753589291501,0.2657572802225442,13.2017712441472,4.8241289057527785,96.49144022331829,0.48575029708982703,0,180.02415332927998,BW-004,2026-11-25 13:44:54.589406,7
60.86507969847175,24.901558288625974,24.01256853353302,31.719899313473928,0.6982426662875355,5.5862522575206945,96.80330396128795,38.883053932370984,112.43918671660495,13.519191882230173,44.72969072036902,14.409769757383959,561.3094380099608,0.0017815485225856017,0.92,41.977495242362856,10.823310333788964,0.0017815485225856017,1.8313434622220726,4.348819799181607,156.4350802998062,0.25892434548739235,13.004168015347538,4.971267240175408,112.43918671660495,0.543190120458338,0,177.32956384564827,BW-004,2026-12-05 13:44:54.589406,8
75.05550150937901,26.033577639595396,27.38874970373351,36.738014457315415,1.3847515916596334,3.391366909654182,99.26814905767336,52.36647927300736,77.81941912438911,8.41636789742031,49.85035012498294,14.278399603107102,514.8935167418604,0.0019421491385787748,0.91,46.60774846206901,11.27338973722505,0.0019421491385787748,6.247187595487294,3.6355639349254187,69.11733544811517,0.3026896078760658,12.244381935099518,3.3766937465789004,77.81941912438911,0.4138661187705218,0,166.96884456953887,BW-004,2026-12-15 13:44:54.589406,9
68.0246548449861,23.723981999365897,19.9427473206283,29.983088400110674,0.8373301703382976,4.636088556400924,71.53619047570987,49.910061707055455,69.31613964074867,8.291202850823884,47.841885225596485,15.331798934280382,554.141984733243,0.0018045916525913253,0.9,43.14260637949171,11.76788239852614,0.0018045916525913253,0.0,2.9324366886001823,131.40920587580612,0.42733310667900204,12.297285042899192,3.3003072883677502,69.31613964074867,0.3972963942224685,0,167.69025058498897,BW-004,2026-12-25 13:44:54.589406,10
80.7779514556495,25.376132534744375,29.339369049858053,28.693695530436553,1.4625135652422439,4.515996100007641,89.4312722437069,45.05279609951071,74.29059184716019,10.096781916782547,49.32149059562934,15.707420331412777,529.0099551089545,0.0018903235947498203,0.89,45.77655116368431,10.78136653270448,0.0018903235947498203,1.9946764363342009,4.121978732366919,103.17625575636471,0.2828480846989315,12.923048401647744,3.682404144784307,74.29059184716019,0.40633829268988697,0,176.22338729519652,BW-004,2027-01-04 13:44:54.589406,11
92.69037075950092,25.361448782698314,21.06004383001291,30.301205520480003,0.5588795796064998,3.836141145423447,74.76558075831868,38.91332591250685,57.2005003533397,7.170283015211647,50.02935634391099,14.773654925745234,518.2559825863168,0.0019295483961604776,0.88,46.06067237268457,10.382506879804291,0.0019295483961604776,5.814418268446143,4.504233775627761,82.67756352304562,0.3757221568402815,12.820064517448888,4.624066586051988,57.2005003533397,0.34614512928702734,0,174.81906160157573,BW-004,2027-01-14 13:44:54.589406,12
72.21776906193926,26.46762207402028,18.570213086485325,29.263086780115934,1.5593487477976729,5.918932141260915,74.59340337316596,40.385408486104154,96.95351757522258,11.037832318786808,46.66480005199918,15.553860547991224,542.9753761917934,0.001841704143222092,0.87,43.61047503158713,11.343683437247291,0.001841704143222092,0.0,3.898309497769534,158.07282816971528,0.3024405947510783,12.832181505959728,3.1284704961148417,96.95351757522258,0.48607100477494664,0,174.98429326308718,BW-004,2027-01-24 13:44:54.589406,13
91.30606251291506,24.73191046037157,26.37689206174379,33.310852047717404,0.7398698675361912,3.4619223892314874,93.81152277355636,50.7040573582565,72.06644385574745,8.119205276441859,51.262511525329984,15.07323780582666,516.2988261091176,0.0019368628194181758,0.86,48.545551762062956,10.467278170012408,0.0019368628194181758,0.0,4.51288811180199,86.29361434896913,0.38375833686216726,11.681424065590814,4.709851313022142,72.06644385574745,0.39511112735189347,0,159.29214634896564,BW-004,2027-02-03 13:44:54.589406,14
75.92597974091626,25.479806921218856,29.376639382234686,25.650022850128256,1.2610911407674408,3.711953112611673,78.65998908026381,53.759757309189936,61.102403297399256,7.299554782612137,48.91222074386603,14.845245057036385,520.1450543031017,0.0019225406292477688,0.85,46.71664233731195,9.74611207191421,0.0019225406292477688,2.246871174439529,4.612191260001669,74.71784156381787,0.34469539109341407,11.331051316151742,4.07424149657348,61.102403297399256,0.359718193948928,0,154.51433612934193,BW-004,2027-02-13 13:44:54.589406,15
73.15679112842898,25.049870165660167,18.28770536851838,31.51260851283795,1.7298022212905075,3.2466996645318016,82.54792242707727,46.18603744153654,58.05701511491025,6.700207801294724,48.16552290623302,15.160093927460936,536.8749064120905,0.001862631290933213,0.84,44.910416175837,10.586118074847368,0.001862631290933213,3.3697371632901914,4.517840030646532,72.93902668496641,0.419121160905633,11.613714883673778,4.547273290011521,58.05701511491025,0.3545858556399946,0,158.36883932282424,BW-004,2027-02-23 13:44:54.589406,16
82.1576693541855,24.703494956896705,21.426300860584075,31.153020546992543,1.0746521503858766,3.562233863951331,83.44679746324674,47.0205175497738,64.94874695754339,7.43142519404664,49.185315121111444,16.57888564152215,522.2176231677997,0.0019149104810633297,0.83,45.34417857554876,10.106871605573426,0.0019149104810633297,0.0,4.789673468704612,77.99990153909236,0.36830662348572196,11.45883467356532,4.5496555333092425,64.94874695754339,0.3731611101421512,0,156.2568364577089,BW-004,2027-03-05 13:44:54.589406,17
93.42282839858242,27.803279240849612,23.263864576204494,33.44046812994628,1.7698261637297943,5.521348744916416,79.70828408302212,51.77314308984914,84.64166605951313,11.002430857030882,51.92021153271976,14.883395750896803,508.98194444458727,0.0019647062354858635,0.8200000000000001,48.7182379874059,11.709718463949793,0.0019647062354858635,8.615666209242375,3.147462768716847,185.38184185399996,0.38145505845956956,11.85471637562282,3.1004262429151455,84.64166605951313,0.4348334701984199,0,161.65522330394754,BW-004,2027-03-15 13:44:54.589406,18
77.07621282545215,25.312109033773908,20.771299975184935,41.8440608586978,1.2979824774061728,3.310729698309045,95.1318729586797,38.05500863335233,64.13665719307463,7.873897926501599,48.11021309687395,15.146414421793342,533.2350400795764,0.0018753456259190445,0.81,45.05292002021573,10.420869083384556,0.0018753456259190445,0.0,4.509800121414698,66.70717253955814,0.3198667081341081,12.225331398840062,4.661166650228902,64.13665719307463,0.3737593693341216,0,166.70906452963723,BW-004,2027-03-25 13:44:54.589406,19
92.36138200961366,26.684396380172018,20.58005721924034,41.1752532133863,1.700081611927057,4.415812097265883,97.23671801238498,42.26378392181698,82.50607683068716,10.734476892438025,48.97377175737897,14.681558805530521,511.969663405396,0.001953240731781727,0.8,44.52939575247128,10.536658074075943,0.001953240731781727,5.555722663441003,3.9104608540497545,98.88380987152829,0.26076165787953437,12.079356277141628,4.68177795342297,82.50607683068716,0.42861115512390935,0,164.71849468829492,BW-004,2027-04-04 13:44:54.589406,20
73.84428963129581,23.035654677413646,18.03158586695506,34.821687674235555,1.0286490973082625,3.861456790312886,85.02204718432596,44.11892371537323,72.18212460198781,8.207724035655453,48.28378288147294,15.739060613049743,530.7604168419377,0.0018840892581064564,0.79,43.43293073096148,10.777437810264066,0.0018840892581064564,4.715510852504216,4.454231169780921,87.67323253795462,0.34578257732622536,12.012947285407071,3.740007081150063,72.18212460198781,0.3998352070592074,0,163.81291752827823,BW-004,2027-04-14 13:44:54.589406,21
82.19639335301636,23.128246555532716,28.3159865719977,30.186125175074633,0.839644407631475,5.278685501741725,95.5895190709041,54.457132094206855,95.68165254870932,12.61467521095114,47.84706221595668,15.760045870495551,529.1437432345344,0.0018898456473986239,0.78,42.85122793484432,10.428936699790897,0.0018898456473986239,6.3493727890677425,4.730930816277215,166.0520259903312,0.3117111450765611,12.861505984470805,4.501856787033445,95.68165254870932,0.4776819647993914,0,175.38417251551098,BW-004,2027-04-24 13:44:54.589406,22
79.22856225937423,24.993106142465646,20.581022745421116,30.52465744142198,0.7545578587328674,3.7999685763975135,91.48280447469884,42.8851647099149,68.1630542557901,8.690794557114335,49.01540366358128,16.02562347163473,536.1825734560025,0.0018650363691502124,0.77,45.29259252281002,10.372270013840568,0.0018650363691502124,6.291000472178387,4.780443827761652,97.56162077820366,0.36927468013471315,12.038755394518395,4.054598266257588,68.1630542557901,0.38806495288943443,0,164.1648462888872,BW-004,2027-05-04 13:44:54.589406,23
88.73840713292667,26.62053418752449,23.547941969511392,41.13808854444042,1.6039030879061682,5.981319308303795,91.8670640737225,54.049826008686495,119.94859072745044,13.737156103533458,49.616956652037175,14.863786549534565,521.6041160727399,0.0019171627853115825,0.76,47.55346521009106,11.058655465144508,0.0019171627853115825,0.0,3.8173099238139536,136.13532263384738,0.2071032990352253,14.002016152705592,4.148323999219166,119.94859072745044,0.55630987057999,0,190.9365839005308,BW-004,2027-05-14 13:44:54.589406,24
65.53102110711234,27.79706814900722,27.852383365157174,28.907603068699764,0.7792475536191054,5.504908648443557,97.08703033490113,51.2883839442935,98.71265174345874,13.361380823557479,44.875060161583576,15.440531093690332,558.0187084948617,0.0017920546117482154,0.75,42.76438029485127,10.933286914452003,0.0017920546117482154,0.0,3.8562998039812606,117.68508936119916,0.2,13.335348400202248,3.9122107990344253,98.71265174345874,0.4964477850266543,0,181.84566000275794,BW-004,2027-05-24 13:44:54.589406,25
65.02644582318331,22.83027137525151,26.977941588344354,35.27170216683896,1.6744012591098008,4.110960526351567,70.60708697919851,45.47986334929334,56.706911732475135,7.25657368630392,47.29455641528974,14.81224550968025,547.3141037735677,0.001827104386869072,0.74,43.44390419939056,10.220567690701651,0.001827104386869072,0.0,4.8336936427430786,100.94997354450585,0.42300091437337906,11.514011069354554,3.902672065478577,56.706911732475135,0.35321727024032074,0,157.0092418548348,BW-004,2027-06-03 13:44:54.589406,26
89.85019577400821,25.62767628103133,26.236399278944155,24.440537385099404,0.9676664702075329,4.515173400811226,85.75751394491465,54.48062449944128,71.96101155891768,9.68025114709441,49.82143213009559,14.751341426821165,533.6893969061138,0.001873749049160741,0.73,46.31384324999062,10.422674777627115,0.001873749049160741,0.0,4.368660722025322,130.0825855348771,0.3720215645732577,12.37651744779132,4.326916646032185,71.96101155891768,0.39997685760155965,0,168.77069246988162,BW-004,2027-06-13 13:44:54.589406,27
85.51288717037642,22.056069720917463,18.39572332419112,44.445311579289196,1.5260372925381076,4.081598753554943,93.9548789081174,45.48075339735174,67.24669096508676,9.587152916044438,50.121015114349674,15.73085850812856,520.2942127383931,0.0019219894734881584,0.72,45.933215896839776,10.572988223560332,0.0019219894734881584,6.17330160497491,4.033271585405103,117.36351348728077,0.37490665726761,12.173283822366617,3.7202354309780077,67.24669096508676,0.3802439003718071,0,165.99932485045386,BW-004,2027-06-23 13:44:54.589406,28
70.61478932481376,26.127777040712253,27.50948002967116,31.36306279464243,0.5540560662487812,4.716299450914875,95.59040676963777,51.11856306830717,92.18648041735176,11.270824574009303,48.563630756394424,14.40622341661248,517.9672262100582,0.0019306240808264121,0.71,44.24717324197203,10.858030740474078,0.0019306240808264121,0.0,4.100734092439129,103.80670120752677,0.24410593637895198,12.999086911127566,4.071051765391199,92.18648041735176,0.46267843592085667,0,177.26027606083045,BW-004,2027-07-03 13:44:54.589406,29
97.31116498750939,24.071079029773784,19.277781159416477,35.80456491343554,1.6527016934962007,4.306308386706107,78.83946709187501,36.00037641804373,64.42857694141745,8.487676458529537,52.17558456619554,14.772414108023119,502.27691449998684,0.001990933628704582,0.7,49.1710137131986,10.634525478986184,0.001990933628704582,4.208352721565278,4.345851450935197,122.39943422045509,0.4185963906880553,11.522998175057612,4.056116843784249,64.42857694141745,0.3654449974880542,0,157.13179329624015,BW-004,2027-07-13 13:44:54.589406,30
68.86589258470237,23.61694030080018,20.912579841582996,47.800153267960276,0.7961056005958138,4.461748681036353,80.66310042173595,40.030260793528015,77.15835871786135,8.997462047874581,48.345511771699826,15.026228693444722,534.5343063314377,0.0018707873155291,0.69,46.02565395328355,10.665919909360701,0.0018707873155291,0.0,4.051874025148145,83.2721051432508,0.2592892010521247,12.152444398934685,4.997396963682574,77.15835871786135,0.4175548209589691,0,165.7151508945639,BW-004,2027-07-23 13:44:54.589406,31
83.02080867864495,27.551587849941786,19.76275882653335,47.3005007488248,1.9212158515934368,3.7343685570882745,71.48342310038042,51.9750540113047,57.13006843779039,6.673636189477455,50.23294994255179,15.784259492736277,514.0396634319874,0.0019453751745993626,0.6799999999999999,46.324828877156136,10.363636874275281,0.0019453751745993626,6.940778102215283,4.1336889908374905,76.68785203808076,0.38464215703260757,11.948375514912463,4.944084188353247,57.13006843779039,0.34464546048889755,0,162.93239338516997,BW-004,2027-08-02 13:44:54.589406,32
95.38287948233051,23.28733912798001,25.608660672131798,42.261395351069766,1.9790418922946444,3.0298792236129097,98.11337481764416,47.55239747965412,53.79466784573356,7.431791897963152,50.51938429911657,15.716916419329923,522.1401205084068,0.0019151947163652202,0.6699999999999999,47.90094581827607,10.207440686313753,0.0019151947163652202,8.673281757285265,4.574403848890387,74.60446115580835,0.4141483673641238,11.224332665926363,4.561948801436104,53.79466784573356,0.3359575956383005,0,153.05908180808677,BW-004,2027-08-12 13:44:54.589406,33
67.21695288325482,26.59615539711578,22.065614039125357,28.215035173632057,1.1320654118207825,3.027016992793426,77.06414251032632,37.75456603034282,42.67776982398837,5.8318617228453,45.70524744321612,15.57110369644278,550.7450984323808,0.0018157220152233051,0.6599999999999999,41.619025997448205,10.67034167672466,0.0018157220152233051,0.0,4.000897080035724,61.570133187453536,0.43597142896069885,11.45967829883446,3.868840276236659,42.67776982398837,0.3074827622763422,0,156.26834043865173,BW-004,2027-08-22 13:44:54.589406,34
91.75343648594466,24.78909882222431,24.45027720243658,47.883825844802914,1.098663949336139,4.836498662169436,74.99636765781403,45.57259675073239,64.29590172174888,9.067995796114618,51.92026002062273,14.63266445316157,503.13514649420347,0.0019875375571909502,0.6499999999999999,48.21196197133816,11.899862535283988,0.0019875375571909502,0.0,2.7155987786105893,131.61086658854245,0.375110637041321,11.349874880004398,4.35807433084488,64.29590172174888,0.3652602163540906,0,154.77102109096904,BW-004,2027-09-01 13:44:54.589406,35
84.61603018836959,24.191465209692232,22.71342775594446,40.69537808268979,1.9068304641423253,3.105194847056156,71.11761641842588,35.526946643878354,47.847204987706846,5.5208514009353085,50.6483403505862,14.417668325743803,526.4099951211763,0.001899659978473255,0.64,46.412942105091005,10.445479737503382,0.001899659978473255,0.0,4.7565621013440875,56.58593306070459,0.4125946381747592,12.169598576168584,4.187213652098335,47.847204987706846,0.317413681828709,0,165.94907149320795,BW-004,2027-09-11 13:44:54.589406,36
81.69435801969286,26.61039957369268,19.070478705803566,29.067792898366246,1.2531974613792987,5.217374001409638,79.54029114442895,50.926003719353275,75.39597650394494,10.374786177037421,48.05024005398755,15.314680316714446,537.2767017923528,0.001861238346393961,0.63,44.702186103798915,10.562924345217038,0.001861238346393961,0.0,4.697108054338346,165.79470175786346,0.38286841146894807,11.755214119269258,4.971943887900688,75.39597650394494,0.4125029322175223,0,160.2983743536717,BW-004,2027-09-21 13:44:54.589406,37
60.80046894515099,23.517129872575353,24.20881547789959,24.359068758151217,0.8968194293390626,4.538647807528721,91.39094369125311,40.47005731659414,71.91640029739284,10.36978265530717,45.821001256542594,14.64493169658131,560.0099992326232,0.0017856824009755028,0.62,41.887812769697,11.53240223803374,0.0017856824009755028,0.0,3.7775547212752048,100.29669753392949,0.2663793218235831,12.597126364293008,4.909779420018516,71.91640029739284,0.40772433409442976,0,171.77899587672283,BW-004,2027-10-01 13:44:54.589406,38
80.56123277903478,25.438895487887475,29.109020316663667,39.48829495801459,1.1221037037949906,3.3647620486005807,86.68172005574385,41.539552464854786,68.33321084962401,7.291584048774667,46.96949131778148,15.03161607325655,539.5292088048196,0.0018534677709390903,0.61,44.047104798680905,10.371924769092258,0.0018534677709390903,0.0,4.654207096699533,50.43247698936966,0.25694730617876055,12.105646923587194,3.3629952565416823,68.33321084962401,0.38963613214019255,0,165.07700350346173,BW-004,2027-10-11 13:44:54.589406,39
97.2140470853227,26.709297900326767,20.400107053352972,27.140216672371675,1.5137174536140994,4.482377223423812,88.6083645130253,45.88400004227256,75.52143793520699,9.929402872450483,51.30626710290195,14.09217551206059,497.9351627903506,0.002008293598700997,0.6,46.73228143471987,9.98578367799291,0.002008293598700997,0.0,5.2248254191072885,136.64837167662859,0.38378053091017517,12.002467530966712,4.228820018634332,75.52143793520699,0.40111867528779516,0,163.6700117859097,BW-004,2027-10-21 13:44:54.589406,40
82.39532662307936,26.738041682756535,26.86566060094424,39.00507681258036,1.9795732574433382,5.219389115808298,91.1780985313486,45.68379783617239,99.09231470793272,11.897349376865435,48.845210189094004,15.628098719706841,537.6586576695845,0.0018599161117099413,0.59,44.414592640584,10.787131071825046,0.0018599161117099413,0.0,4.795230730654731,134.13616997842635,0.2700138391662737,13.226147285696332,3.242277147697803,99.09231470793272,0.49160531299398447,0,180.35655389585907,BW-004,2027-10-31 13:44:54.589406,41
81.34358920441635,22.678634539010318,27.93928277779186,30.044480696297015,1.6659532222158775,4.296813863364505,82.3828921824638,50.2849124170476,72.67103103839887,8.849598830841845,50.3892517648009,14.423146838184818,508.41910544225203,0.001966881238914385,0.5800000000000001,48.05385065109909,10.588285101907294,0.001966881238914385,0.0,4.533842013112356,108.3799847706824,0.35627797425879487,12.103716295900272,4.9966138607639765,72.67103103839887,0.39476250176067185,0,165.05067676227642,BW-004,2027-11-10 13:44:54.589406,42
98.28428384000205,26.180773083786047,25.152361931397614,35.04926821620097,1.046614798993105,4.747661511125982,72.13020340667765,52.84224031382163,69.13221343694582,8.561244762589293,52.239277190980204,15.200084802600248,508.79103584082446,0.0019654434326803875,0.5700000000000001,49.46831937741886,11.52048502697407,0.0019654434326803875,0.0,3.394739958090835,101.2705083410744,0.3114413989440748,12.66335284733312,4.753717166052343,69.13221343694582,0.3830780222087334,0,172.68208428181526,BW-004,2027-11-20 13:44:54.589406,43
74.12019003887345,25.818236234257544,27.015277403252952,40.284409667625944,0.797615151790344,4.283521711881159,79.91898864578626,36.80637120598146,65.51042141676712,8.558368076395231,46.10396523159325,14.985155604857011,542.2050838849384,0.0018443205896096144,0.56,43.44030068904635,10.499696405116131,0.0018443205896096144,0.9266392174494186,4.181392713027754,99.40937109588567,0.3389576235564401,12.5892588188092,3.299346929167202,65.51042141676712,0.38102959655470525,0,171.67171116557998,BW-004,2027-11-30 13:44:54.589406,44
79.75948720573965,26.749840433098377,23.708448938268674,36.878958713651855,1.6567040722562332,4.687962359013928,84.3712217702384,37.091089163020484,86.34788071919077,9.888227796072353,49.45114127549137,15.07212676114102,531.5717708140374,0.0018812135160387125,0.55,46.56289500808502,10.868482543415679,0.0018812135160387125,4.516381754751633,4.649029033523726,112.77845156604707,0.3041120030996182,11.949661158107448,3.8497358541360223,86.34788071919077,0.44729780030818045,0,162.9499248832834,BW-004,2027-12-10 13:44:54.589406,45
86.45061225060365,24.456069525294357,28.74495253433063,27.901609647923486,1.993274672885487,5.301834903160945,97.16119564787283,43.189414837775544,106.45012060319038,12.878315457968537,50.29837564412878,15.342809687109241,518.1315048805146,0.001930011957544655,0.54,46.11406216702555,10.838009858427684,0.001930011957544655,4.4403086553632205,4.273842816169063,119.07657487745713,0.21799728669251373,12.995964341363782,4.524461579284338,106.45012060319038,0.5102731868081223,0,177.21769556405158,BW-004,2027-12-20 13:44:54.589406,46
64.75410313904949,22.089699826625434,28.680226813785175,29.878884200782945,1.5945494411700813,5.859218305866411,95.96288215248057,40.930031420478784,111.32651874749143,14.056686894787882,47.025981122348334,14.86581560043131,543.9650308787205,0.0018383534661862383,0.53,43.7364120150147,10.829919811496168,0.0018383534661862383,5.43770001055992,4.499724409706992,131.7779154780378,0.2,13.10831285932079,3.4353317521318765,111.32651874749143,0.5342779050885875,0,178.74972080891988,BW-004,2027-12-30 13:44:54.589406,47
92.44061499728278,27.1539183461927,29.89913082797,31.05695304095998,1.5653650128908887,4.2056961238679,87.27157915993612,46.66772464655496,67.4645614270166,9.175943554919348,50.9473836746349,15.13373769444903,517.1173859900867,0.0019337969039377265,0.52,48.930427360111345,10.830014280406898,0.0019337969039377265,5.680696514564518,4.144120590190866,116.17037549331934,0.37628489285509137,11.541565446806505,4.210800743906688,67.4645614270166,0.3800170872204147,0,157.38498336554323,BW-004,2028-01-09 13:44:54.589406,48
64.61599433123313,24.440855748141097,28.175660319751085,32.8237931054186,1.3866430708034212,5.249960953139926,85.2966984461683,37.09645281881531,87.4165502513406,11.195108406853365,47.073225568030225,15.132581961373294,556.3499852519748,0.0017974297232111781,0.51,44.67547902748669,10.716913400245573,0.0017974297232111781,0.0,3.9280241885111495,167.380735519279,0.3559845160329034,13.432186630684807,3.5846666225667647,87.4165502513406,0.45829349641339445,0,183.1661813275201,BW-004,2028-01-19 13:44:54.589406,49
80.15093774898537,25.87570918667227,29.67473267265234,25.337652636033653,1.3609422762524446,5.913892380919776,73.53580326039311,54.16502344465006,91.01519396706612,10.872070665661361,48.37364214187465,14.31690083116554,541.271069059565,0.001847503140593597,0.5,45.28275889556117,10.514043257265733,0.001847503140593597,0.0,4.364123635627246,184.74709989337777,0.3591715749631958,12.324482726790936,3.698895281567257,91.01519396706612,0.46576530060808996,0,168.06112809260367,BW-004,2028-01-29 13:44:54.589406,50
94.5211511700114,24.888296270490564,18.942326231298875,37.452944458002506,0.9981108362357307,3.2730354206475507,76.93108413841179,35.93159884173083,54.299288929248014,6.294954083345969,50.09675929476242,15.25819833389329,522.2080810783815,0.0019149454714200481,0.49,46.38764539865619,10.659417864611308,0.0019149454714200481,0.0,4.555005197139004,62.03443989434042,0.37635666068367096,11.092132901071322,3.5441683151559555,54.299288929248014,0.33766005408767447,0,151.25635774188166,BW-004,2028-02-08 13:44:54.589406,51
66.19767141351744,27.094207079700837,24.25919415589346,46.398633897097596,1.7090247569046035,4.302213245447941,97.85566225127289,46.80598143511199,86.50600286130174,10.524898156987659,45.684599488523624,14.69695808389017,550.5219417368256,0.0018164580268047613,0.48,42.755939980315674,10.364901940530848,0.0018164580268047613,1.3988173140959477,4.817126704531074,104.48695980600463,0.28844450563367524,13.049344033474595,3.1295443990504035,86.50600286130174,0.4535099253920535,0,177.94560045647177,BW-004,2028-02-18 13:44:54.589406,52
87.71887175094669,22.03015302019187,23.133881479659,28.739670759648774,1.8661968665733015,4.890021406339569,95.3625760510231,40.93600410103678,96.8829190801879,11.658125956329703,49.67115443976041,15.353252731773626,531.6085556328089,0.001881083344886415,0.47,45.21741056162041,11.363388938374493,0.001881083344886415,0.0,3.34509097539399,110.59482941926944,0.24249642066402094,13.375749991193729,3.7868709788737203,96.8829190801879,0.48242563029046903,0,182.3965907890054,BW-004,2028-02-28 13:44:54.589406,53
66.9833593870544,23.716360309955714,24.202041212813988,30.3207268559539,0.8147970159186817,5.702890488116291,99.29448328602612,53.03676632883342,111.9543045744217,14.15663910635751,47.02838172820445,14.325175164889929,537.8284713462874,0.0018593288627818624,0.45999999999999996,42.22051626701864,10.054037735037964,0.0018593288627818624,7.23618916419699,4.882288972010057,175.0110760119018,0.2709694658487187,13.794630101029657,3.414169649775421,111.9543045744217,0.5345295566519586,0,188.10859228676804,BW-004,2028-03-09 13:44:54.589406,54
83.9639730041101,22.533577136530145,18.698013104651096,32.93388708446571,1.5809966817617935,3.3821161081000826,94.71172858410962,43.19676956219188,63.99174380893625,8.008151571758004,51.014780889398466,14.64666544796343,517.6749878399886,0.0019317139585447699,0.44999999999999996,47.415178896291344,10.604761757977833,0.0019317139585447699,0.3958703479530075,4.4532295614539645,72.61444299658555,0.335129166192775,11.798056253826006,3.1483452605698448,63.99174380893625,0.3686083090484507,0,160.88258527944555,BW-004,2028-03-19 13:44:54.589406,55
82.19227033095791,24.537258810800672,24.789018770694987,32.770835631678565,1.9042195031481692,4.661508247506662,85.89324745770395,41.43474059716556,81.37927573752579,10.00980203573044,50.04844004726858,14.856445247568828,518.5235648786887,0.0019285526593838705,0.43999999999999995,45.71325320420894,10.156773016609039,0.0019285526593838705,0.44460003090223776,4.794696799041261,152.04174970805474,0.40730611133612604,12.638837757183996,4.680154319375449,81.37927573752579,0.4268213219220259,0,172.3477875979636,BW-004,2028-03-29 13:44:54.589406,56
62.19619563643097,26.04034887417901,28.695391977933006,43.29323300964608,0.7760615522321701,3.2250662666787546,96.86953691205755,51.05351625052573,64.3639095958333,7.810266894096732,46.764640873754246,14.828121740244946,538.0266741631491,0.001858643907489174,0.42999999999999994,41.8185206109813,10.855566885018922,0.001858643907489174,4.027629728569302,3.9729979335848027,80.2702598595216,0.3983457282930502,11.546428847494072,3.751518695607926,64.3639095958333,0.37595436756838907,0,157.45130246582826,BW-004,2028-04-08 13:44:54.589406,57
71.83705395921153,26.302287632242628,19.011246710169186,43.484680795982015,1.5783604169071854,4.87753999815183,82.27431363752866,40.080422981911255,77.80835857682193,10.032406389688365,47.89701915808128,15.334542605133763,531.2606903504118,0.0018823150633268473,0.42000000000000004,42.97643950256952,11.139389104725886,0.0018823150633268473,3.328541413947792,3.76105143672752,123.83179734633458,0.31632697910684204,12.870314520670778,4.979129616475614,77.80835857682193,0.41873940236119667,0,175.50428891823788,BW-004,2028-04-18 13:44:54.589406,58
89.1842659694137,22.601448221605548,26.61312653779477,40.315635005279276,1.7463837362327759,5.579186350506697,91.00564777882158,45.954798189382736,97.60738548744604,12.69343669766554,52.246706399090314,14.167437351847978,494.84106654459856,0.00202085087032661,0.41000000000000003,48.55629497765176,10.636596129778049,0.00202085087032661,2.702826336290385,4.389587110907616,165.3767095106635,0.2919001179687629,12.293671547773279,4.5856890676742434,97.60738548744604,0.47381027158819966,0,167.64097565145383,BW-004,2028-04-28 13:44:54.589406,59
61.66383825025878,22.138664010806753,22.476085198542727,27.57091881237967,1.337576716355333,4.421759282733576,75.81100878357105,39.167673580176505,68.0993074298152,8.380450795553799,44.247835570062556,14.668417704936909,564.9221568705286,0.0017701553883806764,0.4,41.17744680309775,10.305946427467783,0.0017701553883806764,3.5672385810705096,4.9183174102681555,87.70215918473403,0.2958406321899396,11.055932593633703,4.972711591011482,68.0993074298152,0.3964743384938759,0,150.7627171859141,BW-004,2028-05-08 13:44:54.589406,60
96.69395606026995,24.348878382004095,28.13940452727125,24.005780988428796,0.7527719651887763,4.9839118868606,97.33768455502864,43.07513220956693,99.97048927982189,12.128061077332367,51.711953910107574,14.198391576692952,507.7559966500247,0.001969449906249475,0.39,49.46811659558491,10.34125655716534,0.001969449906249475,1.8406516610575951,4.67243224183102,181.18299200070246,0.37468448418187583,12.349721175844216,3.1090793213503014,99.97048927982189,0.48556176326108036,0,168.40528876151205,BW-004,2028-05-18 13:44:54.589406,61
61.21694158616342,23.96888308309041,28.89827514835803,26.326850966375705,1.4096146651157007,5.613561139050953,92.44956403367473,52.375144610731745,98.00609759168353,12.974281999540976,44.36765740844311,15.067714417359978,568.3690304537771,0.001759420282279658,0.38,40.47863945286345,10.756935166180286,0.001759420282279658,0.11804954620914554,4.284860723038582,172.05831324643722,0.29530029701971716,13.710622944962932,3.808040205725627,98.00609759168353,0.49719770110841155,0,186.96304015858544,BW-004,2028-05-28 13:44:54.589406,62
78.05983756477777,27.630809274194874,19.470229710445125,29.088668412053494,0.5443129529172399,4.609664013032398,92.55628733107572,37.80129118717873,79.50467594272305,10.666334672248654,48.28315763635011,15.235695631382494,516.5867127566667,0.0019357834324922728,0.37,43.80633161882733,11.13838913615055,0.0019357834324922728,0.0,4.434399979037389,132.73205826059453,0.33744373072230144,12.330195611163463,3.025315656968324,79.50467594272305,0.4199916003027435,0,168.13903106131994,BW-004,2028-06-07 13:44:54.589406,63
77.35740998525495,23.666997397387927,28.43887120668385,38.51857951674612,1.4211361069635524,4.533887238738104,97.87229080770472,52.48593120444349,80.74525684790652,11.093548257977927,49.875511043212185,14.576263054717467,523.3542118130667,0.0019107517956828501,0.36,45.306613063063836,10.097918648048097,0.0019107517956828501,0.0,4.887108282039555,122.53236770190526,0.3045226825729069,12.256791860442222,4.306543131665487,80.74525684790652,0.42615711970360837,0,167.13807082421212,BW-004,2028-06-17 13:44:54.589406,64
81.2764278752521,22.551102023375208,23.340224204704263,47.9881245530044,1.7528439362690222,3.4035764768675536,75.1836895564739,42.152810991778225,55.31419935252217,6.397335930463183,49.23601634685897,15.528980356919396,511.9308419665746,0.0019533888526007052,0.35,46.50449904777115,10.264696511707907,0.0019533888526007052,1.948202841976173,4.89484270783628,69.09763336015253,0.3966783661266367,11.53939143242543,3.2988638042840384,55.31419935252217,0.3379599170983796,0,157.35533771489224,BW-004,2028-06-27 13:44:54.589406,65
95.73836216668464,26.939358155479,19.236500321171793,29.45875809755519,0.5046824770346144,5.708328143293635,98.86874625017761,48.07205905070453,105.33497747924503,14.109381167801146,51.44259865953224,14.849662819778159,490.79873370534415,0.00203749506941548,0.33999999999999997,48.24872682764493,9.563888583618757,0.00203749506941548,0.0,5.483255151492003,230.86785831642075,0.3583080705975745,13.57144392945092,4.442271707198087,105.33497747924503,0.49835621170908667,0,185.06514449251256,BW-004,2028-07-07 13:44:54.589406,66
72.14040499512446,22.651644414078955,23.673520143618994,40.25105972577364,1.8117579425571155,5.51447760420326,85.75606600692392,39.1665389372008,107.84860546078345,11.822497635493962,48.2843622595029,14.862052139279912,529.8180386655237,0.001887440455064053,0.32999999999999996,45.27346789596241,10.647971135090527,0.001887440455064053,0.0,4.238808575693428,123.01752815687823,0.23586494324468268,13.246520962666413,3.1573673138837957,107.84860546078345,0.518440763135602,0,180.6343767636329,BW-004,2028-07-17 13:44:54.589406,67
89.96868660363593,27.631513574671033,18.646779484725464,24.292316049996995,1.492007170754319,5.227372692640669,76.59648969122047,42.36620764173463,86.02677113512107,10.00995996410046,49.27090078349812,14.675765399990432,530.9824398864749,0.0018833014519534807,0.31999999999999995,44.58374325925412,10.565922325016068,0.0018833014519534807,0.0,4.5440595490880735,144.54408314801697,0.3452983685517058,12.652773137860112,3.435458068494049,86.02677113512107,0.4460506357496794,0,172.53781551627426,BW-004,2028-07-27 13:44:54.589406,68
71.57409640888984,23.52100609663464,21.97064505232553,30.47510538941674,1.267154609452381,4.092082407643699,98.78318787223495,43.87889920653438,84.9024406471941,10.105723631573374,45.579669084328444,15.490574857785177,551.5107525835281,0.0018132012754339668,0.30999999999999994,41.47447596206109,10.359694931157334,0.0018132012754339668,9.004433349288202,4.872592386291974,96.08027937337252,0.290423986200283,12.61798104591263,4.211140547787861,84.9024406471941,0.44846136126570546,0,172.0633778988086,BW-004,2028-08-06 13:44:54.589406,69
77.6059378889653,25.074571308259937,26.072563338005235,33.291132215307556,0.8769615307132352,3.796632554409724,87.15609068115197,52.886057866372965,70.30584886179635,8.27249127987869,48.25396123674485,15.214483974274259,550.7715440710681,0.0018156348321999843,0.3,44.82032931978568,11.108325945889698,0.0018156348321999843,0.0,3.882295629864028,102.33338411278909,0.40727941847802707,13.002664936365669,4.722260486089563,70.30584886179635,0.39958429276064156,0,177.30906731407728,BW-004,2028-08-16 13:44:54.589406,70
66.64802147234982,24.096844717195754,26.901677702954064,42.16091784267527,1.5003580800263154,4.425593158370848,98.35352522027638,39.28916458648323,89.2709922963391,10.881817207912745,47.33596138313284,14.965856896117854,539.5033158884166,0.0018535567262515696,0.3,44.72649957156294,10.782503849316718,0.0018535567262515696,3.787148711654455,4.318843925462878,95.29889329050323,0.24735742815249334,12.81539748015515,3.578810261408825,89.2709922963391,0.45942096908765534,0,174.75542018393386,BW-004,2028-08-26 13:44:54.589406,71
69.36112701227498,25.528517475128186,24.848275938922175,35.62238875463341,1.3249684795757963,5.480847075252333,95.3327899936026,46.38283140908537,105.411418802703,13.062611080302041,47.14074541672174,15.265433581033575,539.3504801318594,0.0018540819686588986,0.3,44.44792433905954,10.875716250651736,0.0018540819686588986,3.8542952147549983,4.006278411901402,179.88190491546473,0.314065194715088,14.109677962411281,4.0620062594859245,105.411418802703,0.5131765400485677,0,192.40469948742657,BW-004,2028-09-05 13:44:54.589406,72
79.67162530494673,25.39273819644465,26.586071455453546,26.631076665682553,1.6244386282235355,4.147093793750132,98.03674217629845,43.64234351231789,69.78528548174073,10.164189125970227,48.01491256595144,14.438402474562311,524.5487876987331,0.0019064003643724657,0.3,43.945388715643546,9.82914990365444,0.0019064003643724657,0.0,4.936305937337914,139.37965254017598,0.413326066790916,12.898768283028147,4.762649778929903,69.78528548174073,0.389982254582089,0,175.89229476856565,BW-004,2028-09-15 13:44:54.589406,73
65.43544600510377,22.399767990462248,29.71295623465761,46.967802452890595,0.5906548174108461,4.694454941880592,84.11515236976982,35.95935117158952,87.27991806656408,9.871869818232621,48.86097144844272,15.152246100840072,533.8605533083229,0.001873148322727762,0.3,46.37308655949557,10.729962382669893,0.001873148322727762,0.0,4.1420662414809355,140.89685431707773,0.38003773012916997,12.970481821949843,3.4974143119329355,87.27991806656408,0.45109122621437714,0,176.8702066629524,BW-004,2028-09-25 13:44:54.589406,74
77.73013765899849,23.11746962979865,23.824138765613018,43.9242538319901,1.9259176621143355,5.646144558023096,83.33181456747309,46.77887297014698,98.18587769736155,11.762586783258197,47.60200597855634,14.941714326773337,544.866918898582,0.0018353105415565404,0.3,45.32171037802885,10.52963281373022,0.0018353105415565404,7.054323278390988,4.202392337014261,164.9739857633613,0.3105064644890536,13.269999593534006,3.7714646557996665,98.18587769736155,0.49074633466077977,0,180.95453991182737,BW-004,2028-10-05 13:44:54.589406,75
85.37010613806149,24.1234340032709,25.23990678773518,31.48803134660281,1.8647354612480904,3.2975835903386357,97.26662321159404,39.300451387123694,59.062904828539914,8.018620514755089,50.01968486184097,15.080134428708789,509.6836027449119,0.0019620015135163827,0.3,47.63287294558152,10.531327349309315,0.0019620015135163827,3.087776641636553,4.347281094678401,90.9660684962563,0.43002525704508315,12.2600731607704,3.1190523937436447,59.062904828539914,0.34978143025194,0,167.18281582868727,BW-004,2028-10-15 13:44:54.589406,76
94.81601852423347,25.349390501677966,21.897586984564327,31.04135221399148,0.5501269920575892,3.6137808428753275,75.44523884864486,35.2796342594273,56.7681651343742,6.816063970934655,50.798569240428534,15.367053167903624,505.7601386917244,0.001977221855772879,0.3,47.15110216805782,9.916607056779645,0.001977221855772879,0.0,5.348288804858892,68.93189480935517,0.34981204594154724,11.839551480698248,4.934638344461183,56.7681651343742,0.340955258722098,0,161.44842928224884,BW-004,2028-10-25 13:44:54.589406,77
92.63283404101182,24.702299278234047,21.901595140803174,35.306648519946094,1.728106985681978,4.842488107848597,75.64599945039586,40.70555993881759,74.8861545011197,9.157871318621586,49.35721729762177,15.342243066776499,530.2850797595037,0.0018857781185424314,0.3,44.818170958022506,10.909703921197435,0.0018857781185424314,1.743710858817995,4.12474960588589,121.27305572608991,0.3418308335584935,12.391242136075858,3.243503995295357,74.8861545011197,0.40870603893158347,0,168.9714836737617,BW-004,2028-11-04 13:44:54.589406,78
64.98456830830085,27.145935929450964,28.770106021300247,46.72098996081331,1.0962319886339418,4.42778009209489,98.63037854869903,39.94702743635486,85.17256400389742,10.91784066534281,45.86804157069389,14.888487159366798,544.6235615412215,0.0018361306241876792,0.3,40.96460515971932,11.157516976858881,0.0018361306241876792,0.390941323631807,3.703141441184215,87.94267332664512,0.2273981259223597,13.257148433495914,3.0698117181462186,85.17256400389742,0.44729561514202454,0,180.77929682039883,BW-004,2028-11-14 13:44:54.589406,79
68.68561616150687,24.24184491080019,21.99494515477684,28.22769390006864,1.4109000051522318,3.8935420450800655,83.67747811066342,36.42413435082465,73.46249011749372,8.145044481253372,47.58487863468825,15.21678123009594,537.2433441674262,0.0018613539113261875,0.3,44.99623168117736,11.11000687994172,0.0018613539113261875,0.0,4.498038254870998,59.60520011319118,0.23493938854989133,12.7691004708814,3.2021529847434853,73.46249011749372,0.40604797030854023,0,174.1240973302009,BW-004,2028-11-24 13:44:54.589406,80
79.06496642034516,27.19420595394402,18.385314965784698,39.45283026132303,1.6444233177673417,5.396062112791087,77.29905783948901,49.50824246385941,84.49424812448493,10.427762934052838,50.62272461558917,14.14241001464829,509.6950924559268,0.001961957285446043,0.3,48.33776468065724,10.979852758255976,0.001961957285446043,0.0,3.723873243194433,160.7818268652352,0.35717321466921087,12.847477302927034,3.432981134532235,84.49424812448493,0.4345560214850611,0,175.19287231264138,BW-004,2028-12-04 13:44:54.589406,81
90.37946276753229,27.31644380257315,26.748404913953927,46.267441479544715,0.9989848997313372,5.428419628846303,99.03579772244248,44.557813218914994,106.66164118595087,13.44019670787397,51.3828429981605,15.196384181525563,525.7694215557185,0.0019019744378458968,0.3,47.51506160847243,9.84454077053737,0.0019019744378458968,0.8576764597707809,5.122900876693176,126.31130962101554,0.21640795137609478,12.965519799685833,4.530126862731128,106.66164118595087,0.5132696304198852,0,176.80254272298865,BW-004,2028-12-14 13:44:54.589406,82
80.12837667006173,22.084477979697343,18.083491047639495,29.763038890836476,0.6512107957086279,5.182191881537855,81.12131971113352,38.687364760393876,77.9333681400864,10.509656110666823,47.93150782515559,14.440738257894184,534.7389294865447,0.0018700714402076506,0.3,44.5278980842538,11.087113962787281,0.0018700714402076506,0.0,3.705041654797691,147.42365502473203,0.3383570205909043,12.538834083410908,4.7629335297591116,77.9333681400864,0.4201995726462514,0,170.98410113742148,BW-004,2028-12-24 13:44:54.589406,83
70.40845471743015,23.062259767170385,18.34224029806378,45.823299513745184,0.5123346970833373,5.946133868359151,72.88739473422149,46.78423446905241,85.63331772280134,10.834955160140423,48.20412370157747,14.8499356065859,520.2776831828775,0.001922050536325811,0.3,46.19288841744362,10.383817311213278,0.001922050536325811,0.0,4.64005655275369,130.61900081885625,0.25342798436515557,13.438795699459568,3.8515232298606104,85.63331772280134,0.44152769736420105,0,183.2563049926305,BW-004,2029-01-03 13:44:54.589406,84
89.44328577348341,22.9128873215171,28.9467554639952,45.42710255015726,1.480851719553886,4.879391565762168,86.14238628622162,48.24371771423667,84.77998765813877,10.50806082749041,49.4121550397286,14.816829161431121,525.4734062110427,0.0019030458785927141,0.3,46.5850973490205,11.344455549315377,0.0019030458785927141,0.0,3.8113225569919362,119.0273525138564,0.29018070906626914,13.546057458504428,4.104430136109259,84.77998765813877,0.4402419807237754,0,184.7189653432422,BW-004,2029-01-13 13:44:54.589406,85
86.88936599202421,22.032034851818132,29.818458793363224,45.06798248581954,1.842659338595138,3.8616377133820845,98.2052818990317,50.241433068794514,70.8551787553186,9.480830505865494,50.21016700205389,14.506670486137946,518.1912411095423,0.001929789468959022,0.3,45.36979348520903,10.284021594010852,0.001929789468959022,0.0,4.938016105220721,80.10656725042698,0.2735018226622268,12.419387170641986,3.9517850216589814,70.8551787553186,0.39164130151725807,0,169.35527959966345,BW-004,2029-01-23 13:44:54.589406,86
86.36978148203488,24.06872157192722,28.723783789085772,30.996406275628615,1.3440673150133042,5.917543446479228,71.12668209220568,40.702663503614176,88.07218312011942,10.52238078711358,50.58234428583425,14.50573549606705,514.5964981816954,0.0019432701223841534,0.3,46.619425321232086,10.486210282127782,0.0019432701223841534,2.370504146959849,4.475771815403392,99.62663274902866,0.2,12.393532405555657,4.641350766802141,88.07218312011942,0.44795289318824005,0,169.0027146212135,BW-004,2029-02-02 13:44:54.589406,87
63.9892388937553,27.5317337807965,19.68924549325456,29.397523337529776,1.3372012371923225,3.6932667664037058,85.27010336447854,52.75636229929997,57.37377289080297,7.873130973095935,48.839312390269086,14.923369723300347,533.4931745991779,0.001874438226414642,0.3,44.518274350831334,10.564192505771416,0.001874438226414642,4.18795633299477,4.4515193248468545,116.77177787777265,0.5019838570963506,11.337800996094018,4.791040240761652,57.37377289080297,0.3512938620157633,0,154.60637721946387,BW-004,2029-02-12 13:44:54.589406,88
90.56372000851925,25.716107835617795,20.785606953601874,24.022633020659768,1.6357258704611588,5.081273761047226,81.83887209718095,42.44937877824216,76.68924258098225,10.39614283552764,51.99976252797971,14.927325288843058,522.6665646997377,0.001913265679381044,0.3,48.652896215545,11.136062943739814,0.001913265679381044,0.0,4.089791555620267,125.54694880419241,0.2970785830791582,11.910953757105974,4.818720653449936,76.68924258098225,0.4124307780131955,0,162.42209668780873,BW-004,2029-02-22 13:44:54.589406,89
99.40829303644375,26.859478721836542,23.522479417879385,45.690414273578554,1.114771509677525,4.902002302247965,80.92458457313816,52.04730698524087,78.45037518398007,9.917312497149586,52.258641441901325,14.926403624615995,492.4140881141263,0.0020308111082480464,0.3,47.71580731925438,10.295412943316629,0.0020308111082480464,2.9886590123617256,4.329717583106169,121.0172020841922,0.3111641906422139,12.438848770146553,3.2707571920222023,78.45037518398007,0.4092254770475048,0,169.62066504745297,BW-004,2029-03-04 13:44:54.589406,90
80.99736336973871,24.8627786043741,23.3714864719863,42.60457846305374,1.290153360904238,5.269657980173449,88.3153949227648,42.28404445299032,96.32643232587625,11.63479814067293,48.950541951700934,15.166380239318505,529.6957245615231,0.0018878762912949508,0.3,44.38579107602162,11.365295427216555,0.0018878762912949508,0.0,3.618628960187787,149.79773690425236,0.305403481489575,12.491276888219053,4.470828051014006,96.32643232587625,0.47999682512137776,0,170.3355939302598,BW-004,2029-03-14 13:44:54.589406,91
72.66868488100864,23.54894900595087,18.4529678036092,37.99668388519311,0.8449421231015513,4.45922729697326,76.74250114532073,38.903492300800124,65.03072298964685,8.555306398630396,48.46013118097936,14.394628686685417,534.1211287595809,0.0018722344916823558,0.3,46.27879041202355,10.880600016408307,0.0018722344916823558,2.342615019182094,4.592251741914106,103.56755141659163,0.33934272562712814,11.591519881688058,3.4806457614896615,65.03072298964685,0.3770054152600304,0,158.06618020483714,BW-004,2029-03-24 13:44:54.589406,92
65.92535688065533,25.922979782966067,26.174511093858584,42.05171741418398,1.2553653445078872,3.496202713504077,93.31483588616786,39.579743706006234,52.246641389434885,8.15618956088519,45.95033642635721,14.858879704038385,546.6807689006874,0.001829221104687633,0.3,42.4431408428266,9.804258100390884,0.001829221104687633,0.0,5.554870257486803,99.70199067164516,0.43704879409354236,11.636868549712851,4.150225133878723,52.246641389434885,0.3381597019683225,0,158.68457113244799,BW-004,2029-04-03 13:44:54.589406,93
95.76218420815546,27.618056520389366,27.688451277509873,39.25424356819649,0.955581430386783,4.738832697684852,96.31464701113583,52.35494780163461,98.43343865612947,11.410474963058626,52.41510192169543,14.82129247591465,489.4872709789099,0.002042954044545698,0.3,48.78342083221751,10.071742103553111,0.002042954044545698,0.9096169111491254,5.241465435279602,122.89168947777739,0.28409096961151326,13.770835640064282,3.057715826672249,98.43343865612947,0.4749576434807712,0,187.78412236451294,BW-004,2029-04-13 13:44:54.589406,94
99.31779686480886,23.64481700315163,20.431883063885174,34.61169873087799,0.5852608560685827,4.353228215474579,70.4609875220417,43.528876114286064,67.04014213351132,7.668318974278855,52.85067902793538,15.230207824921411,494.854434672001,0.0020207962785315225,0.3,49.17902189314525,10.766190714129534,0.0020207962785315225,0.0,4.390458446986991,101.05423246713153,0.37840155794636054,11.626426846072487,4.437578069640051,67.04014213351132,0.371923470846638,0,158.54218426462484,BW-004,2029-04-23 13:44:54.589406,95
99.13977858687163,25.53060133849855,24.6834250999701,39.73911071759328,1.24553547166581,4.954008317400616,74.6222719741925,47.93070197561465,84.40284982994574,9.241983900587012,51.73142474510284,14.88576372809523,508.8499648699594,0.001965215818095925,0.3,48.658274450275556,9.924544000822252,0.001965215818095925,0.0,5.434009222631174,131.23615843369913,0.358295689280726,12.117256365393485,4.621331546967025,84.40284982994574,0.43399782222747363,0,165.23531407354753,BW-004,2029-05-03 13:44:54.589406,96
61.28254068378166,25.673867733042382,26.594086523477166,34.00197745497728,1.6359433581067893,3.547954856231317,92.51571942090247,41.7817522652536,65.14772218961873,8.206039899928122,46.85944657529561,14.818343995805728,529.215979173976,0.00188958769075878,0.3,43.67137353638857,10.40597267880368,0.00188958769075878,1.6276920856187767,4.444447910494068,104.2655880721891,0.44765073354525375,11.800408964378665,3.80805990065692,65.14772218961873,0.37592386771758857,0,160.91466769607268,BW-004,2029-05-13 13:44:54.589406,97
69.08005197353683,23.327659546397104,19.93700385225089,32.927874234939885,1.7705180530836253,4.22358007677274,91.15103566789998,39.53741032662988,77.22913299085269,9.624592455603596,47.65858047272483,15.746476311376913,543.5135485023236,0.001839880537947114,0.3,44.66913304615574,10.33609740084556,0.001839880537947114,6.490116547326205,4.88205299582207,127.12293345601097,0.3909046509239532,12.866740164258054,4.983853236616222,77.22913299085269,0.4204845078535394,0,175.455547694428,BW-004,2029-05-23 13:44:54.589406,98
93.11648248596256,24.29694524778102,25.069424831762838,41.29959159539797,0.8618101619420344,5.385861134391668,88.92339199314796,46.75123544299596,94.47127218545933,11.97322602185427,50.57644770602881,14.670488086670165,529.9245328559613,0.0018870611530487679,0.3,46.14398609251435,10.682568468580927,0.0018870611530487679,8.608771085676223,4.009423403996788,123.93936016610404,0.24024421027984466,12.073856855913,3.3312401188203427,94.47127218545933,0.4738816004749862,0,164.6435025806318,BW-004,2029-06-02 13:44:54.589406,99
66.72564343578988,27.832575959273868,25.410687758515422,47.55397732400793,1.0066339806983438,4.792047902933559,84.17386341744671,48.96626647881121,69.70258513547203,10.084129641784784,48.33749292691313,14.543270710183888,540.8984573643074,0.001848775840243296,0.3,44.64416740195169,10.618613263141556,0.001848775840243296,9.517517334890744,4.678599990845669,150.2594797333643,0.3886801151239731,11.761797346270376,4.834091180308953,69.70258513547203,0.3946114876608656,0,160.38814563095966,BW-004,2029-06-12 13:44:54.589406,100
88.12126799896527,23.335621819247425,21.134402055286955,36.28565091047098,0.9794271882621068,4.301090799320878,76.06819545226091,39.278675656020944,69.33118100113636,8.179405389516543,50.52522943709661,15.3127922968375,515.0132697316878,0.0019416975421254312,0.3,47.5310470202687,10.514555833153656,0.0019416975421254312,3.9271109289885606,4.364041631388088,85.60904721173907,0.3041790732111889,11.943625389747933,3.570198998765988,69.33118100113636,0.3856079175899609,0,162.86761895110817,BW-004,2029-06-22 13:44:54.589406,101
66.70486255362337,23.577284211935957,18.428980733590375,40.90616691545968,1.2381749856287925,3.60740262628725,98.77131990614222,45.048055869602535,74.55828874160068,8.90769797078189,46.782457794610195,15.684547291381426,542.2234425204757,0.0018442581444866938,0.3,43.5372234075868,9.72256062287515,0.0018442581444866938,5.172937443107818,5.202542715659174,64.99609756884445,0.2528350008154845,12.21232533347277,3.4671581662437325,74.55828874160068,0.41119466189481163,0,166.53170909281047,BW-004,2029-07-02 13:44:54.589406,102
63.769722656181024,23.03016395877095,19.230414457351728,38.702227398621034,0.6413155454187407,5.750936247055508,91.20295845584893,49.44866846044826,110.64562023947933,13.112559990560982,46.46673750397148,14.8873242574779,556.1486673120057,0.0017980803673111898,0.3,44.39485334859867,10.8845144840044,0.0017980803673111898,0.0,4.250777359221112,189.17728623203226,0.31358332655117904,13.63968863441108,3.5324565726349366,110.64562023947933,0.5356633343251995,0,185.9957541056056,BW-004,2029-07-12 13:44:54.589406,103
90.17129332140864,22.12306551592235,20.992509455950707,45.376000221405775,1.577796977183369,4.016808659811079,94.58001256896583,37.61396507496626,72.86416742991682,9.497745338301565,52.19235725743882,14.692928234376408,496.01043069453385,0.0020160866347099992,0.3,48.31558850702957,11.2163672788042,0.0020160866347099992,0.0,3.662223964136803,134.4837560658762,0.44063417544024097,12.672135717496491,4.31004939281018,72.86416742991682,0.3916836873080829,0,172.80185069313396,BW-004,2029-07-22 13:44:54.589406,104
62.91873331702751,26.92675662691108,23.916421458482457,44.3227926520519,1.40110966167559,3.5201194702725247,80.2262961875181,43.16974777764547,62.59984966003019,7.060153680938322,47.96232717867003,15.800537153082196,531.2806691096882,0.001882244279047051,0.3,44.12587771382986,11.171205526258287,0.001882244279047051,10.194688892701695,3.3153479281322307,55.36399961148081,0.2784619832769225,11.650459804281734,4.671848146055627,62.59984966003019,0.3680503662663404,0,158.86990642202366,BW-004,2029-08-01 13:44:54.589406,105
87.27332128131435,27.96100936237425,20.78802655108822,38.97469379427332,1.1904820850860975,3.290854177880144,80.53651058915464,51.74479999030919,49.49553475702587,6.625847808605201,50.98283877179196,14.093353263991421,510.452608046252,0.0019590457257677293,0.3,48.24931627975869,10.73795396103298,0.0019590457257677293,0.0,4.394574233861864,66.56151356010615,0.3815778065445274,12.087196106818245,3.206038388884412,49.49553475702587,0.3181208982706285,0,164.82540145661244,BW-004,2029-08-11 13:44:54.589406,106
61.578078116907655,22.08682384901719,19.430742933814305,39.578201772925155,1.3507446318700884,3.200391231786516,98.27030523014072,54.72633684544026,61.617411957193895,7.862585580088174,46.21739341326431,15.583608866652186,550.9537577401443,0.001815034358058861,0.3,41.98920082197435,10.842570563602907,0.001815034358058861,0.0,3.855290024855869,69.67452573603867,0.3461111391932838,12.107546413149453,3.673853749928077,61.617411957193895,0.3706775005126896,0,165.10290563385618,BW-004,2029-08-21 13:44:54.589406,107
82.1371824465491,22.19114057516956,23.631635956320086,46.190947628220684,1.0963878039659698,4.117201998106069,93.29174105958178,46.918536242334675,74.29067383749899,9.602523567432602,50.90902454322248,15.400590881994091,505.716439556239,0.0019773927082091494,0.3,48.12309785038693,11.390418648627172,0.0019773927082091494,4.397326876846672,3.4692597462152537,98.36665198895366,0.3110071305888882,12.758879099980659,4.526616154360259,74.29067383749899,0.39935051132520166,0,173.98471499973627,BW-004,2029-08-31 13:44:54.589406,108
84.99689879153826,26.678912053738863,27.407103349702652,36.46272197748651,1.7869279181035045,4.933097101477702,92.72529468455518,37.359579988740514,94.08130813639465,11.435572061051124,50.51493697474409,15.249344956067771,526.3393516770736,0.0018999149442535557,0.3,47.23527841201917,10.23259372020629,0.0018999149442535557,5.377674379890006,4.76098583042095,112.95375798883215,0.2502840296024749,13.33709395997174,4.4576443601854905,94.08130813639465,0.47150616595777095,0,181.86946309052374,BW-004,2029-09-10 13:44:54.589406,109
75.65512373454987,27.33215928870879,20.882725996746544,30.725193767773703,0.5796809362985016,4.732025175589111,96.6920600434917,49.00612707767614,95.71788849986729,11.438731560134418,46.40577086922071,14.422146212541543,546.8314889769209,0.0018287169268012017,0.3,42.23748477070162,10.725517376853958,0.0018287169268012017,4.190085819086054,4.103819530586832,109.96812430852852,0.25395216271325743,13.788191372372534,3.4208409674830365,95.71788849986729,0.4831090750259672,0,188.02079144144366,BW-004,2029-09-20 13:44:54.589406,110
91.82327346169131,24.502331417396235,20.74939936693679,29.562966662797912,1.8520999118438497,3.6050998878930764,82.89236143227001,44.88085733871466,61.718440966631526,7.4708810726667245,50.57088524633562,15.152575417937486,524.9727402160012,0.0019048608116081377,0.3,46.20403255671192,11.329173447802965,0.0019048608116081377,0.0,3.4559221704562644,91.26962825902496,0.4235914341620075,11.972215110144898,4.279233464864124,61.718440966631526,0.36321995862023876,0,163.25747877470317,BW-004,2029-09-30 13:44:54.589406,111
93.35666401844148,25.3211853121431,25.39332960498865,35.38381369320699,1.0874998143182133,4.5186931082726405,70.76896749653268,53.49494951728723,60.28609888503684,7.994581142653819,52.15159046916365,14.350837030165549,506.51886953194173,0.001974260111817885,0.3,48.790030702108496,11.149290313864398,0.001974260111817885,2.0999177900918573,3.872396190273063,120.64027297195133,0.417439712454656,11.365723643098052,3.854406054563669,60.28609888503684,0.3529093238097053,0,154.9871405877007,BW-004,2029-10-10 13:44:54.589406,112
96.61907524873325,22.75367622112181,23.021361476594734,32.26948579170901,1.2472260803767226,5.5555104264568,85.72773783711506,39.5788467227889,93.66873105675823,11.906533534766195,48.972014280737255,14.893036766824418,529.1655575049975,0.0018897677405819366,0.3,46.16394352619577,10.923740801312551,0.0018897677405819366,0.0,4.760337267777127,196.05085777685355,0.37048399688826134,13.228772874900523,4.02989470302889,93.66873105675823,0.47097877077402667,0,180.39235738500713,BW-004,2029-10-20 13:44:54.589406,113
78.305274981807,25.11333718990649,19.67902772672393,36.315396036318646,0.8636282208308164,3.7662848431382714,85.20073603018896,54.32818592246858,59.79194821751064,8.022256018368138,47.76884550788917,14.632628393263646,520.2809283281732,0.0019220385479308563,0.3,44.95125200076855,10.234516000237177,0.0019220385479308563,0.0,4.664750414440697,101.17768158435382,0.4185863446177109,12.292991944363688,4.230146680037022,59.79194821751064,0.3553907725568207,0,167.6317083322321,BW-004,2029-10-30 13:44:54.589406,114
67.37325395952764,22.389005312717146,27.151830705073692,34.258606100557444,1.4399655249676375,4.724860479688925,96.69793167670294,48.01757674991555,97.20360908214329,11.422105896172837,46.91149660906437,15.09431554078399,550.9002387689388,0.0018152106853949372,0.3,42.62293017537526,10.595949777557712,0.0018152106853949372,0.0,4.149009961627003,125.88719579383188,0.29157910696686756,12.992115641782913,4.871811170639632,97.20360908214329,0.4892821019044926,0,177.16521329703974,BW-004,2029-11-09 13:44:54.589406,115
89.10373373218974,26.07589999188132,23.646008629076185,33.30956469484151,1.0639398644609956,4.414104330518993,96.05884511531083,40.8315353915153,84.3960142064506,10.600344105203668,51.97362730700119,15.440529446028716,494.09008645229716,0.0020239224129758914,0.3,47.41691773207346,10.585934096609064,0.0020239224129758914,2.653656668179691,4.445080502254565,121.5021024859391,0.32458709483800363,11.943218687420524,3.5177774839410088,84.3960142064506,0.4295470732905245,0,162.8620730102799,BW-004,2029-11-19 13:44:54.589406,116
85.60195187720225,24.96876612965124,28.189586975862127,44.99284762384109,0.7558405670097776,3.3864392212889642,95.65943393088816,46.74830327585333,64.79628606404096,8.098621473746501,49.887591524709066,14.781742568367228,527.4267553595294,0.0018959978610078912,0.3,46.4662414377856,10.143913527248024,0.0018959978610078912,2.868526008273438,4.796205071042872,90.93825638259605,0.41447873119958545,12.52641231714316,3.2817702411407974,64.79628606404096,0.37421564682132863,0,170.81471341558853,BW-004,2029-11-29 13:44:54.589406,117
65.44934606182903,25.782405556216,21.61470897674735,24.44569725036237,1.8329640040444326,4.124893647223588,88.77575191210352,50.87182394404647,69.86982265993065,9.154763377243327,47.889082283164946,14.660277507541124,539.2712965201687,0.0018543542117906884,0.3,45.844351490700525,10.727773269060515,0.0018543542117906884,0.0,4.103899991645186,105.50727600138451,0.3492468875231743,12.3378238777066,4.594518051296215,69.86982265993065,0.3946807978224861,0,168.24305287781726,BW-004,2029-12-09 13:44:54.589406,118
69.07603068975233,27.575683910114854,26.60921341053904,42.303683757875625,0.8021922436897406,3.8417706479231066,86.70395153119514,49.17457159809799,67.86877700111779,8.327417401287331,47.34938057454966,15.244589175318897,538.2828969888491,0.0018577591924134936,0.3,44.93529774773597,10.446707367697034,0.0018577591924134936,0.0,4.833118561074544,67.38635645111447,0.2632935499887075,11.941587348986562,3.316478525348427,67.86877700111779,0.3877141257670474,0,162.83982748618038,BW-004,2029-12-19 13:44:54.589406,119
69.36777702467252,25.127606522944394,20.065198231798345,31.330360624392775,0.9821937169217068,4.81832879955892,98.48612311340955,41.790578382613866,93.45337881989596,11.863463083856164,46.22538980432637,15.197653626324666,549.5779814149607,0.0018195779922357308,0.3,43.34199750780289,11.589031955136411,0.0018195779922357308,0.0,3.3093673286984617,143.50720139309414,0.3138165129392027,12.507954373436212,4.100860775894241,93.45337881989596,0.4763846571574747,0,170.56301418322104,BW-004,2029-12-29 13:44:54.589406,120
66.38519733011056,23.231097000370966,27.46262210409908,28.01270050913444,0.5426860877658837,3.3244378270115957,85.19503603110776,36.716215434188776,57.45431745629911,7.080640011385762,46.99080290670962,15.387011387035527,557.0638312817806,0.0017951264179170308,0.3,43.34909062307177,11.518540352003193,0.0017951264179170308,0.0,3.2736991826903066,73.78761238996906,0.3918345620363009,11.843518954237865,4.423764170458578,57.45431745629911,0.35863354090553123,0,161.5025311941527,BW-004,2030-01-08 13:44:54.589406,121
85.17419770515754,27.8558987163547,21.97456577547746,26.847736876710055,1.3555809880512961,4.1058619574948665,71.97526493525964,47.443338483472154,67.27601642889817,7.388012554457419,49.768648859032886,15.147832775741,523.5763932645405,0.0019099409615565752,0.3,45.926555263686936,10.021861194241737,0.0019099409615565752,2.324939828419372,5.152438667746771,90.27592401778355,0.3720060360325092,11.776519736676445,3.1693523104853796,67.27601642889817,0.3813263060756894,0,160.58890550013334,BW-004,2030-01-18 13:44:54.589406,122
96.25416844382585,26.704370678970875,25.47019042095259,31.561355918582386,1.31282025991433,4.755660988172866,78.42649819202799,53.204434028206244,72.2288792418127,9.324245947270933,51.8414248707407,14.849236852115327,487.1908746668882,0.002052583601209156,0.3,48.74627103811529,9.406374131488281,0.002052583601209156,4.300394229717474,5.545111573657538,136.56408651399855,0.38496558701101136,12.220472907709178,4.622906060827381,72.2288792418127,0.3869201932061088,0,166.64281237785244,BW-004,2030-01-28 13:44:54.589406,123
63.64979365217022,26.07367254568402,26.70115222677181,47.160758949838055,0.8905960381176075,4.6312873677559665,73.00695634528859,53.643234384272645,58.40790486174784,8.452904867006158,45.063029979632105,14.969575239998536,572.3256024207351,0.001747257148326675,0.3,41.24644215495829,10.893329767533922,0.001747257148326675,0.0,4.09540117965622,122.80500154593243,0.3921194250804326,12.658624484931064,3.6121183964323516,58.40790486174784,0.3663906969320466,0,172.61760661269633,BW-004,2030-02-07 13:44:54.589406,124
60.738256761720905,25.273650786562904,26.481486052761774,42.96977942119171,0.790608399537216,4.123608457353123,72.42337641623031,42.7458234735066,61.43585079673384,7.4661411875009005,45.917397564578515,15.211162398724937,561.3856911620043,0.0017813065344257602,0.3,42.26743231698066,11.09180791566211,0.0017813065344257602,0.0,3.6905637613828706,83.79417046291113,0.340212447221468,11.540698707048055,4.256990860178124,61.43585079673384,0.37320187667104743,0,157.37316418701892,BW-004,2030-02-17 13:44:54.589406,125
70.47011476148094,25.075545551603778,21.96720971964002,44.65227567809868,1.2106402306080803,5.083625922111822,71.66451826203732,40.69081220544112,85.38944677387711,9.107890068313724,46.441882699842935,14.832416513386807,547.3796919346358,0.00182688545946168,0.3,42.29951811763602,10.66340513459069,0.00182688545946168,4.559824761035694,4.793986444354137,105.63736091404984,0.2851912457738108,12.385432023591678,3.9361217255909287,85.38944677387711,0.4488453968266478,0,168.89225486715924,BW-004,2030-02-27 13:44:54.589406,126
91.98314576408012,25.483718562894122,27.277081699405343,31.984151676727773,1.7471249328954668,5.457691730520307,72.39681063374083,52.10971909391915,85.3876826255393,9.877986867795299,49.05293897600596,14.908229838991767,520.1345640832857,0.0019225794035865624,0.3,45.27312569704198,9.199717035672482,0.0019225794035865624,2.459705160148342,5.292694598421246,147.466941726042,0.34192215390857866,11.922364669699908,4.84635205691266,85.3876826255393,0.44066597797678336,0,162.57770004136236,BW-004,2030-03-09 13:44:54.589406,127
70.98289262204086,25.276592848019746,20.568085358086492,35.41263651902864,0.9772628142630547,3.4586613469439946,71.98506165175543,39.3187640804027,41.89918950287174,6.224298757307674,47.53248296181429,15.575832791523737,524.3731860292149,0.0019070387781885665,0.3,44.18344340915882,11.019723154078754,0.0019070387781885665,0.0,4.102331136463181,82.22108496724111,0.47741355541524677,11.950446413024498,4.165442951967558,41.89918950287174,0.29697592081833696,0,162.9606329048795,BW-004,2030-03-19 13:44:54.589406,128
70.66813722548856,27.801910108168226,19.920889265840767,42.89582009897749,1.9762474392248224,3.3835614537260867,79.37217693038895,45.2876649302204,60.47582714530368,6.714015958999775,47.49811752493184,15.200320819169919,539.8490480167261,0.0018523696645826391,0.3,44.55164990548517,11.206941404421242,0.0018523696645826391,0.0,3.6786701073373855,57.0209497167131,0.3137530971145923,11.94743407839449,4.789420910853731,60.47582714530368,0.36354080488936347,0,162.91955561447034,BW-004,2030-03-29 13:44:54.589406,129
60.79605934960311,26.19416448425257,21.034941666675444,24.971707783879307,1.1043343684349463,4.968719679745076,88.2627497538866,43.23564054971549,89.7816602628644,10.96382154226378,45.331332648536794,14.81646267699091,561.8589756695111,0.001779806042625554,0.3,41.04327413717297,10.960195256853046,0.001779806042625554,1.1778240449543416,4.307368033518037,121.99807470541688,0.27993457131475213,12.83462019764213,4.500030358457391,89.7816602628644,0.46782989357706806,0,175.0175481496654,BW-004,2030-04-08 13:44:54.589406,130
97.40871240683501,22.070590566201986,25.05462830315738,36.03351548628778,1.8100762465565712,4.421425304880416,82.43562488170544,51.84332060122766,67.2307490957601,9.112073946890051,50.71472132037806,15.745836929400904,519.7968647118828,0.001923828456630434,0.3,46.86406397059561,9.985477284915145,0.001923828456630434,0.0,5.0922313615299695,111.66002194809286,0.34644013080378955,11.53788450412831,3.0565698565819597,67.2307490957601,0.3800415563994318,0,157.33478869265878,BW-004,2030-04-18 13:44:54.589406,131
63.36006858082503,26.0891561793199,26.161316381199327,40.0579204046948,1.9135017424025555,5.670345408929428,95.77138989119968,36.53454743856412,111.49287046047341,13.576421524408858,47.22883966060959,14.73968469671885,550.8867237036192,0.001815255218490266,0.3,42.27919170064835,10.75680529828189,0.001815255218490266,0.0,4.8552348675171855,141.78479757919297,0.2302209555560986,13.43438073501524,3.1088202555003557,111.49287046047341,0.5369089186459971,0,183.196100932026,BW-004,2030-04-28 13:44:54.589406,132
92.92350116027521,22.251836357461038,23.65299420845416,33.550873348832,0.9652208316362031,3.319165216242232,84.85514776739998,47.1844532553871,61.08523251424133,7.041206372216218,49.340905444872824,16.02725744470238,539.6670751428817,0.0018529942738034204,0.3,47.03618181216668,11.700547027551995,0.0018529942738034204,0.0,3.1348834872808675,80.35092513943009,0.4297589704484338,12.220827366798531,3.746630812731882,61.08523251424133,0.3655175642570023,0,166.64764591088905,BW-004,2030-05-08 13:44:54.589406,133
78.0534690061639,24.305165109555865,23.188006798543984,47.50228477460742,0.6329494621243712,4.784748062756615,79.74472329245664,35.507429760846314,71.3741680903815,9.538960257216106,50.25082712469427,14.422682830635578,514.2940630126094,0.0019444128795542447,0.3,48.03074484614351,10.460622796683568,0.0019444128795542447,0.0,4.117361373548564,125.47280793740839,0.34363668077729637,12.390177496615445,3.650780847122479,71.3741680903815,0.39220211253838777,0,168.9569658629379,BW-004,2030-05-18 13:44:54.589406,134
96.88923479354919,24.88142028082616,25.484906945994496,43.92439119882465,1.0406945437238833,5.250450843895553,76.44260997475249,51.689474869252564,88.80272975043053,10.033954151287947,50.467702521212814,14.946310690794977,499.13334338865957,0.002003472645627946,0.3,47.461272689530205,10.457547208282998,0.002003472645627946,7.784922266098473,4.572271018585431,139.4487537806546,0.3308688952316186,12.140718653803438,3.8397391817406135,88.80272975043053,0.44574910218469965,0,165.55525437004687,BW-004,2030-05-28 13:44:54.589406,135
77.21687632351868,24.457110881672286,22.49677227042912,46.21270371952548,1.743394836789518,5.618846191227005,95.9086900275986,42.430391504871466,98.95679068514424,13.472404441678599,50.188209406610255,15.151161450174138,516.7217372288203,0.0019352775932419681,0.3,47.374403647160726,10.170931357663148,0.0019352775932419681,1.6127000637431648,4.848179350266583,211.83043661300067,0.34978897634096007,13.333320166108951,4.091406032065897,98.95679068514424,0.4848724901191269,0,181.81800226512206,BW-004,2030-06-07 13:44:54.589406,136
64.35999959451904,22.648740114862576,23.134434178235892,26.367777041587416,1.4286396429066794,3.626666678144529,93.25438233185784,43.66160407204262,67.88650188783356,8.45506402484747,48.029596903482066,16.017765728359798,531.1488762624131,0.001882711316339022,0.3,44.61031328918394,10.547330856200993,0.001882711316339022,0.0,4.363962828561746,96.60481241031158,0.393807725768739,12.249027417930549,3.598128619217686,67.88650188783356,0.3856330025048358,0,167.0321920626893,BW-004,2030-06-17 13:44:54.589406,137
65.74766429046936,25.134239583800806,18.086639364044615,31.59831236190352,1.515786085508983,4.985025182152591,79.33125115170952,41.40021978494127,78.12888699658991,9.886707118073593,48.85424405106786,14.711232867990393,527.2993508032135,0.0018964559665714377,0.3,43.878128629732075,10.990561684263708,0.0018964559665714377,5.9016048304645246,4.212536544948808,159.51293952542736,0.40456369384606383,12.012905925606567,4.222611034110773,78.12888699658991,0.41861942856293044,0,163.81235353099862,BW-004,2030-06-27 13:44:54.589406,138
79.36155760911393,27.86961691599393,28.48924555279453,32.61769869703563,0.568229812208412,4.0184817451798285,90.40475640276637,36.16267582053657,69.05725965558763,9.082246582048647,49.6014716877574,14.421722391466332,519.2434101224266,0.0019258790395899705,0.3,45.20900475461835,10.692647972187228,0.0019258790395899705,7.880992009199394,3.809134679279767,99.74130327998213,0.34160936109162254,11.57916067634916,3.93567602624943,69.05725965558763,0.3859638885553534,0,157.89764558657944,BW-004,2030-07-07 13:44:54.589406,139
93.82505200460075,27.46740586188803,27.84752872102844,27.070798582074357,1.9968727016184316,3.2425404049297617,96.24799973051947,52.17502518381784,65.95269311876366,7.802200700496956,52.354996454213094,15.07775580188178,513.7331362152523,0.0019465359142825539,0.3,48.67166612790789,10.997639980888433,0.0019465359142825539,6.81615420373903,4.0429128915143675,63.02671294133279,0.31140971464915934,11.877801163747147,4.848860183568524,65.95269311876366,0.37396225126045457,0,161.97001586927928,BW-004,2030-07-17 13:44:54.589406,140
70.34336886211095,26.34522947685022,28.89641851602866,29.656490743937027,1.862387832015599,4.210711177348804,91.07188427621281,46.14131865367834,74.48433558342576,9.586935026601653,46.28864057558847,15.053614644209576,537.0547863831343,0.0018620074252286823,0.3,41.99846854026439,10.659296546465283,0.0018620074252286823,1.6860428512321874,4.396858661781292,109.35137838217297,0.33860942129786303,13.182310833453677,4.360122056613673,74.48433558342576,0.4093975545263595,0,179.75878409255012,BW-004,2030-07-27 13:44:54.589406,141
72.37926316779468,27.858479334304338,21.375120244565696,46.882459794188044,0.5803169763390124,4.571017199996955,84.56117113613651,42.078116525137176,81.52596866506117,9.663264192879153,47.35701844066417,15.510981577530002,537.2055853602732,0.0018614847411338007,0.3,44.242767704684475,10.550714553531236,0.0018614847411338007,0.0,4.334510293652034,119.73849072850882,0.3388496831954312,11.78165538770568,4.598020742704717,81.52596866506117,0.4329149044916192,0,160.65893710507746,BW-004,2030-08-06 13:44:54.589406,142
88.37088046679253,25.19266680302202,23.73452492547277,29.36386354214016,1.558393684664738,5.674365193669116,74.97633773987606,37.99017279041392,94.28880735949494,10.636078030498322,50.98881138744144,14.50468838831137,525.734664363471,0.0019021001805363965,0.3,46.216707910150674,10.16621041395772,0.0019021001805363965,1.6291939728236668,4.533025896325424,96.5647855574535,0.2,12.59483305429011,3.5854488756795435,94.28880735949494,0.4720164238406911,0,171.7477234675924,BW-004,2030-08-16 13:44:54.589406,143
67.63237965785228,25.31705077590861,21.03894435648301,46.93491311475255,0.5429467907534793,3.5838577629736954,81.72152326763873,53.93127685957488,63.068410614658596,7.321957889119064,46.80166537999113,15.224039170506446,552.7286370971716,0.0018092060604129627,0.3,43.629414336863846,11.373389696769172,0.0018092060604129627,3.3993374215947436,4.072002861793781,83.1395581889126,0.3960406216809189,11.829803734672488,4.910828329492193,63.068410614658596,0.3760466265113468,0,161.31550547280668,BW-004,2030-08-26 13:44:54.589406,144
67.98913120444946,23.453863638324687,22.968813909213797,29.585525804881286,1.2370236354031778,3.739852268072022,90.05082106352182,49.802987873951814,70.88720696548498,8.419419184903996,48.730750063255044,15.924054552052777,533.7959419654873,0.0018733750509940283,0.3,45.26730961783225,10.155802898632489,0.0018733750509940283,8.228212675457597,4.343792558267199,96.50095300133329,0.3830937225605844,12.208077535929373,4.647595230870069,70.88720696548498,0.3964294724745961,0,166.4737845808551,BW-004,2030-09-05 13:44:54.589406,145
94.89862093034156,26.272380528455024,24.959543766421334,26.13607627158431,1.5409881625839135,5.209970205656371,83.73773739582694,46.38670403552188,86.83550120735762,10.906777923033392,51.774810941274374,14.838242526607772,516.574429123899,0.001935829463521805,0.3,47.47947640995483,10.253783801814674,0.001935829463521805,0.0,5.043794091151413,189.38387014785164,0.41660194213550966,12.560470152177128,3.869968358340926,86.83550120735762,0.44442399942836175,0,171.27913843877903,BW-004,2030-09-15 13:44:54.589406,146
66.6565713724376,26.718204315770187,21.00068110212184,34.009169479701626,1.025705303476892,5.077840330275302,87.76570541287654,52.57395167652152,82.28211884977867,11.141505964014147,47.01277291774963,15.806489085296526,552.5247507603727,0.0018098736728514358,0.3,42.04760328183004,9.821132030466,0.0018098736728514358,0.0,4.676599824806409,129.40819511348818,0.2859228442274659,12.723161666841136,4.3925269506010665,82.28211884977867,0.44003115472737403,0,173.49765909328823,BW-004,2030-09-25 13:44:54.589406,147
94.35255658699427,22.75926675228045,24.787738588617465,27.409478626633494,1.55719375419828,3.641516668485793,71.13348904193785,35.86027928760111,46.908043426705404,6.475844650844205,51.882120437359895,15.688667514764171,504.3072889988013,0.0019829179982413002,0.3,47.20843211426549,10.417755661884373,0.0019829179982413002,12.949286042944642,4.513876570485877,75.97365974622157,0.4027117824708091,11.753504246574794,3.6473255620716003,46.908043426705404,0.30765233145532506,0,160.2750579078381,BW-004,2030-10-05 13:44:54.589406,148
96.20312511177924,24.60764592320352,23.85710712317971,46.25814807558629,1.2814870829740357,5.610165579327848,90.35179439217723,48.21064830872972,106.648340427448,12.67221317323749,49.23849011048701,15.340817111834195,511.3501352677265,0.0019556071877763993,0.3,44.405819087065645,10.44135760028727,0.0019556071877763993,0.0,4.0322030341013555,219.37856916549433,0.38572346841130944,13.002858584094069,3.5747073234839934,106.648340427448,0.5088995086718113,0,177.31170796491912,BW-004,2030-10-15 13:44:54.589406,149
79.50393752198244,25.469974616225826,26.270756836355424,26.565201002088752,1.731665791612274,4.440800776996882,96.11232485674901,42.18890052364478,87.0933989310007,10.670392172570695,48.93969898455049,15.032203761215971,533.9884492076626,0.0018726996838298844,0.3,45.06269744265571,11.17497675633512,0.0018726996838298844,0.0,3.9590343269076236,86.61730977099478,0.22849306964352573,13.12316635535106,3.1109814421421214,87.0933989310007,0.4505078645323011,0,178.9522684820599,BW-004,2030-10-25 13:44:54.589406,150
60.10110199327636,22.60690634751057,27.507008401968218,47.07435149720009,1.140449298921829,4.213966253714,82.87143981916347,39.53539106701533,72.88588856546154,8.730436269866138,45.93888714725187,15.43016627970836,535.6238682531576,0.0018669817744704374,0.99,42.598722479282245,10.015540763666907,0.0018669817744704374,10.805480462843077,4.360402844540531,84.00015507046125,0.2854060013751765,12.685585055192952,3.0446898675325826,72.88588856546154,0.40364012236081914,0,172.98525075263115,BW-005,2026-09-26 13:44:54.698349,1
80.50735813799771,22.88108901444056,24.612376232161886,27.471717648167445,1.416821496798245,5.551358753351371,74.35698607229031,35.59561574641842,82.26033025769308,10.31955763763087,46.30877829809726,15.75093956689816,576.3323034673601,0.0017351100987811172,0.98,44.30481869114427,11.021150568294624,0.0017351100987811172,0.0,3.6914710798567953,143.12726034917074,0.31230000850932077,13.466954561992255,3.613676261405237,82.26033025769308,0.44710079189918495,0,183.64028948171256,BW-005,2026-10-06 13:44:54.698349,2
97.33034670323416,23.17419123581824,27.174764616685223,24.564058147639777,1.0632458619824314,5.800572938149892,85.80249249642243,45.756756462986154,96.07209665576951,12.442590400013929,51.33854328131281,15.151485936793641,509.3688377822207,0.0019632139342366825,0.97,47.815491807407554,10.051517150161484,0.0019632139342366825,0.0,5.24280412700213,199.8207330198402,0.3460739133842866,12.643880385750478,4.837447498667661,96.07209665576951,0.4730509735205646,0,172.41655071477925,BW-005,2026-10-16 13:44:54.698349,3
64.42994031322036,24.114852649574196,20.082443035666603,32.9593197629493,1.1262842091612955,4.445722706508007,99.05988739440212,48.44297373864814,93.33299934341831,11.009819767335495,46.07533065899411,14.92800001114917,553.0367826242514,0.0018081979922833233,0.96,41.66406581628654,11.490293600038111,0.0018081979922833233,5.840541688753601,2.6697171091838134,114.49056136105658,0.2923863658257973,13.46034947175326,3.438831277113808,93.33299934341831,0.4770210325986698,0,183.55022006936264,BW-005,2026-10-26 13:44:54.698349,4
72.02364491123673,25.939731696838773,29.026224615106916,33.61428897852654,0.7885147347125321,3.461235095987358,73.9968024395306,39.08529516666011,47.38870916231489,6.403008239863657,47.70927401945454,14.343236100823002,539.5821310017087,0.0018532859828837313,0.95,43.60447596975575,10.54568164443443,0.0018532859828837313,6.813670013186128,3.867741807838099,68.73102462423013,0.38765703694994574,11.8947689819092,3.5344145535131384,47.38870916231489,0.3198370031748956,0,162.20139520785273,BW-005,2026-11-05 13:44:54.698349,5
70.82891032783934,27.124004940978214,24.859676679241772,34.920264775366974,0.7244550822633901,3.0641665400252394,98.32523090516986,38.39426832789821,65.25609412128755,7.532122064496926,47.66390627330955,15.064424810677957,539.7680818872478,0.001852647523179946,0.94,43.38328939972207,9.92165136987444,0.001852647523179946,0.0,4.77426687741922,68.93615487565076,0.3733596263695335,11.326333422416408,3.64365501633816,65.25609412128755,0.3794507383037995,0,154.4500012147692,BW-005,2026-11-15 13:44:54.698349,6
77.98909233295127,23.67095202014432,29.31795753424019,45.21768262597755,0.625853812742297,3.0286745584442056,77.11394807149969,39.70057574236267,50.600299362969274,5.838826315633468,48.482533094506536,14.823173722559224,542.9446284914089,0.0018418084414584517,0.9299999999999999,45.791408627408465,10.399926026525145,0.0018418084414584517,0.0,5.002886805158083,56.60427919513077,0.400111571176722,11.09559515948468,4.7478144775703335,50.600299362969274,0.3315510530906536,0,151.30357035660924,BW-005,2026-11-25 13:44:54.698349,7
80.66613957044972,23.350350073088034,22.929325074291487,45.04435195803495,1.2912717798328173,5.637554753337294,83.70683664947283,43.21799809983613,93.65872262899734,11.797546871001598,49.32724684239065,14.960311929989844,537.846199766894,0.0018592675758114616,0.92,44.967407658736946,10.86801894424912,0.0018592675758114616,0.0,4.596926637649381,181.8799107921515,0.34183164202889477,13.054933874532985,3.391744370158275,93.65872262899734,0.47354960202672597,0,178.02182556181344,BW-005,2026-12-05 13:44:54.698349,8
73.3686117348304,23.247330124629983,27.60389831287787,38.98843236874433,1.2020981906393469,4.665027259424553,77.30362035915297,36.04369983932726,71.48082797160988,9.015587405691388,48.21975502769211,15.618684896781799,532.7015976972525,0.001877223579435038,0.91,43.97192901721979,10.920312635693874,0.001877223579435038,4.0300736441396,4.036023872214195,123.56478109671748,0.3672455170714997,11.673066316347827,3.926657803092546,71.48082797160988,0.39807990588120873,0,159.17817704110672,BW-005,2026-12-15 13:44:54.698349,9
68.69937415451912,24.005478244942786,29.518121120862222,36.482158502540024,1.1010489218648793,4.474840034520993,70.55302629102226,37.959094775479414,56.09137867986572,7.892837665091965,47.04718156159157,14.948206052676468,555.9684521063542,0.001798663208697145,0.9,42.46169716911776,10.081745602508828,0.001798663208697145,10.279411777546377,4.931473787965053,125.78341285244228,0.44516673232591086,12.208477956550155,4.5026145913043525,56.09137867986572,0.35376179789812534,0,166.47924486204758,BW-005,2026-12-25 13:44:54.698349,10
80.85688169393296,26.67393103539765,22.081307238034427,28.288946902382612,1.3774041775085717,4.134464455682226,90.51192080531618,39.568369136638715,82.51771290754014,9.355457984627607,48.26907253064193,14.847666083122173,540.0645360473061,0.001851630561263898,0.89,45.41539001135712,11.270715580462767,0.001851630561263898,1.7427886204828598,3.42739809338585,97.35360876793187,0.3146137886052511,12.939187043945248,3.4127734844963618,82.51771290754014,0.4370784038393256,0,176.44345969016248,BW-005,2027-01-04 13:44:54.698349,11
86.60816413924269,26.276308017751298,28.583851089193555,32.908178896538715,0.6130323443433376,5.665777483869876,79.7821150698137,37.67116531726967,80.10315759094568,11.30069277945165,50.61172551998557,15.002602630947473,487.5631537443088,0.002051016350026374,0.88,46.541093189887164,10.538607749041725,0.002051016350026374,0.0,4.984623206298068,149.17780252822064,0.2912390702576746,12.417131459232559,3.5777022466632626,80.10315759094568,0.41327947142644494,0,169.32451989862582,BW-005,2027-01-14 13:44:54.698349,12
98.33394334523769,24.610071564624853,25.479090116077575,39.99132775507901,1.3197705630518053,4.4678166776928245,92.40164805052186,37.19719514105467,81.03076429438306,10.320840605160605,51.29048620302817,14.7233794990801,499.00923338236004,0.002003970935010258,0.87,48.70778741394143,10.388161042880625,0.002003970935010258,0.0,4.069971992517406,114.99675709125663,0.3117347310058599,11.774958273442614,3.2224331500044308,81.03076429438306,0.41980531766265156,0,160.56761281967204,BW-005,2027-01-24 13:44:54.698349,13
68.2103011894508,26.53085830069685,27.64502369164898,37.27141406441855,1.2328417408772623,3.100677544941753,84.48860089649997,40.96394596301859,52.154481851071836,6.549297690083078,46.65784203412497,14.316336769357521,545.8362870245319,0.0018320511548457318,0.86,42.442667123316795,10.069847821108329,0.0018320511548457318,2.9213073429452057,5.336984193154769,66.06853019293911,0.4066804758060165,11.64134863162379,4.22049795657961,52.154481851071836,0.33759915894426573,0,158.74566315850623,BW-005,2027-02-03 13:44:54.698349,14
64.55752732511941,22.503709968998702,22.074778146762345,31.460307732417437,1.9304846764449068,5.535321897016237,88.06462918379363,44.078659234859806,97.10424360754651,12.1866517568417,46.99990287902762,15.140464248473913,557.1823713414261,0.0017947445063498382,0.85,43.2622393103143,10.535835516099766,0.0017947445063498382,2.9293238373164057,3.731239397345548,176.60916656440887,0.3272622948696518,13.777121405665671,3.228589362284767,97.10424360754651,0.49083552342758285,0,187.86983734998643,BW-005,2027-02-13 13:44:54.698349,15
91.3449096977372,25.95954577155436,24.211777068211262,28.01682073743963,1.967685008276426,3.121316493637984,96.78380069261979,54.966063114679166,47.41797118277418,7.552321835471138,51.51072506388959,15.61824475609209,518.906578753595,0.0019271291614802483,0.84,46.841583903516394,10.086088619203418,0.0019271291614802483,0.0,4.879712414944694,73.30221832126907,0.38869489317487743,11.30060348635726,4.685944804097126,47.41797118277418,0.3137318775686591,0,154.09913845032628,BW-005,2027-02-23 13:44:54.698349,16
75.0016279296084,22.64155361468347,23.925586748588955,44.975952278714,1.830936502665994,3.544461374576096,73.6114889432386,37.871549268971904,58.45634004355719,6.522826982108615,50.12038288226257,14.640758007419441,513.6737646828083,0.0019467608991428566,0.83,47.841804463432005,10.398376962238281,0.0019467608991428566,10.056736904868961,4.6212684955988825,65.75916930252559,0.35553325122705765,12.13041772151656,3.682618480979787,58.45634004355719,0.3489565962166998,0,165.41478711158948,BW-005,2027-03-05 13:44:54.698349,17
60.43863664225789,27.317774468508397,21.2578106099983,24.935336735242153,1.7716854055443116,5.543772486835232,92.5547916527876,43.993793467386794,108.87818584396773,12.827567687237277,46.849261144663416,15.387837649807844,551.8324267511979,0.001812144324115381,0.8200000000000001,44.368876424109494,10.38132371439154,0.001812144324115381,0.18013131544875732,4.583453195504999,143.25568462465375,0.2518095307794095,13.690986486614797,4.602311194602315,108.87818584396773,0.5284770141719185,0,186.69527027201994,BW-005,2027-03-15 13:44:54.698349,18
94.55467023952833,25.5773864790541,24.8932050875563,43.51488654291407,1.6794643290654196,4.838566084695957,90.64854011104023,45.2547294057045,98.6296357665371,10.965223795212008,53.0724829901795,15.213078279823092,496.3132736840327,0.0020148564485837806,0.81,50.8417510739735,10.427258040950994,0.0020148564485837806,0.0,4.771112863483464,103.5109051931046,0.24387200151085775,12.603687753164396,4.567833857693097,98.6296357665371,0.4776594346603335,0,171.86846936133267,BW-005,2027-03-25 13:44:54.698349,19
95.60421893770817,25.31648468558022,29.611765112793705,47.90752394240012,0.6748169149979488,4.672423646926961,89.3182691600773,47.25709547926728,81.63609702068777,10.433319823153308,50.36024458917275,14.831727539395445,538.1562280584762,0.0018581964638925254,0.8,45.93346266751938,10.238305395835809,0.0018581964638925254,2.373287526447811,3.8514977955206104,148.5626277005761,0.38093848627983,13.182071465013284,4.105269163658388,81.63609702068777,0.4335671918198355,0,179.75551997745387,BW-005,2027-04-04 13:44:54.698349,20
93.98175038216488,24.998933546491536,22.650796059597987,38.713735437185164,0.5839483358930105,5.157589681540964,89.28410526348628,45.39484972874534,89.4551061853261,11.512269500814352,50.7890466291639,14.677552070677832,510.02209254033926,0.0019606993787644736,0.79,46.570393182958924,10.700007899783278,0.0019606993787644736,0.0,3.8289374702955143,185.5275309703952,0.3905805762234551,12.944259473146522,3.5400049622423904,89.4551061853261,0.45119031504652213,0,176.51262917927073,BW-005,2027-04-14 13:44:54.698349,21
80.2584447506832,27.22534342016,20.561538193667626,34.2333574744662,1.9092213315723132,3.7250136779178034,70.04254660401746,46.19928294291687,61.69330452900191,6.522736103404006,48.30932966375483,14.317102035974528,527.7118394135738,0.0018949735922378814,0.78,45.95435744474542,11.402769120354414,0.0018949735922378814,0.0,3.9678604123726267,82.76289042244514,0.42578267158905836,11.787404893812917,3.6177304020243155,61.69330452900191,0.3639579002540785,0,160.73733946108524,BW-005,2027-04-24 13:44:54.698349,22
77.14255351222789,24.150205793994388,23.28643977748054,36.46686639642135,1.4479870161972033,4.771965679825923,99.16146894327143,42.22956668188551,88.2649972353187,11.829878163960386,47.786065106570945,15.367827571820685,556.6380718107617,0.0017964994682217253,0.77,43.57007894588547,10.830704301689845,0.0017964994682217253,8.911121823064926,4.470963352412008,177.8100753382561,0.39372119590933485,13.083225721508008,4.999849653666353,88.2649972353187,0.46120807899429084,0,178.40762347510918,BW-005,2027-05-04 13:44:54.698349,23
92.02771203666924,24.712613234585884,27.809771221081682,36.80929587244994,1.0077207655519664,3.2116028857119656,93.18413478585222,39.9936212867865,57.591187386447196,7.481760904520393,51.7300609822281,15.917067282181195,518.0645770084556,0.0019302612924714181,0.76,48.93302558571959,12.124073940835604,0.0019302612924714181,0.0,3.093551707311726,57.75130269682884,0.30043196152695606,10.942672959393564,4.685176758867335,57.591187386447196,0.3473899977240273,0,149.21826762809405,BW-005,2027-05-14 13:44:54.698349,24
86.31803312477658,26.306333528460947,24.69658770755385,25.35875935523336,0.7548243127412373,4.826714583090114,90.63319106636445,44.42473374583295,86.72028864253338,10.936513625800346,48.176282417272645,14.598138169552657,521.7147238440436,0.0019167563311840328,0.75,45.79512266655863,10.5147228162832,0.0019167563311840328,0.0,5.3536824228588,145.74628324797698,0.34512544886188923,13.100145969390763,3.9264592748180576,86.72028864253338,0.4455820459616577,0,178.63835412805585,BW-005,2027-05-24 13:44:54.698349,25
71.41190883560913,23.695753635708957,26.081049602962445,24.44036788016718,1.6335226655742798,3.8547258691252955,96.88046568884867,52.23128568499913,79.85766913817969,9.336190932592764,47.24205652885177,14.77651122359698,538.5438796626491,0.0018568589074420695,0.74,44.228789244371015,10.752518375600674,0.0018568589074420695,3.1738366995896636,4.387608907597398,108.9936082802914,0.37857141655096854,11.750749000401072,4.752446586263282,79.85766913817969,0.4277553943593937,0,160.23748636910554,BW-005,2027-06-03 13:44:54.698349,26
70.61369899227734,23.860131077296614,24.33491793532709,29.18221442253498,1.8267069703632912,3.492119841229239,70.77883055061763,36.79971112699241,39.178519258332315,6.179203962620352,47.81136376197365,14.638582602410875,537.2975962753418,0.0018611659663698612,0.73,44.35524507646607,11.337952192349615,0.0018611659663698612,0.0,3.56721802243507,65.81240550810794,0.38123793468882117,10.109484774987658,4.955230735047507,39.178519258332315,0.2917843430770436,0,137.85661056801354,BW-005,2027-06-13 13:44:54.698349,27
63.41475117306261,24.66629417380639,28.193067233458677,38.780253466109656,0.9384942737639501,5.666148283838239,83.59408994435499,41.304772568020425,99.46617585982281,11.84141273193066,44.33666389897182,14.725380673343713,555.7439325707361,0.001799389865354433,0.72,41.30151129100565,10.652930024340233,0.001799389865354433,0.0,4.163588431798392,122.43246569399241,0.22809467911027315,14.054197271341595,3.052115771971186,99.46617585982281,0.4982770993039635,0,191.64814460920357,BW-005,2027-06-23 13:44:54.698349,28
76.83040831105842,26.24016628205509,29.679128920366793,45.4353292411064,1.0136492125735652,5.823658586236972,95.48552998578035,51.87336750838882,118.59597581126454,13.901878164076939,48.27748180985105,14.75459676675179,521.9068676444256,0.0019160506634323476,0.71,44.56342711273021,9.691531696543713,0.0019160506634323476,0.0,5.430257953211193,129.5356674160751,0.2,13.717049213429634,4.668899914695526,118.59597581126454,0.5518919796642094,0,187.05067109222227,BW-005,2027-07-03 13:44:54.698349,29
99.9279151715143,22.02102798118635,18.33155706970098,43.772172364108656,0.799194030249578,3.5380600777936557,87.19668872668731,54.676918456950915,62.01469712383178,7.712678082492314,50.85819988724156,14.463454335818692,511.6990319204397,0.001954273777393979,0.7,47.86085673249865,10.308246734679805,0.001954273777393979,8.312471402948425,4.895567677223767,81.29613702065122,0.3723998647482706,12.716571064501025,3.8584215590833995,62.01469712383178,0.36022536665557114,0,173.4077872431958,BW-005,2027-07-13 13:44:54.698349,30
62.430770735849634,23.42288843941901,23.113201847770323,41.533590490401714,1.4365032898268082,3.872875291553885,93.83056987743026,44.80956814416135,74.82292416420472,9.084852391767999,45.515710954006984,14.923249652215109,542.6694062622375,0.0018427425398600114,0.69,42.00609694378209,9.937833940319527,0.0018427425398600114,7.802391375374199,5.19689848688759,91.9904628602251,0.32681458430126914,12.701451915493823,3.4980399242135416,74.82292416420472,0.412210569092687,0,173.20161702946123,BW-005,2027-07-23 13:44:54.698349,31
69.50484870241682,25.019622688603505,29.114569264782823,43.56018664761018,0.98478467724769,3.256992582140919,98.40602192487894,40.834477743607216,58.69647634065266,8.012692086183183,46.55927953541013,15.202925133346449,556.1922792619299,0.0017979393768770132,0.6799999999999999,44.24793375088011,10.940797702597676,0.0017979393768770132,6.884321708209212,3.8936997559883206,74.83054699664295,0.3584212165001281,12.239246286875076,3.286591982861869,58.69647634065266,0.3625126049140879,0,166.89881300284193,BW-005,2027-08-02 13:44:54.698349,32
99.29058245422786,26.251722402610785,18.74939226800138,24.84385711892733,0.752611923515045,3.6793940750321847,73.87409212199003,53.92004386678096,59.360534588373795,6.7952974213007975,51.82373549995054,15.190260152658151,497.6067331564361,0.0020096191095662344,0.6699999999999999,48.58976740948073,9.554910698357386,0.0020096191095662344,0.0,5.004610495554,71.96004410167808,0.35976313511686075,12.155340034329882,4.458206567189753,59.360534588373795,0.34715046857484344,0,165.7546368317711,BW-005,2027-08-12 13:44:54.698349,33
89.11423472200588,23.102433555054567,24.137841230506,26.23824288433996,1.8813292367452927,4.498213684140733,84.24183355811451,37.20042485982953,80.17025625910486,9.473444212205418,51.05783609764952,15.801850927733465,512.8503346328807,0.0019498866091524362,0.6599999999999999,48.569296371812236,10.546603714570063,0.0019498866091524362,0.653728662553879,4.284747582849519,103.48118908104776,0.3035452484991612,11.731747265951938,4.966324579822817,80.17025625910486,0.4210892879202138,0,159.97837180843553,BW-005,2027-08-22 13:44:54.698349,34
73.7584245433427,27.448792339363784,29.33850770292653,24.14708753552834,1.1962027807980982,4.679523286751975,77.40749485326371,54.542906656008114,70.49365996227678,9.05575436837453,48.52340099957622,15.06678270776799,540.3763629025707,0.0018505620686823027,0.6499999999999999,44.437412780218516,9.990852565928888,0.0018505620686823027,1.3527440250196254,4.746619907458605,109.025430898088,0.32159669577312283,11.598544319896524,3.6021743609304275,70.49365996227678,0.3970917754116938,0,158.16196799858895,BW-005,2027-09-01 13:44:54.698349,35
60.986242228275714,27.452156597817435,24.22089053681491,25.798656304763924,0.6654150924148503,3.454023776074599,93.55995073416352,37.441075341626316,71.28665161048227,8.078957358104223,46.823600787498336,14.770800818393603,536.991669688891,0.0018622262810507944,0.64,43.79130149540913,11.122877012827308,0.0018622262810507944,0.0,4.347460440111391,78.53384558999575,0.3517922264232207,11.789575536764636,3.7573813266660046,71.28665161048227,0.39871967294160815,0,160.76693913769955,BW-005,2027-09-11 13:44:54.698349,36
75.34036097970956,27.641405157237337,26.31490981881697,44.82285278853918,1.0496849695099695,3.5680012604912115,76.34561553232682,46.13781276546189,51.13147399151417,6.810031311307988,48.650417700438815,15.253805911471623,533.6501032896966,0.001873887016671561,0.63,44.64714962484321,10.991049555928255,0.001873887016671561,3.800906436471902,3.5644200893796705,88.54612051247273,0.4555178954062221,11.952153585621147,4.088499428991277,51.13147399151417,0.33053327762528956,0,162.98391253119746,BW-005,2027-09-21 13:44:54.698349,37
61.72854798199993,27.845905823226484,18.206075887948433,46.743639673946134,1.053016135773717,3.2540094428258683,83.93615390573258,49.96220482319871,59.802789729771554,6.828225935093481,47.359675089578715,14.512773726194851,526.3452599686257,0.0018998936174700384,0.62,44.163788204646494,10.857445683109866,0.0018998936174700384,3.899968715742122,4.513875748614902,69.68000726588538,0.39200491168974533,11.717506819683138,3.1107814600418786,59.802789729771554,0.35724621042315957,0,159.78418390477006,BW-005,2027-10-01 13:44:54.698349,38
60.40361620087526,26.13494339034705,29.76648364837625,47.175017348102216,0.7414055168036277,3.664991529262165,76.59773644118123,53.94454054693422,53.556984716866424,7.018251380439626,46.29011507120554,16.68888412064468,542.0942624980484,0.0018446976276632336,0.61,42.79110434001838,10.151355342812225,0.0018446976276632336,4.386312056228987,4.969987254042937,98.21996761456624,0.4773181015591387,12.259335992810623,3.395535255235037,53.556984716866424,0.3411515611389693,0,167.17276353832668,BW-005,2027-10-11 13:44:54.698349,39
67.2499122426462,25.39323348771796,25.647657917139895,41.74602992798077,0.7715755407082212,3.635944562397784,80.20675724567175,41.36265062666982,60.87998147042477,7.290683071873982,47.60320645556707,14.74226536345807,537.8404882329243,0.0018592873200853686,0.6,45.353298706231676,11.485501368834798,0.0018592873200853686,0.0,3.329479598178281,74.70075033253356,0.3522487855898595,12.446138028809655,4.173286024891269,60.87998147042477,0.36428541803795983,0,169.72006402922256,BW-005,2027-10-21 13:44:54.698349,40
98.36028347057737,25.832435537735428,28.164563026446658,36.96157716682012,1.1214152713848238,5.8695832472340275,93.67221948645081,49.48017584323108,108.1735436020131,13.745422255722515,51.27388023739356,15.05599096631063,510.07018909094126,0.0019605144966072666,0.59,47.761982897917385,10.766942979090478,0.0019605144966072666,0.0,4.563022002975562,157.42933621203775,0.2439104036832708,13.577342774336133,4.64005564453085,108.1735436020131,0.5135995354006594,0,185.1455832864018,BW-005,2027-10-31 13:44:54.698349,41
99.08731626379983,25.492728224919016,28.402482993590148,46.87901751279096,1.5130319405129888,5.613510995882917,78.16742609111414,36.61739491664212,89.50341031322247,10.969842647058362,51.40639829487646,15.672142287617298,506.0249629209495,0.0019761870920905903,0.5800000000000001,46.86014089486993,10.483037422240098,0.0019761870920905903,9.67255500623053,4.548316788582648,171.7877379043177,0.3487122452972732,13.098488609719398,4.5779543757045875,89.50341031322247,0.45015218992035977,0,178.61575376890087,BW-005,2027-11-10 13:44:54.698349,42
81.957547140747,22.021065105463904,18.48023568886807,28.820429185226793,0.7790126477839929,4.9704669195426305,89.61413978152991,36.89864019131236,94.89577872473564,11.135602932684092,50.678137033763086,14.32937013638163,516.8649060818765,0.0019347415315552304,0.5700000000000001,47.86098329597322,10.88341060557678,0.0019347415315552304,0.0,4.028403076758956,135.94794487525564,0.30702358275851055,12.816470496527634,3.3544723955447067,94.89577872473564,0.4713787342403484,0,174.77005222537682,BW-005,2027-11-20 13:44:54.698349,43
70.1903518079938,23.829607826185963,22.32078592260874,34.092904561653036,0.648299507684022,3.638751856812917,72.36346213011743,40.53803379481875,57.169017494305336,6.5828170547844,48.06705592783811,15.684890550981189,550.4320229319902,0.001816754764145612,0.56,43.42348821715518,10.852507177281414,0.001816754764145612,5.437384389191997,3.7544998564060865,77.5428512081125,0.4046574617415285,12.900920844138009,3.1663873537030147,57.169017494305336,0.35569299852728153,0,175.92164787460922,BW-005,2027-11-30 13:44:54.698349,44
61.69447727811128,26.04366669443814,24.44801789811693,34.65946085328287,1.4516599117525284,3.7466951555795758,77.0363230224416,38.855086437740795,48.64302313677352,7.215790456796131,46.988597444526356,15.026692136239511,557.8366318422176,0.0017926395344414151,0.55,43.052271944975864,9.647563841903569,0.0017926395344414151,0.0,5.409872998941411,90.39278710621173,0.4179376712865316,10.777829632189754,4.704700233367668,48.64302313677352,0.329494400008577,0,146.97040407531483,BW-005,2027-12-10 13:44:54.698349,45
93.10717628814162,24.566157454697226,25.693433580623754,46.88573337204381,1.759436743792341,5.461035045142591,75.51842253542152,44.29254141737089,86.43196642461318,10.310218800495575,51.594179413054945,15.146132728077855,500.51772311358144,0.0019979312496254445,0.54,47.17223651074779,10.870166231562532,0.0019979312496254445,0.0,3.432207722195564,163.32840258466413,0.3626009036876069,13.332345448950282,3.9920657798828296,86.43196642461318,0.4382618716827851,0,181.80471066750383,BW-005,2027-12-20 13:44:54.698349,46
77.04003242009638,25.868301026888457,20.124851062991276,37.452532437482155,1.9719924367076642,3.04097350927824,84.45046967365576,36.11676441752949,47.00609916566595,6.420291028092313,49.88553910698498,14.569278285267856,514.6018538877606,0.0019432498978484232,0.53,46.281560406737725,10.454353152341193,0.0019432498978484232,5.431282495966254,4.952923310441859,61.22078902422759,0.3919598509326149,11.288046808827584,3.818152069132191,47.00609916566595,0.3110675533852147,0,153.92791102946705,BW-005,2027-12-30 13:44:54.698349,47
80.7326046081009,27.565829795140885,22.888019046039126,47.97227585243115,1.3688300528413366,4.777336322371243,92.76291252105632,38.81434506009491,88.5277285073015,11.078990783894712,49.20737963023883,15.32457386053521,523.5511776651429,0.00191003294932819,0.52,45.459576819885335,11.061010289363477,0.00191003294932819,0.0,3.6002703840868326,90.04614257040089,0.21266161539768713,11.954287488865946,3.0885908619939846,88.5277285073015,0.45215778165721454,0,163.01301121180836,BW-005,2028-01-09 13:44:54.698349,48
61.690759769437385,25.52052878014833,21.29487234815516,24.779551728861474,1.731279957041995,4.704625022362473,94.42632695148603,50.364955552926325,90.18942065680923,11.106011513643528,45.80035443946856,14.355161951019472,570.5728162945286,0.001752624680745046,0.51,41.18936733580628,10.819563567961655,0.001752624680745046,0.0,4.1599755402812795,148.69835465909082,0.3557402800498562,14.089095521568849,3.1562086080418257,90.18942065680923,0.4718032470777227,0,192.12402983957523,BW-005,2028-01-19 13:44:54.698349,49
71.02918547923024,26.77929132427899,21.458610995470405,28.663832492970585,1.960903361156641,5.813046306478411,82.16563465610608,46.375382050457546,96.59794027011706,11.940815976428299,48.90811260810427,14.102008632707989,520.5350121838453,0.0019211003613467113,0.5,44.23718501478058,10.625288156242506,0.0019211003613467113,8.66634652342982,4.316513405987506,140.0631493974759,0.25222963567826495,13.625168576228194,4.47643360027264,96.59794027011706,0.47815363788887716,0,185.79775331220264,BW-005,2028-01-29 13:44:54.698349,50
74.46581311020078,25.608257268658964,25.31977791377366,37.45136357216404,1.872043615281822,5.371978578136833,90.9141944183735,54.91040456528758,92.8192350764293,12.209727621601742,48.40774712287899,14.445195316048485,529.616610715009,0.0018881583012472925,0.49,45.698769070050616,10.85232572264828,0.0018881583012472925,0.0,4.051262946796063,136.79719116433222,0.2607035502083375,12.823379206398238,4.535013390790728,92.8192350764293,0.468282433469267,0,174.86426190543054,BW-005,2028-02-08 13:44:54.698349,51
86.97764285467474,24.42239802462958,28.348564614291288,28.345509578783144,1.316355136415626,3.667589347496657,91.27371522445688,36.69518946550644,62.47481541196952,8.368862641591537,48.36526953648595,15.487918445811909,532.418265548434,0.001878222564302746,0.48,45.910437622694516,10.641597561319863,0.001878222564302746,0.0,4.266809692624568,92.55442293107697,0.3769294301384928,11.6779677276153,4.446068861701591,62.47481541196952,0.3679748643710953,0,159.24501446748135,BW-005,2028-02-18 13:44:54.698349,52
98.02201487775025,25.752385779282477,27.803621405698514,39.68545741308463,1.7590562953068356,5.224826501830015,90.8027752604882,40.01608265001793,98.41960125945221,11.860718665517842,52.28825572474898,15.239423786608867,502.63810613263945,0.001989502960080216,0.47,50.20113601812132,10.662790413707645,0.001989502960080216,0.0,4.035791717998718,108.48107833851279,0.21881703466928148,12.712551893837608,4.5181819227920546,98.41960125945221,0.4788567693712992,0,173.35298037051285,BW-005,2028-02-28 13:44:54.698349,53
97.77951519380974,23.637530365196422,20.035932975080627,35.61577800798096,1.5527936402363238,5.286513316451034,96.29456839262096,52.04279127708951,95.03425710555902,12.726562952737389,51.6397131466936,14.289553007388278,492.6818483042708,0.0020297074134998767,0.45999999999999996,46.80422877515991,10.62803427260102,0.0020297074134998767,0.0,4.396074425187889,162.87488144441704,0.302610271356889,11.642415702043683,3.726256885692144,95.03425710555902,0.4645854115098113,0,158.7602141187775,BW-005,2028-03-09 13:44:54.698349,54
69.08765012728864,22.024608702581002,22.115221390040464,47.252624051226924,1.54245119090877,5.894648982491559,87.44154686009534,53.173111226807194,110.22162575404808,12.885930630658727,47.15997899010862,15.425491339253382,540.6101871451933,0.001849761665204113,0.44999999999999996,45.03030953585528,10.723312406884473,0.001849761665204113,4.083334445038809,4.097093151655726,175.43259620669585,0.28869985504819756,13.052657883624951,3.679303690033911,110.22162575404808,0.5295884753237182,0,177.9907893221584,BW-005,2028-03-19 13:44:54.698349,55
76.05301775764896,23.15545658408104,22.273076085056964,28.076146399229952,0.6594587319694272,3.3816123580133426,81.87823287441923,40.429213260419814,54.7427844204322,6.922011103510759,49.16525688742209,14.85985864346141,532.2014681606016,0.0018789876763328122,0.43999999999999995,45.98642356930201,10.549596533709646,0.0018789876763328122,0.0,5.0597510802123224,56.937720953510436,0.30405628092565096,11.057186140713185,4.425322451293492,54.7427844204322,0.3421363885162878,0,150.77981100972525,BW-005,2028-03-29 13:44:54.698349,56
96.26969490290216,27.98590203025284,19.969373275149483,25.308541413078714,0.9945966607193185,3.8749763115028113,73.69766859852645,51.11527665086014,58.768810139739195,7.139418000806865,50.05980206532519,15.262584656631084,523.2580282015962,0.0019111030239458246,0.42999999999999994,47.32498492824422,10.159950760660047,0.0019111030239458246,0.0,4.920692598494566,89.21565546514903,0.4031059622562486,12.158054937740248,3.943165192188465,58.768810139739195,0.3528734422596095,0,165.79165824191247,BW-005,2028-04-08 13:44:54.698349,57
78.46636723045661,23.228927482455127,21.6170989415827,28.820897656599783,1.661390852648677,3.7627572078436318,77.769953635843,44.76676287990637,52.479646947078635,7.3157363399233315,46.38142362209081,14.654472811303052,540.2426432492188,0.0018510201156754875,0.42000000000000004,43.353202381324266,10.187172336324508,0.0018510201156754875,3.4405670155623094,4.439966187856552,95.71590854134833,0.4346402057924144,12.346772334237285,3.121220714235627,52.479646947078635,0.33700494946502774,0,168.36507728505387,BW-005,2028-04-18 13:44:54.698349,58
88.50311772989043,25.80970909456589,22.64661428495046,45.81698259154166,1.95429881230253,4.958067118022777,73.6391411369549,38.51022904930992,80.7857074551091,9.127695106764364,50.393817860607,14.980932715587679,508.5092164943645,0.0019665326951081572,0.41000000000000003,46.615261845930334,9.408007445995622,0.0019665326951081572,0.0,5.013049880137058,143.94657650839713,0.3975921736887069,12.37252182393034,3.626166338702704,80.7857074551091,0.4218384564653397,0,168.7162066899592,BW-005,2028-04-28 13:44:54.698349,59
66.94557250501649,23.33807584847127,24.307572336004434,26.190013662773886,1.1546725982346693,3.7246284381479335,84.71378575472464,36.48238348771916,55.03877809629641,7.888184388130467,46.83130093539948,14.641802853149628,543.3050469059782,0.0018405866201589975,0.4,43.15411707210373,10.673648760719658,0.0018405866201589975,0.0,4.310387508398447,102.14336942377227,0.43457044252548704,11.715079464270746,4.67380689063331,55.03877809629641,0.34645410772611485,0,159.751083603692,BW-005,2028-05-08 13:44:54.698349,60
83.2716505911084,25.132441426824,21.970902996936314,37.018699345852966,1.9382014313882716,3.1042264377669806,84.0620058046438,42.973185750368245,54.25031939861685,6.523687520762417,48.85176253459958,15.190033720286916,517.8274702920024,0.0019311451349541208,0.39,44.25319578880284,10.71597912860906,0.0019311451349541208,0.0,4.803548386345045,55.72820205542241,0.34398420477177266,12.131015211829848,3.2340829653768868,54.25031939861685,0.3361826390829902,0,165.42293470677066,BW-005,2028-05-18 13:44:54.698349,61
68.24069617165505,25.92898815036402,18.520760329872623,25.59399370755444,1.3277423363353775,5.978710472697793,81.86940463590138,47.49117271834789,93.90578974766841,12.23683667225492,47.80720705433963,15.760320048008522,529.2719427387805,0.001889387891648632,0.38,45.365997340688594,9.802507282480995,0.001889387891648632,4.152794050961406,5.449805100607491,184.30536821939262,0.31489902207853493,12.039931334568838,3.1280001655047736,93.90578974766841,0.47180088198052883,0,164.1808818350296,BW-005,2028-05-28 13:44:54.698349,62
64.19756721311798,22.134080730561145,20.058155971776266,37.55638010398979,1.5550114317783987,5.8889278270934575,94.94604917340627,44.271044466053716,108.84590346073352,13.978260776246398,46.31503363452565,14.678936413084198,564.4344627551204,0.0017716848739511666,0.37,42.30329348204484,11.10936548934254,0.0017716848739511666,0.0,4.307572284586008,153.6926260149229,0.23338539450634022,13.386548882982861,4.263964185966612,108.84590346073352,0.5321500170289812,0,182.54384840431175,BW-005,2028-06-07 13:44:54.698349,63
68.0991425656552,26.009556623249047,20.18971597319075,38.72297823915017,1.1179395198436983,4.536311566391397,78.3718083153981,38.223273757923224,73.00706521483136,8.887973513503749,45.18829360824884,15.124272552559493,562.5144028922143,0.0017777322586913639,0.36,43.08127035916724,11.78843359966288,0.0017777322586913639,12.466032173731211,3.3019391443645363,125.58922939851854,0.38936488458726565,13.514161981634055,3.5010028493918792,73.00706521483136,0.4121112049171022,0,184.28402702228257,BW-005,2028-06-17 13:44:54.698349,64
86.15198037334467,27.970316514875485,29.253803582790745,24.102762188066485,1.8281581465434587,4.278842718763604,73.93043663300843,48.97970216348971,71.92826498232024,7.908417762054053,49.957190851309285,14.982713887257091,513.5146469451427,0.0019473641228130874,0.35,46.03614881241607,10.26197898360057,0.0019473641228130874,0.0,5.081420511674051,86.1167760272252,0.318113316776625,12.08778098031963,3.45292120751611,71.92826498232024,0.39381527735794364,0,164.8333770043586,BW-005,2028-06-27 13:44:54.698349,65
62.65963180699066,27.718279516959072,21.381908149196217,33.168835929870504,0.6374573077635918,3.439127816004471,74.19314983280483,46.66830870520248,38.86286254267269,6.3789931336746655,45.88768531317907,15.420816127882537,549.6404806626334,0.001819371089251694,0.33999999999999997,42.86054001515151,10.697527248121261,0.001819371089251694,0.0,4.380828114262627,82.70452535490753,0.4712364060292152,11.48147845437787,4.28548380080285,38.86286254267269,0.29443501934103233,0,156.56561528697094,BW-005,2028-07-07 13:44:54.698349,66
64.49091033315638,26.360443391375917,29.3319868289795,38.65796387890343,1.5737750232902166,5.9550292434883385,72.88751749713177,40.71462857131563,87.1526006358013,10.85118245451719,46.85785377950355,14.884065746687105,550.7790704154884,0.001815610021720025,0.32999999999999996,42.72585204167505,11.149767989081804,0.001815610021720025,0.0,4.359975685375157,166.13204007522958,0.32136786441660103,12.49427614865218,3.5056724061495803,87.1526006358013,0.45574238991065086,0,170.37649293616607,BW-005,2028-07-17 13:44:54.698349,67
90.47878978388614,23.57688564731765,18.54275557104258,24.044945854060046,1.025973924431028,4.224800321779277,79.29041693054367,40.94234316255684,72.30819233057075,8.374654474054347,50.229801121778145,14.814981693715902,506.2803851043228,0.0019751900911467125,0.31999999999999995,45.23142392021894,10.182290809352365,0.0019751900911467125,5.219242988150992,5.054910886254854,124.12521317403008,0.43852760298020577,11.595568741444728,3.872974698615414,72.30819233057075,0.392911423299866,0,158.12139192879172,BW-005,2028-07-27 13:44:54.698349,68
69.65856912796865,22.373906350295115,20.154339509924,26.987973558430745,1.8723175709260556,3.9174077473484363,96.54409242880587,49.47590460349571,80.96602947192572,9.45506439103319,44.12767081360616,14.95906291140458,561.5465074545178,0.0017807964019453803,0.30999999999999994,39.26453501294348,11.201370683834046,0.0017807964019453803,2.564996901847134,3.804666487064666,83.39671053403593,0.28144637874085854,12.078477507753934,3.683096233846353,80.96602947192572,0.4383507171427744,0,164.70651146937183,BW-005,2028-08-06 13:44:54.698349,69
65.61068853836676,25.225890783926076,25.117271461345975,37.04374698500721,0.6485846513239819,3.771343989012435,88.54128436245267,44.20132477915902,69.80941727510326,8.347991013994417,47.40527693502517,15.173836771122499,537.5385374280154,0.0018603317350691629,0.3,43.363612392091724,9.947502493477247,0.0018603317350691629,3.1653615962649715,4.61722362794455,72.25927397413639,0.2868966565143901,12.147635469961461,4.622032220525312,69.80941727510326,0.39395961881208214,0,165.64957459038357,BW-005,2028-08-16 13:44:54.698349,70
72.75193447002205,22.30762199477892,22.748038969155793,28.526374350518207,1.3424487999265697,5.34732490560058,79.27768331419857,47.86357233739791,83.57760691127478,10.598088261108238,45.73300150911306,14.160248603543298,553.3794191074678,0.0018070784085408808,0.3,42.40844541958047,10.354416752241718,0.0018070784085408808,0.0,3.8840124459288408,133.54592559351286,0.294561885218368,12.469552626815272,3.7320267836803023,83.57760691127478,0.44460584876982295,0,170.03935400202644,BW-005,2028-08-26 13:44:54.698349,71
87.71233575396403,25.19271916122824,23.21084035933675,33.296002100560614,1.7625376521455056,3.1998662621023843,85.48152467025378,41.91944975614052,59.42096890792222,6.838236170635444,48.94854684743527,15.638131993936778,525.9915956436536,0.0019011710610628758,0.3,45.46896028807148,11.361688651494939,0.0019011710610628758,0.0,3.4910266635855014,67.86456581852332,0.3876833634529842,11.357317428640135,3.552821082187349,59.42096890792222,0.35586737505283683,0,154.8725103905473,BW-005,2028-09-05 13:44:54.698349,72
68.77472260261081,26.405310037173212,27.08978789688143,34.06080017449763,0.9459508988384591,5.016676141641525,98.53098774245818,44.712166359936944,109.33806273379452,12.357451385499086,47.68741515386168,14.990234805266448,538.1261840676057,0.0018583002084031064,0.3,45.179672361532994,11.38306646723505,0.0018583002084031064,2.2618847273677516,3.704928388211092,99.18933045940524,0.2,14.52476191916171,3.8699182127024336,109.33806273379452,0.5258980643329301,0,198.06493526129603,BW-005,2028-09-15 13:44:54.698349,73
78.82165944183902,22.559283555356192,18.55116038674908,26.6784767868454,0.7807175471933392,3.310492510780703,77.60518566775043,53.37958651000797,49.09049922643823,6.422784648770845,48.109620023071386,15.213688022735399,529.1079672564251,0.0018899734305368404,0.3,45.19414503145952,10.415252053044998,0.0018899734305368404,0.37265728722931374,4.596018004567178,67.237509371742,0.3952807459150689,11.445581917703914,3.106833343869021,49.09049922643823,0.32236738759838834,0,156.07611705959883,BW-005,2028-09-25 13:44:54.698349,74
80.16707281352171,27.094819816966734,20.827707983996245,46.44388825792267,1.9323618634025053,5.009827840091299,70.40332131950248,39.0925094511804,76.00827072960895,8.817712979533422,47.63970040358376,14.805746466440574,544.2595702789168,0.0018373585961704445,0.3,44.068605244769834,10.119962097508589,0.0018373585961704445,0.0,5.036540297242935,146.57264137297727,0.4147478727834501,12.841040943912585,3.745619978406411,76.00827072960895,0.4166387735157049,0,175.10510378062617,BW-005,2028-10-05 13:44:54.698349,75
98.35618419380822,27.025376408057944,22.365900489572645,25.744413864062953,1.3532280976497424,5.519578718022125,78.76530410146134,53.62057192555125,90.73049812729742,10.868782405924172,52.5789847039408,14.16345799374713,509.49724240276913,0.0019627191607240876,0.3,49.03741262613343,10.239728287017028,0.0019627191607240876,2.2196837137977847,3.9480020048813396,174.6071907832935,0.3638189469206136,13.253005128860762,4.8706845627938105,90.73049812729742,0.4552841664784888,0,180.72279721173766,BW-005,2028-10-15 13:44:54.698349,76
82.34725775748934,27.099854602657572,29.951892611353262,36.19577535744354,1.0178060465596763,4.658840680733677,90.89617067163678,46.93477725559816,82.92120236707164,10.586769441198319,48.77050790039618,14.093636017463428,520.7195615464657,0.0019204194999514464,0.3,43.83304818114172,10.734918801668172,0.0019204194999514464,0.0,4.207785455788437,135.05972231304142,0.34229026788893213,13.258630302515797,3.1673268201023665,82.92120236707164,0.43261987635417853,0,180.7995041252154,BW-005,2028-10-25 13:44:54.698349,77
67.43606846225067,22.028798948904225,24.10936430986655,37.3324480008623,1.7374077197260962,5.4408836406689405,88.55790884503304,51.762983307527136,93.63889248367387,12.045831937169789,46.08287699312819,15.30475494810622,575.4607701616383,0.0017377379169028586,0.3,43.3538842145457,10.688797209314796,0.0017377379169028586,0.0,3.8986579730731132,124.3153409643449,0.23709833309779296,12.584373204846685,4.1214863920308344,93.63889248367387,0.4847678726607377,0,171.60508915700024,BW-005,2028-11-04 13:44:54.698349,78
80.18307871571203,27.49881009199634,25.537001718857226,44.168069717306,0.7224526022116207,4.547208565122135,81.30979706099905,53.4369099909557,76.76319864011802,9.243315140602936,50.944749775962556,14.629078419495762,520.5826960689476,0.0019209243940516165,0.3,47.034052859466115,10.70465448207088,0.0019209243940516165,0.0,3.4950566035471917,110.9642242282369,0.3300048783181222,12.318127898836604,4.461524603706598,76.76319864011802,0.4120521376210776,0,167.97447134777187,BW-005,2028-11-14 13:44:54.698349,79
94.21344521209258,26.05086312666309,20.042796389259966,28.55432539550426,1.889750928566332,3.417589840250657,87.40656891071622,52.76215838022944,57.56982641974785,7.467995047010817,50.750245585139844,15.218753101736517,519.6728992236607,0.001924287376720818,0.3,48.17431906756213,11.039994004232087,0.001924287376720818,0.0,3.8697254078768735,76.29010123265239,0.3736407567439692,10.890733145128284,3.255333269964611,57.56982641974785,0.3478012911662577,0,148.5099974335675,BW-005,2028-11-24 13:44:54.698349,80
61.288614418014916,24.775209659774237,21.761703479209217,39.96185855996227,1.759444081353488,4.420618940696672,92.39700021410178,51.09343235711117,83.12778421707665,10.21129823025032,45.6159501469939,16.64388059369437,539.8213154056306,0.0018524648276413162,0.3,43.21395410337689,11.020465153343896,0.0018524648276413162,3.8810658809325327,4.322383948522975,120.84397745163622,0.33463470809278273,13.32984456887288,4.803171252419726,83.12778421707665,0.43903900867861134,0,181.77060775735748,BW-005,2028-12-04 13:44:54.698349,81
74.41512486226279,24.561412523937022,29.78301341401697,42.813996232300866,1.845806196397687,4.340502691559786,75.19376317495467,35.9562212740496,66.07497653844393,8.159468286234997,48.02111905699661,15.056667231952652,532.0005036347493,0.0018796974686448057,0.3,45.8466656952974,10.716710117272825,0.0018796974686448057,13.01222730001068,4.796981288958454,114.44181972032966,0.40391769487070533,12.106631111395243,4.7837364087626515,66.07497653844393,0.37985007288523787,0,165.09042424629877,BW-005,2028-12-14 13:44:54.698349,82
77.55048882606519,23.404457223904693,22.94236158463742,41.186206027956324,0.664145607253969,3.7393796089125155,74.29592511640726,46.15897482868961,46.805353897167485,6.945516685139613,48.38984473459875,15.64347364305821,533.5329035881663,0.001874298648264624,0.3,43.79232030833893,10.406404053236013,0.001874298648264624,0.0,4.902415232204583,94.79912511121647,0.45625772209434245,11.600021009352261,3.6461774945891046,46.805353897167485,0.3160777174003415,0,158.1821046729854,BW-005,2028-12-24 13:44:54.698349,83
70.81876422466036,22.279815402769543,23.188172860057577,43.85869766351072,0.5369955324470161,5.682684128220741,72.10589834223141,54.60644145455652,87.59517254681657,10.243876101512416,47.49826615401263,14.919178102760695,527.8452101363888,0.0018944947889962137,0.3,42.82029756800619,10.403438699003676,0.0018944947889962137,2.5409119576725954,4.242203239167475,134.16573729713062,0.2880937263955989,12.673682562137802,4.178401813527707,87.59517254681657,0.45033747153030523,0,172.82294402915184,BW-005,2029-01-03 13:44:54.698349,84
87.01294107228664,27.594975247082438,20.84313433813419,40.647236177463554,1.9626528516503006,4.848875370763383,75.50392761906545,48.58138197953937,71.20434803528438,9.152728375699692,49.58753937943308,15.585559532368785,537.0669004986115,0.0018619654256696932,0.3,47.27690866357473,10.648923286197887,0.0018619654256696932,4.469365086532006,3.6938958388817724,141.7509351361632,0.39924947145477124,12.657326302102266,3.2996325720922064,71.20434803528438,0.3984678969338647,0,172.59990411957634,BW-005,2029-01-13 13:44:54.698349,85
98.49112240609853,23.40957515817486,19.203972638544826,27.558780909501984,1.5530535027232133,5.584897818736643,74.5219722188941,40.57675167155217,90.75985804125186,10.40494000233136,51.88119336134558,14.387053868280027,492.3586727526525,0.002031039677658674,0.3,48.14821937314756,10.089773443247337,0.002031039677658674,0.0,4.897728549738263,113.80550227081764,0.2448039724650397,12.58163432493855,4.324254697708498,90.75985804125186,0.4502404619633019,0,171.56774079461658,BW-005,2029-01-23 13:44:54.698349,86
89.03035501813102,26.045419369769192,22.03294065290686,28.07464655419493,1.3711416379283796,3.2804770847519693,76.32633521822056,39.7745762382229,55.60476549100453,6.259669841161744,50.3696765143042,14.812688590336972,520.0931349734855,0.0019227325506824473,0.3,46.94878424785038,10.608420004067243,0.0019227325506824473,1.190890162992773,4.545863855733302,59.5914407429777,0.36274836415403655,11.258807635516499,4.701812644302,55.60476549100453,0.3413771587953941,0,153.52919502977045,BW-005,2029-02-02 13:44:54.698349,87
79.34721783031466,26.37300488273382,23.296320944227457,32.12735267247524,0.9402178660385216,5.696079161406482,99.93088655983641,50.067762298396715,101.45944032272173,14.230356012858984,48.42191309033996,14.988303019878026,526.1216312661808,0.00190070116979104,0.3,45.639419850264936,10.371174572354393,0.00190070116979104,0.0,4.88285676034808,162.82438931803935,0.2510947829569127,13.129751144446807,3.9891725024052915,101.45944032272173,0.4960346237889266,0,179.0420610606383,BW-005,2029-02-12 13:44:54.698349,88
68.45881280198986,23.594478257119967,19.137965266129218,32.32456826229335,0.5548547185444372,5.9123729717070885,93.61303397607621,54.26405281942833,108.40996527666907,13.836879296991258,44.88605956822541,14.686474577276325,550.0168376343356,0.0018181261582846742,0.3,42.29600026584483,10.759583729301614,0.0018181261582846742,0.0,4.450438079596259,130.8940658692872,0.2,13.728428601202335,4.1274353590952355,108.40996527666907,0.5263716022125309,0,187.20584456185003,BW-005,2029-02-22 13:44:54.698349,89
67.45655388665307,26.480622667716574,21.905627864119474,40.03768840745625,1.575326263395916,4.20576056097803,89.3979185140741,42.01437018908502,76.32429869715406,9.399655998000513,48.32598627794988,15.090234070915603,524.6776055976047,0.0019059323083953732,0.3,43.55517827401613,11.262593475618969,0.0019059323083953732,0.0,3.895996968981399,87.87623141153644,0.2778592971508504,11.80484725638121,3.0701752224326,76.32429869715406,0.41181761066979494,0,160.97518985974378,BW-005,2029-03-04 13:44:54.698349,90
83.24741370928454,27.75218644819239,18.257278399477357,41.727663614115414,1.938179965910612,3.8201517543413357,87.32197801399273,53.6700375340487,59.50346314547606,8.339580187567748,49.71365480732368,15.631288703482076,534.8189611157133,0.0018697915981023723,0.3,45.70679988204181,10.947389668422884,0.0018697915981023723,6.068066768765144,4.133315589908578,104.56239607698146,0.4102614733005652,12.977849829958728,3.9186927426546827,59.50346314547606,0.35879056548630084,0,176.9706794994372,BW-005,2029-03-14 13:44:54.698349,91
94.49086917411756,23.00735615083008,21.921843675020785,28.13884415703517,1.4019625457220561,4.635707154976723,92.96055981758961,52.913384252757865,86.6853744434082,10.773448306926046,51.116127407322715,14.668083448587154,506.2216253983958,0.0019754193614565582,0.3,47.71811686426368,11.136497000403727,0.0019754193614565582,0.0,4.148281951880966,87.07066469914167,0.21792705382992378,12.640659574917068,3.360966016136265,86.6853744434082,0.4408177357642127,0,172.37263056705092,BW-005,2029-03-24 13:44:54.698349,92
88.4875192791797,23.902442616178348,24.474078887811544,40.582093681708685,1.1320097249165726,5.369136027631647,75.85800805573162,46.99372628456119,80.29877279671194,10.18229910091001,50.03206466941117,15.276813704679116,515.0130209863676,0.0019416984799428402,0.3,47.330519562154734,10.790707013374988,0.0019416984799428402,0.0,3.726322026221906,128.88279162662306,0.2946827338809689,12.795699459744771,4.375210201987587,80.29877279671194,0.4221664822849501,0,174.4868108147014,BW-005,2029-04-03 13:44:54.698349,93
94.16062121821838,26.629299611726903,18.775986526206847,38.907007178179896,0.8529883264396244,5.5281573706184055,77.75518756443437,40.69395937775111,85.06980198224684,10.746072830953612,51.54440300021796,15.629641855718084,513.6224247726399,0.0019469554905875849,0.3,47.287470088197594,11.200619240899048,0.0019469554905875849,0.0,3.0985598775945733,156.29034166932,0.32886069956543684,11.516310347312219,4.86773407970264,85.06980198224684,0.4376527340392814,0,157.0405956451666,BW-005,2029-04-13 13:44:54.698349,94
82.300730586691,27.741330655797796,28.548744054627,33.70839367476316,0.93727078751653,5.879809715396653,81.37260169146556,35.19171280288789,92.5211154822337,11.961385349814533,51.207978709403825,15.549731885697827,511.5195836865645,0.0019549593640050223,0.3,48.13956122335892,11.42497931499461,0.0019549593640050223,0.0,4.078728124556538,168.78169813260456,0.2999788332705818,12.543071144405992,4.708845920655237,92.5211154822337,0.46185959338008165,0,171.04187924189992,BW-005,2029-04-23 13:44:54.698349,95
69.37622977633036,25.19508921853912,19.370981439096674,37.18260019507797,0.502000459236188,3.308425685207562,72.32461870407249,46.86518940350754,46.056283131558715,5.9820156548349175,47.05477428261534,15.530754578587922,554.9231216143711,0.001802051421268626,0.3,42.82849650494061,9.602576159397167,0.001802051421268626,3.5456978013429232,5.496091301620946,53.41650318049542,0.3373778281840994,11.915758137668169,3.7953622702900685,46.056283131558715,0.3199978802561737,0,162.4876109682023,BW-005,2029-05-03 13:44:54.698349,96
72.95398522983379,23.31960588298349,29.654625479529386,41.4538156696795,1.0244800706933566,3.5680431708895757,80.83728382123032,52.24035432260034,61.72313575159015,7.210772962290081,48.95151375441806,14.665820918004556,528.7804582394491,0.0018911440171776681,0.3,44.85860928592007,11.15266800316256,0.0018911440171776681,0.0,3.5195918846945378,85.74799995309746,0.41660270934714616,12.128998892627402,3.0821327474932234,61.72313575159015,0.3643779233104686,0,165.39543944491913,BW-005,2029-05-13 13:44:54.698349,97
63.71380346122482,25.100803568143743,20.56137457591251,36.874309101560584,1.7530435312683388,4.493814160186819,81.96509844519267,50.007778541814034,72.93240012963669,9.208398000852835,45.16254208131825,15.766506271124591,558.3078247293726,0.0017911266074136217,0.3,40.80573670404918,11.391786295866872,0.0017911266074136217,0.0,3.6800538007672583,110.23028172704934,0.33297508627427846,12.163791354626227,3.465559368874958,72.93240012963669,0.4106003478509341,0,165.86988210853946,BW-005,2029-05-23 13:44:54.698349,98
84.63170208405542,25.802730517270014,24.492363468753737,46.25437518315382,1.897854026630905,3.219525296304006,72.68435148947252,48.03947427845921,54.15839654196144,5.850227706645214,49.38491041124424,15.421975700259466,532.2706956164378,0.0018787432940336338,0.3,44.41626605335961,9.975932455667687,0.0018787432940336338,8.256412534535118,4.558034888907491,54.003552544676346,0.3583997772855872,11.39156854420747,3.3916500977103157,54.15839654196144,0.34020919715813613,0,155.3395710573746,BW-005,2029-06-02 13:44:54.698349,99
80.50892804294209,23.834556922861026,23.515044070553326,28.477389892694777,1.454516472977134,5.748812512030595,81.65100633014643,46.92820053169292,93.54845759309909,11.734908170265877,48.79265298551414,13.545669627759748,542.2625034529965,0.001844125296571756,0.3,45.64708010984864,10.650796436113545,0.001844125296571756,0.0,4.4149648201765315,147.4101237676271,0.2731363385569783,12.760965416119747,3.4925314479615714,93.54845759309909,0.4745069430128959,0,174.01316476526927,BW-005,2029-06-12 13:44:54.698349,100
80.00369343128932,22.61980286687968,20.371773373435385,35.51116694878864,1.8313834860782876,4.5020898833859295,99.44831966927299,51.621688147131906,88.49551582501297,11.193131847569097,47.777803735955224,14.590142488566306,528.0586855923427,0.0018937289117368905,0.3,43.22671537298167,10.977007834338561,0.0018937289117368905,1.0930170397741343,3.7676986368855525,119.45070665931553,0.29630088967692764,12.85094598454954,4.672619750031343,88.49551582501297,0.453402658427746,0,175.24017251658464,BW-005,2029-06-22 13:44:54.698349,101
82.6556288252439,26.089210001250827,22.068342596926918,37.71387343306162,1.171069733957101,5.3175792694877835,77.96419674992947,39.1748506685678,84.67523653450783,10.364519909992294,49.73460727497248,15.196995286087503,524.5761923879824,0.0019063007710048514,0.3,47.697359007464215,10.873255144928333,0.0019063007710048514,2.0195651968604795,4.025636942667254,106.86046711359587,0.24236166000479825,12.341766685891882,4.151500167040621,84.67523653450783,0.43962364616475413,0,168.29681844398021,BW-005,2029-07-02 13:44:54.698349,102
86.36519650492643,22.30345339647406,23.91960259486751,31.103823003455208,0.9892775919168639,5.8327984789666525,70.579132501536,54.30777407326859,83.8783633113182,10.291846417543624,50.55086096987145,14.39091196659634,505.82641481254734,0.0019769627894395095,0.3,46.20265383879087,10.77725635718545,0.0019769627894395095,7.710708750345462,4.150240253460568,168.80987111687162,0.3515099174124975,12.842428549882527,4.779994965162264,83.8783633113182,0.43134246881482485,0,175.12402568021628,BW-005,2029-07-12 13:44:54.698349,103
98.43669726232245,23.096168876268298,21.734943030943164,36.23742181754092,1.7945404222244354,3.8277676592043095,80.52106982292182,39.3351542264397,59.94834913642577,7.705398673817805,52.16182427135623,14.214762477316015,496.72178592322103,0.002013199397206571,0.3,48.50164695066694,10.657367947568739,0.002013199397206571,0.0,4.4790947926304145,90.0579753631909,0.3816730624266866,11.764813722465775,4.75864331853012,59.94834913642577,0.3488443662317189,0,160.4292780336242,BW-005,2029-07-22 13:44:54.698349,104
76.66680332825482,26.463191685329026,28.276489178577627,31.440392539724375,1.089125275308065,4.756542127443239,80.44286642523622,48.147860789893265,75.63410200274369,9.565747075098134,49.471364783779705,15.778580444849329,537.6908143112421,0.0018598048792798428,0.3,47.29843669698752,10.682984545576167,0.0018598048792798428,2.4781851642561166,4.356396115775285,124.26688650369819,0.34139345364771745,12.415931991586158,3.6587746439731927,75.63410200274369,0.4134209176358516,0,169.30816352162944,BW-005,2029-08-01 13:44:54.698349,105
74.26224894753425,26.99713485170753,18.532162343443215,31.40210613188832,1.519112836392695,5.444388517979928,96.64533731135148,39.896214801218015,100.82724659447466,13.15436911935548,48.326345063604855,15.684934111680956,539.0721954846645,0.0018550390993564943,0.3,44.22876546966073,11.028039371245798,0.0018550390993564943,6.572686893617582,4.000365045595421,144.33447785598116,0.25191902385070625,13.124627947158343,3.653757579530639,100.82724659447466,0.4978124806269815,0,178.97219927943195,BW-005,2029-08-11 13:44:54.698349,106
82.6177399826137,24.617736155762167,24.479378726656613,28.74203005987964,1.1460749324120156,4.723109172717042,93.05094978077801,40.77658859839217,91.19071689794514,10.987244860990636,48.75124520736862,15.137698117071604,540.5345662433036,0.0018500204472582857,0.3,44.63352519938864,10.299064992474298,0.0018500204472582857,0.0,4.249725710481049,114.9526220802127,0.27689308340755975,12.85615440453829,3.74184685021813,91.19071689794514,0.4661294261994749,0,175.31119642552213,BW-005,2029-08-21 13:44:54.698349,107
80.06811936705397,27.40713473172761,21.130021953647717,44.82788405195838,1.466362101238973,3.404624539224143,70.77946881177341,38.056116186365664,35.69809063658097,6.024437909745342,49.92392955740068,15.648128354874,522.0573733070702,0.0019154982787912998,0.3,47.91379301697545,10.258524875701793,0.0019154982787912998,4.239280124496043,4.89762887328669,70.31336409470246,0.4285111552250962,10.80519574700776,4.755196746322838,35.69809063658097,0.27561084744739095,0,147.34357836828764,BW-005,2029-08-31 13:44:54.698349,108
60.81363324270404,26.34778802139636,18.42662253058866,47.93714704353151,1.8089550315367968,4.8805608637606,72.20854784601045,38.79392729700257,67.52452814571826,8.810455316155585,46.345568748947144,15.725963316157362,534.0413561099443,0.0018725141574880723,0.3,43.66250887115835,11.288178381663773,0.0018725141574880723,0.0,4.377965804792584,96.50328954189726,0.2805330571632438,11.92555512994954,4.178676755901096,67.52452814571826,0.38529416731871086,0,162.62120631749374,BW-005,2029-09-10 13:44:54.698349,109
71.89374990160182,23.544467381180233,22.577292985267306,32.54800716754663,1.0585067275780715,3.5750978134849034,97.33809366950533,35.385982644539695,68.46200323275576,8.699830146165931,46.836531744268164,14.95487855927984,557.3843716560893,0.0017940940773578202,0.3,42.08195642457896,10.699491040442107,0.0017940940773578202,6.994699979662615,4.119939811278109,83.19118516029597,0.3343402187994398,11.964228299177087,4.092495935205777,68.46200323275576,0.395421988939346,0,163.14856771605116,BW-005,2029-09-20 13:44:54.698349,110
72.73106184477922,25.72680044108999,19.971163964647488,44.30355101870431,1.718603726046973,4.960295772523086,81.53226792745555,48.452974788647424,73.86536602795469,10.110604098119435,49.085670261914586,15.215071487157685,538.1263169340953,0.0018582997495780731,0.3,45.890537234936296,11.04518877948712,0.0018582997495780731,1.0898610469308707,4.170241457175086,153.94023123921676,0.38368733964201635,11.812373097935742,3.9829826045190453,73.86536602795469,0.40765578184007756,0,161.07781497185104,BW-005,2029-09-30 13:44:54.698349,111
79.05932831421082,27.116379791671285,20.96574084036352,24.421570936895208,1.4288118875447346,5.5416284627201655,84.7582114782807,51.45072037826944,96.19129756936269,11.742462929432383,49.36743456475875,13.99308762185946,528.7832040551133,0.00189113419702297,0.3,47.21970136053388,10.476138073699916,0.00189113419702297,0.0,4.857549661267602,140.37856482517316,0.26965855812786677,12.612783960852388,3.639098125756813,96.19129756936269,0.47927261978107627,0,171.992508557078,BW-005,2029-10-10 13:44:54.698349,112
78.31637627858862,25.402987277775225,28.792072908220838,47.27821376558264,1.4516797096334044,4.218037608564657,99.54056661745717,50.40978717002592,84.05451370264538,10.49664633925675,48.865786660686496,15.085593571872831,517.3583071885362,0.001932896381686163,0.3,44.82771029092156,10.818653064721238,0.001932896381686163,0.0,4.007366160564115,120.33225903837959,0.3397277872351639,12.395418694884318,4.51975740807758,84.05451370264538,0.4353892044987121,0,169.0284367484225,BW-005,2029-10-20 13:44:54.698349,113
90.56222359409753,22.502850600922987,19.928587018698067,41.59691531887144,1.1470481845820029,4.421073396872101,92.66361427975774,52.6058252602686,84.58010353286954,10.241815998756367,49.441390992731414,15.802467250876951,512.1258057857283,0.001952645206905267,0.3,45.47300457962981,10.552757954662324,0.001952645206905267,2.751594984816893,4.676259969212267,169.63709816757984,0.4683021521490267,11.98261556477526,3.1190882760049927,84.58010353286954,0.43557142017861694,0,163.39930315602626,BW-005,2029-10-30 13:44:54.698349,114
77.83861081617623,23.85164608981262,25.288276601732925,28.44396108998886,1.4403744189708434,5.892437387596674,79.73655718097498,50.97409147685278,95.10622890776462,11.746066767285427,49.74523901055063,15.092384325124511,521.5512003517002,0.0019173572974727408,0.3,45.07857519158118,10.379671828018472,0.0019173572974727408,2.8004774664780965,4.261795603903467,200.31192468551552,0.3617673555472132,13.07464840637294,4.147655147167715,95.10622890776462,0.47348612313139216,0,178.29066008690373,BW-005,2029-11-09 13:44:54.698349,115
66.95195428540958,22.382956208258282,21.96429226438873,29.547368208236342,1.8334874578344986,3.5395444452275973,80.42192085251017,53.627167344129184,49.708096787190705,7.116424080700896,46.79487711706843,14.661972816725598,550.8930949131003,0.0018152342246325365,0.3,44.03964372422084,11.10058291729963,0.0018152342246325365,4.999771656991854,3.8755981682847227,90.97424573879009,0.4514600090598129,11.091013029484891,3.7229768599304953,49.708096787190705,0.33096158443123247,0,151.24108676570305,BW-005,2029-11-19 13:44:54.698349,116
62.19813815474507,23.059682155444737,24.584635266996592,35.545612580339366,0.5687780275620523,3.438272099319258,88.9720268540559,46.859085458548066,59.40849778877713,7.647750938804604,47.323460986079716,14.790076502084386,538.3578404839735,0.0018575005782418231,0.3,44.44955255996427,10.834306573469549,0.0018575005782418231,0.0,3.5908441121506676,72.39736765491214,0.3441587451906274,13.42044104947204,3.7623500019303604,59.40849778877713,0.35953567810778253,0,183.00601431098238,BW-005,2029-11-29 13:44:54.698349,117
60.29009712060578,27.9284076517669,25.906016404306058,32.76974714163737,1.205648371494862,4.688944513545797,75.6153582696547,51.0124731282563,67.04605294765399,8.863905482457431,46.06522758657571,15.164341174748241,545.282647831102,0.001833911282483619,0.3,41.658563629661806,10.211650981557614,0.001833911282483619,10.073506602151959,4.882321526550471,130.73142631550056,0.39317853711635936,12.366610606263016,3.01042503695385,67.04605294765399,0.3870716375081772,0,168.63559917631383,BW-005,2029-12-09 13:44:54.698349,118
70.66200481817148,24.069242702159258,25.788533607218568,45.1874831728169,0.7761950346217773,5.9164695286042495,76.44278199887417,38.73823929581152,98.60222116277495,11.306784759451912,47.061938133412326,15.608003269455738,547.6999335273734,0.001825817274724977,0.3,42.52756705254364,10.2170355367325,0.001825817274724977,2.1191328341585867,5.035956465597387,148.30266142326028,0.277113192022853,13.525688509809473,4.40146376072653,98.60222116277495,0.4929840506007952,0,184.44120695194735,BW-005,2029-12-19 13:44:54.698349,119
93.61446021541275,22.729339777109615,20.579906683060695,24.892206913191504,0.7112177931394992,3.8448018307057543,70.59639726091841,45.824412560657876,52.80383822827104,6.785728935750244,50.32284734550374,15.230665356517711,515.7872486985987,0.0019387838736283922,0.3,47.468881165022964,10.129252603574365,0.0019387838736283922,0.0,4.538117927804136,84.38251982796066,0.4042891029184646,12.224860561783151,4.66994814672978,52.80383822827104,0.3307489687038164,0,166.70264402431567,BW-005,2029-12-29 13:44:54.698349,120
96.69212581856202,24.75663247971027,18.931990341340242,47.03344411293507,1.8184884616379753,5.869801703301922,81.73830566220836,43.402691083662006,98.39513945368715,11.994691145026096,51.0679615178029,15.27769943032587,515.9889863578819,0.0019380258618667795,0.3,46.41910415026041,10.763625106363152,0.0019380258618667795,8.304925115169864,4.566896788500226,148.9134556448389,0.26438173924051045,12.842378135079835,4.3149427377123075,98.39513945368715,0.48278049408632173,0,175.12333820563413,BW-005,2030-01-08 13:44:54.698349,121
90.18730083472565,27.600836751685346,20.64155305002917,44.07286303224207,1.5349867945314593,5.923827632589725,90.66599453276669,52.90065503210339,115.93849735422046,13.427243093735806,51.61135690150315,14.528612379884763,501.1348764919078,0.0019954707742560157,0.3,47.352511102513816,9.952983291777008,0.0019954707742560157,0.0,4.71970269306477,162.65586824740603,0.2556174419108751,14.575207890916461,3.662786175393032,115.93849735422046,0.5368021207949739,0,198.75283487613356,BW-005,2030-01-18 13:44:54.698349,122
94.79036998270753,26.78146939445578,22.1579407581219,42.58556488841413,0.8936844544773355,5.098136597199663,92.05347474521187,40.80821844284493,98.8727599740021,11.73252971244899,50.91097810784238,15.282249102023748,502.87376820110387,0.0019885706179847717,0.3,47.94464031993497,9.410595058169841,0.0019885706179847717,0.0,5.277661102722033,141.06729676647353,0.2948039015543322,13.81208191267483,4.217024685050694,98.8727599740021,0.4804379970403381,0,188.34657153647495,BW-005,2030-01-28 13:44:54.698349,123
73.14368652112219,22.647434303337857,29.220919391765626,30.98408072160676,1.2809336977571777,3.890118867509699,86.88310212404595,39.98704621813404,64.11612660658373,8.449639871013078,46.80980167799192,15.647963930786876,568.4024572064262,0.0017593168138554174,0.3,42.68162944223853,11.182903876949446,0.0017593168138554174,0.7942604040125039,4.029433607297059,101.49187169610762,0.3859581387524152,12.148482847654176,4.143364652198542,64.11612660658373,0.38424115918387364,0,165.66112974073877,BW-005,2030-02-07 13:44:54.698349,124
75.6533134586477,27.75956872350101,22.020590051261788,42.685099714144535,1.7831242319467702,5.450950142427208,73.3150405368307,51.58893279523329,73.79168044670867,9.990915766407346,48.36057278839747,14.181599067844605,541.2133350800038,0.001847700223151702,0.3,43.76714207754399,10.376318956980807,0.001847700223151702,1.1295784369573256,4.864226830079509,186.9084459776786,0.429004089817287,12.658984387724063,4.490160342324436,73.79168044670867,0.4083362686796967,0,172.6225143780554,BW-005,2030-02-17 13:44:54.698349,125
77.42425989923863,24.269030886717587,26.972949851191537,45.909503527349614,1.6323975996083573,4.626106156518355,78.47496510542021,41.46934669460993,74.61990362630954,9.075837980168687,51.13701231628535,14.939751293050321,504.91427630262694,0.0019805342152786286,0.3,46.199675807050944,9.776938351512422,0.0019805342152786286,8.088829933001684,5.421753491198069,115.5470854658225,0.3440065245525763,11.498761922222085,3.1222752600244474,74.61990362630954,0.40020729497848656,0,156.80129893939207,BW-005,2030-02-27 13:44:54.698349,126
69.08505462367462,27.32984648462623,22.650980009241998,37.829505882670425,1.7471534289390664,4.054584124790641,71.89957740916962,54.719233688028346,58.60384183537341,7.2880721285593735,45.50682490636276,14.446827921461445,560.6932027040725,0.0017835065507790517,0.3,41.11402685789339,10.458290080457218,0.0017835065507790517,0.0,4.557071092714971,62.596408434576276,0.26478931181826476,12.215407849661268,3.0893200577544473,58.60384183537341,0.36355410026246643,0,166.57374340447183,BW-005,2030-03-09 13:44:54.698349,127
67.53579069601969,26.70706081406532,25.15395357492813,45.44019940386259,0.7579556027653145,4.113682943272291,89.38030872840096,42.12496506175167,72.67369400851256,9.192056287010864,47.23202436596898,14.461128032534829,536.1883290742168,0.0018650163492491545,0.3,43.44057225251954,10.066767262752132,0.0018650163492491545,0.0,4.770393045732779,89.6777820420953,0.2964499493600856,11.519815058796665,4.97984298254988,72.67369400851256,0.4031021454173068,0,157.08838716540907,BW-005,2030-03-19 13:44:54.698349,128
76.82728948163714,26.997058557201026,18.230780441481123,26.692832802375428,1.985847819135102,5.021251938776576,91.87706528405083,48.811052807992894,93.87487236678308,11.533447304666055,47.71973192048296,14.359254513565588,539.9410485314664,0.0018520540394544988,0.3,44.405364879240366,9.733519198909429,0.0018520540394544988,0.0,5.541674040631811,139.69253081772646,0.30151717152816776,12.259228403646638,4.974631098397257,93.87487236678308,0.4748985557820502,0,167.17129641336322,BW-005,2030-03-29 13:44:54.698349,129
71.21576714361402,27.85325916234372,20.190378612104087,32.666266632176054,1.629304166755356,3.8399626483622917,70.86404111708,43.29661343777908,50.468284797627305,6.80288177503992,46.93355340051853,16.301239937437156,550.6941608224411,0.0018158899642344809,0.3,44.21978091378357,9.776044764546633,0.0018158899642344809,0.2750803077795653,5.314843927702986,84.79972022650757,0.40577427352918144,11.97220848151554,4.392751699741131,50.468284797627305,0.3334358642388233,0,163.25738838430283,BW-005,2030-04-08 13:44:54.698349,130
86.31113628952714,25.486734399574335,24.35879010966009,44.24257064795377,0.8524228442500891,4.300629308411403,84.0152240005734,49.096483307814324,66.74032919928543,9.032958367240377,50.424259262982076,14.816442914963844,507.1343939245686,0.0019718638924512396,0.3,45.8250138744076,10.48339627533858,0.0019718638924512396,0.0,4.139310093321707,113.65756024450577,0.36571798938011774,11.548049346610377,4.618037084533395,66.74032919928543,0.37460808217498864,0,157.4734001810506,BW-005,2030-04-18 13:44:54.698349,131
77.69883707974074,22.932713752938742,25.15129914876845,30.013066182511686,1.0007630965150787,3.181656768723782,90.60463647976889,46.35652182799168,51.93876795652247,7.206821373340358,48.68641456811369,15.451529083368467,526.4486374419811,0.0018995205398555299,0.3,44.23398525019893,10.723524682557576,0.0018995205398555299,0.0,4.004055226214434,92.4612407537851,0.5040488697103074,11.688954802023753,4.491502659968554,51.93876795652247,0.3310638177543359,0,159.39483820941481,BW-005,2030-04-28 13:44:54.698349,132
78.85002866494112,22.160623514218766,19.103255231050053,40.46230129699727,1.143454971076261,4.048275338081364,91.15566936752064,45.747154984537545,79.50860688313924,9.225581205670817,49.044977782755396,14.842778104851185,536.1787917129373,0.001865049523509289,0.3,44.35020053173092,10.907413786850716,0.001865049523509289,5.645347562523268,4.502629053165369,106.97228639948754,0.3580284288218285,12.35070210956462,3.919644861818358,79.50860688313924,0.42588232712434526,0,168.41866513042666,BW-005,2030-05-08 13:44:54.698349,133
94.59160887999582,26.168032021865198,18.09721129976787,38.80109593841124,0.6405872990895747,4.9090443758011695,89.80007813723799,40.77915638281434,72.67577793261884,11.020814213152844,52.51424155172063,14.514405065431005,498.7071510219183,0.0020051848022448943,0.3,48.00490386294179,10.86212640845888,0.0020051848022448943,0.0,4.190050645133667,164.06885722394443,0.37907533460589116,12.011187457509235,3.8356376122125075,72.67577793261884,0.391864738415305,0,163.78891987512594,BW-005,2030-05-18 13:44:54.698349,134
91.23732719161977,27.94904612967101,24.374385530898138,40.38670800465913,0.8559712413421273,3.4222300901734597,74.69902543571555,47.78781771806003,49.913806169483536,6.390931313818459,52.86291945978519,14.630630637347537,479.51203126427527,0.002085453408464878,0.3,48.65507785461552,9.973371254380307,0.002085453408464878,0.39996277606024067,5.207887710364603,77.57334145634438,0.4433524946091877,12.221618074093382,3.7637435044690006,49.913806169483536,0.310232963277561,0,166.65842828309158,BW-005,2030-05-28 13:44:54.698349,135
77.50390975015173,27.1365719934183,20.009075372955014,30.37285453473029,1.1681505129290453,3.508560480988387,92.69807494881564,51.649789488388976,70.0475477149524,8.130920060727854,47.99855861069236,15.903429442073255,560.522120803385,0.0017840509105451902,0.3,45.44915249597705,10.833582621506018,0.0017840509105451902,0.0,4.310869667791374,84.04091797108998,0.3682410005091215,12.985374508528722,3.7811242048540636,70.0475477149524,0.40164846195752346,0,177.07328875266438,BW-005,2030-06-07 13:44:54.698349,136
88.48995567376056,24.25530372877404,29.132787357396047,26.26696923044926,1.0562062963172711,5.6417473293629,88.204942867412,52.21457118776169,100.86952743650015,12.440750021470722,51.767421494706284,16.21308900192089,502.7022517950986,0.0019892490961182325,0.3,47.60050850671767,11.25412955478729,0.0019892490961182325,4.092626193611717,3.850256684994746,194.4316073890685,0.34627144868869236,12.353789034824288,4.84439944767137,100.86952743650015,0.4870424336601967,0,168.46075956578574,BW-005,2030-06-17 13:44:54.698349,137
88.35816493713688,23.355920593968953,25.876957610756076,27.9412069974563,0.5839704272925296,3.2087453506307373,84.89093117398922,44.45413797272578,51.90401432814434,6.809834517881296,50.6220767444115,15.089847690553103,524.5498964664192,0.001906396334717451,0.3,48.39026156560997,10.777792936508362,0.001906396334717451,6.777631899084702,3.895963613057927,73.55320328044616,0.4207651803102767,11.07983443462314,4.528865724740384,51.90401432814434,0.3303783500337403,0,151.08865138122462,BW-005,2030-06-27 13:44:54.698349,138
64.84062866994596,27.579908698804807,24.621010595274615,43.11229861151158,0.9989817513575768,3.932110570674723,96.112155098263,38.40866403759992,81.64549719828416,9.44809052580521,46.676627729168644,14.895180003290418,543.6444359938608,0.0018394375694691972,0.3,43.01849901866855,10.025258846984181,0.0018394375694691972,0.2442449330940998,4.462233463144076,98.44135485673597,0.33122097243214343,13.431334287047633,4.249478919812916,81.64549719828416,0.4352449881257721,0,183.15455845974046,BW-005,2030-07-07 13:44:54.698349,139
83.70634591541787,24.96971280222995,29.348855512827527,41.94179126529865,1.5958139472448685,3.0912669431798525,90.18851200739107,51.32795452723141,52.497928940971896,6.96991914557568,50.164443535990756,14.984264314898159,521.9951046023549,0.0019157267782458983,0.3,45.735182383683764,9.89093834726667,0.0019157267782458983,0.0,5.087357410188128,75.90862007387074,0.4403894026321617,11.901718850469722,4.523626193751728,52.497928940971896,0.3315916278506128,0,162.29616614276893,BW-005,2030-07-17 13:44:54.698349,140
61.85413077737118,25.298018014022148,23.603897446821776,46.268214398548665,0.8860129822842984,5.796803516514501,96.28889921474455,41.387682336673706,107.8709553409591,13.95419573923354,47.78764360930453,15.254943623960598,507.4681918052171,0.0019705668574865726,0.3,44.69453872700429,10.563351284245895,0.0019705668574865726,0.9314546245944129,4.490483233275077,153.8975641049809,0.23781999632877915,13.238450702583481,3.725233903170924,107.8709553409591,0.5118103086780954,0,180.52432776250203,BW-005,2030-07-27 13:44:54.698349,141
70.79333813164376,24.468077493289,20.920436560876514,27.10041402740999,1.7861222699762012,3.773610010644026,72.82667136242522,41.30374580307928,55.73263886306847,6.870486402378259,48.33673942640554,14.967564279473319,544.1994359285508,0.001837561625351064,0.3,43.80373877880753,10.962719013781914,0.001837561625351064,0.0,4.437814786559315,80.28002035936993,0.3870552719407383,11.815805105439779,4.377024376819126,55.73263886306847,0.34903529365546015,0,161.1246150741788,BW-005,2030-08-06 13:44:54.698349,142
82.33106097615664,27.1681763137394,27.97361718484435,30.769016514952106,1.321606166486411,5.625561640376187,80.41500519022878,46.23796206002853,83.32784033216329,11.309489212720075,49.55757921380745,15.74558320214009,532.9224079252059,0.0018764457735850114,0.3,46.68153691248525,9.985483546564785,0.0018764457735850114,0.0,5.107685198546498,176.1318131546102,0.34605006926945325,11.82036453501884,4.9293711128936835,83.32784033216329,0.4376361901514394,0,161.18678911389327,BW-005,2030-08-16 13:44:54.698349,143
63.328708109602815,27.49151130418455,22.851152580781836,33.44822841333651,0.9541330559269299,5.9087161555096746,78.88463404791574,47.54648939046343,81.63038187033341,11.652672790509707,46.198770231261655,15.839286982174379,552.760860275645,0.0018091005927976349,0.3,42.02538896150742,10.873423760123394,0.0018091005927976349,0.0,4.104832923998395,161.66409965145132,0.2934978482735072,12.27818460367465,3.1527866335906114,81.63038187033341,0.4379295309838048,0,167.42979005010883,BW-005,2030-08-26 13:44:54.698349,144
78.42654978842816,23.510556319272688,22.498227273561653,43.19872916603717,1.7513832553777577,4.260188008738341,71.83438543143059,44.78661663248472,65.11963161097587,7.650699685751719,46.639955392385374,15.732917989301482,539.5626150572748,0.001853353016116303,0.3,43.24849023608238,10.61956116018177,0.001853353016116303,0.0,4.416275841839967,75.63845843953487,0.29008332288259053,12.29007796089312,3.4868912680574895,65.11963161097587,0.37893422322043535,0,167.59197219399707,BW-005,2030-09-05 13:44:54.698349,145
72.16729910514064,24.814086583316726,28.485837315360627,25.264159963912732,1.8337174429936782,4.695053306718332,84.04679212277897,52.76651629405244,83.54088914131019,9.86510423187804,48.917632699379396,14.77570156344544,533.3325366337689,0.0018750028009010902,0.3,46.526314335779354,11.261260169215818,0.0018750028009010902,3.526717342072667,4.014892703303885,123.39342846208167,0.3330119654532642,13.23632805627685,4.742028574787499,83.54088914131019,0.4384693914611646,0,180.4953825855934,BW-005,2030-09-15 13:44:54.698349,146
68.76737382609326,26.071235465286257,24.990620356615203,37.27057795654205,1.789040337129232,5.300093471500448,94.35826753905415,51.265246027013085,96.91416052959431,12.502690944145838,46.43328757492857,15.774004110409347,542.2472572913688,0.001844177147147218,0.3,44.170848757675785,11.492368841784378,0.001844177147147218,15.002858021747581,3.708613991063808,162.05724294988173,0.30569718132455725,13.154459214281731,3.5626771720912735,96.91416052959431,0.48572137895272505,0,179.37898928565997,BW-005,2030-09-25 13:44:54.698349,147
64.06288574578645,24.082168151953816,24.459032956137186,43.470932494704954,0.8246646251175073,5.594033257756951,97.78022252809753,35.47612086516686,119.95975980942464,13.674645419326328,45.98099017271262,14.623146177569128,552.905253475992,0.0018086281396554346,0.3,43.70125541504855,10.891469862712759,0.0018086281396554346,2.5356658549227715,4.028666252165293,183.48320178823707,0.29982317923674756,14.224766301990211,3.7858746100556133,119.95975980942464,0.5657374420742131,0,193.97408593623015,BW-005,2030-10-05 13:44:54.698349,148
92.11719365497105,24.397830894963615,20.266966277204347,42.215674570643586,0.6363483522118217,3.154664619798754,98.76229890725313,40.54321227688389,60.886443792821815,7.789048253317514,51.660353078344684,14.951203054922793,501.434892019243,0.0019942768561100133,0.3,48.05589858351525,10.97015752502233,0.0019942768561100133,0.0,3.5688056207817755,52.65465318712264,0.26786081148118424,11.762243916948954,3.9438758571129173,60.886443792821815,0.3533852802485123,0,160.39423523112208,BW-005,2030-10-15 13:44:54.698349,149
80.59069496301771,22.383254703171332,22.27701426189345,38.42584317615342,1.3341733122308197,3.357300172828067,72.41329600628004,38.13015798160913,53.41022312760342,6.077829279923348,47.40522211140983,15.003836596660753,524.0920780979721,0.0019080616589916535,0.3,44.50524769974869,11.49941373541716,0.0019080616589916535,4.366614469418442,3.8534894814342757,69.45654303305392,0.4254852478736063,12.179358250244956,3.08954474503619,53.41022312760342,0.335261700521403,0,166.08215795788578,BW-005,2030-10-25 13:44:54.698349,150
