steam_volume,steam_pressure,injection_duration,soak_time,production_cutoff,spm,stroke_length,vfd_frequency,rod_load,motor_power,reservoir_temperature,reservoir_pressure,oil_viscosity,oil_mobility,production_potential,wellbore_temperature,wellbore_pressure_drop,fluid_mobility,estimated_flow_rate,pump_inlet_pressure,actual_production,pump_efficiency,energy_consumption,sor,rod_load_actual,failure_risk,is_anomalous,motor_current,well_id,timestamp,cycle_id
74.9816047538945,27.704285838459498,26.78392730173686,38.36780362072888,0.7340279606636548,5.094485142059235,86.08289099032362,41.19055232572656,43.85480091357085,10.963700228392712,50.04599527669888,20.0,519.2448422529301,0.0019258737278181545,0.99,47.04599527669888,10.079145976955516,0.0019258737278181545,0.28888105917272316,9.920854023044484,76.28161415945459,0.4302210425819714,12.411520424830691,1.965915524471136,43.85480091357085,0.30195612238778186,0,169.2480057931458,BW-001,2026-09-26 13:49:27.864653,1
66.2397808134481,22.348501673009196,28.394113749299223,38.42676028183701,1.5621088666940683,5.4413850591208455,90.54193517661638,38.25233878689782,49.26735332939284,12.316838332348212,50.910506628132865,20.0,512.5549164724039,0.0019510104534405345,0.98,47.910506628132865,10.052414552649736,0.0019510104534405345,0.29265156801608017,9.947585447350264,90.441951405637,0.4147139901524487,12.61651727759557,1.4648021141507472,49.26735332939284,0.31799098603969733,0,172.0434174217578,BW-001,2026-10-06 13:49:27.864653,2
60.823379771832094,27.819459112971966,27.98931168960506,29.096138656278626,0.7727374508106509,5.732781553481527,94.67611728769506,53.99599826583848,54.27574987421517,13.568937468553797,52.11279669833122,20.0,503.3941734859332,0.001986514847947369,0.97,49.11279669833122,10.015811523147674,0.001986514847947369,0.29797722719210534,9.984188476852326,99.2763192625542,0.40156472921381686,12.788405500866492,1.2253351095939335,54.27574987421517,0.33193741829316387,0,174.3873477390885,BW-001,2026-10-16 13:49:27.864653,3
67.33618039413736,23.825453457757227,24.297077179586854,34.36668044741078,0.9368437102970628,5.17715852516508,88.4024558780737,43.36486072581238,45.767352809469905,11.441838202367476,53.14729566319636,20.0,495.6430566660242,0.002017580971932838,0.96,50.14729566319636,9.984842005257521,0.002017580971932838,0.30263714578992573,10.015157994742479,82.03883769387392,0.4336165885166773,12.39102451598121,1.6415683665680592,45.767352809469905,0.30125075969804027,0,168.9685161270165,BW-001,2026-10-26 13:49:27.864653,4
84.47411578889518,22.83696316391225,21.50573578242262,32.7926842390486,1.1841049763255538,5.798185450062039,95.98191668501225,35.90437340212379,55.65209527921049,13.913023819802623,56.040273064390796,20.0,474.5947883600825,0.0021070606431549863,0.95,53.040273064390796,9.900749596663879,0.0021070606431549863,0.3160590964732479,10.099250403336121,105.21546072293191,0.4053441214892654,12.727579101829052,1.6057357960223024,55.65209527921049,0.32788542077205973,0,173.55789684312344,BW-001,2026-11-05 13:49:27.864653,5
91.40703845572054,23.198042692950157,24.17081326096334,38.217949652689015,0.5696756190799965,3.079100923491756,81.29390100634149,51.21106661563665,25.031212566287348,6.257803141571837,59.84801115299588,20.0,448.2473907471599,0.0022309109225000794,0.94,56.84801115299588,9.795499337776452,0.0022309109225000794,0.3346366383750119,10.204500662223548,30.599079093511463,0.5027541759458448,11.159746124675612,5.974496041294485,25.031212566287348,0.21791159244510577,0,152.1783562455765,BW-001,2026-11-15 13:49:27.864653,6
84.30179407605753,23.023144742123748,18.780619115823356,46.77325289408,1.948448049611839,5.961828387944833,74.51250673310585,46.8826143070427,44.4230777898361,11.105769447459025,61.57007757118331,20.0,436.81697909019897,0.0022892883012075147,0.9299999999999999,58.57007757118331,9.749843365699654,0.0022892883012075147,0.3433932451811272,10.250156634300346,98.98758084854703,0.4542740956992549,12.272325927644847,1.7032802166372965,44.4230777898361,0.27912201969318,0,167.3498990133388,BW-001,2026-11-25 13:49:27.864653,7
92.33589392465845,23.827682615040224,19.172065368076606,40.42159263629176,1.1602287406094018,4.142672569893064,99.09743193443809,51.84237846271417,41.05282130216417,10.263205325541042,63.90903383454883,20.0,421.7572667485298,0.0023710320576319647,0.92,60.90903383454883,9.689696478058956,0.0023710320576319647,0.3556548086447947,10.310303521941044,63.4219857851547,0.463920580384796,11.747148220037658,2.9117944757343652,41.05282130216417,0.2633699176984395,0,160.18838481869534,BW-001,2026-12-05 13:49:27.864653,8
64.88152939379115,24.97106146066762,18.41266225338262,45.82368964989077,0.8881699724000254,5.514986114133413,84.06079479384911,43.2963900467533,46.35941160310962,11.589852900777405,62.43156653228388,20.0,431.20859873437223,0.0023190632165848986,0.91,59.43156653228388,9.727443341056146,0.0023190632165848986,0.3478594824877348,10.272556658943854,91.81275759791963,0.45039148431122555,12.218613965857461,1.413344530570146,46.35941160310962,0.2838939516306771,0,166.61746317078357,BW-001,2026-12-15 13:49:27.864653,9
86.50089137415928,23.870266456536466,24.24081625413373,37.12104670423871,0.7772816832882905,3.8202212157921185,71.69126489952781,52.29444752510106,27.38764911561489,6.846912278903725,64.01804488457043,20.0,421.06818724413125,0.0023749122595676164,0.9,61.01804488457043,9.686944525268538,0.0023749122595676164,0.35623683893514246,10.313055474731462,41.867374143507966,0.5035631792536485,11.269946465603395,4.132138360416963,27.38764911561489,0.21761261989195568,0,153.68108816731902,BW-001,2026-12-25 13:49:27.864653,10
98.78338511058234,26.650796940166686,29.27398729877027,45.475856410263575,1.3968499682166278,5.438703027390233,99.99153019858392,54.93273674147811,54.38242380044201,13.595605950110503,68.7035187858071,20.0,392.4906349741564,0.0025478314917395293,0.89,65.7035187858071,9.572828850324832,0.0025478314917395293,0.38217472376092937,10.427171149675168,103.000211914657,0.43018401616648266,12.289175859387932,1.918120036343836,54.38242380044201,0.2990219364937203,0,167.57967080983545,BW-001,2027-01-04 13:49:27.864653,11
96.87496940092467,22.530955012311516,20.351794349029742,25.085454933852915,0.9879954961448965,4.666295116807882,93.06962245541531,53.895314597648564,43.42903247868578,10.857258119671442,69.87514960541937,20.0,385.65308225251636,0.0025930040391722426,0.88,66.87514960541937,9.545529458554133,0.0025930040391722426,0.3889506058758364,10.454470541445867,75.43959699571843,0.4654933160679979,11.778742326732216,2.568279080452214,43.42903247868578,0.26045936627137417,0,160.6192135463484,BW-001,2027-01-14 13:49:27.864653,12
75.54709158757927,23.628094190643374,27.94485010982315,32.56207984064614,0.9214017645310711,5.548942172032234,77.42044305229592,44.01088270620187,42.96015614303048,10.74003903575762,70.23229842594753,20.0,383.59257334111624,0.0026069326402488324,0.87,67.23229842594753,9.537303092584745,0.0026069326402488324,0.39103989603732486,10.462696907415255,90.37384524940443,0.4750091514230792,11.932963412061826,1.6718795438899872,42.96015614303048,0.2582782924791031,0,162.7222283462976,BW-001,2027-01-24 13:49:27.864653,13
81.70784332632994,22.845545349848575,27.626363769048474,25.7892154483145,1.980330404900776,3.387478245454485,98.62153081776167,47.1234926890176,33.40782901785867,8.351957254464667,70.42091450422595,20.0,382.50883124530174,0.0026143187249935756,0.86,67.42091450422595,9.532976433546825,0.0026143187249935756,0.3921478087490363,10.467023566453175,46.88700689809236,0.5030943128788331,11.209765844607864,3.4853085633689402,33.40782901785867,0.2261120794331194,0,152.86044333556177,BW-001,2027-02-03 13:49:27.864653,14
90.8897907718663,23.192294089205035,18.06626540548323,43.571074282916015,1.5602860157714256,3.685928416510388,90.1510205321757,47.36256480915792,33.22902083569579,8.307255208923948,72.517846103186,20.0,370.6646580651203,0.0026978563460029544,0.85,69.517846103186,9.485693720649735,0.0026978563460029544,0.40467845190044316,10.514306279350265,50.52064626368687,0.5070785821835272,11.216714940633434,3.5981246279977177,33.22902083569579,0.22196280020518872,0,152.95520373591046,BW-001,2027-02-13 13:49:27.864653,15
89.1602867216395,26.627622080115675,18.888535820809086,32.603177485062545,0.6738035892876946,4.074488154098521,73.40672776598888,48.43146391185599,29.909484271365667,7.477371067841418,73.1212795128668,20.0,367.3247249954278,0.002722386847257416,0.84,70.1212795128668,9.472361585184876,0.002722386847257416,0.4083580270886124,10.527638414815124,49.92194071146623,0.5171188627182298,11.181481058942385,3.5719880057131226,29.909484271365667,0.20989569840318056,0,152.4747417128507,BW-001,2027-02-23 13:49:27.864653,16
94.52413703502374,25.739788760965347,21.97077629823179,25.525400406864566,0.9664734825734933,4.56092310271138,93.16955175206918,45.403270022239866,42.49391610552758,10.623479026381895,75.16012921918535,20.0,356.260968720118,0.0028069311201632348,0.83,72.16012921918535,9.428201672390657,0.0028069311201632348,0.4210396680244852,10.571798327609343,75.13002239055389,0.48504391018663445,11.612045978588576,2.5162813487170816,42.49391610552758,0.24852467763446068,0,158.34608152620783,BW-001,2027-03-05 13:49:27.864653,17
73.00733288106989,26.377637070028385,25.650689656262557,45.29310582183184,1.2083223877429239,5.556544500955621,86.55720516323457,46.21875943070773,48.09589623678585,12.023974059196462,75.28675703286498,20.0,355.58492275651156,0.002812267720037035,0.8200000000000001,72.28675703286498,9.425503492211087,0.002812267720037035,0.42184015800555524,10.574496507788913,100.51500370638912,0.46722097950568287,11.976525478320745,1.4526653770879632,48.09589623678585,0.26699513094957295,0,163.3162565225556,BW-001,2027-03-15 13:49:27.864653,18
64.78376983753206,26.27946872333797,27.12942058340277,37.470652741667905,1.6564507699318414,5.629960807975035,82.10448598637191,37.68030456901281,46.22450382622094,11.556125956555233,72.04902761936998,20.0,373.2804614575292,0.0026789508245230703,0.81,69.04902761936998,9.496135665507706,0.0026789508245230703,0.4018426236784605,10.503864334492294,98.1145839184886,0.4621641868977452,12.005849122211753,1.3205737057673905,46.22450382622094,0.2660658178579952,0,163.71612439379663,BW-001,2027-03-25 13:49:27.864653,19
79.75182385457563,25.136396976291962,23.130492220302596,24.610059041858285,0.6618371404899567,3.0863480289400167,92.65411767020856,47.4061910270693,28.596285344462462,7.149071336115615,71.53281669726184,20.0,376.18205247560786,0.002658287372880027,0.8,68.53281669726184,9.507718783196921,0.002658287372880027,0.398743105932004,10.492281216803079,36.29776966339383,0.5193543851199789,10.979886376024309,4.394309876014507,28.596285344462462,0.20817556689089056,0,149.7257233094224,BW-001,2027-04-04 13:49:27.864653,20
61.25716742746937,25.818462467582684,21.77227177291592,36.205696587952865,1.8613497108891395,5.11223930429767,76.38892484526733,37.727429511735394,39.05184640070164,9.76296160017541,69.94478903912278,20.0,385.25044265227126,0.0025957140843640885,0.79,66.94478903912278,9.543921948953995,0.0025957140843640885,0.38935711265461326,10.456078051046005,78.67771745741217,0.4802077671222559,11.735005023489668,1.557166867750772,39.05184640070164,0.24574795413135353,0,160.0227957748591,BW-001,2027-04-14 13:49:27.864653,21
69.971689165955,24.46229753821378,27.066613662516584,29.49115597179894,0.6154698647431895,3.0436339970036457,80.51762676419791,46.79835373709266,24.50661861775634,6.126654654439085,68.61434481240384,20.0,393.01598549443986,0.002544425766147742,0.78,65.61434481240384,9.574926420964676,0.002544425766147742,0.3816638649221613,10.425073579035324,31.076738207397078,0.5268763741198792,10.91598929991118,4.503155298923868,24.50661861775634,0.19959352437418643,0,148.85439954424336,BW-001,2027-04-24 13:49:27.864653,22
71.59005811655072,22.967327723524026,29.156371828110878,43.39488910954601,1.4501056347656351,4.176732135299197,83.12424766071187,53.08317388987497,34.718771642706436,8.67969291067661,68.24198112998401,20.0,395.21730063924656,0.002530253605756995,0.77,65.24198112998401,9.583715737863463,0.002530253605756995,0.37953804086354925,10.416284262136537,57.52793489739985,0.4892859118935131,11.45777877889802,2.488879819664323,34.718771642706436,0.23429442900079542,0,156.2424378940639,BW-001,2027-05-04 13:49:27.864653,23
94.85842360750871,26.822032461394688,20.23884070663243,45.421415963759465,1.3090133628734761,4.044766401069901,85.41968467479433,50.67306025482286,34.55026705625936,8.63756676406484,70.80651021533579,20.0,380.3028106640132,0.0026294835903368377,0.76,67.80651021533579,9.524169411695182,0.0026294835903368377,0.39442253855052567,10.475830588304818,56.051575344570466,0.49675865894993987,11.366672534557814,3.384683589154371,34.55026705625936,0.2292584000534018,0,155.0000800166975,BW-001,2027-05-14 13:49:27.864653,24
92.2976062065625,27.37654779954096,21.816041699662367,26.64124618866424,0.8419027438129125,4.1896283469638105,88.66260100683621,52.2472741749349,37.14633464937831,9.286583662344578,72.19941370620879,20.0,372.43936766184936,0.002685000799668242,0.75,69.19941370620879,9.492778096547024,0.002685000799668242,0.4027501199502363,10.507221903452976,60.68924676674537,0.4897732001782788,11.44207317952151,3.0416461275685798,37.14633464937831,0.23555292579648252,0,156.02827062983877,BW-001,2027-05-24 13:49:27.864653,25
77.08431154505026,26.90808859553496,28.328766999076123,24.166851132748576,1.2661209538663485,5.848561870972926,74.41220442787113,53.53175250322989,43.520438155188984,10.880109538797244,72.94173823992088,20.0,368.3153075057016,0.0027150649989873686,0.74,69.94173823992088,9.476315678146667,0.0027150649989873686,0.4072597498481053,10.523684321853333,96.58427095100228,0.47056605209521,11.948586748873062,1.5962083843684143,43.520438155188984,0.25556271943567377,0,162.93527384826905,BW-001,2027-06-03 13:49:27.864653,26
76.69644012595116,23.332646862824383,19.438384408004193,32.10276411368707,1.9143645558687787,4.476348879238614,77.74733164896875,44.182715124765224,34.80241808906541,8.700604522266353,72.69788097574691,20.0,369.6650199783386,0.0027051518157130403,0.73,69.69788097574691,9.481703375706031,0.0027051518157130403,0.405772772356956,10.518296624293969,64.55759042944507,0.504163428729853,11.418002398433039,2.3760626632982103,34.80241808906541,0.22690756629038628,0,155.7000327059051,BW-001,2027-06-13 13:49:27.864653,27
72.92811728083021,25.112743730460195,26.436227506742135,32.72711045710305,1.957673124081441,5.940097725856431,84.77854281978608,41.57503220575016,50.35928294052333,12.589820735130832,71.95244884836492,20.0,373.8216178676605,0.0026750726876208046,0.72,68.95244884836492,9.498295928244216,0.0026750726876208046,0.4012609031431207,10.501704071755784,111.55748443202886,0.45314178510684644,12.194084504857628,1.3074535994089176,50.35928294052333,0.2800107618287092,0,166.28297052078582,BW-001,2027-06-23 13:49:27.864653,28
98.49789179768445,23.510693774952184,23.966982070708625,31.221079435602473,0.9272607415662014,4.900202562950177,77.2043685633458,36.517266562173276,37.83170447050572,9.45792611762643,74.46110396830079,20.0,360.0161527746131,0.002777653147763197,0.71,71.46110396830079,9.443189470889687,0.002777653147763197,0.4166479721644795,10.556810529110313,72.54153722068652,0.4902025534750454,11.555056257803658,2.7156273652716587,37.83170447050572,0.2341105274007363,0,157.5689489700499,BW-001,2027-07-03 13:49:27.864653,29
61.47547789418131,25.65738600387938,24.032148278746337,25.235490029999745,0.9179696963549171,3.386639165731948,73.84137516873318,38.03805387024589,25.007409319793833,6.251852329948458,71.687924726489,20.0,375.30783700190625,0.002664479399067067,0.7,68.687924726489,9.504228887331575,0.002664479399067067,0.39967190986006007,10.495771112668425,35.527119293650834,0.5256570028389442,10.92878146074783,3.4607634458652994,25.007409319793833,0.1959503821665513,0,149.02883810110677,BW-001,2027-07-13 13:49:27.864653,30
96.33063543866615,23.437371344001836,19.738738465094677,35.74686624666151,1.978475681165901,3.41648151794823,89.22624234409643,38.637601687982894,30.483980788457522,7.620995197114381,74.49641372368802,20.0,359.82552202815833,0.002779124711230863,0.69,71.49641372368802,9.442428603412768,0.002779124711230863,0.41686870668462944,10.557571396587232,44.14138023916017,0.5146835600514694,11.037117815356005,4.3646408389018205,30.483980788457522,0.20956092590330588,0,150.50615202758186,BW-001,2027-07-23 13:49:27.864653,31
69.68221086046002,26.03281328443527,27.139435383944612,29.70330105581759,1.5923245229177894,4.03700184997159,96.90365229718036,44.479232805257446,39.12002235927208,9.780005589818021,72.8330141845848,20.0,368.9164685856034,0.002710640714506243,0.6799999999999999,69.8330141845848,9.478715345146233,0.002710640714506243,0.40659610717593647,10.521284654853767,63.201075105341864,0.4915038269955721,11.456666915114893,2.205095743840293,39.12002235927208,0.24107501510658796,0,156.2272761152031,BW-001,2027-08-02 13:49:27.864653,32
74.71132530877013,25.793834983561478,25.602356529130738,36.8585924177942,0.6354346550816125,5.002673215563082,75.1695961360489,38.845780376173416,37.604892521450594,9.401223130362647,72.77538271738052,20.0,369.2355244335648,0.0027082984540398045,0.6699999999999999,69.77538271738052,9.479988933495054,0.0027082984540398045,0.40624476810597066,10.520011066504946,73.00409891869782,0.4904410327729009,11.605623516490393,2.0467706996006783,37.604892521450594,0.23612029906823812,0,158.25850249759628,BW-001,2027-08-12 13:49:27.864653,33
93.41209982356952,23.924680389830414,20.238222124798252,24.978603397314334,1.3863394147823627,3.1226058487994366,75.06805189216493,40.57180678063917,23.440793789645383,5.860198447411346,73.76119899768445,20.0,363.8157193143792,0.0027486442913586245,0.6599999999999999,70.76119899768445,9.458355102085296,0.0027486442913586245,0.41229664370379365,10.541644897914704,31.8012739899561,0.5368592527593034,10.783007860706764,5.874739474467102,23.440793789645383,0.18728069509313167,0,147.04101628236498,BW-001,2027-08-22 13:49:27.864653,34
87.1025744736913,22.099526973567137,24.14511669959137,29.435898604750513,1.4677591856141747,3.5310314528302404,72.66107601271167,37.412717422012015,25.656854479737383,6.414213619934346,74.72444943121911,20.0,358.5968286083891,0.002788647082799677,0.6499999999999999,71.72444943121911,9.437524542401706,0.002788647082799677,0.4182970624199515,10.562475457598294,38.83538818715948,0.528421736685795,10.910299239391724,4.485732139661778,25.656854479737383,0.193101896848308,0,148.77680780988715,BW-001,2027-09-01 13:49:27.864653,35
66.97465716019965,26.145626428614797,22.64082415560645,46.48151972968163,0.7062814162189899,4.382336304098177,76.19001155217377,42.28539722096151,33.389025363475064,8.347256340868766,73.40377309044536,20.0,365.7715149729585,0.0027339471748474725,0.64,70.40377309044536,9.466161750463538,0.0027339471748474725,0.41009207622712085,10.533838249536462,58.912712077801345,0.5077540020083602,11.341224081615723,2.273691188134457,33.389025363475064,0.2210282057034711,0,154.65305565839623,BW-001,2027-09-11 13:49:27.864653,36
73.64265404201034,22.680841127443536,29.096323419342752,45.05614448114355,0.8869124415727334,4.5102518125645705,90.71184485888097,35.78624279682198,40.9133262695844,10.2283315673961,71.03986203042093,20.0,378.9739724046421,0.0026387036388141965,0.63,68.03986203042093,9.518864431212233,0.0026387036388141965,0.39580554582212946,10.481135568787767,69.82759746097429,0.474621533047782,11.645346040219014,2.1092707387839953,40.9133262695844,0.25006994595334064,0,158.80017327571383,BW-001,2027-09-21 13:49:27.864653,37
86.39936184136715,26.903333201207296,24.66240973919355,36.71161388054416,0.8627784363506775,5.398231196727128,88.83701168472723,36.63518063897744,47.95627279005069,11.989068197512672,71.81749863576657,20.0,374.57909387269365,0.00266966314019614,0.62,68.81749863576657,9.501319746523496,0.00266966314019614,0.40044947102942097,10.498680253476504,93.97318179944524,0.45562607381773457,12.016650798537722,1.838808906689104,47.95627279005069,0.2722279707953104,0,163.86341998005986,BW-001,2027-10-01 13:49:27.864653,38
63.72411071223597,27.38329454771996,28.805016685959966,39.19443497455843,1.008544686573051,5.620735872320331,97.6261720159544,36.22155919709728,54.873092712739016,13.718273178184754,70.21582921870363,20.0,383.6873470308044,0.0026062887080811523,0.61,67.21582921870363,9.537681462919808,0.0026062887080811523,0.3909433062121728,10.462318537080192,106.64387469682302,0.4320977452520401,12.305089343969456,1.1950824347558022,54.873092712739016,0.29801651315170474,0,167.79667287231078,BW-001,2027-10-11 13:49:27.864653,39
73.96838298450643,26.355734073221434,28.765323119430924,45.290074182362815,1.669813318786436,3.830632944441611,94.18603839379185,49.96519380767317,36.07921415777015,9.019803539442538,69.99521758730721,20.0,384.95913853383405,0.002597678298555601,0.6,66.99521758730721,9.54275894222121,0.002597678298555601,0.3896517447833402,10.45724105777879,55.42969700141772,0.4914558911324079,11.388339567756763,2.668908075850191,36.07921415777015,0.23575178875271738,0,155.2955395603195,BW-001,2027-10-21 13:49:27.864653,40
85.68126584617151,22.504839789970294,19.939544569135364,45.5653005246499,1.4096435894893848,3.553563058069132,76.28047970010131,42.40944205582764,27.106749471407237,6.776687367851809,69.6571652549056,20.0,386.9161411300928,0.002584539370932499,0.59,66.6571652549056,9.55057217131267,0.002584539370932499,0.38768090563987484,10.44942782868733,40.58040552060355,0.5202118941166339,11.071579660276415,4.222790026219392,27.106749471407237,0.2064306739103853,0,150.97608627649657,BW-001,2027-10-31 13:49:27.864653,41
60.36788206466519,22.60882925719619,25.96202122929667,24.121478012309247,0.741212077126248,4.453568955573064,88.54764314590888,42.378272791395446,39.43530346037818,9.858825865094545,65.5811615101798,20.0,411.3103488072872,0.002431254168293572,0.5800000000000001,62.5811615101798,9.64797655616848,0.002431254168293572,0.3646881252440358,10.35202344383152,66.32934376216872,0.4757811228917418,11.719014290155108,1.8202466251172629,39.43530346037818,0.25484411617678004,0,159.80474032029696,BW-001,2027-11-10 13:49:27.864653,42
81.94935157466344,26.15137118615616,25.823535114031205,29.382463427053434,1.5682688320213038,4.3876041483994435,92.4241281440127,35.73366405781196,40.552048805687186,10.138012201421798,67.9027147927888,20.0,397.23368586455894,0.0025174098662442256,0.5700000000000001,64.9027147927888,9.591766829557761,0.0025174098662442256,0.37761147993663385,10.408233170442239,68.08288844927507,0.4702905676575077,11.683017037308739,2.407340623796228,40.552048805687186,0.25434360177832493,0,159.3138686905737,BW-001,2027-11-20 13:49:27.864653,43
69.489963499872,23.952398188955605,26.957896861416287,39.59118957713315,1.7738351157412668,3.7573108330320624,91.40048757653658,52.904136753743984,34.34200421157333,8.585501052893333,67.40425524552225,20.0,400.2148909002171,0.0024986576530190213,0.56,64.40425524552225,9.603670553460516,0.0024986576530190213,0.37479864795285317,10.396329446539484,51.655278135610644,0.4890519948094055,11.38258185655448,2.690527125512322,34.34200421157333,0.23453781464197623,0,155.217025316652,BW-001,2027-11-30 13:49:27.864653,44
86.30451569201374,25.40985162001283,19.12409721393711,32.8251792734264,0.8978035515225882,4.5350323263469985,85.96340455795946,37.14344022679552,38.98468185531911,9.746170463829777,68.53484638941964,20.0,393.4849273056946,0.002541393406978229,0.55,65.53484638941964,9.576798776805628,0.002541393406978229,0.3812090110467344,10.423201223194372,67.3140607162836,0.4773918137751734,11.650486630151752,2.56423441918833,38.98468185531911,0.24799441770943875,0,158.87027222934205,BW-001,2027-12-10 13:49:27.864653,45
69.75958573516334,27.83806332851467,22.717172696001125,45.409117324250715,1.4467079389958943,4.3422371004703635,85.9785179936507,39.849410072694596,37.333911067548875,9.333477766887219,68.53836168541993,20.0,393.46417961283953,0.002541527416762509,0.54,65.53836168541993,9.576715936795216,0.002541527416762509,0.38122911251437636,10.423284063204784,63.73532468793048,0.4849441924617148,11.562321470571897,2.189039942189976,37.333911067548875,0.24248562410901475,0,157.66802005325314,BW-001,2027-12-20 13:49:27.864653,46
91.79245214166593,25.015822558631154,24.92284661551631,35.82042465165273,0.7928644816970667,3.807729692848143,81.31852489313869,35.40142395555453,30.963896181421507,7.740974045355377,70.08108250857639,20.0,384.4636404048095,0.0026010261957335676,0.53,67.08108250857639,9.540780716089438,0.0026010261957335676,0.3901539293600351,10.459219283910562,47.07428658300767,0.5022028823690178,11.228317385631511,3.899897749052669,30.963896181421507,0.21855207939284788,0,153.11341889497515,BW-001,2027-12-30 13:49:27.864653,47
88.89808461046022,23.684634174645133,18.291791597177447,39.49133510177202,0.7656660191105734,3.966237496749535,76.34344020989634,41.54994704355829,30.279621519134707,7.569905379783677,71.11899826391773,20.0,378.52438070834387,0.002641837754621434,0.52,68.11899826391773,9.517069590307326,0.002641837754621434,0.3962756631932151,10.482930409692674,48.887056231803335,0.5124348078968887,11.215733667757323,3.6368761575227686,30.279621519134707,0.2144893859429522,0,152.94182274214532,BW-001,2028-01-09 13:49:27.864653,48
97.61834337411656,27.723571462015524,28.978372682645382,32.883808806130666,0.5231849247933011,3.3592863954577536,96.71581842219685,46.87184907108097,32.48961330512482,8.122403326281205,74.34242793733772,20.0,360.65760286225895,0.0027727129334409635,0.51,71.34242793733772,9.445749713499158,0.0027727129334409635,0.41590694001614453,10.554250286500842,44.14770390108535,0.5129603130142439,11.089176089694332,4.422352002397871,32.48961330512482,0.2164959918757604,0,151.2160375867409,BW-001,2028-01-19 13:49:27.864653,49
97.13274250350901,24.569104889903887,29.599857828524037,47.12687945014207,1.7795141832010402,5.037306957433469,93.67513715822015,44.96884397858115,47.18704201456368,11.79676050364092,77.15179877670961,20.0,345.77507006268246,0.00289205349540879,0.5,74.15179877670961,9.386353840433065,0.00289205349540879,0.4338080243113185,10.613646159566935,92.23151408101755,0.4739460994543236,11.806172932174334,2.1062809923772075,47.18704201456368,0.26102266106735034,0,160.99326725692273,BW-001,2028-01-29 13:49:27.864653,50
71.77795568278343,24.310586371611553,28.213640058202284,31.606128123750665,0.7542391200291387,3.260760864262271,86.11319625455644,46.736822360417584,28.0794540243394,7.01986350608485,73.84297690993004,20.0,363.3697115726553,0.0027520180360438525,0.49,70.84297690993004,9.456574866581171,0.0027520180360438525,0.4128027054065779,10.543425133418829,38.22541271323678,0.5257368600690766,10.948014639873257,3.7555097820004963,28.0794540243394,0.20260909355292794,0,149.29110872554443,BW-001,2028-02-08 13:49:27.864653,51
82.27205049833401,27.616928644964688,26.352357560099676,37.68146808214476,0.6457647406561529,5.23631842255299,82.94978638689038,37.55160605591128,43.43514946045094,10.858787365112732,75.07798772158166,20.0,356.7001963983218,0.002803474767037456,0.48,72.07798772158166,9.429954694706204,0.002803474767037456,0.4205212150556184,10.570045305293796,85.5483155728301,0.47521930882682023,11.777118953917414,1.9234055036020692,43.43514946045094,0.251793890454333,0,160.59707664432835,BW-001,2028-02-18 13:49:27.864653,52
84.6002890679668,27.94032310062558,19.681008182838287,36.43991165672968,1.816059607891933,3.8513277173961735,80.89246889195906,47.91834482663202,31.154340757220965,7.78858518930524,75.58434597689455,20.0,354.00118802573485,0.00282484927685413,0.47,72.58434597689455,9.4191827075394,0.00282484927685413,0.4237273915281195,10.5808172924606,50.94501465696269,0.5180580434343333,11.120900518298804,3.321239168841987,31.154340757220965,0.21004815893179035,0,151.6486434313473,BW-001,2028-02-28 13:49:27.864653,53
89.63074471016817,26.182094445971607,26.42980900784531,32.627787629274124,0.94038776639674,4.712334914006735,80.68290177693538,54.730304975859596,38.02048550068287,9.505121375170717,76.6848866841577,20.0,348.2052687202216,0.002871869238726215,0.45999999999999996,73.6848866841577,9.396051927774455,0.002871869238726215,0.43078038580893224,10.603948072225545,70.37994242496549,0.4919064149748471,11.475902622702721,2.547053652558089,38.02048550068287,0.23119653228500936,0,156.48958121867346,BW-001,2028-03-09 13:49:27.864653,54
92.37444621914054,26.860680368075084,28.404867822961243,45.91777326135531,1.2670135982914066,4.817324458070662,77.11680375207983,37.03564945240807,37.14966648431295,9.287416621078238,78.9819130506468,20.0,336.4120550857634,0.0029725450823843524,0.44999999999999996,75.9819130506468,9.348992333560737,0.0029725450823843524,0.44588176235765287,10.651007666439263,72.14032176676075,0.4998759638229175,11.423603106486576,2.560965738905335,37.14966648431295,0.22475583814010552,0,155.77640599754423,BW-001,2028-03-19 13:49:27.864653,55
80.06065178748798,26.78977107380065,25.79956716933318,40.84720505418488,1.6936890041541517,3.458577417552996,77.37873185153525,38.21362746519112,26.76203345806086,6.690508364515213,77.37077784370261,20.0,344.6411708002102,0.0029015686015635774,0.43999999999999995,74.37077784370261,9.3818289478776,0.0029015686015635774,0.4352352902345366,10.6181710521224,40.091597440655434,0.530397614673424,10.873141170453266,3.993886844044851,26.76203345806086,0.19259912943359925,0,148.27010686981728,BW-001,2028-03-29 13:49:27.864653,56
95.60021367270265,24.027970941109213,22.50699543167933,26.255566556180856,1.3674202114942609,3.559701072153917,78.55285506081542,38.467471905895096,27.96246823807359,6.990617059518398,77.66200212776849,20.0,343.13893616973576,0.0029142714352455297,0.42999999999999994,74.66200212776849,9.375834300043595,0.0029142714352455297,0.43714071528682946,10.624165699956405,42.46576772753671,0.5274716144745936,10.923370006251933,4.502460159725839,27.96246823807359,0.19614990831116602,0,148.95504553979907,BW-001,2028-04-08 13:49:27.864653,57
61.43769095186968,24.79358810879476,24.51173561649092,30.876990051078828,1.3862498908535161,5.690296273879276,72.40701236984927,45.49022779140509,41.201735269088395,10.300433817272097,74.9660592434082,20.0,357.2995730646199,0.002798771886075396,0.42000000000000004,71.9660592434082,9.432346910630315,0.002798771886075396,0.4198157829113094,10.567653089369685,92.70927939456033,0.4886291580186206,11.803309605106987,1.325383852686369,41.201735269088395,0.24452898948301394,0,160.95422188782257,BW-001,2028-04-18 13:49:27.864653,58
61.220009997561974,22.224089132495287,27.871206727915897,32.64457539387031,0.6905907689778272,4.231190480968984,99.47135850725819,37.24077804336105,42.088226524496406,10.522056631124102,71.66390824718621,20.0,375.4430649516811,0.0026635197007266556,0.41000000000000003,68.66390824718621,9.504768719470041,0.0026635197007266556,0.39952795510899836,10.495231280529959,66.83768914823219,0.4735417815958707,11.610657151735413,1.8319008564700265,42.088226524496406,0.2529270079004924,0,158.32714297821016,BW-001,2028-04-28 13:49:27.864653,59
80.88973040219217,26.619961318591663,20.589852329962117,38.949371419656,0.628021197490652,4.193566797137224,99.08411299826106,52.310142517879605,41.551584639330045,10.387896159832511,72.39471329388232,20.0,371.34990540339805,0.0026928780254129813,0.4,69.39471329388232,9.48842910939218,0.0026928780254129813,0.4039317038119472,10.51157089060782,65.72158473891432,0.4767827988384408,11.570660520220938,2.46158794628994,41.551584639330045,0.24991025375211956,0,157.78173436664918,BW-001,2028-05-08 13:49:27.864653,60
62.067268846744305,25.188127789408888,24.48762145932128,39.298317635956955,1.5891370005839924,5.451216212847839,77.7370848113482,38.41775174780132,42.376165706314886,10.59404142657872,69.50075649033899,20.0,387.8249629553388,0.0025784828093058008,0.39,66.50075649033899,9.554200644981824,0.0025784828093058008,0.3867724213958701,10.445799355018176,88.42883367472868,0.47019728579447706,11.912828065580369,1.4037789772292786,42.376165706314886,0.2576013745743179,0,162.4476554397323,BW-001,2028-05-18 13:49:27.864653,61
99.03408317850139,25.09780208980717,21.875477675294952,43.084468674448885,0.9062483768931113,5.005929659773293,97.88127967382758,46.1352578602786,48.998680105577826,12.249670026394456,72.418770773816,20.0,371.2159234359015,0.002693849958655321,0.38,69.418770773816,9.487894274947093,0.002693849958655321,0.4040774937982981,10.512105725052907,90.0314516751506,0.4601064662727252,11.956010028865599,2.199988589228437,48.998680105577826,0.2746937107160299,0,163.03650039362182,BW-001,2028-05-28 13:49:27.864653,62
77.55885682822544,22.470738288053596,18.30420892098549,47.1035619522702,1.7539701807683088,4.7148380684096995,78.39937280980853,50.38985866383874,36.964034746312954,9.241008686578239,70.56494061202835,20.0,381.683354370559,0.002619972782541482,0.37,67.56494061202835,9.529680886862595,0.002619972782541482,0.3929959173812223,10.470319113137405,69.77361833673388,0.4893743524627299,11.578622073553564,2.2231570807728303,36.964034746312954,0.2377184554655442,0,157.89030100300315,BW-001,2028-06-07 13:49:27.864653,63
87.83896824374793,24.45371766648562,20.079531840850148,27.754489024106064,0.875364347246893,3.56113124567257,79.71037709212732,43.50872877232834,28.38591144671176,7.096477861677942,70.4493473823301,20.0,382.34572862426273,0.002615433951879494,0.36,67.4493473823301,9.532325277692914,0.002615433951879494,0.3923150927819241,10.467674722307086,41.81158118597719,0.5189705119028183,11.093186507032916,4.201657328051849,28.38591144671176,0.20932342340965135,0,151.2707250959034,BW-001,2028-06-17 13:49:27.864653,64
81.96906658824481,26.287575536200375,25.922368520612775,30.718413526702626,1.9322979209947913,4.522831136053365,77.27229197245241,37.29673649478407,34.94895280872143,8.737238202180356,71.95224166886426,20.0,373.8227795921076,0.0026750643743303666,0.35,68.95224166886426,9.498300565789553,0.0026750643743303666,0.401259656149555,10.501699434210447,64.41083081859612,0.49550082484529323,11.448325929840745,2.545195134001576,34.94895280872143,0.22864334324003704,0,156.11353540691925,BW-001,2028-06-27 13:49:27.864653,65
89.51587666783074,25.326124315068405,25.340648954812227,34.07040149826696,0.8715964842517362,4.831860127324898,78.65891659720768,46.624764428452245,38.00688827646224,9.50172206911556,73.90970378230108,20.0,363.00619565958846,0.002754773918343137,0.33999999999999997,70.90970378230108,9.45512390329649,0.002754773918343137,0.41321608775147056,10.54487609670351,72.5306854317911,0.49560000859691417,11.5586034563972,2.468358768014477,38.00688827646224,0.235591486286084,0,157.6173198599618,BW-001,2028-07-07 13:49:27.864653,66
74.23890714605047,26.547076662786214,18.172721863557072,26.78574337216599,0.5690039630326291,3.463088145822607,84.43420305564453,45.651788651031715,29.240308770398148,7.310077192599537,72.77669360170006,20.0,369.2282641290578,0.0027083517085530217,0.32999999999999996,69.77669360170006,9.479959952188354,0.0027083517085530217,0.40625275628295326,10.520040047811646,41.696230507848234,0.5214507577691075,11.046739948792698,3.56094094079209,29.240308770398148,0.2082361751400445,0,150.63736293808228,BW-001,2028-07-17 13:49:27.864653,67
61.62915209275881,27.13276350406604,26.443894312560282,35.3801718980958,0.6467512409765022,3.1554706104672805,80.09812834581761,37.68829353877948,25.274728994866365,6.318682248716592,71.42431361462602,20.0,376.7948046664978,0.002653964406131085,0.31999999999999995,68.42431361462602,9.510164928622888,0.002653964406131085,0.3980946609196627,10.489835071377112,33.07853841424563,0.524001654128687,10.896515210605438,3.7262318740309004,25.274728994866365,0.19728753804950389,0,148.58884378098324,BW-001,2028-07-27 13:49:27.864653,68
79.6646350046733,24.840830624683395,20.07842243892018,34.412439581711354,1.09775710159606,3.1901249114183035,99.69880697169836,41.44707689949446,31.80516477590998,7.951291193977495,71.21313071584741,20.0,377.9902864430316,0.002645570629367784,0.30999999999999994,68.21313071584741,9.514937412730164,0.002645570629367784,0.3968355944051676,10.485062587269836,41.34637645516604,0.5078907836605083,11.104141071333085,3.85352438761146,31.80516477590998,0.2194143018526094,0,151.42010551817845,BW-001,2028-08-06 13:49:27.864653,69
84.63400392208865,25.810561905205862,18.543648117264535,32.99070275103531,1.4387898735713547,5.429623337563905,77.63921964291292,48.63005444447859,42.155171888340995,10.538792972085249,71.98345731384416,20.0,373.6477837772619,0.002676317225518773,0.3,68.98345731384416,9.497601991987755,0.002676317225518773,0.401447583827816,10.502398008012245,88.64860011725303,0.4778391264922009,11.845170959272059,1.9094267435728398,42.155171888340995,0.2526115747609819,0,161.52505853552807,BW-001,2028-08-16 13:49:27.864653,70
80.12545034320351,27.138939047129934,25.90432357942734,27.910426249954313,0.6058531211006448,5.280683579669059,87.86916221823533,44.43152377100317,46.40092420851122,11.600231052127805,72.66134536766319,20.0,369.86766454571824,0.002703669706375192,0.3,69.66134536766319,9.482512286602544,0.002703669706375192,0.4055504559562788,10.517487713397456,90.83632805526528,0.4689415166868513,11.92763510037202,1.7641719355818695,46.40092420851122,0.26563004672541957,0,162.64956955052753,BW-001,2028-08-26 13:49:27.864653,71
85.69677112825262,22.15906786324973,25.02930697528156,46.56552579419898,1.3632112668138183,4.235522742441805,80.46604799628986,53.59058288495652,34.081577628269955,8.52039440706749,73.6584563329979,20.0,364.3768425348883,0.0027444115082704583,0.3,70.6584563329979,9.460594833086356,0.0027444115082704583,0.41166172624056874,10.539405166913644,58.381590334628754,0.5000951041427691,11.327059247476011,2.935746376111375,34.081577628269955,0.22291831152136632,0,154.45989882921833,BW-001,2028-09-05 13:49:27.864653,72
75.52679704826087,25.859729310654117,23.4990346858982,37.09480294358244,1.9121972131647877,5.491858223363187,98.95080731999538,37.485944469710894,54.342380488874284,13.585595122218571,71.90010990276453,20.0,374.1152145414605,0.0026729733545471117,0.3,68.90010990276453,9.499467953189708,0.0026729733545471117,0.40094600318206675,10.500532046810292,107.2806014461772,0.43736908594810553,12.225103917504708,1.4080233710500356,54.342380488874284,0.2933758326586857,0,166.70596251142783,BW-001,2028-09-15 13:49:27.864653,73
75.44410551203097,27.767143382943487,28.864207703472765,28.698987234943115,0.6040419513127482,5.192602425610932,98.15021370463114,38.624661323313205,50.9655037756899,12.741375943922476,71.85153847740028,20.0,374.3878834971087,0.002671026611916843,0.3,68.85153847740028,9.500556438926841,0.002671026611916843,0.4006539917875265,10.499443561073159,93.81957713456937,0.44846840086686696,12.065037132381319,1.608280655620912,50.9655037756899,0.2822013776347656,0,164.52323362338163,BW-001,2028-09-25 13:49:27.864653,74
64.03112005509706,22.1093309539093,19.13331552907114,40.39216256199256,0.6067829726903435,3.1994888021003325,92.23361947870177,46.48946226359824,29.510043269928943,7.377510817482234,69.27536383051789,20.0,389.1383754549763,0.0025697799627980946,0.3,66.27536383051789,9.559444504278053,0.0025697799627980946,0.3854669944197142,10.440555495721947,38.32211392055979,0.5134080179224556,11.08175256033784,3.3417321491100944,29.510043269928943,0.21510832353625603,0,151.11480764097053,BW-001,2028-10-05 13:49:27.864653,75
72.75902521175045,27.069251865816728,18.27926322882991,43.547243582134456,0.9227821621600999,5.525486330274816,74.19317129878868,50.905346237197804,40.99533538111947,10.248833845279867,68.56710957008252,20.0,393.2945472469402,0.002542623606149627,0.3,65.56710957008252,9.57603864054468,0.002542623606149627,0.38139354092244404,10.42396135945532,85.58058861163552,0.4733556390059928,11.908135516476309,1.7003628133928996,40.99533538111947,0.25463948211114695,0,162.38366613376783,BW-001,2028-10-15 13:49:27.864653,76
64.72659310486625,26.180422992184905,25.547314161358607,45.05932832464927,1.6026065657058286,3.6048819601432336,74.90967828597114,38.28531595861986,27.004054789323067,6.751013697330767,66.6974065995127,20.0,404.48083657687204,0.0024723050131695147,0.3,63.6974065995127,9.620704689447305,0.0024723050131695147,0.3708457519754272,10.379295310552695,40.48168273641921,0.5105842384032814,11.149021382015826,3.197821272712816,27.004054789323067,0.21135776693747182,0,152.03210975476128,BW-001,2028-10-25 13:49:27.864653,77
92.13923721539393,23.69220743542784,20.129274525356674,42.0147540393806,1.710252108900896,5.443724160694146,89.955916620886,45.46130849538238,48.96951967065053,12.242379917662632,68.19224364446346,20.0,395.5122673788646,0.002528366582981588,0.3,65.19224364446346,9.584893481921313,0.002528366582981588,0.37925498744723823,10.415106518078687,98.87122029522526,0.4539430843973676,12.139879491773803,1.8638232023488754,48.96951967065053,0.2818854124491611,0,165.54381125146094,BW-001,2028-11-04 13:49:27.864653,78
99.62020568002694,24.475706061468557,22.4642170295134,42.63391105780792,1.0112053103795269,4.076491452370508,96.31601622439325,42.84890214845271,39.26314168651183,9.815785421627957,71.06937142602483,20.0,378.80626013240976,0.002639871895597647,0.3,68.06937142602483,9.518194896412187,0.002639871895597647,0.39598078433964706,10.481805103587813,62.31416113538138,0.48649593424656273,11.508417581599096,3.1973536629529797,39.26314168651183,0.24451901699476236,0,156.93296702180584,BW-001,2028-11-14 13:49:27.864653,79
97.23029302414258,27.15047651105807,23.14792832850022,42.02090562699594,1.6318143111270236,5.449798318414731,83.17404725710655,42.53888858849815,45.32817828775267,11.332044571938168,73.72814397445975,20.0,363.9961530982763,0.002747281781656652,0.3,70.72814397445975,9.45907530439747,0.002747281781656652,0.4120922672484978,10.54092469560253,95.07082552930206,0.47212154601782047,11.905789624708632,2.045428605101887,45.32817828775267,0.2602927735553251,0,162.35167670057226,BW-001,2028-11-24 13:49:27.864653,80
64.12495475343731,27.415317440077402,24.063028469374288,43.8349791865858,0.9800744015459176,4.38803935700882,79.04133622492427,49.95218760352502,34.683649418553465,8.670912354638364,71.221229103927,20.0,377.94437255135296,0.002645892021752819,0.3,68.221229103927,9.514754118729883,0.002645892021752819,0.3968838032629229,10.485245881270117,60.57390483433703,0.4978058167724622,11.42989484416378,2.117246855021548,34.683649418553465,0.22899547649391744,0,155.86220242041517,BW-001,2028-12-04 13:49:27.864653,81
95.82092913984802,24.33521007240498,18.13005181776358,45.729167434062326,0.6369300151792003,4.508161170277438,76.96638085440452,52.991491465491364,34.697684958461124,8.674421239615281,72.65329423168679,20.0,369.9123350659352,0.0027033432119038543,0.3,69.65329423168679,9.482690601377133,0.0027033432119038543,0.40550148178557816,10.517309398622867,61.53573173133437,0.497157251008838,11.422212123073061,3.1143183462318498,34.697684958461124,0.22663265038131764,0,155.7574380419054,BW-001,2028-12-14 13:49:27.864653,82
72.7725455036166,27.70037180230483,29.407285763250673,37.76250931495886,1.447755818254699,4.151673664119635,86.30658583341966,53.12944221929094,35.831677944468915,8.957919486117229,71.51040017598886,20.0,376.30856413877876,0.0026573936798079626,0.3,68.51040017598886,9.508223824444899,0.0026573936798079626,0.3986090519711944,10.491776175555101,59.2993863505809,0.49167140903487405,11.410519327713109,2.4544114191462865,35.831677944468915,0.23233149572319667,0,155.59799083245147,BW-001,2028-12-24 13:49:27.864653,83
77.93782087913279,23.759264630188387,21.94397454443899,40.14044294584892,1.62856179415652,4.872713987741976,73.50694122125093,53.796642472269504,35.81783006849166,8.954457517122917,70.74662556600565,20.0,380.6445786477897,0.0026271226653284342,0.3,67.74662556600565,9.525533827589653,0.0026271226653284342,0.3940683997992651,10.474466172410347,69.66812392547956,0.4897345740831172,11.571656014194303,2.237402602157018,35.81783006849166,0.2335861404893091,0,157.79530928446778,BW-001,2029-01-03 13:49:27.864653,84
91.66316174903395,26.737708856767323,19.094473236584285,35.86608731286196,0.5863381400249664,4.883124159214254,80.04716843971258,37.785441453267744,39.08802620846533,9.77200655211633,72.4406444392475,20.0,371.0941456212664,0.0026947339692623075,0.3,69.4406444392475,9.487408158200486,0.0026947339692623075,0.4042100953893461,10.512591841799514,73.04352517518049,0.4843658131602706,11.633642200581878,2.509823054930548,39.08802620846533,0.24162166438126434,0,158.64057546248014,BW-001,2029-01-13 13:49:27.864653,85
81.98115529294942,24.64918300824026,28.652450193099597,32.42196030124989,0.6756005246414087,5.3820755678108885,88.60218267785541,45.66922183952643,47.68636426452028,11.92159106613007,72.6975815525339,20.0,369.6666802763874,0.0027051396659615993,0.3,69.6975815525339,9.481710003229756,0.0027051396659615993,0.4057709498942399,10.518289996770244,94.54129257438181,0.4649805569675646,11.985672762603334,1.7342930916339967,47.68636426452028,0.26985455163131716,0,163.44099221731818,BW-001,2029-01-23 13:49:27.864653,86
65.71966728211343,26.56906379030483,25.418616759795132,26.426944226946965,0.6261602091724962,5.681677749152873,93.65791633673592,38.033497594655024,53.21340992824538,13.303352482061346,71.01162933079138,20.0,379.13449826778634,0.0026375864094902025,0.3,68.01162933079138,9.519505277781821,0.0026375864094902025,0.39563796142353036,10.480494722218179,105.20357889952847,0.43988692700360293,12.249275840749082,1.2493808284768912,53.21340992824538,0.2911183825744872,0,167.03557964657838,BW-001,2029-02-02 13:49:27.864653,87
88.0387652583648,22.43657803818516,27.862320711484273,40.94981345175591,0.6220231709628496,3.9351662033866446,77.45467419443398,49.87892585145354,30.47970161842603,7.619925404606506,72.81661380461945,20.0,369.0072353036148,0.0027099739634568734,0.3,69.81661380461945,9.479077661923348,0.0027099739634568734,0.406496094518531,10.520922338076652,48.6998326529171,0.5133533756893913,11.17745323044457,3.615567465531786,30.47970161842603,0.21230117598583786,0,152.4198167787896,BW-001,2029-02-12 13:49:27.864653,88
63.39350856340768,27.919837471007053,22.491249549073444,32.89541152960538,1.719199350886254,3.100597304207338,87.0966905461395,50.24917371481381,27.005176391274087,6.751294097818521,70.31935823204313,20.0,383.0919678560609,0.002610339249857961,0.3,67.31935823204313,9.535304503080335,0.002610339249857961,0.39155088747869415,10.464695496919665,35.51315576440844,0.5189627934483896,10.962642624003934,3.5701422303303807,27.005176391274087,0.20494484499439852,0,149.49058123641726,BW-001,2029-02-22 13:49:27.864653,89
97.88994309535434,27.916006382937226,27.040538223107298,33.03023005274198,0.6252510750480031,5.6302969102852485,80.26245246147722,51.42514609344026,45.19014381057719,11.297535952644296,74.23672335483789,20.0,361.2299038736957,0.0027683200899935754,0.3,71.23672335483789,9.448033975596026,0.0027683200899935754,0.41524801349903634,10.551966024403974,94.50520838445165,0.4695706359905686,11.926683311869148,2.071630649120066,45.19014381057719,0.2590027838640327,0,162.63659061639746,BW-001,2029-03-04 13:49:27.864653,90
91.08587663709747,25.35042549841483,23.090664110963715,45.752505242273664,0.6667962234592271,3.3318952108656217,95.39356875203555,37.549773246639646,31.78413748722877,7.946034371807191,76.00021042991507,20.0,351.79981355810844,0.002842525667896141,0.3,73.00021042991507,9.410397095608818,0.002842525667896141,0.4263788501844212,10.589602904391182,42.952351833911365,0.5121041518537515,11.027102421022422,4.241252119991444,31.78413748722877,0.21148706902486175,0,150.36957846848756,BW-001,2029-03-14 13:49:27.864653,91
79.70500417163436,22.068121868604514,23.623927703929517,25.351278616364098,0.6782268744021078,4.191861871681102,93.91886097338661,37.99834854697548,39.369489234605766,9.84237230865144,73.2669186367284,20.0,366.5231481045713,0.002728340638705564,0.3,70.2669186367284,9.469161975636828,0.002728340638705564,0.4092510958058346,10.530838024363172,63.42519239536272,0.48508490120956227,11.485549643792679,2.513354746321965,39.369489234605766,0.2411885752133906,0,156.6211315062638,BW-001,2029-03-24 13:49:27.864653,92
64.7010498710842,25.895261812696383,26.95253855118508,38.00085036233183,1.9432588227118128,3.6877541856979246,91.667577051792,49.40073073092149,33.804749096553294,8.451187274138324,72.22237662600843,20.0,372.31110532275335,0.0026859257908332023,0.3,69.22237662600843,9.492266087805701,0.0026859257908332023,0.40288886862498036,10.507733912194299,51.5585262788943,0.5027498329728107,11.240937731327197,2.509809901124728,33.804749096553294,0.22437582858533697,0,153.28551451809813,BW-001,2029-04-03 13:49:27.864653,93
74.99482318094816,23.714272517691164,28.423189538273522,29.366300124466864,1.944833809160917,4.9234428986558925,90.818453334013,45.854488866951925,44.71394691342579,11.178486728356447,70.97935732429548,20.0,379.31807416178356,0.0026363099153917154,0.3,67.97935732429548,9.52023814530195,0.0026363099153917154,0.3954464873087573,10.47976185469805,85.31579146552313,0.47107350439291623,11.843379283781086,1.7580525689960746,44.71394691342579,0.2628419119599543,0,161.50062659701481,BW-001,2029-04-13 13:49:27.864653,94
60.48617898759265,27.819272960245833,18.51791894340691,45.3874347287537,1.2915516636294497,3.7553971767208583,80.37087980511758,38.631954336028514,30.182457511070997,7.545614377767749,69.37055398259099,20.0,388.5831398294807,0.0025734518498121747,0.3,66.37055398259099,9.557227692648961,0.0025734518498121747,0.3860177774718262,10.442772307351039,46.33482324788341,0.5065531121848561,11.210885719994224,2.6108302459254844,30.182457511070997,0.2171831336524142,0,152.8757143635576,BW-001,2029-04-23 13:49:27.864653,95
99.71859184477202,22.442779388412394,24.64625141281585,47.26326085485837,1.2846467662552232,5.725351684000885,87.50175384298362,43.0170283352728,50.09783137179572,12.52445784294893,71.4569949140311,20.0,376.61013777646656,0.0026552657501576356,0.3,68.4569949140311,9.509427725074794,0.0026552657501576356,0.39828986252364534,10.490572274925206,105.17442791224111,0.45447103108513476,12.154445829059915,1.8962516616297356,50.09783137179572,0.279975812572259,0,165.7424431235443,BW-001,2029-05-03 13:49:27.864653,96
85.1759455254105,26.174492133907705,23.45449277721328,39.06139392201752,1.3764714678846504,4.386017410932398,98.41850018835446,38.067028062321604,43.16652553839761,10.791631384599404,71.5907253742662,20.0,375.8554312780807,0.0026605974446066716,0.3,68.5907253742662,9.506414897237505,0.0026605974446066716,0.39908961669100074,10.493585102762495,72.14157208086174,0.47097806108981727,11.67562097345073,2.3613554035096116,43.16652553839761,0.25664504784474956,0,159.21301327432815,BW-001,2029-05-13 13:49:27.864653,97
96.04632041963956,22.272678282048748,21.371558275106764,46.809875617837406,1.8353956758363745,4.758689496050392,85.17666036653398,47.22908470869296,40.5329278994877,10.133231974871926,73.07902991478056,20.0,367.5575886055615,0.0027206620975880162,0.3,70.07902991478056,9.473291099282031,0.0027206620975880162,0.4080993146382024,10.526708900717969,76.86083267864646,0.4859254826929909,11.637956090616955,2.4992266430733903,40.5329278994877,0.24537703624662743,0,158.69940123568574,BW-001,2029-05-23 13:49:27.864653,98
78.22627011142852,25.72079558680922,21.32857419577359,28.514907833370273,1.1955476074099733,3.0543305514625216,96.16371726832455,53.64236564967224,29.371577959484775,7.342894489871194,71.47453354917093,20.0,376.51107239112895,0.0026559643881101467,0.3,68.47453354917093,9.50903224950114,0.0026559643881101467,0.398394658216522,10.49096775049886,36.847098667148316,0.5104223484925209,10.998057738641563,4.245993467115094,29.371577959484775,0.21085858158228793,0,149.9735146178395,BW-001,2029-06-02 13:49:27.864653,99
74.13408912104211,25.501936671105234,18.93281564357982,47.385475383987995,1.9793161167194042,4.695399550767627,90.89952471630677,53.449987623545915,42.68095875179376,10.67023968794844,71.3779228636267,20.0,377.057092823415,0.002652118257508351,0.3,68.3779228636267,9.511212004333357,0.002652118257508351,0.3978177386262527,10.488787995666643,77.6704333129973,0.4706342315307031,11.727737044000998,1.908939758898875,42.68095875179376,0.2553869903530037,0,159.92368696364997,BW-001,2029-06-12 13:49:27.864653,100
88.28954537253594,22.91523425748557,24.915460322001756,38.56116111318854,1.136196006953579,3.094758434476926,98.0863673873107,36.03942567302945,30.355361277908234,7.588840319477058,50.74071498526336,20.0,513.8619933662959,0.0019460477967032106,0.99,47.74071498526336,10.057637277236473,0.0019460477967032106,0.29190716950548157,9.942362722763527,35.03240228122774,0.46424465371274964,11.585060498697816,5.04045053283978,30.355361277908234,0.2553431356029162,0,157.97809770951568,BW-002,2026-09-26 13:49:27.982430,1
89.45776942498891,27.60620208861409,29.106822154881314,34.82014491369917,0.6698570687611329,4.623889005903211,91.27181558352748,52.41938247492171,42.203074462549814,10.550768615637454,56.21738077514879,20.0,473.335645682144,0.0021126657354504914,0.98,53.21738077514879,9.895719331680956,0.0021126657354504914,0.3168998603175737,10.104280668319044,68.7811363595382,0.4449904487160663,12.084212617785713,2.6012297603624397,42.203074462549814,0.2826776085798092,0,164.78471751525973,BW-002,2026-10-06 13:49:27.982430,2
99.39364795849337,27.033388518675604,19.495952174439203,46.100205182816936,1.8048445430931923,5.1422607963972835,94.05184249209375,41.78900385085612,48.36391024760259,12.090977561900647,61.89127913669154,20.0,434.7174464874557,0.002300344759751565,0.97,58.89127913669154,9.741457673804543,0.002300344759751565,0.3450517139627347,10.258542326195457,90.10017767659959,0.4421794585166388,12.218239252657359,2.2062919412934177,48.36391024760259,0.291628268104912,0,166.6123534453276,BW-002,2026-10-16 13:49:27.982430,3
80.75352228504289,25.547652614469577,22.788032446441562,25.314279331728752,1.0027958624688513,5.444475341239537,72.40344539154026,52.89633312121055,39.419877305502425,9.854969326375608,62.869919229175395,20.0,428.3825780867732,0.0023343619725763915,0.96,59.869919229175395,9.716156469566242,0.0023343619725763915,0.35015429588645874,10.283843530433758,79.96946755260127,0.4657217157609224,11.985021699760074,2.0196088521391213,39.419877305502425,0.2599143644443734,0,163.43211408763736,BW-002,2026-10-26 13:49:27.982430,4
92.11413794392045,22.027792138027618,22.00199006029373,33.55604864618264,1.3060934044068844,4.6427771284612085,94.51893309887481,44.046365690366,43.88303407980111,10.970758519950277,65.80600308453295,20.0,409.92549042740427,0.0024394677163339148,0.95,62.806003084532946,9.642446362890492,0.0024394677163339148,0.3659201574500872,10.357553637109508,76.41419707230006,0.46455778541553805,11.884748409795892,2.410916857681976,43.88303407980111,0.26925442739422495,0,162.06475104267125,BW-002,2026-11-05 13:49:27.982430,5
96.79422465651042,24.07807596619577,22.16343842275473,41.70002995463396,1.1783269113347108,4.930733085589575,85.7920798280834,49.63179043510664,42.30178464898728,10.57544616224682,69.13812966907274,20.0,389.9402466823838,0.0025644954797767396,0.94,66.13812966907274,9.562646044144286,0.0025644954797767396,0.3846743219665109,10.437353955855714,79.12350950739682,0.4716590505763834,11.814961143317069,2.4466615613773217,42.30178464898728,0.2579880228346727,0,161.1131064997782,BW-002,2026-11-15 13:49:27.982430,6
68.98419291759927,24.71463709679616,19.6902842445576,28.23328767614936,1.2475516591092197,3.2448899460917686,71.81056251971691,39.94206468020293,23.30173723434238,5.825434308585594,67.02668272796483,20.0,402.4879738855345,0.0024845462843180377,0.9299999999999999,64.02668272796483,9.612747010111997,0.0024845462843180377,0.37268194264770566,10.387252989888003,31.926675694938883,0.523916467646302,10.957982001790763,4.321414078731339,23.30173723434238,0.19841884961346828,0,149.42702729714676,BW-002,2026-11-25 13:49:27.982430,7
76.75701798018191,27.489075406408602,22.3487267893996,37.934120406673046,1.4483964318792957,3.478634040339565,96.15350699776604,39.38427974716089,33.448286254045755,8.362071563511437,68.42092310898404,20.0,394.15790855947677,0.002537054257403297,0.92,65.42092310898404,9.579485820277487,0.002537054257403297,0.38055813861049453,10.420514179722513,46.776056177194235,0.49584719805854366,11.275807029927194,3.281893526440776,33.448286254045755,0.22974166008132885,0,153.76100495355263,BW-002,2026-12-05 13:49:27.982430,8
60.523778263533345,25.981224232100264,20.136431602437018,47.065687619266924,0.7229940916296694,5.927595767457394,80.1068737531332,38.64235831377398,47.48411658033162,11.871029145082904,66.09489258231655,20.0,408.15298609932086,0.0024500617024927457,0.91,63.09489258231655,9.635368263812587,0.0024500617024927457,0.3675092553739119,10.364631736187413,100.35820224123239,0.4494279604806707,12.24265459529871,1.20615509070303,47.48411658033162,0.28072628443090164,0,166.94528993589148,BW-002,2026-12-15 13:49:27.982430,9
76.58496494908096,22.512098008471863,29.96249102215137,36.05268024794982,1.3930775259800656,5.369095521427438,89.76123326502628,44.96391432906278,48.19366355210561,12.048415888026403,65.37895038365025,20.0,412.55981570495294,0.002423890941223325,0.9,62.37895038365025,9.652966140128688,0.002423890941223325,0.3635836411834988,10.347033859871312,94.63017357601794,0.45181141238807526,12.169868273668467,1.6186161782226685,48.19366355210561,0.28441348988517123,0,165.9527491863882,BW-002,2026-12-25 13:49:27.982430,10
62.6830590955371,26.499762822395066,20.51886711714703,45.55330294657713,0.8077094607230108,4.666090652812894,91.57605334816792,39.56909482662597,42.730216654938125,10.682554163734531,64.10955311847869,20.0,420.49061563645296,0.0023781743582705264,0.89,61.109553118478686,9.684637908698866,0.0023781743582705264,0.356726153740579,10.315362091301134,73.06197688762914,0.46070798653534345,11.897087092756536,1.7158872991335825,42.730216654938125,0.26858124020739627,0,162.2330058103164,BW-002,2027-01-04 13:49:27.982430,11
67.62750882654666,22.219298007088568,23.664803341319992,37.556187198302794,0.5985629591425286,5.989001748170226,99.2437948644035,48.006513726938735,59.43712609379599,14.859281523448997,62.18557851603805,20.0,432.8026199686245,0.002310522057543214,0.88,59.18557851603805,9.733809817189234,0.002310522057543214,0.3465783086314821,10.266190182810766,115.50918308092484,0.4105596736770038,12.712124612322423,1.1709460152474171,59.43712609379599,0.327964539636574,0,173.3471538043967,BW-002,2027-01-14 13:49:27.982430,12
91.02110466780042,24.719733008488166,24.29268323193096,34.57830592651747,1.101144591312989,3.5986273527874353,90.40684727293873,36.443968179583514,32.53405534756734,8.133513836891836,65.1196388743857,20.0,414.1676633052801,0.0024144811113920956,0.87,62.1196388743857,9.659386944471436,0.0024144811113920956,0.36217216670881436,10.340613055528564,45.98010041046325,0.48942826834161385,11.352417784205628,3.959152061663946,32.53405534756734,0.2326971501501418,0,154.80569705734948,BW-002,2027-01-24 13:49:27.982430,13
82.38561325232871,22.931441475584275,20.183137565943255,44.682854904324415,1.9191731932004492,3.091957506617418,77.7304866553364,44.25245913478633,24.033936170699246,6.0084840426748105,66.00226737923373,20.0,408.72045902364073,0.002446660004221025,0.86,63.00226737923373,9.637634328599312,0.002446660004221025,0.3669990006331537,10.362365671400688,32.02498231557318,0.5242360455981403,10.974291422539023,5.145084074707891,24.033936170699246,0.2027292582760897,0,149.64942848916849,BW-002,2027-02-03 13:49:27.982430,14
74.93237265119012,23.624468038861323,25.72799451886819,33.809620106354316,0.5380795334905173,5.6048175162251415,91.81507209298924,49.85413042399962,51.46067243202602,12.865168108006506,65.25274142039395,20.0,413.34158666955886,0.002419306530604283,0.85,62.252741420393946,9.656088066525166,0.002419306530604283,0.36289597959064246,10.343911933474834,99.57627311487941,0.43761209903249315,12.318150022884042,1.5050246470811766,51.46067243202602,0.29553805077428774,0,167.97477303932786,BW-002,2027-02-13 13:49:27.982430,15
66.24610389464762,26.295833373084385,25.907087302921816,24.650303820083604,0.8329582428994242,4.276480003344226,80.37804977640889,42.42077525969205,34.37351225766194,8.593378064415486,64.58121722255147,20.0,417.52615976519087,0.00239505951091156,0.84,61.58121722255147,9.67279908101054,0.00239505951091156,0.35925892663673403,10.32720091898946,57.20579581355013,0.48890166869763657,11.556606007459468,2.316062662970808,34.37351225766194,0.23983622212176373,0,157.59008191990182,BW-002,2027-02-23 13:49:27.982430,16
69.24299186352286,26.03135646159237,18.23652645305237,26.49860596762977,1.699874128059784,5.962948691208173,71.20327574237447,52.34062992244897,42.458147989772655,10.614536997443164,64.66510658012162,20.0,417.001100166645,0.002398075207955981,0.83,61.665106580121616,9.670702235275531,0.002398075207955981,0.3597112811933971,10.329297764724469,95.2776016171882,0.4607385747898381,12.134338578601396,1.453499892697369,42.458147989772655,0.26662749001590236,0,165.4682533445645,BW-002,2027-03-05 13:49:27.982430,17
67.14178648217334,25.91647664711125,20.85819337256072,26.386593426224284,0.8647582864991812,4.736026225717181,83.15846257568771,49.50515320830273,39.38406596487777,9.846016491219443,64.40349197754836,20.0,418.64071883031585,0.0023886830760132573,0.8200000000000001,61.403491977548356,9.677250143781778,0.0023886830760132573,0.35830246140198857,10.322749856218222,70.13722824478116,0.47194304393638903,11.803290099411033,1.9145834006398534,39.38406596487777,0.25687243553202066,0,160.95395590105954,BW-002,2027-03-15 13:49:27.982430,18
88.89067727422636,27.134178808637714,27.9626383748039,33.53240471084291,1.5021277048559694,4.460006824274108,96.20269714244982,53.01403728022517,42.90646857689015,10.726617144222537,68.15551777924,20.0,395.73021035782614,0.0025269741198069833,0.81,65.15551777924,9.585763687316087,0.0025269741198069833,0.3790461179710475,10.414236312683913,72.25390473477424,0.4649643838919883,11.762116263592832,2.4605086078190928,42.90646857689015,0.26174062503031503,0,160.39249450353861,BW-002,2027-03-25 13:49:27.982430,19
68.19937181663283,23.75888638156608,28.75602982225344,24.312046164257666,0.6282627962817021,4.265162780620367,78.30483391705155,46.84700657186724,33.39828631656676,8.34957157914169,66.85011455626639,20.0,403.55538527835216,0.002477974613844517,0.8,63.85011455626639,9.617009262553983,0.002477974613844517,0.37169619207667753,10.382990737446017,55.98950169721479,0.49685233205259904,11.469202686734485,2.4361485546146744,33.39828631656676,0.23239423663872819,0,156.39821845547027,BW-002,2027-04-04 13:49:27.982430,20
68.31545020584109,22.15919322324292,20.177225221077567,37.992997463272616,1.132136825888747,5.7370900368500735,76.31986567017,47.45933167126965,43.78539409500683,10.946348523751707,65.90496772330947,20.0,409.31741994885175,0.002443091721151179,0.79,62.90496772330947,9.640018157981702,0.002443091721151179,0.36646375817267685,10.359981842018298,93.53930024238865,0.4636230455102728,12.098249510015625,1.460679094857778,43.78539409500683,0.26874653963467826,0,164.97612968203126,BW-002,2027-04-14 13:49:27.982430,21
95.706868443079,26.904661370430645,22.10180822037451,30.22616240235102,1.0695386122509003,4.894680660277562,91.99339067245843,37.6313537025452,45.02782701978405,11.256956754946012,69.23808122345844,20.0,389.35605771467675,0.0025683432431217188,0.78,66.23808122345844,9.56031361700722,0.0025683432431217188,0.3852514864682578,10.43968638299278,81.47173878630643,0.4611121684472381,11.887195173507742,2.3494495114216263,45.02782701978405,0.2668995740470165,0,162.09811600237828,BW-002,2027-04-24 13:49:27.982430,22
83.6117977005923,23.608381844937256,25.489786894189606,33.82587965258977,1.3280707712779702,5.147474894046265,97.27097561996924,38.59366217740484,50.06999049231781,12.517497623079448,70.32177932650055,20.0,383.0780555810835,0.002610434049747694,0.77,67.32177932650055,9.5352489606303,0.002610434049747694,0.39156510746215406,10.4647510393697,93.4315774736575,0.44872314006950864,12.063906915903122,1.7897974102848937,50.06999049231781,0.28182338498205106,0,164.5078215804971,BW-002,2027-05-04 13:49:27.982430,23
77.44506116541267,23.766794557251504,29.381439683545878,42.32653905983426,0.7101697636496789,3.712629974771633,99.14185282124919,38.619539054189794,36.80770145385674,9.201925363464184,70.4125281414963,20.0,382.5569521390246,0.0026139898763010614,0.76,67.4125281414963,9.533168547166937,0.0026139898763010614,0.3920984814451592,10.466831452833063,52.950486629199396,0.4885986547437726,11.376984847126128,2.9251878913877936,36.80770145385674,0.2374594238212298,0,155.14070246081081,BW-002,2027-05-14 13:49:27.982430,24
94.73871903591652,24.924587189497082,28.734626722729097,43.196526142735564,1.1378202567038502,5.563155280108737,84.76833569344105,39.94462148806354,47.157941429899644,11.789485357474911,72.58773254136156,20.0,370.2762951697856,0.0027006859824538925,0.75,69.58773254136156,9.484143452409404,0.0027006859824538925,0.40510289736808386,10.515856547590596,97.43223864123537,0.46232218909517964,12.00847447959788,1.944709889808918,47.157941429899644,0.26827602665060113,0,163.75192472178927,BW-002,2027-05-24 13:49:27.982430,25
60.8987723328047,23.61206415630968,24.499610575930404,39.20347727582754,0.8868315281498034,5.612249703817534,83.35915765007996,45.296347078593804,46.78324078321404,11.69581019580351,68.71070600252955,20.0,392.44832352613275,0.002548106183802849,0.74,65.71070600252955,9.57265991356131,0.002548106183802849,0.3822159275704273,10.42734008643869,96.61739427564316,0.4615460161597933,12.09574045836446,1.2606171546929623,46.78324078321404,0.2736786330018866,0,164.94191534133356,BW-002,2027-06-03 13:49:27.982430,26
65.57424296291296,27.009581420795794,29.812826168442626,36.61656437526446,0.7575189287724553,4.077700108199297,87.78852554304783,38.27047745170046,35.79752801055429,8.94938200263857,67.58509928643502,20.0,399.1307148942622,0.002505444864760459,0.73,64.58509928643502,9.599341485049905,0.002505444864760459,0.3758167297140688,10.400658514950095,56.36888818450076,0.48624142360897726,11.485988721533536,2.326611188366256,35.79752801055429,0.23906430783679294,0,156.62711893000275,BW-002,2027-06-13 13:49:27.982430,27
70.89229306077476,22.1103440592848,28.971585678725987,26.826025989363387,1.3647747132713803,4.173244609955282,99.08236967005863,40.16266865402255,41.34949651671689,10.337374129179224,66.19820576312587,20.0,407.52096220004216,0.0024538615010167852,0.72,63.19820576312587,9.632844442988812,0.0024538615010167852,0.3680792251525178,10.367155557011188,65.47193382268485,0.4691312265236981,11.705217666292732,2.165578101076705,41.34949651671689,0.2600879437157356,0,159.61660454035547,BW-002,2027-06-23 13:49:27.982430,28
70.96220882748824,25.32506801509476,25.817044660222372,43.913803288972844,0.8096319076409049,4.970209993623877,79.75570192674084,50.46946251373201,39.640258676477444,9.910064669119361,66.65995411440942,20.0,404.7081326044991,0.0024709164937321624,0.71,63.659954114409416,9.621612311473445,0.0024709164937321624,0.3706374740598244,10.378387688526555,74.34875522494711,0.4744166042316397,11.802082289437095,1.9089010599515042,39.640258676477444,0.25354663536960786,0,160.9374857650513,BW-002,2027-07-03 13:49:27.982430,29
60.43983314633922,22.821313780412844,28.800223702177263,44.973361861500365,1.3961196532554625,3.3926209821550497,99.09463135235634,44.07579082767278,33.61905255449237,8.404763138623094,63.79542908365069,20.0,422.47658389673103,0.0023669950906543905,0.7,60.79542908365069,9.69256920506391,0.0023669950906543905,0.3550492635981586,10.30743079493609,45.3543066743864,0.49122128722588676,11.377002108652706,2.665230165693274,33.61905255449237,0.23880648368399388,0,155.14093784526418,BW-002,2027-07-13 13:49:27.982430,30
84.02067441734613,25.990220047277532,20.104455343481394,45.94588670219903,1.1281557873381096,3.708151390039392,72.20490241990038,38.395158101750816,26.774670927601225,6.693667731900304,65.23092342762416,20.0,413.47688306381053,0.002418514893964878,0.69,62.23092342762416,9.656628361510954,0.002418514893964878,0.36277723409473167,10.343371638489046,40.54357631663672,0.5084917961218643,11.198777938091158,4.144709571803065,26.774670927601225,0.21329196801114725,0,152.7106082466976,BW-002,2027-07-23 13:49:27.982430,31
75.3255411299799,25.113506231697023,18.56359160130066,27.990800850145906,1.6070504246395556,4.5593218456680535,80.11009529293858,51.577667317652185,36.52477075276443,9.131192688191108,64.51251472654496,20.0,417.95665788916705,0.002392592583763023,0.6799999999999999,61.512514726544964,9.674518298213401,0.002392592583763023,0.3588888875644535,10.325481701786599,64.91366675977825,0.4785423767850314,11.67943412327321,2.3207914416152824,36.52477075276443,0.24713623320929823,0,159.2650107719074,BW-002,2027-08-02 13:49:27.982430,32
63.31194671700506,25.61891265679833,20.94418931617585,33.34309473700743,0.9330406051560498,4.292662570985418,77.4614281776289,47.3428997320806,33.25157734331828,8.31289433582957,63.66392450177343,20.0,423.31077046919137,0.0023623306321538073,0.6699999999999999,60.66392450177343,9.695900703837939,0.0023623306321538073,0.3543495948230711,10.304099296162061,55.914573655474186,0.4906471808167289,11.549322916373397,2.2645955277102128,33.25157734331828,0.23783182228515165,0,157.49076704145543,BW-002,2027-08-12 13:49:27.982430,33
74.22690865859796,26.31427543110547,21.5654605874781,37.593711367125536,1.2140756032986495,5.120331650656338,75.0112572370285,38.35238432576635,38.408251458628136,9.602062864657034,64.45018416466019,20.0,418.34761272389244,0.00239035665457471,0.6599999999999999,61.450184164660186,9.676079602131965,0.00239035665457471,0.3585534981862065,10.323920397868035,74.87064475870645,0.47284491255098327,11.84970432478568,1.9828040455058689,38.408251458628136,0.2535317886792615,0,161.58687715616836,BW-002,2027-08-22 13:49:27.982430,34
86.54684661450592,27.620978435948548,26.790865166523005,29.15856908617816,0.546774702591927,3.110014280800629,92.09206045196922,48.2760905524361,28.64076231539791,7.160190578849478,67.08914149694164,20.0,402.11106692103834,0.002486875100595945,0.6499999999999999,64.08914149694164,9.611242002172323,0.002486875100595945,0.3730312650893918,10.388757997827677,35.850224282024634,0.5100355442232478,11.089669993306217,4.828245755656299,28.64076231539791,0.21610252779430453,0,151.22277263599386,BW-002,2027-09-01 13:49:27.982430,35
70.490561771993,25.57046758420153,18.617109761811005,35.91278993282967,1.3952642733753338,4.423892627249442,95.32511346907592,51.113403059001065,42.17080666675614,10.542701666689034,66.79419100954135,20.0,403.8940510305894,0.0024758968285082854,0.64,63.79419100954135,9.618361588054428,0.0024758968285082854,0.3713845242762428,10.381638411945572,70.45852922275499,0.46656006341003653,11.76547892957493,2.0009092596621407,42.17080666675614,0.26173757086503063,0,160.43834903965814,BW-002,2027-09-11 13:49:27.982430,36
73.36975563267843,26.62547322247493,19.27917903760526,25.80330676165941,1.5922831343054051,4.7560630931902566,96.04813841539776,39.116824200735365,45.681100628710254,11.420275157177564,66.55317061461521,20.0,405.35689430555084,0.0024669618650823236,0.63,63.55317061461521,9.62420290932042,0.0024669618650823236,0.37004427976234855,10.37579709067958,80.66157208302926,0.45597761843581724,11.943073214721561,1.8191997437678262,45.681100628710254,0.2738774037206994,0,162.86008929165766,BW-002,2027-09-21 13:49:27.982430,37
79.81965264824794,26.130414378566417,23.217928063244955,29.913648797738563,1.7286534765112995,3.3357588581931834,78.0924883455097,36.1417371217863,26.04977097568819,6.512442743922047,68.2017816015269,20.0,395.45568574114543,0.0025287283406378253,0.62,65.2017816015269,9.584667562347798,0.0025287283406378253,0.3793092510956738,10.415332437652202,36.51695917990409,0.5140612056849749,11.030467643873862,4.371648376033131,26.04977097568819,0.20546927564130424,0,150.41546787100722,BW-002,2027-10-01 13:49:27.982430,38
91.97663515875917,26.16817882512656,21.26574164675955,38.16553600485809,1.0414608454100402,4.5935085840030965,98.09817076884885,35.78687081337019,45.06147895017088,11.26536973754272,71.18430731028229,20.0,378.15374628639285,0.0026444270612690293,0.61,68.18430731028229,9.515589965589498,0.0026444270612690293,0.3966640591903544,10.484410034410502,76.67841086557,0.46248035753323813,11.783161070451317,2.3990229875788502,45.06147895017088,0.2636510537198208,0,160.67946914251795,BW-002,2027-10-11 13:49:27.982430,39
63.66328293306537,27.503881452773456,19.641823571027537,46.80569649169926,1.1690086594369336,3.3663297420300804,83.56597084850306,53.6775003505581,28.13106130889345,7.032765327223363,69.22189224192735,20.0,389.4506183659273,0.002567719635921598,0.6,66.22189224192735,9.560691158054121,0.002567719635921598,0.38515794538823966,10.439308841945879,38.832785306470434,0.509999042822955,11.075000261136529,3.278841959474774,28.13106130889345,0.21060538987275634,0,151.02273083367993,BW-002,2027-10-21 13:49:27.982430,40
67.40531715354479,25.25140568427015,28.4753500305169,41.57339727382947,1.7098417217921746,3.9484683149302517,85.21704426065178,35.83145718100784,33.64767991551924,8.41191997887981,67.24971457753644,20.0,401.14370918443905,0.0024928721979289897,0.59,64.24971457753644,9.607379317960426,0.0024928721979289897,0.3739308296893485,10.392620682039574,53.14067049344467,0.48955551649749507,11.403698897189383,2.536863631100017,33.64767991551924,0.23250204580706252,0,155.50498496167342,BW-002,2027-10-31 13:49:27.982430,41
86.35133466842869,26.153659387107115,28.19034781878383,29.99203221262046,1.2341374454647107,3.4450296028862666,99.5989036887654,54.30237392872091,34.312117162281496,8.578029290570374,68.83474960432798,20.0,391.7187918860475,0.0025528517413862134,0.5800000000000001,65.83474960432798,9.56974712575325,0.0025528517413862134,0.382927761207932,10.43025287424675,46.694775983346894,0.490340720305852,11.285244602989888,3.6985436957326794,34.312117162281496,0.23188936144008587,0,153.8896991316803,BW-002,2027-11-10 13:49:27.982430,42
68.8483776727841,27.92600804797988,29.32871207623936,24.94624347284414,1.5583627587735327,3.014819942803229,98.55435356269717,47.78239875631001,29.71236305708999,7.428090764272496,68.86180640925214,20.0,391.5598442587835,0.0025538880318358077,0.5700000000000001,65.86180640925214,9.56911250107095,0.0025538880318358077,0.38308320477537117,10.43088749892905,37.21079128132427,0.5106999174510135,11.060574257308481,3.7004522237794184,29.71236305708999,0.21650916346793503,0,150.82601259966108,BW-002,2027-11-20 13:49:27.982430,43
97.00993269662663,23.083452070764,24.815342766631552,45.971719142113,0.5509189678786983,5.603754883560066,83.64219566901578,45.311920571585006,46.87103624519337,11.717759061298345,72.45257040465333,20.0,371.0277667195424,0.0026952160719440005,0.56,69.45257040465333,9.487143184959105,0.0026952160719440005,0.4042824107916001,10.512856815040895,96.89116567393441,0.4674135325637338,12.010993130945984,2.002451555244818,46.87103624519337,0.2675451174998406,0,163.7862699674452,BW-002,2027-11-30 13:49:27.982430,44
87.8968106898736,23.784094044235303,29.092754344518365,47.30539788396882,1.9163997336701508,4.46653974077076,90.00592772638313,37.79302509512626,40.20150530948311,10.050376327370778,72.7253190196663,20.0,369.51290800709353,0.0027062654059727812,0.55,69.7253190196663,9.481096180610093,0.0027062654059727812,0.4059398108959172,10.518903819389907,71.06697326985565,0.48148844472097346,11.577404739467019,2.4736331560403357,40.20150530948311,0.24485889010040507,0,157.87370099273207,BW-002,2027-12-10 13:49:27.982430,45
78.96856866629855,27.17225590593588,28.134592782420846,31.658411357838133,1.743373211226016,3.089920769618034,79.23789824773573,49.09361525473294,24.483882753655905,6.120970688413976,72.0205907585699,20.0,373.4397192888882,0.002677808353927164,0.54,69.0205907585699,9.496771411553722,0.002677808353927164,0.4016712530890746,10.503228588446278,32.848430528367196,0.5309066111241614,10.846259513688837,4.808057334617738,24.483882753655905,0.19364485829885283,0,147.9035388230296,BW-002,2027-12-20 13:49:27.982430,46
61.480305388619705,25.577619270892317,20.760106047452435,26.89360525865469,0.6154298024438137,3.605560356368845,90.20297299974752,54.398240922145405,32.5232263474499,8.130806586862475,69.43176536266716,20.0,388.22651792047924,0.0025758158029916722,0.53,66.43176536266716,9.555803864460284,0.0025758158029916722,0.38637237044875083,10.444196135539716,46.05064425551628,0.49661400263224637,11.249714933379183,2.670117058405981,32.5232263474499,0.2248787098676434,0,153.40520363698886,BW-002,2027-12-30 13:49:27.982430,47
87.8515510351256,24.039249782608398,26.69720125834514,25.568552179174617,0.9729355067459156,3.281702147368255,90.17806354675379,43.87500438609142,29.593754478689288,7.398438619672322,71.3515376570522,20.0,377.20635329774785,0.0026510688148739902,0.52,68.3515376570522,9.511807865607723,0.0026510688148739902,0.39766032223109854,10.488192134392277,40.1613471068046,0.5173349496147134,11.05297847702532,4.374930492321099,29.593754478689288,0.21180775425162196,0,150.722433777618,BW-002,2028-01-09 13:49:27.982430,48
81.5796516950135,26.744338989033782,21.825030035184838,39.02139303448822,1.8289666223542806,5.6044267631325155,75.31449368342157,48.85251904452329,42.20945640511427,10.552364101278567,72.97256493458947,20.0,368.14503772225135,0.002716320736487706,0.51,69.97256493458947,9.475636011717553,0.002716320736487706,0.4074481104731559,10.524363988282447,92.91886322339086,0.4790761901882919,11.859749195668936,1.755933055248078,42.20945640511427,0.25114169933372293,0,161.72385266821277,BW-002,2028-01-19 13:49:27.982430,49
84.63452752729218,23.3977568485218,18.292809378678456,44.88237297362232,0.5319041162755807,5.51434586894433,98.3384265842207,48.66496056579292,54.227209639318275,13.556802409829565,72.65164842348479,20.0,369.9214672499846,0.0027032764749611643,0.5,69.65164842348479,9.48272705503427,0.0027032764749611643,0.4054914712441746,10.51727294496573,104.31589167374524,0.44227378562152114,12.209371331968352,1.6226583729350115,54.227209639318275,0.2917338056393896,0,166.49142725411392,BW-002,2028-01-29 13:49:27.982430,50
94.98806690736798,25.173622804163273,29.268812382154756,43.17079765856797,1.9969011658000062,4.491524292025282,88.53541720603641,52.37809968957436,39.765897708550575,9.941474427137642,74.33074825335609,20.0,360.72079389988755,0.002772227209827927,0.49,71.33074825335609,9.446001931210608,0.002772227209827927,0.41583408147418904,10.553998068789392,71.40776168030682,0.48523583295257317,11.534164965261125,2.660440956898506,39.765897708550575,0.24076923053180152,0,157.28406770810625,BW-002,2028-02-08 13:49:27.982430,51
74.0284726180684,26.603129733586762,22.823170963310908,35.51701488729381,1.4412581948275551,4.711829239916489,70.91161179090511,53.61897391013956,33.412340588599356,8.353085147149839,72.66819556051178,20.0,369.82966152575295,0.002703947530531878,0.48,69.66819556051178,9.48236058707486,0.002703947530531878,0.4055921295797817,10.51763941292514,63.859167616043386,0.50040940516732,11.42405471174429,2.318491624042722,33.412340588599356,0.22232336708639042,0,155.7825642510585,BW-002,2028-02-18 13:49:27.982430,52
94.94708456745354,27.90450081519577,27.219280966374217,34.02640277201601,1.1320355034156053,5.068580253094684,90.29540157331739,39.31350304795434,45.76694893597711,11.441737233994278,75.59404150244065,20.0,353.94970835581626,0.002825260132704295,0.47,72.59404150244065,9.418977251072558,0.002825260132704295,0.42378901990564427,10.581022748927442,87.67977725036661,0.4706025670844671,11.802523352121515,2.1657692924181453,45.76694893597711,0.2587414089600019,0,160.94350025620247,BW-002,2028-02-28 13:49:27.982430,53
89.50329206355566,23.432662874609814,19.325689357576735,32.51093178337864,0.9308584874811225,4.976656410697972,81.81593216962476,48.024659540829845,40.716978332919346,10.179244583229837,75.90180633679365,20.0,352.31947511414023,0.0028383330205519635,0.45999999999999996,72.90180633679365,9.412471025104681,0.0028383330205519635,0.4257499530827945,10.587528974895319,79.12432515446636,0.4891123197713389,11.626118532583735,2.262345792872862,40.716978332919346,0.24141910364397323,0,158.5379799897782,BW-002,2028-03-09 13:49:27.982430,54
71.85232481823961,23.40164650629946,18.50511827563634,24.42897443360193,1.9815835846040473,3.319779090923972,89.73535913809108,54.98827451541333,29.79015689831882,7.447539224579704,73.4499531678706,20.0,365.5182323544474,0.002735841639303749,0.44999999999999996,70.4499531678706,9.465150751262007,0.002735841639303749,0.4103762458955623,10.534849248737993,41.636926249586104,0.511213709424797,11.01973345455215,3.4513750793001376,29.79015689831882,0.2089559927007303,0,150.26909256207477,BW-002,2028-03-19 13:49:27.982430,55
77.1109253494345,24.305959882958092,26.15576739231684,29.238093308761542,1.924941775925338,3.144636116581668,99.31522552663952,43.13815921445741,31.23102451175243,7.807756127938108,73.6736892174091,20.0,364.2935943912038,0.0027450386594668765,0.43999999999999995,70.6736892174091,9.460262546056715,0.0027450386594668765,0.4117557989200315,10.539737453943285,41.64016208149024,0.5156785271134751,11.02303233623372,3.7036803650536996,31.23102451175243,0.2133914933565359,0,150.31407731227802,BW-002,2028-03-29 13:49:27.982430,56
91.45380057662209,22.536466013873557,23.01096930941914,45.098839381491956,1.9170980334371155,5.612260351011777,93.4715645217482,46.34032521973336,52.45867555124466,13.114668887811161,75.2406528419825,20.0,355.83091713430116,0.0028103235324618246,0.42999999999999994,72.2406528419825,9.426485282511223,0.0028103235324618246,0.4215485298692737,10.573514717488777,109.78122960214863,0.4536236328540392,12.119536005276899,1.6661099699475794,52.45867555124466,0.28161152697777253,0,165.26640007195772,BW-002,2028-04-08 13:49:27.982430,57
78.69606044999479,25.680468335264244,20.004407353104902,47.78804702728743,0.8475075520751651,5.21534762775398,96.35546683904043,43.08280643302066,50.25272554001168,12.56318138500292,73.74966478127004,20.0,363.8786696984704,0.002748168780623097,0.42000000000000004,70.74966478127004,9.458606368672083,0.002748168780623097,0.41222531709346455,10.541393631327917,95.50998214355633,0.45762237560833174,12.006165970545029,1.647912787413375,50.25272554001168,0.2766726860429134,0,163.72044505288676,BW-002,2028-04-18 13:49:27.982430,58
97.70927096540503,25.89787989395421,25.29284153854631,36.30452426439621,0.8460047175766381,3.9810994846897163,90.02780156690754,51.15691883882517,35.84096344257636,8.960240860644092,75.21098879721774,20.0,355.9892831288262,0.0028090733271824864,0.41000000000000003,72.21098879721774,9.427117340008385,0.0028090733271824864,0.42136099907737296,10.572882659991615,56.78731631539708,0.49979243722686206,11.295405932730539,3.4412357302721324,35.84096344257636,0.22626666308056903,0,154.02826271905278,BW-002,2028-04-28 13:49:27.982430,59
67.06112128022033,23.322917254421053,20.237259145731056,42.71002736560208,1.0251878887500951,5.286855404329847,93.93440946575903,43.711666296258656,49.66176403365808,12.415441008414522,72.25283690827318,20.0,372.14103365856715,0.002687153282100792,0.4,69.25283690827318,9.491587182076632,0.002687153282100792,0.4030729923151188,10.508412817923368,96.20654713063551,0.45768536065527327,12.03578813650998,1.3941072261778686,49.66176403365808,0.2771815235430971,0,164.12438367968156,BW-002,2028-05-08 13:49:27.982430,60
62.313707062535855,27.814615780844868,28.60543061956111,46.26605479668511,1.9923617339696529,5.453502648525065,73.60627166111826,45.88978195921699,40.14119974519639,10.035299936299095,70.02115781500629,20.0,384.80937875611795,0.0025986892607255648,0.39,67.02115781500629,9.542161040442787,0.0025986892607255648,0.3898033891088347,10.457838959557213,87.15343746219105,0.483268025921376,11.834174037085376,1.42997703537669,40.14119974519639,0.24924681277749,0,161.37510050570967,BW-002,2028-05-18 13:49:27.982430,61
66.95580996877949,24.377452113415952,27.098861708449096,40.704494833291015,0.7308438595097826,3.0172759814943646,79.7375748970081,42.32923069742796,24.05902695593505,6.014756738983763,67.58077219317218,20.0,399.1566218724286,0.002505282250633944,0.38,64.58077219317218,9.599444930021678,0.002505282250633944,0.37579233759509156,10.400555069978322,30.258900460845602,0.5252802679431705,10.92185249246664,4.425528287481493,24.05902695593505,0.19994374308151208,0,148.9343521699996,BW-002,2028-05-28 13:49:27.982430,62
92.6333249996247,23.346643431019963,20.685811377871477,36.88738614944192,1.3894099022625548,4.188518074827766,90.86401620069586,42.771162025406916,38.05855742080576,9.51463935520144,69.17449881359899,20.0,389.7275777992254,0.0025658948890580346,0.37,66.17449881359899,9.561796942947092,0.0025658948890580346,0.3848842333587052,10.438203057052908,62.800805364548964,0.48676389666959646,11.538370648786628,2.9500680592200235,38.05855742080576,0.24378013140912017,0,157.34141793799947,BW-002,2028-06-07 13:49:27.982430,63
83.20344831351244,22.54892102438653,28.529530351564564,30.374401022128946,0.6942723819242063,4.346080867867592,77.12632392622983,42.4650358325868,33.519724082474596,8.379931020618649,69.47512531056734,20.0,387.974097792447,0.0025774916565047754,0.36,66.47512531056734,9.554796069283356,0.0025774916565047754,0.3866237484757163,10.445203930716644,57.81162854677771,0.50064355818265,11.426704287217543,2.878432952159069,33.519724082474596,0.22812464294598275,0,155.81869482569377,BW-002,2028-06-17 13:49:27.982430,64
95.54992319475909,27.73390898937852,28.34553140718541,43.42838579339707,1.4828629709585326,3.6818088817894545,72.1958777130533,47.06897186762756,26.5811423792505,6.645285594812625,73.60133539591978,20.0,364.6891795235687,0.002742061065004461,0.35,70.60133539591978,9.461841536792404,0.002742061065004461,0.4113091597506692,10.538158463207596,42.05987419440527,0.5295379489228045,10.99255276582968,4.543519210405483,26.5811423792505,0.1980105617879056,0,149.89844680676836,BW-002,2028-06-27 13:49:27.982430,65
82.03429482436557,22.521920559468462,22.901438556848383,32.944524408295536,0.8896306756404893,5.004638395665049,88.58471038028844,44.26988087601145,44.333444283805974,11.083361070951495,72.17175542479714,20.0,372.5939152111232,0.002683887093092675,0.33999999999999997,69.17175542479714,9.493395033824221,0.002683887093092675,0.40258306396390126,10.506604966175779,83.90960583777418,0.4743052010113132,11.821306668491681,1.9553016369297642,44.333444283805974,0.25955632217602354,0,161.19963638852295,BW-002,2028-07-07 13:49:27.982430,66
88.9368045475434,24.975254410472626,18.972554590891775,29.284396846795474,1.5248881454893939,4.139357340537689,95.90000948715476,45.38163570272436,39.69644082282881,9.924110205707203,73.28785665159938,20.0,366.40805217273635,0.0027291976638345503,0.32999999999999996,70.28785665159938,9.468702556062759,0.0027291976638345503,0.4093796495751825,10.531297443937241,65.51130979498532,0.4906326096305893,11.484396901483347,2.715158797034195,39.69644082282881,0.24224388506125027,0,156.60541229295472,BW-002,2028-07-17 13:49:27.982430,67
63.045234379612005,27.10724148429261,23.941758324167694,35.534077855839556,1.3886116769892765,4.437545632889193,70.76926197419307,41.824956552523126,31.40418294163717,7.851045735409293,71.70748436438643,20.0,375.1977398727684,0.0026652612575414378,0.31999999999999995,68.70748436438643,9.503789378405807,0.0026652612575414378,0.39978918863121565,10.496210621594193,57.56203896518579,0.5103662895199307,11.330425574318028,2.1905142872976584,31.40418294163717,0.21723993176728773,0,154.50580328615493,BW-002,2028-07-27 13:49:27.982430,68
92.98723863700596,24.08685524741316,26.136193830708763,37.57756713589899,0.900542405254132,4.140586856357571,81.96468342690702,46.60344738454665,33.93818908829604,8.484547272074012,73.57745584204866,20.0,364.8198321452488,0.0027410790529662364,0.30999999999999994,70.57745584204866,9.462363042515582,0.0027410790529662364,0.4111618579449355,10.537636957484418,56.88325971538639,0.5075065809244086,11.30554237250139,3.269406117098939,33.93818908829604,0.22257324660456146,0,154.16648689774624,BW-002,2028-08-06 13:49:27.982430,69
95.14519945420632,26.78455612964157,25.901422015901105,44.413961498261806,1.8009413014397035,4.600807640180635,88.23715278380334,50.29766523084257,40.59621666755084,10.14905416688771,76.06088891946456,20.0,351.4797590137435,0.002845114048120473,0.3,73.06088891946456,9.40911978935911,0.002845114048120473,0.42676710721807093,10.59088021064089,74.59156070129983,0.48749272223471946,11.543967064117625,2.5510982357699437,40.59621666755084,0.24076464992929253,0,157.41773269251306,BW-002,2028-08-16 13:49:27.982430,70
88.3345190686014,27.022079970182034,26.369657540031405,40.32337852224721,1.4279170673227766,5.43895721614828,91.54369228679484,54.110473919098695,49.79022257561205,12.44755564390301,76.44571301682457,20.0,349.4567352282542,0.0028615845659601645,0.3,73.44571301682457,9.401046223549722,0.0028615845659601645,0.4292376848940247,10.598953776450278,100.14508140264743,0.45639423389538875,11.979325061411036,1.7641309554373419,49.79022257561205,0.2708044291538497,0,163.35443265560502,BW-002,2028-08-26 13:49:27.982430,71
90.10866558230565,22.95163063175844,28.57044911038714,44.92424466588557,0.5438709245518387,3.054697748029085,75.87333957050639,35.151257499562846,23.177011952147193,5.794252988036798,76.63800191992398,20.0,348.45023767889734,0.0028698502450772226,0.3,73.63800191992398,9.3970295322413,0.0028698502450772226,0.4304775367615834,10.6029704677587,29.986348839085757,0.5367743787280698,10.700050858885822,6.009979145233804,23.177011952147193,0.1817917778108265,0,145.9097844393521,BW-002,2028-09-05 13:49:27.982430,72
93.03267002259051,22.77321920484067,22.021426251109702,41.84419815099859,0.7411398440724624,4.942424142463809,96.94091646849961,39.86964593152599,47.912312594647986,11.978078148661996,76.32672370802027,20.0,350.081016414154,0.002856481651712804,0.3,73.32672370802027,9.403537607514792,0.002856481651712804,0.4284722477569206,10.596462392485208,87.53265116088613,0.4656705354090077,11.826178271988818,2.125667823121118,47.912312594647986,0.2647320135730728,0,161.26606734530208,BW-002,2028-09-15 13:49:27.982430,73
92.71868096476248,26.992805067746453,24.089612805130034,24.153260921204005,0.9305571997623692,5.78110363438892,71.80802170868682,53.68872053611028,41.51296152783679,10.378240381959197,77.00112159738387,20.0,346.55746007559986,0.002885524379656565,0.3,74.00112159738387,9.389476055229512,0.002885524379656565,0.4328286569484847,10.610523944770488,92.50167903643829,0.48280400007515595,11.787839413015288,2.0046918484201504,41.51296152783679,0.24234377644880256,0,160.74326472293575,BW-002,2028-09-25 13:49:27.982430,74
84.67707673502969,27.887117068164542,25.58176232420002,30.235285945539836,1.451008554649417,4.054868061718903,73.0426248534765,44.717435183726515,29.617820666247717,7.404455166561929,78.82321382566593,20.0,337.21383400608613,0.002965477388990962,0.3,75.82321382566593,9.35219149808696,0.002965477388990962,0.4448216083486443,10.64780850191304,51.69789658079568,0.5309044206433348,11.048363568355557,3.2758422425443454,29.617820666247717,0.1998902190893182,0,150.6595032048485,BW-002,2028-10-05 13:49:27.982430,75
81.59941518863423,26.679072370906862,19.283767665923502,42.26466966004867,1.3118998680141654,3.770329703161524,78.54618705885768,41.14579929852573,29.614502213809246,7.4036255534523105,78.9524749827354,20.0,336.56063770209516,0.0029712327823824265,0.3,75.9524749827354,9.349585187688561,0.0029712327823824265,0.445684917357364,10.650414812311439,47.54433080159881,0.5273272178242294,10.988743557854963,3.43256130911365,29.614502213809246,0.1996831986899927,0,149.84650306165858,BW-002,2028-10-15 13:49:27.982430,76
98.51968015435978,24.051232996232116,25.591462717607378,46.36867453224042,0.6537645919860189,5.4090776934979905,86.17483830025763,41.22615398312007,46.61263955907198,11.653159889767997,79.90452786397626,20.0,331.7884413081191,0.003013968768946169,0.3,76.90452786397626,9.330544480097542,0.003013968768946169,0.4520953153419254,10.669455519902458,95.0460090371941,0.4761585840513811,11.807348490704232,2.0730945181676455,46.61263955907198,0.25491199758934235,0,161.00929760051224,BW-002,2028-10-25 13:49:27.982430,77
97.48913948945804,26.12731433380488,18.814044709262063,31.223125606723592,1.5622581329679224,4.831001349932755,91.4845202266958,40.45248001467068,44.19618407131179,11.049046017827948,79.88930729341084,20.0,331.8642000967358,0.003013280732626502,0.3,76.88930729341084,9.330846741211149,0.003013280732626502,0.4519921098939753,10.669153258788851,83.87241694440446,0.48288394637442544,11.619542592512847,2.324700850199167,44.19618407131179,0.24687987360006003,0,158.44830807972062,BW-002,2028-11-04 13:49:27.982430,78
62.69402405875087,25.493022761057638,22.15059668343548,38.90197242641945,0.5686130507187692,4.240647304576054,73.65658280010842,38.622986990693605,31.235158931556274,7.808789732889069,76.74593087234891,20.0,347.8865760307185,0.0028745001069305407,0.3,73.74593087234891,9.39478011674317,0.0028745001069305407,0.4311750160395811,10.60521988325683,53.98302087208465,0.516117373099612,11.176730532984772,2.3227312234825597,31.235158931556274,0.20848316924773647,0,152.4099618134287,BW-002,2028-11-14 13:49:27.982430,79
94.86147224609505,27.840933815064382,29.626534263428297,41.99164396183019,0.695129360195948,5.043353561894948,75.44315043086881,45.5032676733412,38.04864814460986,9.512162036152464,78.95128565043399,20.0,336.56664199222024,0.002971179776108397,0.3,75.95128565043399,9.349609145217002,0.002971179776108397,0.4456769664162596,10.650390854782998,76.75596764783668,0.5046077347089453,11.496396724686166,2.471767998061807,38.04864814460986,0.22779881974636562,0,156.76904624572043,BW-002,2028-11-24 13:49:27.982430,80
90.3305278371609,22.14752149875281,18.265482618347967,31.76664525958899,1.2329647856069985,5.127138785167298,73.20630769284232,46.34624439257807,37.533889949086294,9.383472487271574,77.57490641216555,20.0,343.5875180956162,0.002910466612822973,0.3,74.57490641216555,9.37762434732189,0.002910466612822973,0.4365699919234459,10.62237565267811,78.01443679045755,0.5032243397148071,11.525794527888515,2.3157387671664846,37.533889949086294,0.22818922192563915,0,157.1699253802979,BW-002,2028-12-04 13:49:27.982430,81
90.81629671231173,26.099772259639032,23.350832476520978,30.56703999075998,1.9956867502365667,3.769688351104091,98.8878062571274,44.670912934398494,37.27762113137314,9.319405282843285,78.82373593746055,20.0,337.21119306662695,0.0029655006137427288,0.3,75.82373593746055,9.35218096045697,0.0029655006137427288,0.4448250920614093,10.64781903954303,58.69836435756351,0.5069903739447863,11.221111076428521,3.094338239447372,37.27762113137314,0.22542209502456523,0,153.01515104220712,BW-002,2028-12-14 13:49:27.982430,82
77.04725208943891,24.70832214597805,19.963485854300032,43.0754291699983,1.540523338672233,5.417977649325474,86.50679626468785,35.86825065709638,46.869188867683114,11.71729721692078,77.8023940869374,20.0,342.41708728710404,0.002920415005929704,0.3,74.8023940869374,9.372953816030087,0.002920415005929704,0.4380622508894556,10.627046183969913,96.45718618375471,0.4672335873200636,11.859339545044003,1.5975430164977211,46.869188867683114,0.2589557557450749,0,161.71826652332732,BW-002,2028-12-24 13:49:27.982430,83
68.83078451155042,22.494286273695057,26.165991624896556,39.70826914274724,0.9098892904973139,4.899454126782067,98.54210026619971,47.03223640292663,48.28024998110044,12.07006249527511,73.99898105152977,20.0,362.5203979844387,0.0027584654699703967,0.3,70.99898105152977,9.45318486559147,0.0027584654699703967,0.4137698204955595,10.54681513440853,87.55522726876218,0.46392792450123344,11.878379916727182,1.5722826987877117,48.28024998110044,0.26969028599899975,0,161.97790795537065,BW-002,2029-01-03 13:49:27.982430,84
98.0345424900164,22.9063473506854,23.188017612511224,46.64678208402238,1.1295909753891835,5.457566578280371,96.52619390045223,39.56159543897865,52.67981297597186,13.169953243992966,75.57788619396459,20.0,354.0354912501173,0.002824575571417852,0.3,72.57788619396459,9.419319612518313,0.002824575571417852,0.4236863357126778,10.580680387481687,103.8371558736449,0.4497119048703069,12.0880496699357,1.8882362804564976,52.67981297597186,0.28181002396160804,0,164.83704095366863,BW-002,2029-01-13 13:49:27.982430,85
85.54103790656342,24.385566387776766,21.29058242818404,47.61546355103587,1.1140010094725645,3.63613451972468,88.32942966552974,43.220569396134096,32.11776883144259,8.029442207860647,74.6268810647546,20.0,359.122028438116,0.00278456881174673,0.3,71.6268810647546,9.439620753665679,0.00278456881174673,0.4176853217620095,10.560379246334321,48.249409362374465,0.5146760255653254,11.127248082640678,3.5457859085532957,32.11776883144259,0.21479583796957674,0,151.73520112691833,BW-002,2029-01-23 13:49:27.982430,86
95.76396814716537,23.379727635346516,20.557256448301,24.74721798922827,1.4775002380638276,5.519583908600161,97.00069370194034,42.06842758605436,53.54034680802828,13.385086702007074,74.47644308487115,20.0,359.9333273574746,0.0027782923224745765,0.3,71.47644308487115,9.442858888292683,0.0027782923224745765,0.4167438483711865,10.557141111707317,107.36966326242765,0.4477410892779324,12.14986049539078,1.7838179842867494,53.54034680802828,0.28644782090067,0,165.67991584623792,BW-002,2029-02-02 13:49:27.982430,87
74.74105374895045,27.18614949903782,23.678518880298686,47.23664226995332,0.7782882735546817,3.7106116769234463,93.41576545731586,40.49612071096272,34.66296301146581,8.665740752866453,75.14860732421596,20.0,356.3225460630716,0.0028064460445985724,0.3,72.14860732421596,9.42844743605246,0.0028064460445985724,0.42096690668978587,10.57155256394754,51.61324415864505,0.5049615087782371,11.20730140998095,2.8961967017309282,34.66296301146581,0.22243997385714087,0,152.82683740883115,BW-002,2029-02-12 13:49:27.982430,88
94.74492671822443,26.659581116750452,27.251062135728624,44.274797474805304,1.6415359864144983,5.467842955541036,82.71214760946289,48.35099798582941,45.2257033644072,11.306425841101799,76.39086854240264,20.0,349.744340078212,0.0028592314025049663,0.3,73.39086854240264,9.402193995640667,0.0028592314025049663,0.42888471037574494,10.597806004359333,95.91826265141603,0.47569753924193814,11.849317052353271,1.975534670859173,45.2257033644072,0.2556756465714876,0,161.5815961684537,BW-002,2029-02-22 13:49:27.982430,89
85.04881286525662,22.787469266094327,18.390314153895023,46.100348347576485,1.424975471781107,3.2866059415040043,88.7157797402972,44.03535357474458,29.157380879962137,7.289345219990532,74.90215655200667,20.0,357.6422233257702,0.002796090435577896,0.3,71.90215655200667,9.433714495043105,0.002796090435577896,0.4194135653366844,10.566285504956895,40.76755285379167,0.5250813263167621,10.962611508002745,4.172377634256086,29.157380879962137,0.20448393659760483,0,149.49015692731015,BW-002,2029-03-04 13:49:27.982430,90
91.86149163904705,24.8891341090753,19.407698267548735,27.00445901286121,1.528347930843457,4.759825389526423,75.04042623234591,49.73747489888364,35.71793260216046,8.929483150540115,74.6589797338489,20.0,358.94915997048406,0.0027859098488549985,0.3,71.6589797338489,9.438930788461898,0.0027859098488549985,0.4178864773282498,10.561069211538102,69.17927790182891,0.5007015440347732,11.459299695852035,2.655751676662658,35.71793260216046,0.22674452333168008,0,156.26317767070958,BW-002,2029-03-14 13:49:27.982430,91
77.2122357959785,23.20314836020202,23.89913456089724,25.541014489803217,1.3729571028715981,5.588391232629686,76.50219400272327,36.914291110403234,42.7524190241754,10.688104756043852,73.99217742794582,20.0,362.5573966572853,0.0027581839709238374,0.3,70.99217742794582,9.453332543596431,0.0027581839709238374,0.4137275956385756,10.546667456403569,91.7995310450808,0.4749750165605232,11.850480403880342,1.682192379785932,42.7524190241754,0.2512752824111036,0,161.59746005291376,BW-002,2029-03-24 13:49:27.982430,92
70.75973617740391,26.78535460382313,21.724343507082885,34.92528357796323,0.517430809862151,3.070915758139009,89.25914501329798,47.141880721775614,27.41073149793517,6.852682874483793,73.63703561511915,20.0,364.49393954932896,0.002743529840952718,0.3,70.63703561511915,9.461062229268387,0.002743529840952718,0.4115294761429077,10.538937770731613,34.97422132854828,0.526990525982457,10.894480854763174,4.046393800318586,27.41073149793517,0.2007172868579159,0,148.56110256495236,BW-002,2029-04-03 13:49:27.982430,93
62.89787551178235,24.35496133844011,23.75926601660548,38.40049315486329,0.9374938680639548,4.64009223814221,76.95841288347927,42.81811991811029,35.709413428037564,8.927353357009391,70.79845568597615,20.0,380.34876084207093,0.0026291659207356315,0.3,67.79845568597615,9.524352855029111,0.0026291659207356315,0.3943748881103447,10.475647144970889,65.72344603803724,0.49674803271945744,11.520695893837853,1.9140163610830876,35.709413428037564,0.23313600634607984,0,157.10039855233435,BW-002,2029-04-13 13:49:27.982430,94
87.79927544506171,27.160734383135228,27.358211866720197,24.95085180836057,1.2207604208867435,4.783429005558519,84.90300576577508,54.755710404297744,40.61275004391106,10.153187510977766,72.29434754417906,20.0,371.9093886197403,0.0026888269847429223,0.3,69.29434754417906,9.490662484836797,0.0026888269847429223,0.4033240477114383,10.509337515163203,74.63360968909214,0.47706324806444783,11.662705856907998,2.352807959063348,40.61275004391106,0.24694865006562566,0,159.0368980487454,BW-002,2029-04-23 13:49:27.982430,95
64.197207136727,23.452270095175166,29.839951119205757,27.419893029636317,1.248332230177034,3.4093192576701994,90.85433662142782,43.086375362085846,30.97514394862847,7.743785987157118,70.6374223337389,20.0,381.2686038750434,0.002622822833657027,0.3,67.6374223337389,9.528025091188038,0.002622822833657027,0.39342342504855404,10.471974908811962,43.496646366135415,0.5110475314841263,11.136192585493067,2.9518233013342443,30.97514394862847,0.21763106099127458,0,151.85717162036,BW-002,2029-05-03 13:49:27.982430,96
84.72622937272476,26.214789823264624,24.71578420184297,24.234500338060407,0.9896919623659879,4.284598844776845,91.52793296974528,48.84872302648739,39.21604758669831,9.804011896674577,72.28676739031613,20.0,371.95167797972573,0.0026885212762893028,0.3,69.28676739031613,9.49083129835473,0.0026885212762893028,0.40327819144339544,10.50916870164527,65.4462887787644,0.4870296174890079,11.52120790847522,2.5891836177031995,39.21604758669831,0.24230566201624543,0,157.10738057011665,BW-002,2029-05-13 13:49:27.982430,97
80.70846573538846,22.527198994869,22.207523174510168,24.7968746109928,0.6178677457325311,5.973767981106565,73.85182868362375,37.08219298768333,44.117368953639904,11.029342238409974,72.435806839326,20.0,371.12107467344043,0.0026945384356841695,0.3,69.435806839326,9.487515654433906,0.0026945384356841695,0.4041807653526254,10.512484345566094,97.65531722073662,0.46854946782141893,12.00275896352427,1.652925166439384,44.117368953639904,0.25839421891416514,0,163.67398586624006,BW-002,2029-05-23 13:49:27.982430,98
75.87693104806384,22.79629452425836,24.810490179138696,40.547159259294375,1.7008800486636244,5.173016451386223,87.35160751019228,40.48321333119612,45.18713027052571,11.296782567631427,72.36669484837769,20.0,371.5060079105377,0.002691746509361458,0.3,69.36669484837769,9.489052246465182,0.002691746509361458,0.4037619764042187,10.510947753534818,89.44148780577936,0.4684394204302115,11.876241230035166,1.696683114503401,45.18713027052571,0.2620755699415803,0,161.9487440459341,BW-002,2029-06-02 13:49:27.982430,99
68.0060097697924,23.004895493554418,19.254814084012803,39.274325989047284,1.5597135897303518,3.23825810696696,72.56974748789291,52.883817493282365,23.49995731232144,5.8749893280803605,69.4125724606761,20.0,388.3383019132829,0.0025750743490228862,0.3,66.4125724606761,9.556250166295783,0.0025750743490228862,0.38626115235343295,10.443749833704217,32.49510937679519,0.5249496055209988,10.906003548416166,4.18561507094699,23.49995731232144,0.19483468161505635,0,148.71823020567498,BW-002,2029-06-12 13:49:27.982430,100
67.67469298874971,23.940229372693125,20.719876826723855,32.5199113399665,0.60413576411914,5.7452702052211295,85.9908660173842,38.15909645670696,49.404076045083954,12.35101901127099,47.735683124391855,20.0,537.5545331725376,0.0018602763780973127,0.99,44.735683124391855,10.152310943615511,0.0018602763780973127,0.2790414567145969,9.847689056384489,91.38731569371934,0.40729700253169965,12.781394455086895,1.4810522111308868,49.404076045083954,0.32594661343537445,0,174.29174256936676,BW-003,2026-09-26 13:49:28.085544,1
80.76239163633082,22.40567538155329,27.604278093868338,29.609089965850394,1.3100178719067659,5.087697354506407,93.79784051314763,41.33523354135053,47.721502503715506,11.930375625928878,51.09031155466111,20.0,511.17438052652477,0.0019562795752204373,0.98,48.09031155466111,10.046898336628221,0.0019562795752204373,0.2934419362830656,9.953101663371779,82.72459676436792,0.4219770094530832,12.493882068118845,1.9525605393127214,47.721502503715506,0.3124239891703424,0,170.37111911071153,BW-003,2026-10-06 13:49:28.085544,2
95.20316350245832,25.905264214283164,24.395493438616022,31.784010074769014,0.999502869587297,5.571537770996259,97.184297642973,40.53808974755618,54.14659850655668,13.53664962663917,56.840391034500314,20.0,468.9328556486528,0.002132501461465623,0.97,53.840391034500314,9.87813048673876,0.002132501461465623,0.3198752192198434,10.12186951326124,100.14952118590327,0.4149723009491178,12.614436931990564,1.9012205425473132,54.14659850655668,0.3211685183831181,0,172.0150490725986,BW-003,2026-10-16 13:49:28.085544,3
86.77947820792761,27.964836167327007,25.942070278192546,37.386802016880594,1.595975765358869,5.950564418145666,74.22134584146275,39.0403133680498,44.165889963109194,11.0414724907773,61.14151830850268,20.0,439.63405345120947,0.0022746190659022275,0.96,58.14151830850268,9.761095160253978,0.0022746190659022275,0.34119285988533415,10.238904839746022,96.40821680188436,0.4504873965076667,12.273625796327247,1.8002506650705201,44.165889963109194,0.2791098492457268,0,167.36762449537156,BW-003,2026-10-26 13:49:28.085544,4
78.60822449134872,22.36085405560471,24.747561790534917,46.98300682812912,0.7629544135364894,3.5526745177140784,96.81969130023612,48.085851046499236,34.39688500952923,8.599221252382307,61.99344492470447,20.0,434.05175793994965,0.0023038727103562345,0.95,58.99344492470447,9.73879888855895,0.0023038727103562345,0.3455809065534352,10.26120111144105,46.90548130893539,0.48323517104481745,11.47864848558849,3.3517713622255925,34.39688500952923,0.2448718107470823,0,156.5270248034794,BW-003,2026-11-05 13:49:28.085544,5
87.60019563282663,23.20560213195434,24.429932213676977,26.320234791521273,1.1755564043872777,3.4563128496668187,83.20970255105047,47.305960501396044,28.759876414414958,7.189969103603739,63.43425448822623,20.0,424.77161221677875,0.00235420628695323,0.94,60.43425448822623,9.701734930939939,0.00235420628695323,0.3531309430429845,10.298265069060061,40.24520197096925,0.5034342630061615,11.25314531123293,4.3533236928971935,28.759876414414958,0.22329773837975014,0,153.45198151681268,BW-003,2026-11-15 13:49:28.085544,6
90.24653315580984,24.085429145433892,25.978940693846617,43.0907990589535,1.890766729219179,3.25039225496815,96.47249105222016,51.07207070883071,31.357343773362057,7.839335943340514,66.80063595114095,20.0,403.85500681433274,0.0024761361952353794,0.9299999999999999,63.80063595114095,9.61820568047697,0.0024761361952353794,0.3714204292853069,10.38179431952303,41.74004820103522,0.4985797388995051,11.206218791451823,4.324217965496819,31.357343773362057,0.22568098128884,0,152.81207442888848,BW-003,2026-11-25 13:49:28.085544,7
69.38568327421814,24.39589549485585,19.828992159965008,47.81960405180101,1.890501451886443,4.515620320729915,99.01379845777511,43.35521958550199,44.71087203485856,11.177718008714638,65.26783325985281,20.0,413.2480259869641,0.002419854269386262,0.92,62.26783325985281,9.655714440000915,0.002419854269386262,0.3629781404079393,10.344285559999085,76.3643833129768,0.4604901844100701,11.897442329139595,1.8172263105915045,44.71087203485856,0.2730106479122844,0,162.23784994281266,BW-003,2026-12-05 13:49:28.085544,8
81.59828521122239,27.05219976625853,24.251495727264505,38.96605651206623,0.6336866481740249,5.952330957109494,90.03759996410881,47.69342546507883,53.59335935702055,13.398339839255138,66.27738946566963,20.0,407.0372142642902,0.0024567778201987638,0.91,63.27738946566963,9.630912732104884,0.0024567778201987638,0.36851667302981456,10.369087267895116,109.77687365919438,0.43493251308105246,12.426415829189677,1.4866206786785845,53.59335935702055,0.30075569546935554,0,169.4511249434956,BW-003,2026-12-15 13:49:28.085544,9
90.21081681987232,22.76628090181141,27.91281156303034,42.76867410408926,1.5631170466144646,3.4978646858873548,96.45783274913933,43.54979375841231,33.739644685044325,8.434911171261081,68.15501871366837,20.0,395.7331727987691,0.0025269552029910354,0.9,65.15501871366837,9.58577551579844,0.0025269552029910354,0.3790432804486553,10.41422448420156,47.875584481686616,0.49866067006806886,11.294694968923878,3.768552083343433,33.739644685044325,0.23118543412311182,0,154.01856775805288,BW-003,2026-12-25 13:49:28.085544,10
61.44641522099049,23.818770135671972,21.157350838930114,32.64327377931646,0.6314641201457578,3.486700217347438,70.37822559927277,46.19511367276765,24.53877744935114,6.134694362337784,64.9706061170146,20.0,415.09456719523337,0.002409089588324256,0.89,61.9706061170146,9.663088494567798,0.002409089588324256,0.3613634382486384,10.336911505432202,35.21078083636437,0.5201714022589942,11.093881635730956,3.4902046340040798,24.53877744935114,0.20632429498974048,0,151.28020412360394,BW-003,2027-01-04 13:49:28.085544,11
97.47831292124252,25.322813444274257,21.666291727896283,33.527556409782804,1.1708038107572536,4.582198866368029,91.58060867107476,52.80516106035604,41.964056123389284,10.491014030847321,68.7349460840515,20.0,392.3056547746394,0.0025490328467848663,0.88,65.7349460840515,9.57209028105119,0.0025490328467848663,0.38235492701772994,10.42790971894881,72.50847217195516,0.46895123294968577,11.744584076073842,2.688742708302305,41.964056123389284,0.2575718835103561,0,160.15341921918878,BW-003,2027-01-14 13:49:28.085544,12
84.02377333442469,25.094076566178988,29.032703678573007,35.92712358973993,1.988237022234969,3.2382197539290885,91.94489471021087,38.74823888195164,29.773777432353505,7.4434443580883745,70.25726271898765,20.0,383.4489584709887,0.0026079090265038723,0.87,67.25726271898765,9.536729731538772,0.0026079090265038723,0.3911863539755808,10.463270268461228,40.464237259512075,0.5095099986060022,11.07465310764038,4.152989356776911,29.773777432353505,0.21428061231580828,0,151.01799692236884,BW-003,2027-01-24 13:49:28.085544,13
94.05699830980383,23.251063086144015,29.167142575726995,26.792793549251428,1.7261745627367873,5.574531159471492,94.57190541584968,45.81587509971089,52.719403355124484,13.179850838781121,72.16065454403018,20.0,372.6559621862092,0.0026834402276390223,0.86,69.16065454403018,9.493642719000931,0.0026834402276390223,0.40251603414585335,10.506357280999069,107.78178940974652,0.44865957965097314,12.187112181292871,1.7453226342760721,52.719403355124484,0.28752813317294434,0,166.18789338126643,BW-003,2027-02-03 13:49:28.085544,14
75.22493173906321,27.267845922670418,28.416680281289402,43.342209602822905,1.685045654460592,5.130728395869935,79.43050339551245,44.42335797865629,40.75363392695989,10.188408481739975,73.15706182979451,20.0,367.12762195030933,0.0027238484391004223,0.85,70.15706182979451,9.471574817295226,0.0027238484391004223,0.4085772658650633,10.528425182704774,83.1365720540836,0.48699207220839386,11.717265184784022,1.8096712404770896,40.75363392695989,0.24598373300829246,0,159.7808888834185,BW-003,2027-02-13 13:49:28.085544,15
72.18716556392164,22.485515698307513,22.83576214518194,28.16458835967621,1.5424266333536925,5.464910693131415,83.77795591519642,42.15596530650883,45.78390471296492,11.44597617824123,70.24617177241701,20.0,383.51275595631483,0.0026074751998963704,0.84,67.24617177241701,9.536984433425143,0.0026074751998963704,0.39112127998445556,10.463015566574857,94.54141409889979,0.4647569651637611,12.000550303840491,1.5271014560540976,45.78390471296492,0.2676668424967775,0,163.64386777964307,BW-003,2027-02-23 13:49:28.085544,16
73.84398906151142,27.85366120515949,25.691664928143986,43.739533527224665,0.6987870091127726,4.4826373417509,94.84747757311655,41.704160947417456,42.516684474013324,10.629171118503331,71.15649857680138,20.0,378.31151884119646,0.0026433242187895666,0.83,68.15649857680138,9.516219815110924,0.0026433242187895666,0.396498632818435,10.483780184889076,71.87398684982755,0.475697695280145,11.685274077935365,2.054818225564695,42.516684474013324,0.2552157372324033,0,159.34464651730042,BW-003,2027-03-05 13:49:28.085544,17
94.4805792909049,27.536543143080365,23.84474302582723,38.55007050602346,1.647214701354493,3.5212847794072313,91.36042060992342,51.51956425416164,32.17060585339661,8.042651463349152,73.36730991619082,20.0,365.97162755083536,0.0027324522578218028,0.8200000000000001,70.36730991619082,9.46696051899339,0.0027324522578218028,0.4098678386732704,10.53303948100661,46.884667144646585,0.507491563781242,11.133261641686685,4.030340196270027,32.17060585339661,0.21702684110990597,0,151.81720420481844,BW-003,2027-03-15 13:49:28.085544,18
66.9935450904165,25.015396458780653,22.783956333267756,27.51297581189398,1.051301633437297,3.3019124355705998,77.19622338267834,37.839439795219874,25.489516996635153,6.372379249158788,70.70395310174153,20.0,380.88830227432146,0.0026254416164237697,0.81,67.70395310174153,9.526506830915764,0.0026254416164237697,0.39381624246356545,10.473493169084236,35.2143831773725,0.5221978194417805,10.94862120611046,3.804896695363056,25.489516996635153,0.19923154733774695,0,149.29938008332445,BW-003,2027-03-25 13:49:28.085544,19
62.726892375419744,22.154871441696923,19.621995469857872,47.114762678140174,1.3242943038425254,4.0438242347465,83.51052936716238,49.97652673926613,33.77019025114406,8.442547562786014,68.30370685941377,20.0,394.85154384743333,0.0025325974168823053,0.8,65.30370685941377,9.582255347483725,0.0025325974168823053,0.3798896125323458,10.417744652516275,54.63886824766131,0.4953146506805407,11.401276729873356,2.2960538674080104,33.77019025114406,0.23102276399137683,0,155.47195540736394,BW-003,2027-04-04 13:49:28.085544,20
98.6328864461288,24.59498726998079,21.741793597023115,36.14740470816586,1.1592675329493651,4.953442754645023,88.62785702435293,42.047498932193086,43.9013016236996,10.9753254059249,70.51617895711259,20.0,381.9626291725635,0.0026180571700594795,0.79,67.51617895711259,9.530795831006571,0.0026180571700594795,0.3927085755089219,10.469204168993429,82.29276432788865,0.4707789005456734,11.835578116330247,2.397121721495083,43.9013016236996,0.2609264608307677,0,161.39424704086701,BW-003,2027-04-14 13:49:28.085544,21
64.22658737046976,25.844957888141238,20.592458190115195,38.87011091754791,1.4753016385972302,5.52434265925428,84.13861502194493,54.58209876030309,46.481054025630336,11.620263506407586,68.45184062751979,20.0,393.97515517320284,0.0025382311216055518,0.78,65.45184062751979,9.578756130704617,0.0025382311216055518,0.38073466824083274,10.421243869295383,94.47290637193393,0.45343164007648057,12.075200773312577,1.3596826823049921,46.481054025630336,0.27312939330406194,0,164.66182872698968,BW-003,2027-04-24 13:49:28.085544,22
66.08099412514592,22.368097762664007,27.369139032821277,35.035210170463685,0.5872456932582137,4.902426414887211,73.78794224693509,48.523551241508684,36.173995717154654,9.043498929288663,66.18519192330655,20.0,407.6005211529218,0.0024533825353594786,0.77,63.18519192330655,9.633162139963966,0.0024533825353594786,0.36800738030392177,10.366837860036034,68.05359288118518,0.48569628901208495,11.69610723910377,1.9420280789734872,36.173995717154654,0.24286014206972537,0,159.49237144232413,BW-003,2027-05-04 13:49:28.085544,23
99.79465268679068,22.3466833659782,26.340422746302636,47.60829420632193,0.8587701563238884,3.975312046295097,90.58981590058292,36.392822963248115,36.012278642124244,9.003069660531061,69.65322734830346,20.0,386.93899639950007,0.0025843867103214828,0.76,66.65322734830346,9.550663420647112,0.0025843867103214828,0.3876580065482224,10.449336579352888,55.58915140439528,0.48744116176552127,11.423186754120747,3.5904362691494582,36.012278642124244,0.23612262772693082,0,155.77072846528293,BW-003,2027-05-14 13:49:28.085544,24
65.68997474748785,22.728309636534572,21.639301770811148,26.42509946425552,1.5382420125411977,3.524644311527878,95.67211776717359,39.5435911404703,33.72101856598936,8.43025464149734,66.06640419399518,20.0,408.32743768193717,0.002449014951522657,0.75,63.06640419399518,9.636064892548212,0.002449014951522657,0.36735224272839856,10.363935107451788,47.42305741571325,0.4908252893098273,11.349869170013005,2.770381258704843,33.72101856598936,0.2349016265245457,0,154.77094322745006,BW-003,2027-05-24 13:49:28.085544,25
62.49167192520251,25.056532768898737,29.96036224623572,43.53528646814445,1.4228291573465164,5.51112337572882,78.37828265363231,47.857638201174154,43.19523856819137,10.798809642047843,65.45316222226906,20.0,412.100818887878,0.0024265906646307204,0.74,62.45316222226906,9.651133190049222,0.0024265906646307204,0.36398859969460806,10.348866809950778,89.52298007427214,0.4641883213694119,12.046485107743019,1.3961034780870054,43.19523856819137,0.2676143742270013,0,164.27025146922298,BW-003,2027-06-03 13:49:28.085544,26
72.25014483146447,25.74337501774983,24.32449756693982,34.22600121336892,0.6960655651102992,5.082451720529493,85.3796425943516,41.10621353393463,43.39379114018554,10.848447785046385,64.94431142223311,20.0,415.2583212613321,0.0024081395815562135,0.73,61.94431142223311,9.663742442074579,0.0024081395815562135,0.361220937233432,10.336257557925421,80.72093028796974,0.46171436900725543,11.979337363356793,1.7901217087987968,43.39379114018554,0.26922346684568477,0,163.3546004094108,BW-003,2027-06-13 13:49:28.085544,27
95.46416860961867,24.698707892927935,20.335470141849182,32.82622442105495,1.1211946287933905,3.6379331291132884,70.99568063687279,41.07892802481447,25.82775386128263,6.456938465320658,68.07838321443266,20.0,396.1883425037518,0.0025240520548393728,0.72,65.07838321443266,9.587592928576703,0.0025240520548393728,0.3786078082259059,10.412407071423297,39.20323129823868,0.5196541094363403,11.087172611676143,4.870219389997461,25.82775386128263,0.20494901562206763,0,151.1887174319474,BW-003,2027-06-23 13:49:28.085544,28
93.10151582267497,26.401686283368413,27.23165872369608,24.264750346287535,1.1242309972696423,4.959488371593849,98.14914455345448,52.42408964526104,48.67695410947413,12.169238527368533,71.03275355069175,20.0,379.0143834910751,0.0026384222962439305,0.71,68.03275355069175,9.519025759047574,0.0026384222962439305,0.39576334443658956,10.480974240952426,87.8323508217488,0.4530943764390177,11.968263831567294,2.1199823288715036,48.67695410947413,0.27596082874556965,0,163.20359770319038,BW-003,2027-07-03 13:49:28.085544,29
79.25376606541295,22.11515366093834,21.11775850494041,42.246955754931236,0.7056645585934986,5.2981943296059075,93.65342029759896,48.299698069519906,49.61940203689375,12.404850509223438,71.3447417652463,20.0,377.2448070611544,0.002650798582995185,0.7,68.3447417652463,9.511961376650488,0.002650798582995185,0.39761978744927773,10.488038623349512,94.75192117789608,0.4545383244511545,12.057200155272612,1.6728687942192655,49.61940203689375,0.2785714489079921,0,164.41636575371743,BW-003,2027-07-13 13:49:28.085544,30
81.41240525810366,23.291211232103425,18.14544929572672,29.788834982388995,1.9638106323650808,3.780860572698009,97.21585092117489,48.41464623811668,36.75595777891576,9.18898944472894,70.22252274409867,20.0,383.64882564964904,0.0026065504001130642,0.69,67.22252274409867,9.537527671798724,0.0026065504001130642,0.39098256001695963,10.462472328201276,56.20640929680992,0.4913582330441201,11.393446150505671,2.8969082450433046,36.75595777891576,0.23761450695794722,0,155.36517477962278,BW-003,2027-07-23 13:49:28.085544,31
92.06148447531959,27.7574598659262,23.854248527116347,26.633668768260083,1.3219392334605393,4.68132189294132,73.32968407640443,43.941110876128505,34.32798554693425,8.581996386733563,73.19968759723952,20.0,366.8929605284393,0.0027255905879461162,0.6799999999999999,70.19968759723952,9.470638131525197,0.0027255905879461162,0.40883858819191743,10.529361868474803,65.7091029742431,0.5062259000292431,11.43367578711005,2.8020922614453037,34.32798554693425,0.2244945066483126,0,155.91376073331884,BW-003,2027-08-02 13:49:28.085544,32
78.17509338239844,27.066142496437696,19.176990969410934,35.71778728852267,0.7250729970409764,4.381074813605779,95.9369082856801,45.93296440375577,42.03067725856007,10.507669314640017,73.88149976372888,20.0,363.15980165185744,0.0027536087294117656,0.6699999999999999,70.88149976372888,9.455737016428017,0.0027536087294117656,0.41304130941176487,10.544262983571983,70.69837041019792,0.48391511878911847,11.589774487085387,2.211510475526379,42.03067725856007,0.24905019802409079,0,158.0423793693462,BW-003,2027-08-12 13:49:28.085544,33
72.9870370756024,26.4241424643268,23.712217552425198,33.02131884349846,1.0917144178550529,4.141201646911229,99.30400985531978,37.21441186652631,41.12379291577392,10.28094822894348,72.81272613882383,20.0,369.0287545831623,0.0027098159359683323,0.6599999999999999,69.81272613882383,9.479163561260613,0.0027098159359683323,0.40647239039524985,10.520836438739387,65.3421741026988,0.4782894052847469,11.538069135188112,2.233994753859524,41.12379291577392,0.24778793609419508,0,157.3373063889288,BW-003,2027-08-22 13:49:28.085544,34
78.37787073623946,26.710099263022343,28.705016267282815,46.92803247609428,1.6803550793829427,4.267645284935834,71.26074025514215,49.798082415338605,30.41155621508946,7.602889053772365,73.52045541910397,20.0,365.1318888024126,0.002738736414614117,0.6499999999999999,70.52045541910397,9.46360863367609,0.002738736414614117,0.4108104621921176,10.53639136632391,54.548711073099504,0.5148640436216935,11.226403298649501,2.87368369277166,30.41155621508946,0.21091142069102198,0,153.08731770885683,BW-003,2027-09-01 13:49:28.085544,35
72.61627582992051,26.128808236519255,23.251237488664703,30.11209492910523,1.7613073691388839,5.7542296565974524,78.40111988651468,52.16683353598242,45.11380491614351,11.278451229035877,71.23086810226037,20.0,377.8897314239342,0.002646274605641913,0.64,68.23086810226037,9.514535984627084,0.002646274605641913,0.39694119084628693,10.485464015372916,98.63210172013345,0.4643273650049123,12.015819004499534,1.4724673724578574,45.11380491614351,0.26374626914765864,0,163.85207733408456,BW-003,2027-09-11 13:49:28.085544,36
61.537053958493,27.41057195281254,23.53772957549681,39.29283544339873,1.489030883308674,3.8766546913856934,97.32310484931746,50.07923807193568,37.72880709943283,9.432201774858207,69.74056493201209,20.0,386.4324135450484,0.002587774640398857,0.63,66.74056493201209,9.548640900650643,0.002587774640398857,0.38816619605982855,10.451359099349357,57.69536518592189,0.4859544131675471,11.452924805440317,2.13317148648566,37.72880709943283,0.2416924143949573,0,156.1762473469134,BW-003,2027-09-21 13:49:28.085544,37
95.80470962826146,25.820018093003245,25.36720301712074,25.59964897345656,1.2776120329178062,5.414720330524316,70.54019666801364,54.256207141480516,38.1955437017477,9.548885925436927,72.11009131809497,20.0,372.9387097115395,0.0026814057483426153,0.62,69.11009131809497,9.494771420313045,0.0026814057483426153,0.4022108622513923,10.505228579686955,80.82787674986477,0.4844851546606945,11.720565216003452,2.370585829558408,38.1955437017477,0.23920009191928754,0,159.82588930913798,BW-003,2027-10-01 13:49:28.085544,38
66.00676003268167,26.42460261232891,24.146663049752092,40.32546670100048,0.5625093509035763,5.1800129762109695,79.142532861584,51.58789329717694,40.99593471932082,10.248983679830205,71.39860702325657,20.0,376.9401243333521,0.0026529412377325912,0.61,68.39860702325657,9.510745056225856,0.0026529412377325912,0.3979411856598887,10.489254943774144,80.05855316591759,0.47751150392033276,11.773641134155225,1.6489621014230862,40.99593471932082,0.24973515303107505,0,160.54965182938943,BW-003,2027-10-11 13:49:28.085544,39
63.39168064183213,26.297940328376093,18.86501203198408,25.710161466366205,0.5181627128523312,3.84456359524479,96.18261518698384,37.25160780823874,36.97801808433167,9.244504521082918,68.46381240669805,20.0,393.9044127718442,0.0025386869696715384,0.6,65.46381240669805,9.578473673928258,0.0025386869696715384,0.3808030454507308,10.421526326071742,54.17426677426076,0.4833213374769288,11.453870912666284,2.3402875356293977,36.97801808433167,0.24143138411265883,0,156.1891488090857,BW-003,2027-10-21 13:49:28.085544,40
98.2600559319792,26.42505015675404,22.23901690202477,31.116853950903725,1.0245548446187742,5.111057932382387,86.22095429934731,36.930689403908815,44.06802924092583,11.01700731023146,72.64305703473556,20.0,369.9691424088647,0.0027029281239213947,0.59,69.64305703473556,9.48291736377487,0.0027029281239213947,0.4054392185882092,10.51708263622513,84.54937495802974,0.46888482627293104,11.824129033339709,2.32432365066579,44.06802924092583,0.25788417352574555,0,161.23812318190514,BW-003,2027-10-31 13:49:28.085544,41
90.98614124724728,25.968223666422485,20.222346814409615,28.178624048018023,0.647593474570096,3.725681484776517,70.37212108831945,44.37535930929012,26.218410858320283,6.554602714580071,74.43343247792542,20.0,360.16561654420394,0.002776500459968998,0.5800000000000001,71.43343247792542,9.443786029194282,0.002776500459968998,0.4164750689953497,10.556213970805718,41.261813835131626,0.5336569004843773,10.972351088881728,4.410186212889108,26.218410858320283,0.19544438782432877,0,149.62296939384174,BW-003,2027-11-10 13:49:28.085544,42
86.41210878805353,26.586235973330417,21.18055713990005,24.50267906474191,0.6232575012146411,3.9037957822800013,87.95072452893277,40.944756154172346,34.3341667464518,8.583541686612948,75.67048204742,20.0,353.54409930854905,0.0028285014569774183,0.5700000000000001,72.67048204742,9.417358461373297,0.0028285014569774183,0.42427521854661276,10.582641538626703,53.779250684710306,0.5072798625119718,11.22496055608375,3.2135854511866935,34.3341667464518,0.2205104522807374,0,153.06764394659658,BW-003,2027-11-20 13:49:28.085544,43
98.71440139380121,23.772668664864522,27.230677774057604,38.99192565250233,1.0729094594793438,3.899757334520954,92.2957959619481,35.96285671956707,35.99312072480566,8.998280181201416,78.974708973345,20.0,336.4484101267633,0.002972223883070903,0.56,75.974708973345,9.349137392375509,0.002972223883070903,0.4458335824606354,10.650862607624491,56.52937777607096,0.5023174248564255,11.205538729155414,3.492499131507769,35.99312072480566,0.22091159212071448,0,152.8028008521193,BW-003,2027-11-30 13:49:28.085544,44
68.22749048782221,22.728318508956438,25.3801556164664,42.591210735306916,1.465856380311696,5.708684985575962,95.56791623173544,48.35609366452813,54.55671284948894,13.639178212372235,75.41078464434926,20.0,354.9240025100966,0.0028175045726065054,0.55,72.41078464434926,9.422865702684568,0.0028175045726065054,0.4226256858909758,10.577134297315432,112.57911509239787,0.44561112644300344,12.198134392640247,1.2120807741618038,54.55671284948894,0.28833291025132546,0,166.33819626327607,BW-003,2027-12-10 13:49:28.085544,45
81.21208532996633,22.251707340589817,29.621865331132604,43.16914059970979,0.9392330550514472,4.7796647103221535,96.76907494418957,38.70660359057429,46.25237325612626,11.563093314031565,74.07741918379378,20.0,362.09411746459045,0.002761712913211828,0.54,71.07741918379378,9.451483396885726,0.002761712913211828,0.41425693698177424,10.548516603114274,82.30506520020333,0.46622715743271786,11.79188060960658,1.9734407629086161,46.25237325612626,0.262802812759798,0,160.79837194918062,BW-003,2027-12-20 13:49:28.085544,46
99.19881317435403,25.61128953781793,24.98907189848696,41.95375630630877,1.7176546821352063,3.236907486572486,77.18530509728615,50.891565574003806,24.984169192278696,6.246042298069675,76.1613027048183,20.0,350.95075631131584,0.002849402607108035,0.53,73.1613027048183,9.40700860317826,0.002849402607108035,0.4274103910662052,10.59299139682174,35.34277554544815,0.5347668697599164,10.80070959832812,5.613527044404978,24.984169192278696,0.18856579086765707,0,147.2824036135653,BW-003,2027-12-30 13:49:28.085544,47
86.2591442932601,22.768574478197202,22.059210071933983,46.27400736782519,0.8369234177657778,3.10401080017945,87.48420505250469,54.9087503238262,27.155191732808813,6.788797933202203,75.31292739377616,20.0,355.44536336425455,0.002813371907668455,0.52,72.31292739377616,9.424946496853146,0.002813371907668455,0.42200578615026824,10.575053503146854,35.05492433106795,0.5224116603307971,10.857239365477174,4.921371016442997,27.155191732808813,0.19715091478530572,0,148.05326407468874,BW-003,2028-01-09 13:49:28.085544,48
74.88668095350053,24.592461297665174,23.272859876333428,38.71054997986862,1.9146137566170613,5.567088281512618,85.64337067130768,36.272818185732845,47.67842052534784,11.91960513133696,72.88182246935773,20.0,368.646474731348,0.0027126259670019965,0.51,69.88182246935773,9.47763760313827,0.0027126259670019965,0.4068938950502995,10.52236239686173,99.87557144358024,0.45778707149868675,12.018356170988351,1.499599549141084,47.67842052534784,0.26952201083723054,0,163.88667505893207,BW-003,2028-01-19 13:49:28.085544,49
69.6277084733002,22.729008257805507,20.369645878319247,45.286197605022465,1.468716218982809,5.49412054315713,87.96935524531631,37.29865994119134,48.33142418215797,12.082856045539494,70.32394981346717,20.0,383.0655837952059,0.0026105190398274434,0.5,67.32394981346717,9.535199169100629,0.0026105190398274434,0.3915778559741165,10.464800830899371,97.52815025063977,0.4527390290101632,12.081029169276988,1.4278484374893279,48.33142418215797,0.27602442241242164,0,164.7413068537771,BW-003,2028-01-29 13:49:28.085544,50
71.4362715695664,26.895681633811705,28.336439956361232,44.31634412856667,1.8783898004593316,3.2815718544700685,97.28880458309777,48.38400525876157,31.92602028749323,7.981505071873306,69.29954557388682,20.0,388.9972503864463,0.0025707122582654704,0.49,66.29954557388682,9.558881052836334,0.0025707122582654704,0.38560683873982055,10.441118947163666,43.37721148276714,0.5042532847436819,11.170083981064595,3.293723553343052,31.92602028749323,0.22311924274091133,0,152.3193270145172,BW-003,2028-02-08 13:49:28.085544,51
70.08964080693447,26.53025157247767,23.526473967289682,44.20796526936148,1.5927360157424197,5.487860397950266,96.36936700846802,46.435447040966444,52.88616327813066,13.221540819532663,68.01075441595421,20.0,396.59045254953327,0.0025214928739997903,0.48,65.01075441595421,9.589198489681383,0.0025214928739997903,0.37822393109996855,10.410801510318617,104.21747733406104,0.44101224966823904,12.270518788132106,1.3450650044477197,52.88616327813066,0.29526434669196217,0,167.32525620180147,BW-003,2028-02-18 13:49:28.085544,52
91.05789785998898,25.93697102608643,20.129145233636482,37.08064605352652,1.9770046092867624,4.552339055265124,82.9128223096297,41.33893175582239,37.74472791823848,9.436181979559619,69.64673519169392,20.0,386.9766792627376,0.0025841350489264254,0.47,66.64673519169392,9.550813868980992,0.0025841350489264254,0.3876202573389638,10.449186131019008,68.92491034549569,0.4871347067979005,11.59071636565113,2.642234785755937,37.74472791823848,0.24190876350628288,0,158.05522316796996,BW-003,2028-02-28 13:49:28.085544,53
97.49552265988476,22.25904241478207,19.977777788753244,27.161490562909485,1.5889698649779431,4.3037878825761355,93.2163896719047,47.03846862030263,40.11835683274387,10.029589208185966,71.37744956710824,20.0,377.0597697300566,0.0026520994290001204,0.45999999999999996,68.37744956710824,9.511222690777851,0.0026520994290001204,0.39781491435001803,10.488777309222149,68.11123564296442,0.48453838842447505,11.572547360417769,2.8628322989455444,40.11835683274387,0.24684578702816318,0,157.80746400569686,BW-003,2028-03-09 13:49:28.085544,54
92.71141319427781,23.28106819786403,24.070232315421947,44.1768726722688,1.5992023171493759,5.677569869864538,83.30140043137563,47.14179157437508,47.29495212066991,11.823738030167476,73.83451383707134,20.0,363.4158428658423,0.0027516687002805146,0.44999999999999996,70.83451383707134,9.456758998751186,0.0027516687002805146,0.4127503050420772,10.543241001248814,102.03132094261349,0.46658274719745013,12.008025909056373,1.8173128082193983,47.29495212066991,0.2666745932619857,0,163.74580785076873,BW-003,2028-03-19 13:49:28.085544,55
81.68948821967393,25.542086142752638,24.10032656299536,31.141162831651695,1.3475329892885242,4.893922659275966,87.75091486918977,49.05267546171032,42.94461906505241,10.736154766263102,72.99565947560923,20.0,368.017527699294,0.0027172618822033307,0.43999999999999995,69.99565947560923,9.475127030414654,0.0027172618822033307,0.4075892823304996,10.524872969585346,80.98330223598015,0.47668899969118056,11.739193214603942,2.0174402861872935,42.94461906505241,0.2535539885266296,0,160.07990747187193,BW-003,2028-03-29 13:49:28.085544,56
87.55541208200363,27.239937495164845,25.63549624775098,42.26691688903579,0.7401074524318595,3.712300405124419,85.37091332637372,37.084496056166955,31.69224761273388,7.92306190318347,75.1295874304303,20.0,356.4242188206132,0.0028056454842180513,0.42999999999999994,72.1295874304303,9.428853226452198,0.0028056454842180513,0.42084682263270773,10.571146773547802,47.670705265638375,0.5104636285930924,11.118924384689354,3.6733424267215375,31.69224761273388,0.21256809102196356,0,151.62169615485482,BW-003,2028-04-08 13:49:28.085544,57
78.4622989767916,22.05598971896256,20.960146374259477,41.435081162712116,1.987714927024045,4.153533982934437,84.63001205863793,48.04448519090945,35.151363106170386,8.787840776542597,72.9678300816177,20.0,368.1711853401674,0.0027161278226487547,0.42000000000000004,69.9678300816177,9.47574038516115,0.0027161278226487547,0.4074191733973132,10.52425961483885,60.28933099058896,0.5013127382821374,11.357932431132669,2.6028585053975606,35.151363106170386,0.22762256595595148,0,154.88089678817275,BW-003,2028-04-18 13:49:28.085544,58
63.967123983488634,24.40896589516773,27.600851624389914,28.89685523109357,1.3326274239534293,5.851593157758611,88.01953199645068,49.87187832353119,51.50544911795459,12.876362279488648,69.78421633916994,20.0,386.1794715842895,0.002589469595308965,0.41000000000000003,66.78421633916994,9.54763103963188,0.002589469595308965,0.38842043929634473,10.45236896036812,108.35380592350768,0.44495348642538035,12.26019999142752,1.1807083920733932,51.50544911795459,0.2875386718684688,0,167.18454533764802,BW-003,2028-04-28 13:49:28.085544,59
89.32285184118699,25.695912701561074,20.256296815384992,32.52922964845774,1.6756876767280957,4.518798178485609,89.02312094128993,36.41864432267547,40.22775167526051,10.056937918815125,71.97433720859127,20.0,373.69890288050243,0.0026759511261390287,0.4,68.97433720859127,9.497806056538916,0.0026759511261390287,0.4013926689208543,10.502193943461084,71.04594194294177,0.4788342410167085,11.605387797476947,2.514509608808445,40.22775167526051,0.2462021764483524,0,158.25528814741293,BW-003,2028-05-08 13:49:28.085544,60
82.16906056528066,22.031377681257478,27.131889120337128,24.847472518565738,1.6186006740968482,3.763174742525541,80.85559279615416,44.44986710013027,30.427372460241735,7.606843115060435,71.71972953767813,20.0,375.1288307813395,0.0026657508512932574,0.39,68.71972953767813,9.503514292833062,0.0026657508512932574,0.3998626276939886,10.496485707166938,48.14957386193151,0.5160572124380494,11.165971445437718,3.4130752974429117,30.427372460241735,0.2139632241018743,0,152.2632469832416,BW-003,2028-05-18 13:49:28.085544,61
68.0992224066095,27.74844088071628,22.415289015625014,31.846358792113897,0.723332075498667,3.136946236507151,74.20072292659952,40.53628615582612,23.276367853070624,5.819091963267657,71.50976124000462,20.0,376.3121707123036,0.002657368211363313,0.38,68.50976124000462,9.508238222086998,0.002657368211363313,0.39860523170449697,10.491761777913002,30.888474829703693,0.5332168851725128,10.830928965742764,4.409361276790678,23.276367853070624,0.1904815440572598,0,147.69448589649224,BW-003,2028-05-28 13:49:28.085544,62
72.22416861960859,27.259904570969205,29.95601205152697,32.839428732164365,1.172915946431814,5.914598072703152,79.94041021309152,44.64082116224165,47.281539617745054,11.820384904436262,71.55496994377927,20.0,376.0570684366158,0.002659170865095837,0.37,68.55496994377927,9.507219840969697,0.002659170865095837,0.39887562976437557,10.492780159030303,104.49737616311275,0.4646773259946974,12.105594076819445,1.3823154469806391,47.281539617745054,0.2704222525901349,0,165.0762828657197,BW-003,2028-06-07 13:49:28.085544,63
88.88283752810949,27.317174682790448,25.11653201024141,33.3966167562679,1.1189327612729356,3.588293138215179,88.32340213227305,40.613664310319486,31.693025781505526,7.923256445376381,73.74134999464486,20.0,363.92405613119024,0.002747826045441503,0.36,70.74134999464486,9.458787528825884,0.002747826045441503,0.41217390681622545,10.541212471174116,46.72706613346974,0.5117762300024399,11.124145625612963,3.8043406052598,31.693025781505526,0.21482063611104213,0,151.69289489472223,BW-003,2028-06-17 13:49:28.085544,64
87.82472585987227,22.019309581625674,25.435072049518087,32.53183225059258,1.6912959969156263,3.6209777353152806,85.49717885337937,35.110115983208416,30.95833810603551,7.739584526508877,74.09620158121817,20.0,361.99211689959,0.002762491096670433,0.35,71.09620158121817,9.451076270082114,0.002762491096670433,0.41437366450056495,10.548923729917886,46.584647468727695,0.5089026068167619,11.100914157842482,3.7705437577403185,30.95833810603551,0.2117920954233287,0,151.37610215239746,BW-003,2028-06-27 13:49:28.085544,65
63.71962559292528,25.529213601690344,23.771674678633484,39.41581262172546,0.5972803917244525,3.022992097947676,76.57206427305573,35.734427250016424,23.147674522098903,5.786918630524726,71.85682867334324,20.0,374.35817589688145,0.002671238574138833,0.33999999999999997,68.85682867334324,9.500437846983433,0.002671238574138833,0.40068578612082495,10.499562153016567,29.259633302727853,0.5290703620628325,10.796461358840029,4.355463032203124,23.147674522098903,0.18946636784272747,0,147.2244730750913,BW-003,2028-07-07 13:49:28.085544,66
83.19935149712525,25.36890752775714,24.72792113299405,38.483703998314915,1.5147019058395434,3.3240772623920742,80.16581948016255,51.051713591596254,26.6477377755036,6.661934443875898,72.17107266328819,20.0,372.59773112241993,0.002683859606411404,0.32999999999999996,69.17107266328819,9.493410266546892,0.002683859606411404,0.4025789409617106,10.506589733453108,37.60220765212617,0.5225612254472143,10.954638510233202,4.425237595985716,26.6477377755036,0.20060511192173797,0,149.38143423045275,BW-003,2028-07-17 13:49:28.085544,67
92.1995599872308,23.618924320769285,27.900592922160744,35.95813637432289,0.6155874187014967,4.716145930107903,85.3800317786925,40.869776464162435,40.26646893855641,10.066617234639102,73.52233186977395,20.0,365.12161166738673,0.0027388135022556968,0.31999999999999995,70.52233186977395,9.463567611859585,0.0027388135022556968,0.4108220253383545,10.536432388140415,72.92285590941485,0.48560198290855083,11.61170970084782,2.528687579152456,40.26646893855641,0.24375804662873735,0,158.3414959206521,BW-003,2028-07-27 13:49:28.085544,68
62.342037169759166,24.005429912176364,27.418763725337612,40.984342433781976,1.6829224470086097,5.795261158298449,81.91045123711575,36.74185533591543,47.46924565131561,11.8673114128289,70.65361459449758,20.0,381.17601111034946,0.0026234599524955484,0.30999999999999994,67.65361459449758,9.527655436887956,0.0026234599524955484,0.3935189928743323,10.472344563112044,102.26065850644342,0.45532919003609407,12.107833645640556,1.219277052979881,47.46924565131561,0.27258362217082355,0,165.10682244055303,BW-003,2028-08-06 13:49:28.085544,69
80.69076225766437,24.641193987732944,19.769430320475408,31.876626086623478,1.1510290492608128,4.851199548353404,73.41515180429805,41.904462856033845,35.61515512753073,8.903788781882682,70.11361021834945,20.0,384.27610033469654,0.002602295586764362,0.3,67.11361021834945,9.540031983873895,0.002602295586764362,0.3903443380146543,10.459968016126105,68.71797369910507,0.49491781881913466,11.57579896483539,2.348461629878217,35.61515512753073,0.23400001385884472,0,157.85180406593713,BW-003,2028-08-16 13:49:28.085544,70
63.54401718718469,23.323671716267267,25.178703528764864,41.65591474174056,1.9975212670894245,4.522235816153427,96.22667574055527,44.87093160680237,43.51597195033211,10.878992987583027,68.02089966509287,20.0,396.5301045072872,0.0025218766207992225,0.3,65.02089966509287,9.588957529227548,0.0025218766207992225,0.37828149311988335,10.411042470772452,76.26367464145132,0.4703487320335099,11.796046739769798,1.6664294629371779,43.51597195033211,0.2640122711866265,0,160.8551828150427,BW-003,2028-08-26 13:49:28.085544,71
97.32453325374232,25.855391197211148,23.054976639528864,39.26825675299759,1.678477427120348,5.106776298094992,99.7845051699721,37.62978239795963,50.957714591915085,12.739428647978771,70.93285095520326,20.0,379.58277707423883,0.002634471478679392,0.3,67.93285095520326,9.52129488871047,0.002634471478679392,0.39517072180190876,10.47870511128953,94.77331144495663,0.44615758799656197,12.068417805673405,2.0538384017586515,50.957714591915085,0.2837338817619886,0,164.56933371372827,BW-003,2028-09-05 13:49:28.085544,72
64.7334476369355,24.459429338177728,28.077627427627405,33.21199084639306,1.3578084068407799,3.8241945765585585,81.8372822679294,43.43656357077663,31.296169100930747,7.824042275232689,68.53730335607871,20.0,393.47042588270904,0.002541487070487207,0.3,65.53730335607871,9.576740876485134,0.002541487070487207,0.38122306057308103,10.423259123514866,49.02447614624734,0.5065879208760232,11.27760569187047,2.6408623906077424,31.296169100930747,0.22236169143458187,0,153.78553216187007,BW-003,2028-09-15 13:49:28.085544,73
83.51077443448793,23.106857518801835,22.34682529982746,32.02827092980637,0.5392950627980972,4.233063225796638,97.22833007669665,49.28065288933713,41.15736685532818,10.289341713832044,69.14732278479931,20.0,389.88647890245664,0.002564849139716343,0.3,66.14732278479931,9.562431370892007,0.002564849139716343,0.3847273709574514,10.437568629107993,65.34896608278545,0.4754345201384921,11.640879566428998,2.555840725274665,41.15736685532818,0.2541571665218309,0,158.73926681494086,BW-003,2028-09-25 13:49:28.085544,74
60.96767055565421,26.990182262054642,21.27684971967375,36.43389038973157,0.9480883603831596,4.823715642272111,79.28118153588346,51.475807684425895,38.24298755124559,9.560746887811398,67.42969310738845,20.0,400.06221086429935,0.00249961124256047,0.3,64.42969310738845,9.603060906105078,0.00249961124256047,0.3749416863840705,10.396939093894922,70.575270196799,0.47896736968800807,11.712281598448989,1.727734669258679,38.24298755124559,0.24749528843010843,0,159.7129308879408,BW-003,2028-10-05 13:49:28.085544,75
97.62716980461363,23.555780553194644,23.15588175286722,44.94552601163045,1.762900350187713,5.865181534454967,94.6359484765068,35.03130210382946,55.50570175000394,13.876425437500984,70.3984617222018,20.0,382.6376787526252,0.0026134383923191703,0.3,67.3984617222018,9.53349083320186,0.0026134383923191703,0.39201575884787554,10.46650916679814,114.40627063060984,0.42945050912348415,12.368758074401612,1.7066751545433752,55.50570175000394,0.299810309459134,0,168.66488283274924,BW-003,2028-10-15 13:49:28.085544,76
67.4440567138511,26.81585985877426,23.498242640854713,35.591252930048526,0.7002199586239157,4.909204110550221,71.53406144326303,40.15214440667444,35.1175308481619,8.779382712040475,68.41263981888258,20.0,394.206885466624,0.0025367390496396245,0.3,65.41263981888258,9.57968137329734,0.0025367390496396245,0.3805108574459437,10.42031862670266,67.19478998288375,0.49162505252154215,11.612194289421398,2.0074192279202254,35.1175308481619,0.23532050180052685,0,158.3481039466554,BW-003,2028-10-25 13:49:28.085544,77
63.22406055028499,26.367635841842592,23.957533828263596,34.484416862764306,1.5942623429785951,3.1785741010433153,88.11386358848164,48.731798269852135,28.007644474521133,7.001911118630284,66.79397469964462,20.0,403.8953615269224,0.0024758887951065096,0.3,63.79397469964462,9.618366821002185,0.0024758887951065096,0.37138331926597645,10.381633178997815,37.03321969704619,0.5108791994260491,11.091525600551988,3.414451190984499,28.007644474521133,0.21452742337314717,0,151.24807637116348,BW-003,2028-11-04 13:49:28.085544,78
90.6205159596444,22.953449006016122,25.322701793731696,27.248497974664453,1.6270626290435686,3.3434629141977155,81.51516649134939,44.12473017911084,27.254293610847903,6.813573402711976,68.61192734460948,20.0,393.03023730515207,0.0025443335018104254,0.3,65.61192734460948,9.574983324410145,0.0025443335018104254,0.38165002527156383,10.425016675589855,38.58964208163025,0.5195834663021582,11.05844234038559,4.6966238125739075,27.254293610847903,0.2087567165610386,0,150.79694100525802,BW-003,2028-11-14 13:49:28.085544,79
86.27820625068559,27.739687726500748,18.827496196277053,25.369313307630105,0.9232806120398003,4.107159065282749,73.63075001455579,43.378955803749506,30.241320240585072,7.560330060146268,70.89135551137245,20.0,379.8191149557767,0.0026328322104495257,0.3,67.89135551137245,9.522238396059864,0.0026328322104495257,0.39492483156742886,10.477761603940136,50.95865976776857,0.5140276214572221,11.24794788009721,3.3862039011181637,30.241320240585072,0.21475013528868325,0,153.38110745587105,BW-003,2028-11-24 13:49:28.085544,80
70.46822734943623,23.481872794432,28.875054966252442,29.989108796388145,0.9079245891929465,5.253534143425254,72.13022993599766,36.603600281638066,37.8938625741878,9.473465643546952,70.30845467230975,20.0,383.15462897246385,0.0026099123549199427,0.3,67.30845467230975,9.535554667289139,0.0026099123549199427,0.3914868532379914,10.464445332710861,76.74028268075493,0.4831859171452633,11.720141221800539,1.8365381228158646,37.8938625741878,0.24125926393903183,0,159.82010757000737,BW-003,2028-12-04 13:49:28.085544,81
90.37593049671855,24.69843905470324,27.320526683462177,25.568787781545247,1.2313567905100764,4.064313875507953,98.25177134856776,48.37145293445828,39.932603758521864,9.983150939630466,72.40165663119446,20.0,371.31123130257726,0.0026931585034256924,0.3,69.40165663119446,9.488274728526664,0.0026931585034256924,0.4039737755138539,10.511725271473336,63.47645757373599,0.4855164283726331,11.496085813067557,2.8475417170763,39.932603758521864,0.24450204858584607,0,156.76480654183032,BW-003,2028-12-14 13:49:28.085544,82
61.34454400733131,22.375919220732126,28.877249440132932,27.341888906822284,1.2986310234128258,5.036009870017694,80.85759972513594,46.87321582417077,40.71996702817246,10.179991757043116,69.94389554553787,20.0,385.255605968858,0.0025956792957889745,0.3,66.94389554553787,9.543942563083196,0.0025956792957889745,0.38935189436834616,10.456057436916804,79.52318219985051,0.4804368207447119,11.769823408724145,1.5428090856114314,40.71996702817246,0.2513099052178989,0,160.49759193714743,BW-003,2028-12-24 13:49:28.085544,83
76.44382410402827,24.084059957553055,28.79800014824727,24.52376152261175,1.4956845292633836,3.03039355208323,89.08288139228627,53.26573895152474,26.995618937217948,6.748904734304485,70.17643048867428,20.0,383.91416596005627,0.0026047488961479046,0.3,67.17643048867428,9.538587006348392,0.0026047488961479046,0.39071233442218567,10.461412993651608,34.24334757740914,0.5155648026029763,10.95160394237341,4.46474013273512,26.995618937217948,0.20515964624541005,0,149.3400537596374,BW-003,2029-01-03 13:49:28.085544,84
98.53577736854201,25.361009100771053,29.2418695443971,25.254189102864572,1.1281899786112422,4.8377204050344575,96.21095780399035,49.479461109321875,46.54417137562733,11.636042843906832,74.20043785377706,20.0,361.4265685103055,0.0027668137517441157,0.3,71.20043785377706,9.448818939511934,0.0027668137517441157,0.41502206276161735,10.551181060488066,84.48998693311694,0.46724237784435085,11.809575496316935,2.332484142684123,46.54417137562733,0.2635752084718494,0,161.0396658588673,BW-003,2029-01-13 13:49:28.085544,85
70.40631163848205,26.384925789884377,29.77556508596696,30.15672149866195,1.4812619022111118,3.361675249211071,97.07359921857525,36.3288768871155,32.63299158449196,8.15824789612299,73.97783597103765,20.0,362.6353990662094,0.0027575906890916118,0.3,70.97783597103765,9.453643885790067,0.0027575906890916118,0.41363860336374175,10.546356114209933,44.95177945086427,0.5049156218532674,11.10186639364181,3.1325261201479924,32.63299158449196,0.21756725833483603,0,151.38908718602468,BW-003,2029-01-23 13:49:28.085544,86
67.9239053103896,25.39198152742966,23.567189840260035,47.32812791115689,1.4127909090446997,4.601902417643291,74.26411371380372,35.23413221461808,34.175620444368974,8.543905111092243,72.68867371851351,20.0,369.7160775179437,0.0027047782360816223,0.3,69.68867371851351,9.481907185587366,0.0027047782360816223,0.40571673541224335,10.518092814412634,63.30461847366816,0.49698861475491785,11.424513406931503,2.1459383832679713,34.175620444368974,0.22483355806994634,0,155.78881918542956,BW-003,2029-02-02 13:49:28.085544,87
73.98025488347275,22.6845747093276,19.814961944819213,29.407606318829643,0.8764499920104469,4.2661027803829175,78.85122122962468,44.72000987595206,33.63874141242904,8.40968535310726,69.70082106196953,20.0,386.6628570229532,0.0025862323774756514,0.3,66.70082106196953,9.549560939516473,0.0025862323774756514,0.3879348566213477,10.450439060483527,57.52858260359754,0.5029621888620215,11.40903422654127,2.5719477704930074,33.63874141242904,0.22812799514831608,0,155.5777394528355,BW-003,2029-02-12 13:49:28.085544,88
94.02464231364551,25.36733672969515,24.280690936492398,26.75445292486122,1.7902095400241524,4.731599660203653,71.31217216926842,37.46006590247491,33.74206496044948,8.43551624011237,72.51273572226535,20.0,370.6930727181272,0.0026976495478252273,0.3,69.51273572226535,9.485807146613812,0.0026976495478252273,0.4046474321737841,10.514192853386188,65.40825742365918,0.5002505476574537,11.441354171726724,2.8750083251609557,33.74206496044948,0.2236814716836031,0,156.0184659780917,BW-003,2029-02-22 13:49:28.085544,89
88.91257212833935,22.40601017140001,26.494021166757225,37.04491721622351,0.6225880186201673,4.675927189351276,80.29502059517975,49.58346975098896,37.54536699705216,9.38634174926304,74.09063791504872,20.0,362.02232820963076,0.002762260562616307,0.3,71.09063791504872,9.451196855971466,0.002762260562616307,0.4143390843924461,10.548803144028534,68.64527244848355,0.49435831101179434,11.509635760620343,2.590493677334178,37.54536699705216,0.23375792178639643,0,156.94957855391377,BW-003,2029-03-04 13:49:28.085544,90
78.33202566114626,24.90817772278028,19.98929448195931,46.696755528006776,1.774963057220993,4.956874945775819,95.3681308896972,48.849856533384504,47.272789863260904,11.818197465815224,73.33305510590728,20.0,366.15972019984594,0.0027310486239562645,0.3,70.33305510590728,9.467711310501334,0.0027310486239562645,0.40965729359343966,10.532288689498666,89.05552580937254,0.4642697699255089,11.874197565852375,1.7591727172285654,47.272789863260904,0.2674238822708235,0,161.92087589798692,BW-003,2029-03-14 13:49:28.085544,91
86.76089349316433,24.773773366003642,22.9411864990141,39.6233632116229,1.3181478041103583,4.289793232170444,90.18899867183298,40.50762348510837,38.689215611865826,9.672303902966457,73.03349250095897,20.0,367.8087387014743,0.002718804353399643,0.3,70.03349250095897,9.474293609703471,0.002718804353399643,0.4078206530099464,10.525706390296529,65.57793998954408,0.4892333560001819,11.48987006959596,2.6460390035733883,38.689215611865826,0.23930667364999503,0,156.6800464035813,BW-003,2029-03-24 13:49:28.085544,92
62.49092423527542,25.07501589262199,27.676843406794074,35.021757062327,0.5779348663314026,3.918940496334638,93.6695547976238,43.92839032803164,36.70854115700444,9.17713528925111,70.08915584693708,20.0,384.4170846479737,0.0026013411992751065,0.3,67.08915584693708,9.540594847441078,0.0026013411992751065,0.39020117989126596,10.459405152558922,56.08592152629889,0.49358528723370365,11.422712672568956,2.2283996601882774,36.70854115700444,0.23768692925107357,0,155.76426371684937,BW-003,2029-04-03 13:49:28.085544,93
91.45112797536132,23.208182692815846,21.103450018656467,27.952952482375103,0.9953225973072464,5.395141021555057,94.67267121004835,52.15124675322568,51.07724120655263,12.769310301638157,71.34447692594152,20.0,377.2463057029176,0.0026507880524812943,0.3,68.34447692594152,9.511967359370711,0.0026507880524812943,0.39761820787219415,10.488032640629289,98.45049046896804,0.4466410228477385,12.120330663319262,1.857809494695957,51.07724120655263,0.28343136239938405,0,165.27723631798995,BW-003,2029-04-13 13:49:28.085544,94
90.2700602275454,25.116315157023624,20.45857528980855,45.06792187564898,1.8193727824272938,5.749905707523622,82.9295566153989,41.377336366422774,47.68371309052854,11.920928272632136,73.65797547922617,20.0,364.3794707240525,0.002744391713432473,0.3,70.65797547922617,9.460605323573821,0.002744391713432473,0.4116587570148709,10.539394676426179,104.21716638468273,0.46373738532319214,12.03801041711679,1.732345320047251,47.68371309052854,0.26825955151897757,0,164.15468750613806,BW-003,2029-04-23 13:49:28.085544,95
94.82313700184028,23.432777268289236,23.414872130171858,47.639751747381,1.6580187144649856,4.746596239782342,81.13517270312883,47.02148333600466,38.511590566676226,9.627897641669056,74.45893174947473,20.0,360.0278834736955,0.0027775626441807594,0.3,71.45893174947473,9.443236291869486,0.0027775626441807594,0.41663439662711393,10.556763708130514,73.75188484917182,0.49456080659220136,11.544778498851537,2.5714091835282793,38.511590566676226,0.23638033359769606,0,157.42879771161188,BW-003,2029-05-03 13:49:28.085544,96
61.086696849022395,22.391227547562952,23.567176521747992,45.821284940677444,1.3080526969290713,5.116757587931474,90.6521505547641,42.491057740402425,46.38450792133957,11.596126980334889,69.59132678160731,20.0,387.2984393939236,0.002581988198983921,0.3,66.59132678160731,9.55209849429955,0.002581988198983921,0.3872982298475881,10.44790150570045,88.56425777170563,0.4621740627210769,11.964080512802177,1.3794887099147186,46.38450792133957,0.2708045582226423,0,163.14655244730238,BW-003,2029-05-13 13:49:28.085544,97
79.91250032137161,22.632842199739784,25.881361256691527,43.73047585440541,1.0706300112613434,3.5005806050962587,82.91588015386623,37.851882881638176,29.025372192110986,7.256343048027746,68.73234521116868,20.0,392.32096013028126,0.002548933403068553,0.3,65.73234521116868,9.572151390599577,0.002548933403068553,0.382340010460283,10.427848609400423,41.38146144120324,0.5080175368613772,11.140161127303706,3.8622367378162856,29.025372192110986,0.21444752867945432,0,151.91128809959602,BW-003,2029-05-23 13:49:28.085544,98
91.0244740370131,27.78685992340487,20.44519750953227,36.55991114867379,0.9307069371268633,5.670291105551425,80.37632382213572,38.08919494446648,45.57571540655773,11.393928851639433,70.72946840904771,20.0,380.7425529361664,0.002626446642983075,0.3,67.72946840904771,9.52592496421802,0.002626446642983075,0.39396699644746125,10.47407503578198,95.39230532259457,0.4623685167830149,12.024299895051682,1.9084238236866071,45.57571540655773,0.26614181723604236,0,163.96772584161386,BW-003,2029-06-02 13:49:28.085544,99
91.71417676135357,25.465560195286944,25.614989010603644,43.149939830781456,1.0939557089936822,3.0763432797172525,89.37467158859452,47.738046349094866,27.494717031850925,6.873679257962731,72.87855274098922,20.0,368.66455578229096,0.0027124929270133965,0.3,69.87855274098922,9.477709777672056,0.0027124929270133965,0.40687393905200947,10.522290222327944,35.60890507882959,0.5247617500620831,10.914768390028142,5.151193307310086,27.494717031850925,0.2022484235075237,0,148.83775077311103,BW-003,2029-06-12 13:49:28.085544,100
73.62416666325167,22.430271333085905,22.915546738742783,31.469219881521447,1.515680959602514,3.383600403667253,92.96640251547582,35.00023269510732,31.45611570788563,7.864028926971407,48.34529307451333,20.0,532.661459881122,0.0018773650344877163,0.99,45.34529307451333,10.132757875188288,0.0018773650344877163,0.2816047551731574,9.867242124811712,39.29273930319603,0.45443406276896847,11.751049391494508,3.7474692764555186,31.45611570788563,0.26465215699062206,0,160.24158261128875,BW-004,2026-09-26 13:49:28.218176,1
84.23116997810762,24.18756236918524,20.61471065105988,47.7128631877342,1.1810024317941723,4.249697485446877,85.67530543256765,36.09268840001945,36.40941300616758,9.102353251541897,52.29959374123327,20.0,501.98565955890217,0.0019920887797446364,0.98,49.29959374123327,10.01018373811282,0.0019920887797446364,0.29881331696169544,9.98981626188718,56.167173419413025,0.45130382830373034,11.950164525510012,2.9993024341507937,36.40941300616758,0.2719604078882293,0,162.95678898422744,BW-004,2026-10-06 13:49:28.218176,2
87.53096943120948,22.843317805470164,23.827076395912773,24.660881276867173,1.258182676865675,5.919234488916999,76.78375993749016,41.083974392725615,45.45010800107151,11.362527000267878,55.51521425177632,20.0,478.3473991634168,0.0020905308605187424,0.97,52.51521425177632,9.91574144387175,0.0020905308605187424,0.31357962907781134,10.08425855612825,94.88815326020716,0.4374925722810373,12.460739734469213,1.8449293494242125,45.45010800107151,0.29500457975259675,0,169.91917819730745,BW-004,2026-10-16 13:49:28.218176,3
98.56069628470809,24.305240277914802,18.467952150898938,24.742938982064246,1.0819801399203042,3.911827536765082,76.9124998635205,35.02947644172623,30.086843488756003,7.521710872189001,60.54271924039723,20.0,443.6006275632676,0.0022542799488203544,0.96,57.54271924039723,9.776938575195492,0.0022542799488203544,0.33814199232305314,10.223061424804508,45.8685102539736,0.48596112339481407,11.459373322268767,4.2975320427447175,30.086843488756003,0.2333696665648336,0,156.26418166730136,BW-004,2026-10-26 13:49:28.218176,4
66.40099745852777,22.140112577969116,27.07456336740212,35.004552213165375,0.9338671579589818,5.188034382263989,99.00536499397856,39.4858696657009,51.36432376173564,12.841080940433908,60.29599187280451,20.0,445.24539548189733,0.0022459524795706903,0.95,57.29599187280451,9.783508278467107,0.0022459524795706903,0.3368928719356035,10.216491721532893,91.172105881311,0.4285189859818507,12.359518171232457,1.4566077380063904,51.36432376173564,0.304788031183688,0,168.53888415316985,BW-004,2026-11-05 13:49:28.218176,5
96.00332732065922,22.696833761203152,29.47102594746383,31.535201217056468,1.832605508463022,4.989141575410267,92.25688980876146,51.9685075818105,46.02826845629355,11.50706711407339,64.10623475224374,20.0,420.51154628528093,0.00237805598641419,0.94,61.106234752243736,9.684721498125839,0.00237805598641419,0.3567083979621285,10.315278501874161,84.6678329043403,0.4496383834830909,12.060722553911983,2.2677638963341846,46.02826845629355,0.27958102540656277,0,164.46439846243615,BW-004,2026-11-15 13:49:28.218176,6
84.11771505917847,26.960244158448923,29.80815795852557,30.921730507649897,1.9417032281113895,4.267887591040827,79.08792716921288,41.50590268046062,33.75383829666243,8.438459574165607,66.85457800498307,20.0,403.52836745130946,0.002478140524087596,0.9299999999999999,63.85457800498307,9.616901377894836,0.002478140524087596,0.3717210786131394,10.383098622105164,58.559023097156306,0.4941610564499438,11.480306136913276,2.8729207083805783,33.75383829666243,0.23357130455760095,0,156.54962913972648,BW-004,2026-11-25 13:49:28.218176,7
75.57927579609681,24.313071428421534,22.08464525105407,36.99378257634204,0.7312175647677306,5.137863999295538,94.50338399516909,38.632279355132056,48.554553444038135,12.138638361009535,67.08553482689717,20.0,402.13282173859557,0.002486740564166247,0.92,64.08553482689717,9.611328870089068,0.002486740564166247,0.37301108462493704,10.388671129910932,88.6784622244112,0.447952242422841,12.092740690134633,1.7045689314015082,48.554553444038135,0.2824883580017058,0,164.9010094109268,BW-004,2026-12-05 13:49:28.218176,8
82.14845941432046,25.250228874460024,27.142821751258438,44.007599086502054,1.160662025468636,4.112823024473295,97.0582059024745,51.13387039389478,39.9183223949767,9.979580598744175,68.37565396661181,20.0,394.42564730866155,0.002535332088122151,0.91,65.37565396661181,9.580554837833782,0.002535332088122151,0.3802998132183227,10.419445162166218,62.82074177552991,0.4760061448453803,11.597816865978604,2.6153291760817483,39.9183223949767,0.2513887688425208,0,158.1520481724355,BW-004,2026-12-15 13:49:28.218176,9
72.09332997405974,23.556009383902566,20.335486040458463,25.383541972776598,1.01367196825207,5.9545752082874275,92.62744779046243,42.863904020558444,55.15571042200256,13.78892760550064,66.36477218134884,20.0,406.5040435074655,0.0024600001303102287,0.9,63.36477218134884,9.62878367417646,0.0024600001303102287,0.36900001954653433,10.37121632582354,113.26705267067888,0.43091761932732225,12.471602528347423,1.2729797107667187,55.15571042200256,0.3058035811255815,0,170.06730720473757,BW-004,2026-12-25 13:49:28.218176,10
70.80990768523134,27.798504315198443,24.692505915000527,32.33464893673218,1.3707014014905439,4.771913501983914,89.83042762741961,36.56911632634248,42.86630304842724,10.716575762106812,67.27480301869764,20.0,400.99277653103195,0.002493810508635465,0.89,64.27480301869764,9.606776642946343,0.002493810508635465,0.37407157629531973,10.393223357053657,76.63679602783873,0.4631648698953001,11.844342897973728,1.8479349700243015,42.86630304842724,0.2631855097874004,0,161.51376679055085,BW-004,2027-01-04 13:49:28.218176,11
65.56786805382782,24.66426249521322,25.514811857052766,35.733547963018836,1.1026682009814863,4.633490877311595,91.27962485417828,38.34642608002121,42.29433090462598,10.573582726156495,66.10070194904026,20.0,408.11742099328944,0.00245027521139913,0.88,63.10070194904026,9.635226243585981,0.00245027521139913,0.3675412817098695,10.364773756414019,73.03947431326155,0.46445280434957537,11.827997786574256,1.7954090899562476,42.29433090462598,0.26341632931340675,0,161.29087890783077,BW-004,2027-01-14 13:49:28.218176,12
99.75393555598794,27.281888572893564,25.48087149791328,37.66505666837479,1.430990719736876,5.341895152276671,87.51318341542336,54.04443571395189,46.74862502471492,11.68715625617873,70.5616814435055,20.0,381.70201438229014,0.0026198447016799317,0.87,67.5616814435055,9.529755382818552,0.0026198447016799317,0.39297670525198974,10.470244617181448,92.39954454706505,0.4566004419150601,11.997645838725942,2.15918673722849,46.74862502471492,0.2703393543970701,0,163.60426143717194,BW-004,2027-01-24 13:49:28.218176,13
68.05248431289733,24.370826459585913,18.473514394690792,35.413104899683844,1.3145368759364948,3.127266894620675,77.959784126664,47.031077585996485,24.380105201109075,6.095026300277269,68.40112737032604,20.0,394.27496564206973,0.002536301026293967,0.86,65.40112737032604,9.579953201222859,0.002536301026293967,0.38044515394409506,10.420046798777141,32.42259288938541,0.5265970218284041,10.933956397525685,4.197843432514401,24.380105201109075,0.19954950702965116,0,149.0994054208048,BW-004,2027-02-03 13:49:28.218176,14
69.10998944412839,27.78417308299308,28.913455331246904,41.33143765094174,1.3000799431480439,3.889679736617792,91.43272492213727,50.18010565043862,35.56440173933859,8.891100434834648,68.36195904598466,20.0,394.50668005040194,0.0025348113240369987,0.85,65.36195904598466,9.58087838294115,0.0025348113240369987,0.38022169860554983,10.41912161705885,54.70087872345254,0.4898721677785934,11.422894719705324,2.5268328793591412,35.56440173933859,0.2369000098129159,0,155.7667461777999,BW-004,2027-02-13 13:49:28.218176,15
94.7987663859074,22.783914062940777,27.486117531298618,26.99569953520436,1.6913159938241082,3.3075478921994232,85.41563392620303,45.177811111821114,28.251629995349038,7.0629074988372595,70.07236674454816,20.0,384.51390710609127,0.0026006861690026986,0.84,67.07236674454816,9.540981400364492,0.0026006861690026986,0.3901029253504048,10.459018599635508,39.682333092965365,0.520047062451935,11.04711410672472,4.777882699780711,28.251629995349038,0.20952627211632419,0,150.64246509170073,BW-004,2027-02-23 13:49:28.218176,16
71.03070273005427,27.262543486109134,29.328505125904776,27.571103265722776,1.1940134075980904,4.107842310646623,97.98774587709016,51.550126397464425,40.25182084388001,10.062955210970003,70.41279982460938,20.0,382.5553931282459,0.0026140005289763753,0.83,67.41279982460938,9.533162323108082,0.0026140005289763753,0.3921000793464563,10.466837676891918,63.613510859689306,0.47812300749676145,11.559344659958708,2.2331954885095047,40.25182084388001,0.24893935408474047,0,157.62742718125511,BW-004,2027-03-05 13:49:28.218176,17
99.2394951265074,24.90044461583888,28.362570270174544,38.12955653115168,1.0629948618794027,5.09162814572891,91.42979907204993,44.23432287626238,46.55265383135884,11.63816345783971,74.4205750083519,20.0,360.23508551979506,0.0027759650300499383,0.8200000000000001,71.4205750083519,9.444063302737987,0.0027759650300499383,0.41639475450749075,10.555936697262013,89.49273063489278,0.4710604852988178,11.855845586165728,2.2178224850771158,46.55265383135884,0.2632460384271346,0,161.67062162953266,BW-004,2027-03-15 13:49:28.218176,18
71.43134222103481,23.219338546516525,27.141578296532366,33.27697216375267,1.2669131933011268,5.762983563289728,90.83786281759856,49.57962123311633,52.34971103421876,13.08742775855469,72.1880219991353,20.0,372.503013902175,0.002684542037725943,0.81,69.1880219991353,9.493032165401141,0.002684542037725943,0.40268130565889143,10.506967834598859,108.61129807293848,0.44643643248245396,12.213100099293209,1.3153574902136742,52.34971103421876,0.2862499409513817,0,166.54227408127105,BW-004,2027-03-25 13:49:28.218176,19
79.69301920004727,25.463674175398786,28.386925747494626,47.537744246002305,1.1113763128607255,5.585072711362036,78.22214768026573,51.14141807733406,43.687638243318325,10.921909560829585,72.83713641825913,20.0,368.8936578924959,0.0027108083281047433,0.8,69.83713641825913,9.478624290939102,0.0027108083281047433,0.4066212492157115,10.521375709060898,92.47738584888606,0.4721820508128654,11.903218321141942,1.7235136670119708,43.687638243318325,0.25629355817880983,0,162.31661347011737,BW-004,2027-04-04 13:49:28.218176,20
93.10075688425212,26.587166767928306,24.882347417466878,46.945131446686396,0.8007117732926041,3.5857218088694762,80.36025856734663,41.71220908539685,28.8149531711325,7.2037382927831235,74.1486740097003,20.0,361.70730991617205,0.002764666271831101,0.79,71.1486740097003,9.449939489220498,0.002764666271831101,0.41469994077466515,10.550060510779502,42.9213757427501,0.5223882768472623,11.028422196572558,4.338200035444012,28.8149531711325,0.20456203687862662,0,150.38757540780762,BW-004,2027-04-14 13:49:28.218176,21
64.37056841238486,27.12377180173253,23.26979779960498,44.32725250096945,1.8396353077931225,5.935576405167422,95.6961167124378,49.02339723180519,56.80116124244936,14.20029031061234,71.027904430784,20.0,379.0419527865987,0.0026382303928320088,0.78,68.027904430784,9.519135820338331,0.0026382303928320088,0.3957345589248013,10.480864179661669,119.37621155422933,0.4317215506064512,12.40731792945336,1.0784488395854828,56.80116124244936,0.30304978997747745,0,169.19069903800036,BW-004,2027-04-24 13:49:28.218176,22
62.49830374476286,27.300788577916364,23.379828664433067,36.25037973610157,1.4398887666398155,5.1811702848461705,86.86218383207714,53.94181334217038,45.00477657476035,11.251194143690087,68.3736964181833,20.0,394.43722908829074,0.002535257643684948,0.77,65.3736964181833,9.580601081202307,0.002535257643684948,0.38028864655274225,10.419398918797693,86.61239366765109,0.45825775939463487,11.96412627056521,1.4431723012893796,45.00477657476035,0.268347090642355,0,163.1471764167983,BW-004,2027-05-04 13:49:28.218176,23
97.05530426920348,22.114696566578584,23.722121619813805,40.505329018333455,1.5840604365473427,4.488776258647085,81.41553129609683,38.26070673863182,36.54561039670582,9.136402599176453,70.73870391470946,20.0,380.689811339416,0.0026268105166292947,0.76,67.73870391470946,9.525714407188872,0.0026268105166292947,0.3940215774943942,10.474285592811128,65.3779530684638,0.48959212672068686,11.516882808988257,2.969053012949707,36.54561039670582,0.23602564472417753,0,157.04840194074896,BW-004,2027-05-14 13:49:28.218176,24
87.70129726148431,22.806610776448732,21.592747060460177,32.60917261000832,1.7066558115192576,5.358616956783174,92.03331796226774,42.6871007704827,49.31712982216254,12.329282455540636,70.91041036362904,20.0,379.7105695121005,0.0026335848414357405,0.75,67.91041036362904,9.521805060995016,0.0026335848414357405,0.3950377262153611,10.478194939004984,98.37739025889896,0.4556633884682961,12.070079564069912,1.782956368951881,49.31712982216254,0.27830360359417194,0,164.59199405549882,BW-004,2027-05-24 13:49:28.218176,25
71.15039489658213,23.26422978320322,29.489376228457154,24.212718842723255,1.9967312835229674,3.075580241877688,95.16991983154033,35.22835966908147,29.270272505496898,7.3175681263742245,69.59964450456071,20.0,387.2501207914545,0.002582310363018658,0.74,66.59964450456071,9.551905582324213,0.002582310363018658,0.3873465544527987,10.448094417675787,37.5444334363051,0.5061810291268034,11.042224706706262,3.7901967553879983,29.270272505496898,0.21374261125575933,0,150.5757914550854,BW-004,2027-06-03 13:49:28.218176,26
87.07285195429583,26.9708157966947,21.535432756154318,24.34356666400944,1.606804277842295,5.111099338887152,99.1077132917817,43.75322656296407,50.6549367884243,12.663734197106075,72.03735897462552,20.0,373.34580233208015,0.0026784819696741343,0.73,69.03735897462552,9.496396501544204,0.0026784819696741343,0.40177229545112014,10.503603498455796,95.82173617971813,0.45436314321550825,12.035251180758479,1.8173924920539248,50.6549367884243,0.28085352999437174,0,164.11706155579745,BW-004,2027-06-13 13:49:28.218176,27
93.36578388002704,26.442856791721113,19.714203447610064,42.08227013416726,1.6533841731614616,3.704920214987858,91.14613030130145,51.3425628403117,33.76891406712091,8.44222851678023,75.315316216318,20.0,355.4326271539941,0.002813472719168074,0.72,72.315316216318,9.42489566542504,0.002813472719168074,0.4220209078752111,10.57510433457496,51.64607030830064,0.5060819684913795,11.175781973627174,3.615600696149041,33.76891406712091,0.21919283503660125,0,152.39702691309785,BW-004,2027-06-23 13:49:28.218176,28
86.3416206268022,26.596695596773518,28.151057276132786,38.726498741699004,0.6329070709545186,4.639290948233542,99.01105825768438,36.033374433159224,45.934110634989906,11.483527658747477,75.7271573088903,20.0,353.2436689648611,0.002830907070267903,0.71,72.7271573088903,9.416159446313497,0.002830907070267903,0.4246360605401855,10.583840553686503,78.76725319286504,0.4671734097718917,11.71885618455585,2.192322751572687,45.934110634989906,0.25908680280609137,0,159.8025843348525,BW-004,2027-07-03 13:49:28.218176,29
79.50511238668844,22.46589600802963,22.890516372389172,33.770555739015066,0.5990147662103624,4.514386794913584,91.5536184196765,52.252809422983574,41.33084460203447,10.332711150508617,74.02423304841321,20.0,362.3831085279259,0.002759510519301531,0.7,71.02423304841321,9.45263688344592,0.002759510519301531,0.4139265778952297,10.54736311655408,70.8055384807543,0.4801315487763045,11.592335131155457,2.2457314524427714,41.33084460203447,0.24648441456515932,0,158.07729724302894,BW-004,2027-07-13 13:49:28.218176,30
73.95282135877918,22.66598859274789,27.698822520110667,46.7445126231473,0.6084747128869079,3.53776683572337,94.00010445291045,46.054141514370905,33.25504520880392,8.31376130220098,72.78110002070412,20.0,369.2038603189688,0.0027085307264557395,0.69,69.78110002070412,9.479862538343138,0.0027085307264557395,0.4062796089683609,10.520137461656862,47.324113771902915,0.5087882427100298,11.182020164684667,3.1253758587101594,33.25504520880392,0.2216113087917037,0,152.48209315479093,BW-004,2027-07-23 13:49:28.218176,31
98.20460829166805,25.13545959602047,21.594788135446485,25.844689806627926,1.2509364021056268,4.18966104596989,73.9514508573728,52.30591517817825,30.983151295009147,7.745787823752287,73.95267045255977,20.0,362.7723135235474,0.0027565499425443074,0.6799999999999999,70.95267045255977,9.454190372779552,0.0027565499425443074,0.4134824913816461,10.545809627220448,53.49329182337153,0.5112669227974369,11.218516002138442,3.6716606865746066,30.983151295009147,0.21210886504042803,0,152.97976366552422,BW-004,2027-08-02 13:49:28.218176,32
91.78062177962994,26.24251886360019,18.602712137567686,25.749644048829683,1.1043099239489558,3.471819624539146,79.29363577627298,40.80091063924874,27.529320078912384,6.882330019728097,76.10980680035009,20.0,351.22194893695394,0.0028472024684866857,0.6699999999999999,73.10980680035009,9.408090898524863,0.0028472024684866857,0.42708037027300283,10.591909101475137,40.552310299724425,0.5287082176773894,10.925131323023017,4.526529862356751,27.529320078912384,0.19713098494412745,0,148.97906349576843,BW-004,2027-08-12 13:49:28.218176,33
71.81161976191773,23.394305938336288,21.372053986904564,43.28358583912523,1.893842080447781,5.614242102572563,90.18108982626694,50.933627943827446,50.6298471358506,12.65746178396265,74.94892553091825,20.0,357.3914128881579,0.002798052678207297,0.6599999999999999,71.94892553091825,9.432713460815616,0.002798052678207297,0.4197079017310945,10.567286539184384,106.14377579963957,0.4545843469886468,12.071309486142662,1.3531009090438175,50.6298471358506,0.2759835809859494,0,164.60876572012722,BW-004,2027-08-22 13:49:28.218176,34
76.20410778110266,27.436666012794984,21.857948414974583,35.434487672250995,0.8390434967239996,3.751403696377497,88.74622298820996,46.434919662874975,33.29229089575124,8.32307272393781,73.63988443484034,20.0,364.47836421926746,0.0027436470807864124,0.6499999999999999,70.63988443484034,9.461000059842954,0.0027436470807864124,0.4115470621179619,10.538999940157046,50.686279788046626,0.5097592344995896,11.206962923025106,3.006892914601869,33.29229089575124,0.2203178122516177,0,152.82222167761506,BW-004,2027-09-01 13:49:28.218176,35
85.61904168703376,27.873886691048853,25.241917152520543,32.58753801872517,1.4717261689857926,5.498491130364814,97.18261181443782,35.243135429547735,53.43577290873731,13.358943227184328,74.91197052824623,20.0,357.5895788165253,0.002796502077352448,0.64,71.91197052824623,9.433504380103123,0.002796502077352448,0.4194753116028672,10.566495619896877,105.49236622569381,0.4425399302168397,12.133129728601183,1.6232272485737513,53.43577290873731,0.285396116674082,0,165.4517690263798,BW-004,2027-09-11 13:49:28.218176,36
64.9168271386155,27.33195448159239,24.037007409358036,34.78439380895141,1.3787971826802787,5.022059757176378,71.55507397359187,45.97717330154712,35.93538574245546,8.983846435613865,73.09495919335302,20.0,367.46977518870733,0.0027213122480249387,0.63,70.09495919335302,9.472940577033857,0.0027213122480249387,0.40819683720374084,10.527059422966143,73.18624420583177,0.50121935351295,11.552352624463769,1.7740171761250914,35.93538574245546,0.23002555169813038,0,157.53208124268775,BW-004,2027-09-21 13:49:28.218176,37
84.9913545115761,22.43065483735908,26.19140665468083,29.806360327572712,1.5709289487598848,3.8628981871310346,79.20329798566424,42.059170069047134,30.59542762036215,7.648856905090537,73.06504690757396,20.0,367.6346900972639,0.0027200915118631304,0.62,70.06504690757396,9.473598863339902,0.0027200915118631304,0.40801372677946957,10.526401136660098,49.569800739452816,0.5154444206690572,11.160981226426127,3.4291586104331917,30.59542762036215,0.21227516576371966,0,152.19519854217447,BW-004,2027-10-01 13:49:28.218176,38
92.90139177536787,26.82375104531512,24.63001160889467,36.48407741545803,0.7143139420091176,4.86387734714883,80.02149897006308,49.65398101180561,38.92147561253832,9.73036890313458,75.84533584050175,20.0,352.61803637975487,0.002835929807410764,0.61,72.84533584050175,9.413662566552357,0.002835929807410764,0.4253894711116146,10.586337433447643,74.01088446044555,0.4929148405462348,11.550891883324937,2.5104791667506197,38.92147561253832,0.23552366295572086,0,157.51216204534003,BW-004,2027-10-11 13:49:28.218176,39
91.01384601612543,23.628456282680286,23.960345073815358,30.8225782302604,0.7007425444995397,4.213582156721609,72.05059600929876,50.675196849682145,30.35911057259384,7.58977764314846,76.30711722660979,20.0,350.18398940955495,0.0028556416919177244,0.6,73.30711722660979,9.403948554541628,0.0028556416919177244,0.42834625378765867,10.596051445458372,52.61670384762129,0.518811655766109,11.154225706160357,3.4595038974582217,30.35911057259384,0.20625223206484594,0,152.10307781127761,BW-004,2027-10-21 13:49:28.218176,40
85.18230787566947,22.32599220893742,26.9837428095144,31.622083086266798,0.5002020395067279,3.857274973778118,82.98300638797788,48.708877664438035,32.00882737892168,8.00220684473042,76.29916416016316,20.0,350.22576744952676,0.002855301045615144,0.59,73.29916416016316,9.404115283474423,0.002855301045615144,0.4282951568422716,10.595884716525577,50.183160096023386,0.5157969290300363,11.13262288592138,3.3948562710150845,32.00882737892168,0.2117638214979303,0,151.8084938989279,BW-004,2027-10-31 13:49:28.218176,41
80.44516556948919,22.281111451165618,21.314034693850793,40.96743569893719,0.5940344324327989,3.997368471446136,71.69756968440147,42.47842094025627,28.660160453573873,7.165040113393468,75.42817933960319,20.0,354.8314076676354,0.0028182398130232123,0.5800000000000001,72.42817933960319,9.422496150460193,0.0028182398130232123,0.42273597195348184,10.577503849539807,47.609688153968484,0.5258650171631348,11.078604138566986,3.3793611631872755,28.660160453573873,0.2019832904788702,0,151.07187461682253,BW-004,2027-11-10 13:49:28.218176,42
93.5735396942401,22.022919535951498,20.961886430422826,41.78169734764971,0.9744052245939602,5.833345748082911,89.25203191895675,48.42958297334414,52.06379609022066,13.015949022555166,75.57919069732759,20.0,354.02856371056055,0.002824630841983585,0.5700000000000001,72.57919069732759,9.419291964539473,0.002824630841983585,0.4236946262975378,10.580708035460527,110.08263407623757,0.4534285642210932,12.144697287165444,1.7000599682132584,52.06379609022066,0.27975455608057037,0,165.60950846134696,BW-004,2027-11-20 13:49:28.218176,43
64.07569552264054,24.16140351280257,21.244719436614307,44.22508565185332,0.9700218763777146,4.896846460912919,75.9697641687831,43.3666772820456,37.201227080629465,9.300306770157366,71.8354347809502,20.0,374.47832985303023,0.002670381488809954,0.56,68.8354347809502,9.500917498587032,0.002670381488809954,0.4005572233214931,10.499082501412968,72.0107174729435,0.4945658836690647,11.593319424013588,1.7796155286667052,37.201227080629465,0.23634758922467397,0,158.09071941836712,BW-004,2027-11-30 13:49:28.218176,44
91.55729887104029,27.351232868864408,23.205809034918353,45.83863545250541,1.0659770809447893,5.252819395089954,73.04118692659478,40.55705552179425,38.36721633284078,9.591804083210196,73.48971066565149,20.0,365.30031598480207,0.0027374736791675918,0.55,70.48971066565149,9.464280921828273,0.0027374736791675918,0.41062105187513875,10.535719078171727,79.3220380868228,0.49101229009623004,11.662781632942425,2.308495875278072,38.36721633284078,0.23748081590490988,0,159.0379313583058,BW-004,2027-12-10 13:49:28.218176,45
98.56313665960433,22.535737147153437,26.24423119803891,35.851536970966286,1.0814732081834706,3.828957325397561,82.96056782783518,54.6073748188437,31.765247390353068,7.941311847588269,74.51928269877234,20.0,359.70211058309854,0.0027800782107698517,0.54,71.51928269877234,9.44193603031951,0.0027800782107698517,0.4170117316154778,10.55806396968049,49.499019796280805,0.5074738149175415,11.157557329122499,3.982427816358902,31.765247390353068,0.2137947911427731,0,152.1485090334886,BW-004,2027-12-20 13:49:28.218176,46
85.30847514994403,26.223142549805985,18.05235923580371,28.00687412993277,1.569569075951478,3.202507640051466,85.56102983141786,38.58729364024421,27.400985172578707,6.850246293144677,74.68401319728055,20.0,358.8143991634913,0.0027869561598734974,0.53,71.68401319728055,9.438392922333824,0.0027869561598734974,0.4180434239810246,10.561607077666176,37.436541696050426,0.5243137526991313,10.89778867984162,4.5574976365375175,27.400985172578707,0.1989809369909764,0,148.60620927056755,BW-004,2027-12-30 13:49:28.218176,47
86.65541654312825,27.79628503077206,27.132453483009396,46.81854498555211,1.5538107523022104,5.912029636229232,73.39910514182392,43.072020047231824,43.39376848711685,10.848442121779211,77.07121346292183,20.0,346.1932886666547,0.0028885597518410813,0.52,74.07121346292183,9.38802278438744,0.0028885597518410813,0.4332839627761622,10.61197721561256,100.93165234212707,0.4837457940693546,11.868992136525971,1.7171108276201248,43.39376848711685,0.2485038815570526,0,161.8498927708087,BW-004,2028-01-09 13:49:28.218176,48
71.92208834557772,22.632189533505137,27.381886360139227,39.459581315421985,0.5722790185899443,5.213654954503818,91.13663284082335,43.45457273787865,47.5154957347354,11.878873933683852,73.54754450739247,20.0,364.9835525920582,0.00273984948882806,0.51,70.54754450739247,9.463016541043164,0.00273984948882806,0.410977423324209,10.536983458956836,91.17241515828303,0.4660201444973557,11.928130073311058,1.5777159839566581,47.5154957347354,0.2678800515600688,0,162.65631918151442,BW-004,2028-01-19 13:49:28.218176,49
74.40201863603913,27.740798892905715,24.004813748522416,34.38549926447291,1.186549407738941,4.039572503858155,81.92837135658611,40.28552526317279,33.09555962179453,8.273889905448632,72.74621022253878,20.0,369.3971326113179,0.0027071135959580027,0.5,69.74621022253878,9.480634033240724,0.0027071135959580027,0.4060670393937004,10.519365966759276,54.36530954979327,0.5054788587103372,11.278369819870736,2.7371137680323225,33.09555962179453,0.2211376718560438,0,153.7959520891464,BW-004,2028-01-29 13:49:28.218176,50
68.35530896020654,24.21224302518877,22.43775907184612,25.256520484499337,1.6513514427768774,3.6159988161203995,84.4911909267667,40.37067512135215,30.552004636379102,7.638001159094776,70.5003703624952,20.0,382.05321429776916,0.0026174364265932025,0.49,67.5003703624952,9.531157473170994,0.0026174364265932025,0.3926154639889804,10.468842526829006,45.89070281091635,0.5092865775537078,11.167972759506531,2.979048250441977,30.552004636379102,0.21645597974392775,0,152.2905376296345,BW-004,2028-02-08 13:49:28.218176,51
76.66017727615517,26.93307932089854,28.204176013438744,29.087857312767795,1.486030223255193,3.8623849946917503,89.70268190423671,54.37074663399784,34.64662925705311,8.661657314263277,71.66954294278796,20.0,375.4113336818686,0.0026637448320817637,0.48,68.66954294278796,9.504642047663566,0.0026637448320817637,0.39956172481226454,10.495357952336434,53.68270615183863,0.494243741239404,11.313521211377417,2.856047422770603,34.64662925705311,0.22811216429473757,0,154.27528924605568,BW-004,2028-02-18 13:49:28.218176,52
78.89127216651927,27.28094042752891,20.588888150117448,40.26751680744106,1.4116281833790838,4.810911601678125,72.30938401194899,36.51167227708134,34.78740544532842,8.696851361332103,72.61913066674754,20.0,370.1019465065193,0.002701958229183172,0.47,69.61913066674754,9.483447489033908,0.002701958229183172,0.4052937343774758,10.516552510966092,67.27261209290413,0.49632790842145214,11.486212269721555,2.3454202152153587,34.78740544532842,0.2269886021030505,0,156.63016731438486,BW-004,2028-02-28 13:49:28.218176,53
71.8120591028733,22.819605421907035,25.819677125727317,41.72633899517594,0.973441015645025,5.854269662536698,78.91872370922,36.84133972164951,46.20114900170022,11.550287250425058,70.52542102863856,20.0,381.9096809536966,0.002618420139292677,0.45999999999999996,67.52542102863856,9.53058444647149,0.002618420139292677,0.3927630208939015,10.46941555352851,99.23879062936804,0.4589994308248421,12.084527126373134,1.4472578443861395,46.20114900170022,0.2685767342917764,0,164.78900626872453,BW-004,2028-03-09 13:49:28.218176,54
85.79330416089255,24.37078544566902,26.55848259939141,28.781166597457275,1.8353225039542616,4.7971337614511445,88.70946334870798,47.97009640237376,42.55511615903,10.638779039757498,70.8861958867171,20.0,379.8485119543946,0.0026326284519447114,0.44999999999999996,67.8861958867171,9.522355754826016,0.0026326284519447114,0.3948942677917067,10.477644245173984,79.59223644204516,0.47544245879124375,11.755474284878707,2.1558209191260174,42.55511615903,0.255804940783085,0,160.30192206652782,BW-004,2028-03-19 13:49:28.218176,55
71.49638385862319,24.206715926536916,18.697103424964197,26.676293095710633,1.2737928540684922,3.802206083572624,70.45332052643425,54.30030738908944,26.787804391350033,6.696951097837508,69.74287270186578,20.0,386.41903682046075,0.0025878642217738957,0.43999999999999995,66.74287270186578,9.548587494531338,0.0025878642217738957,0.38817963326608435,10.451412505468662,42.250482375168595,0.5142997129361766,11.10975149573687,3.384405566012802,26.787804391350033,0.20521839235063832,0,151.49661130550277,BW-004,2028-03-29 13:49:28.218176,56
70.70370706911886,27.012881354453167,18.176320663859446,33.098257168126466,1.006018320153639,3.7526791370733075,90.28078864157642,49.13259739757419,33.87948320137687,8.469870800344216,69.62705540547574,20.0,387.0909303999823,0.002583372333127766,0.42999999999999994,66.62705540547574,9.5512700154747,0.002583372333127766,0.3875058499691649,10.4487299845253,50.68466567569722,0.49823012683379586,11.315284045055897,2.7899446953645617,33.87948320137687,0.22905888979125094,0,154.29932788712588,BW-004,2028-04-08 13:49:28.218176,57
60.77310523670404,22.74621039400306,22.963712099023624,35.82875002673872,1.1064346208823037,4.830022251238457,79.38722182640944,40.421925075281315,38.3442047885561,9.586051197139025,66.75411243811857,20.0,404.13693648061013,0.0024744088197144495,0.42000000000000004,63.75411243811857,9.61933145584462,0.0024744088197144495,0.3711613229571674,10.38066854415538,71.2388262610865,0.47928450815693313,11.732878339826815,1.706179296496937,38.3442047885561,0.24905509690603667,0,159.99379554309292,BW-004,2028-04-18 13:49:28.218176,58
81.23750713648376,25.570790049434088,18.119085853534028,35.13828382688409,1.9452488613313825,4.79300484810811,95.98286900835075,53.93467457846791,46.00463564923508,11.50115891230877,67.55392860468058,20.0,399.31737617594314,0.0025042736922106547,0.41000000000000003,64.55392860468058,9.60008681260751,0.0025042736922106547,0.3756410538315982,10.39991318739249,82.34305417403392,0.4539242818668084,11.936009543802449,1.9731477767338197,46.00463564923508,0.2731439983502332,0,162.76376650639705,BW-004,2028-04-28 13:49:28.218176,59
80.76129120518195,26.06525360475372,21.742366295002597,42.5757930756663,1.6593822228141726,3.317717413211273,74.6448583779316,53.89472517566159,24.765054644715303,6.191263661178826,68.62469723989173,20.0,392.9549601903916,0.002544820911575941,0.4,65.62469723989173,9.57468276428709,0.002544820911575941,0.3817231367363912,10.42531723571291,34.76405412317251,0.5186264149135351,10.97831496274528,4.646252759763671,24.765054644715303,0.20043667020616848,0,149.70429494652655,BW-004,2028-05-08 13:49:28.218176,60
80.85184190616556,27.856082939675282,19.506602577151842,24.406743957349946,1.655237317635644,5.2096056850043775,96.4898147448932,39.052652682706864,50.26738874400147,12.566847186000372,68.93078537914201,20.0,391.15491286243054,0.0025565318678528286,0.39,65.93078537914201,9.567495749801056,0.0025565318678528286,0.3834797801779243,10.432504250198944,95.3389690766547,0.44630847148765085,12.11456245077064,1.6960922210341678,50.26738874400147,0.2849044363387341,0,165.19857887414508,BW-004,2028-05-18 13:49:28.218176,61
92.28622149459531,22.721243374723457,21.186993995503272,24.421256720799093,0.939962916170847,4.762757613328206,91.03418783252421,48.602237708939455,43.357377117250465,10.839344279312614,71.14722139257469,20.0,378.3641674891761,0.0026429564052959827,0.38,68.14722139257469,9.516429995912663,0.0026429564052959827,0.3964434607943974,10.483570004087337,77.97455623744915,0.47285105407956657,11.76672950613986,2.367085519885848,43.357377117250465,0.2580338406375877,0,160.45540235645262,BW-004,2028-05-28 13:49:28.218176,62
90.92567495674686,25.107763166275475,22.177147118019455,32.92174307775193,0.5020304385732022,4.224455072600094,70.46184675073926,46.65852113608526,29.766290593093093,7.441572648273271,73.7638047266135,20.0,363.80149951510816,0.0027487517267874026,0.37,70.7638047266135,9.458298343753068,0.0027487517267874026,0.4123127590181104,10.541701656246932,51.580832112060676,0.5205229198362072,11.193085730373245,3.5255606097710293,29.766290593093093,0.20836141849817608,0,152.6329872323624,BW-004,2028-06-07 13:49:28.218176,63
71.99202110260944,25.878752449827584,29.690333325796285,44.32945984761359,0.5353924469682937,3.7593046175388265,83.5076273842867,54.151620301676346,31.393060922546077,7.848265230636519,73.21033687712819,20.0,366.83435802173494,0.00272602600637738,0.36,70.21033687712819,9.470404211344114,0.00272602600637738,0.408903900956607,10.529595788655886,47.18669926670659,0.5068556691783515,11.160990183271087,3.0513692299475874,31.393060922546077,0.2146938438150074,0,152.19532068096936,BW-004,2028-06-17 13:49:28.218176,64
95.94242418699358,26.699190479791756,27.364513482851763,34.991898216085715,1.0970079394317542,4.197105952927304,95.19404819993281,38.77081211498502,39.953950638318666,9.988487659579667,75.10358724721343,20.0,356.56325235546524,0.002804551488113193,0.35,72.10358724721343,9.429408129845989,0.002804551488113193,0.4206827232169789,10.570591870154011,65.52640583866724,0.4870287892260249,11.464292719156882,2.9283591235940425,39.953950638318666,0.2401488111677018,0,156.3312643521393,BW-004,2028-06-27 13:49:28.218176,65
72.11662915332771,22.394169153726196,20.73882436192439,29.91848723947259,1.2261156045653023,5.017381494075087,99.3102086331683,37.037862017458735,49.82772029687946,12.456930074219862,72.58236625511027,20.0,370.3061014982684,0.002700468601392127,0.33999999999999997,69.58236625511027,9.48426243316964,0.002700468601392127,0.4050702902088191,10.51573756683036,90.92845416013654,0.45157054256089285,11.979532313714476,1.5862279815363665,49.82772029687946,0.2771842314390787,0,163.3572588233792,BW-004,2028-07-07 13:49:28.218176,66
89.89777626386775,24.84285897038768,18.694133393365927,46.98695522371689,1.9140864786411684,3.024959826681576,83.00748377897843,36.85250966102734,25.109430374533233,6.277357593633308,74.37282091300798,20.0,360.493218469851,0.002773977286575871,0.32999999999999996,71.37282091300798,9.445093598326801,0.002773977286575871,0.4160965929863807,10.554906401673199,33.017283604258154,0.5288661477318553,10.800247750451717,5.44549802105912,25.109430374533233,0.19184606678939942,0,147.27610568797795,BW-004,2028-07-17 13:49:28.218176,67
91.40758172593634,27.947967409385324,24.533787993603156,47.10644040607694,0.6134075609251262,5.245153049028694,97.43645991545677,43.68041945417518,51.106914481212016,12.776728620303004,75.5173085623768,20.0,354.35733692620767,0.0028220101456746267,0.31999999999999995,72.5173085623768,9.420604109118715,0.0028220101456746267,0.423301521851194,10.579395890881285,97.12369144536225,0.4582090383964335,11.999667391946929,1.8822921650863824,51.106914481212016,0.27666358268190233,0,163.63182807200357,BW-004,2028-07-27 13:49:28.218176,68
74.62722993045486,23.352287608040594,20.34999700961124,27.379270773424224,1.433620462348995,3.776134926466323,83.0320995701983,49.468956357000025,31.354041120485515,7.838510280121379,72.21866389471066,20.0,372.33184026652106,0.002685776213187097,0.30999999999999994,69.21866389471066,9.49234885930592,0.002685776213187097,0.40286643197806454,10.50765114069408,48.94271918111483,0.5100866316690534,11.185175579973915,3.049574326031755,31.354041120485515,0.2162130224815747,0,152.52512154509884,BW-004,2028-08-06 13:49:28.218176,69
91.2528742298922,25.469790396522164,19.763552515058517,43.4669704784033,1.4539320607455928,3.0271624847411127,87.68361968454091,47.26583369774758,26.543256403534958,6.635814100883741,74.65577419896339,20.0,358.96641974624794,0.0027857758971073015,0.3,71.65577419896339,9.438999676869239,0.0027857758971073015,0.4178663845660952,10.561000323130761,34.6171729415885,0.5312970175450108,10.837595868039262,5.272115916794725,26.543256403534958,0.19616744726899088,0,147.78539820053538,BW-004,2028-08-16 13:49:28.218176,70
75.52662824507982,26.04478177321638,21.118859750913995,32.284613003861054,1.8762287646979854,4.9130647406878065,77.26066239942631,49.281054467562534,37.95866362768056,9.48966590692014,72.83374287338953,20.0,368.9124362281329,0.0027106703428713013,0.3,69.83374287338953,9.478699249048262,0.0027106703428713013,0.4066005514306952,10.521300750951738,75.23016867340486,0.4913261480349526,11.597022601880509,2.0078814012224795,37.95866362768056,0.23720260962737508,0,158.14121729837058,BW-004,2028-08-26 13:49:28.218176,71
71.62018022685682,24.819929608947618,28.681693648752177,40.98531240642066,0.5933048392470541,3.274174458995329,75.97811009400402,52.54940093308964,24.87655875125232,6.21913968781308,72.05501946118792,20.0,373.2469134029798,0.002679191613087339,0.3,69.05501946118792,9.496001744176644,0.002679191613087339,0.40187874196310086,10.503998255823356,33.8618445956981,0.5260897737669495,10.894119307948555,4.230140506637115,24.87655875125232,0.19489593652506834,0,148.55617238111665,BW-004,2028-09-05 13:49:28.218176,72
65.89212177115881,22.047049544631502,25.57106148274996,34.74416220985004,0.7014122763534133,5.216169452179699,70.41236662034036,39.96752520739601,36.728283582069686,9.182070895517423,68.80176298094439,20.0,391.91266204941087,0.0025515889044532168,0.3,65.80176298094439,9.570521185715153,0.0025515889044532168,0.38273833566798254,10.429478814284847,74.02238895584807,0.48733607844175936,11.712733046095673,1.7803295111283508,36.728283582069686,0.24000141055505553,0,159.71908699221373,BW-004,2028-09-15 13:49:28.218176,73
98.31736484227082,25.17795834367372,20.90271952935467,36.01448570771298,1.5194304991026617,3.643219448979494,78.12418984110917,39.95119540559773,28.46235678648951,7.115589196622378,71.9446037031636,20.0,373.86561072916123,0.002674757911137294,0.3,68.9446037031636,9.498471545566675,0.002674757911137294,0.4012136866705941,10.501528454433325,43.618535679071975,0.5177373762219815,11.07797703630723,4.508054354032025,28.46235678648951,0.20703420584038007,0,151.0633232223713,BW-004,2028-09-25 13:49:28.218176,74
63.04956871894258,23.64822289028735,27.683585890607922,35.031956889663874,1.3198657130484424,3.187578887228537,83.7682154979046,49.654669495723304,26.70177951419311,6.675444878548277,69.2428973537595,20.0,389.3279308880455,0.0025685287919595943,0.3,66.2428973537595,9.560201318443136,0.0025685287919595943,0.3852793187939391,10.439798681556864,35.643415633014286,0.5184902234832269,10.995880886423684,3.537796117414947,26.70177951419311,0.20580431098039068,0,149.9438302694139,BW-004,2028-10-05 13:49:28.218176,75
77.31264008837877,22.26339965585803,19.98899735784187,34.69299932980538,0.8137781981118917,4.8201951741523095,90.1861500579424,36.622983570724784,43.471484528466995,10.867871132116749,68.41771745126832,20.0,394.1768620452728,0.002536932266422949,0.3,65.41771745126832,9.579561496980817,0.002536932266422949,0.3805398399634423,10.420438503019183,77.24682707734972,0.4633984998412342,11.844891018865564,2.001703966713433,43.471484528466995,0.26315800704180514,0,161.5212411663486,BW-004,2028-10-15 13:49:28.218176,76
61.99916114638715,27.061897984310942,29.77431034996939,43.03542897592175,1.7806773825570006,5.854472130530361,95.15475501529075,51.101806369913255,55.70808613244639,13.927021533111594,67.26754052520766,20.0,401.036462021917,0.0024935388541936347,0.3,64.26754052520766,9.606951079298636,0.0024935388541936347,0.3740308281290452,10.393048920701364,114.1035783625369,0.4273161036861511,12.446282858167132,1.086717209681183,55.70808613244639,0.306004559048063,0,169.72203897500637,BW-004,2028-10-25 13:49:28.218176,77
69.67908521268181,27.7637618530792,20.36310845344114,46.834315448683974,1.9922289409489267,5.468951415125303,97.98131524398283,45.88507932227395,53.58550526594183,13.396376316485458,66.5510257062291,20.0,405.36993631638353,0.0024668824952512485,0.3,63.5510257062291,9.62425498807269,0.0024668824952512485,0.37003237428768726,10.37574501192731,105.5008936727781,0.43699436964688126,12.32283518626885,1.320919336073089,53.58550526594183,0.30022933178138783,0,168.03866163093886,BW-004,2028-11-04 13:49:28.218176,78
88.46891222984195,27.88686239075093,24.834477354805244,30.22900279622617,1.1554938284984313,3.6008460536028775,88.50350823557623,49.85762987335878,31.86875083600845,7.967187709002112,68.46948623966492,20.0,393.8708899807401,0.002538903040153333,0.3,65.46948623966492,9.578339825843132,0.002538903040153333,0.3808354560229999,10.421660174156868,46.24566479732425,0.5014068375916247,11.25171529572379,3.8260413216055964,31.86875083600845,0.22439043644758352,0,153.4324813053244,BW-004,2028-11-14 13:49:28.218176,79
83.74243741515144,22.43848937216209,25.468119175406954,47.54826808229507,0.7851614746755915,5.213752180062077,85.64347072500641,36.36917438667156,44.65238322005848,11.16309580501462,69.59155607078235,20.0,387.2971073461194,0.0025819970793283533,0.3,66.59155607078235,9.552093176098722,0.0025819970793283533,0.387299561899253,10.447906823901278,85.42303462902689,0.4616343697827462,11.931510361998647,1.9606523645250042,44.65238322005848,0.26503040960403074,0,162.7024140272543,BW-004,2028-11-24 13:49:28.218176,80
91.70380465153534,27.447392762677715,29.32441911384265,47.04325450573073,1.282189458082208,4.113338815290383,97.62299825390072,46.68897819514852,40.15564679827951,10.038911699569878,71.74181984426944,20.0,375.0045507096152,0.0026666343064576568,0.3,68.74181984426944,9.503018166433227,0.0026666343064576568,0.3999951459686485,10.496981833566773,64.68050908926374,0.4853792525932202,11.527355369844923,2.8355931622299853,40.15564679827951,0.2463535212071496,0,157.1912095887944,BW-004,2028-12-04 13:49:28.218176,81
99.09231631966014,26.543861242806635,19.940057234843543,35.445602555231275,1.577496763058006,4.614995829767141,78.0656054314658,42.36897839833158,36.02724435144617,9.006811087861543,73.74044018930842,20.0,363.92902266580444,0.0027477885458953868,0.3,70.74044018930842,9.45880735277735,0.0027477885458953868,0.41216828188430804,10.54119264722265,67.70735035546197,0.5003613987140779,11.45953258716003,2.9270770691639196,36.02724435144617,0.2292695213045619,0,156.26635346127313,BW-004,2028-12-14 13:49:28.218176,82
69.89361263276334,25.843691101293324,25.999205748559433,27.904793851405582,1.3476279686791344,5.686038267459508,89.99389142580507,50.74774053504666,51.17087104847238,12.792717762118095,72.10684507575121,20.0,372.95686989514496,0.0026812751841282486,0.3,69.10684507575121,9.494843914162725,0.0026812751841282486,0.4021912776192373,10.505156085837275,105.55899447214601,0.44881455909262225,12.164161264526655,1.324256885588395,51.17087104847238,0.2824566311301181,0,165.8749263344544,BW-004,2028-12-24 13:49:28.218176,83
90.8650764391443,24.99337398721565,18.145237401313288,24.216923257903012,1.0355440159550182,4.363036269202965,88.90741658368474,39.96767217486415,38.79062831557537,9.697657078893842,73.79167994686424,20.0,363.64941560871887,0.002749901298001767,0.3,70.79167994686424,9.457691301395126,0.002749901298001767,0.412485194700265,10.542308698604874,66.36562955050842,0.48963758105444966,11.49092376574273,2.7383173204132802,38.79062831557537,0.2383969190678669,0,156.69441498740088,BW-004,2029-01-03 13:49:28.218176,84
97.04776273727128,23.372060677621654,25.612364266460247,29.329820896639696,0.982504984489323,5.116382490850459,82.82804001110011,43.85091029629491,42.37799336642538,10.594498341606347,76.66483214291156,20.0,348.3100309304722,0.002871005458351599,0.3,73.66483214291156,9.396470004862534,0.002871005458351599,0.43065081875273986,10.603529995137466,84.4331127150707,0.48702069948478516,11.68785642288474,2.298808124361592,42.37799336642538,0.24575298716722624,0,159.37986031206464,BW-004,2029-01-13 13:49:28.218176,85
93.92168358405937,26.37316865361968,19.144791327758526,34.28884850367441,0.5437546454678968,4.9479669737306455,98.0884186440678,36.28012693217242,48.53382559563128,12.13345639890782,78.73627112704675,20.0,337.6538951055652,0.0029616125106075165,0.3,75.73627112704675,9.353947394496695,0.0029616125106075165,0.44424187659112746,10.646052605503305,87.8968828942314,0.46387137230379627,11.796223743037327,2.1370879260207163,48.53382559563128,0.26307558718377383,0,160.85759649596355,BW-004,2029-01-23 13:49:28.218176,86
79.23560586412036,25.974604070206407,19.42203148317782,30.933238533819974,1.0967549382532353,5.474229712041023,78.77149331236579,43.878389090127556,43.121324915239356,10.780331228809837,77.6153606455836,20.0,343.37908779632323,0.002912233259216864,0.3,74.6153606455836,9.376792613601912,0.002912233259216864,0.4368349888825296,10.623207386398088,92.08245508085274,0.486197824282825,11.762002041050678,1.7209707494125295,43.121324915239356,0.2467514760563615,0,160.39093692341834,BW-004,2029-02-02 13:49:28.218176,87
96.78124098624198,27.959530092537783,18.53893558794739,42.26419016388941,1.057586099603515,3.0657399863250268,79.03138233502939,45.052624852602605,24.228966899904094,6.057241724976024,80.3473426688685,20.0,329.59193172744483,0.0030340548530992176,0.3,77.3473426688685,9.321781038619516,0.0030340548530992176,0.45510822796488265,10.678218961380484,32.766894214985605,0.5504595929273884,10.658384731171907,5.907257511270633,24.228966899904094,0.17964080251791376,0,145.341609970526,BW-004,2029-02-12 13:49:28.218176,88
75.6983274491792,26.525589840082137,29.021117185744906,46.82228626806116,1.3656838790574812,3.168528232042317,84.73287188149496,53.54221257716854,26.847849673854135,6.711962418463534,78.46517899843752,20.0,339.02972022229704,0.00294959391567298,0.3,75.46517899843752,9.35943717404432,0.00294959391567298,0.442439087350947,10.64056282595568,36.46723245394487,0.5300382844943189,10.795260017513275,4.15158060293059,26.847849673854135,0.19120174831286957,0,147.2080911479083,BW-004,2029-02-22 13:49:28.218176,89
74.28484637202011,26.725294515152676,21.012016599147604,37.53777669200443,1.0378676922873098,3.316179654323416,92.93322184226513,43.19342106751985,30.818325948404407,7.704581487101102,75.6802611067005,20.0,353.49224318134196,0.002828916388660327,0.3,72.6802611067005,9.41715150366261,0.002828916388660327,0.424337458299049,10.58284849633739,42.59675620879395,0.5204108647828593,11.001754682042183,3.4878170538574613,30.818325948404407,0.20877542611575062,0,150.02392748239342,BW-004,2029-03-04 13:49:28.218176,90
86.26524294831505,23.44239347736104,20.29911534881791,46.03773808021049,0.6527055244243054,4.965521143573014,77.80709793955688,38.18984525082717,38.6352789938926,9.65881974847315,75.44811152102116,20.0,354.7253350655068,0.0028190825440064238,0.3,72.44811152102116,9.422072808124033,0.0028190825440064238,0.42286238160096357,10.577927191875967,74.5731848904391,0.4910123269204625,11.571063938793408,2.3135727158509756,38.6352789938926,0.23520186383262737,0,157.78723552900104,BW-004,2029-03-14 13:49:28.218176,91
80.23831630939726,23.325116697778054,18.46715955990801,24.864451638994232,0.762832658158741,3.481387842813679,72.11475836929434,38.71293409802486,25.105944307430732,6.276486076857683,72.91205889194516,20.0,368.47931438276527,0.002713856547619468,0.3,69.91205889194516,9.476970346147134,0.002713856547619468,0.40707848214292025,10.523029653852866,36.676788697316795,0.5282912358223518,10.923373155316721,4.375427574730246,25.105944307430732,0.1942302753395987,0,148.95508848159164,BW-004,2029-03-24 13:49:28.218176,92
94.67081418024,23.69487246386216,29.40551004690355,37.958935031740644,1.1549212846531491,4.992658154966905,96.45071835530524,51.282513711823235,48.154546554903085,12.038636638725771,75.95702654586341,20.0,352.0277686153948,0.002840684994633313,0.3,72.95702654586341,9.411306845080542,0.002840684994633313,0.42610274919499697,10.588693154919458,89.522941329532,0.46329910280993986,11.851279102102055,2.115006785395015,48.154546554903085,0.26612348576762873,0,161.60835139230073,BW-004,2029-04-03 13:49:28.218176,93
83.20355338677818,25.100190311357608,27.105315045087902,30.779905583348455,1.0295755874004535,5.055402929623453,73.31295590233307,40.783748925919,37.06265320480096,9.26566330120024,75.6135371408566,20.0,353.8462163559003,0.002826086457271017,0.3,72.6135371408566,9.41856421268803,0.002826086457271017,0.42391296859065253,10.58143578731197,74.81385487260218,0.49867155897859694,11.538345047492319,2.2242819469324906,37.06265320480096,0.22969604225610663,0,157.3410688294407,BW-004,2029-04-13 13:49:28.218176,94
95.76377210133003,27.67873907890243,28.710698729837695,34.06675185497552,1.6705482545103225,3.929420625967407,77.49870839192863,45.300113194194466,30.452502324107773,7.613125581026944,78.72323956027591,20.0,337.7199039460371,0.002961033650417554,0.3,75.72323956027591,9.354210778640867,0.002961033650417554,0.44415504756263313,10.645789221359133,51.573588452724046,0.5281242481119163,11.050338810700863,3.7136749632658894,30.452502324107773,0.20282431226417036,0,150.68643832773904,BW-004,2029-04-23 13:49:28.218176,95
79.05342933204395,24.985239112876613,20.456161308687406,38.18712727820439,0.779203846630022,4.606661444639018,80.7065792551333,42.07578317472872,37.178788698332575,9.294697174583144,77.59666116542957,20.0,343.4754164619749,0.002911416515046884,0.3,74.59666116542957,9.377177009427328,0.002911416515046884,0.4367124772570326,10.622822990572672,68.43022574813617,0.5027623411494185,11.410597615725681,2.310482786451925,37.178788698332575,0.22697192059970106,0,155.5990583962593,BW-004,2029-05-03 13:49:28.218176,96
73.26258796268775,27.13018120971961,20.484909710530264,25.707798844162387,0.6035113889192245,5.485666793718244,93.67878544959056,41.155916633614915,51.38906026166749,12.847265065416869,75.51324699384853,20.0,354.3789262829621,0.002821838224097803,0.3,72.51324699384853,9.420690273133959,0.002821838224097803,0.4232757336146704,10.579309726866041,101.39660116061764,0.45501955680867645,12.056320871725521,1.4450698963101514,51.38906026166749,0.2776105454237802,0,164.40437552352984,BW-004,2029-05-13 13:49:28.218176,97
97.63138082012432,25.04152262777101,22.91294486180422,43.461085944190046,1.753738891865774,5.741365331619778,98.58445051007519,41.53485084060082,56.60093463953314,14.150233659883286,78.73223384766135,20.0,337.67434377138795,0.002961433163181089,0.3,75.73223384766135,9.35402898739413,0.002961433163181089,0.44421497447716335,10.64597101260587,118.00031324749662,0.44385736690137506,12.196998480595502,1.6547647736383542,56.60093463953314,0.2899720852631935,0,166.32270655357502,BW-004,2029-05-23 13:49:28.218176,98
73.28764132462419,26.161708344842772,27.25347379022264,39.71161648478291,0.7273926122001491,4.063274846379165,85.16902460265877,53.82241625067347,34.60651553586316,8.651628883965792,76.33566168521827,20.0,350.03408431817684,0.0028568646449041567,0.3,73.33566168521827,9.403350309998224,0.0028568646449041567,0.4285296967356235,10.596649690001776,56.08166204480826,0.5026470936872136,11.250986772624435,2.6136044707829327,34.60651553586316,0.2203652770816636,0,153.4225468994241,BW-004,2029-06-02 13:49:28.218176,99
95.03532334068228,25.23456731641605,21.389669116440043,34.205476450504655,0.5563566355983611,5.628958299426935,73.07703887750769,42.854614865428324,41.13476044870917,10.283690112177291,77.32841846588411,20.0,344.860222167924,0.0028997255575421697,0.3,74.32841846588411,9.38270307992393,0.0028997255575421697,0.4349588336313254,10.61729692007607,89.7233309474816,0.49090489544583055,11.739275362018358,2.1184082743497337,41.13476044870917,0.24057393481274109,0,160.08102766388672,BW-004,2029-06-12 13:49:28.218176,100
82.13484758999087,25.01879483530924,20.32635681524271,44.611602508035716,1.515411174495256,4.8343908336769825,90.35499904877913,41.35099400515177,43.68113791783104,10.92028447945776,50.138984936238636,20.0,518.5210811210517,0.0019285618973060505,0.99,47.138984936238636,10.076253956618677,0.0019285618973060505,0.28928428459590755,9.923746043381323,73.94631429266228,0.43104937981170216,12.351396628754534,2.2214723850852196,43.68113791783104,0.3011601173957523,0,168.42813584665274,BW-005,2026-09-26 13:49:28.332404,1
93.51633499407214,27.152585676096834,26.980270243988876,34.54105442999322,1.4158201325231368,5.54432770504689,98.41484388700744,52.69710235392009,54.56441455505998,13.641103638764998,56.00799241286294,20.0,474.8246474402977,0.0021060406307693525,0.98,53.00799241286294,9.901667885470806,0.0021060406307693525,0.31590609461540287,10.098332114529194,100.34289779229105,0.40950020310825824,12.645096567422367,1.863935306864471,54.56441455505998,0.32432877608228927,0,172.43313501030502,BW-005,2026-10-06 13:49:28.332404,2
66.41461624478973,26.041872504849447,20.15103906887137,40.654790172243764,0.844397241130953,5.2172009278181175,78.32394039174862,40.632320842112634,40.86317344822019,10.215793362055047,56.58868195453739,20.0,470.70672214355557,0.0021244650925019534,0.97,53.58868195453739,9.885216911803287,0.0021244650925019534,0.318669763875293,10.114783088196713,76.78562644973435,0.4523268416510052,12.15216227758445,1.7298710531004464,40.86317344822019,0.2774225948038006,0,165.7113037852425,BW-005,2026-10-16 13:49:28.332404,3
64.7020520060088,22.991706940857746,18.023905622628842,41.24975082848472,1.5986015735875687,5.890080961338114,70.30853487807076,49.32099946484289,41.41229627049014,10.353074067622533,55.751234102335275,20.0,476.6569011372995,0.002097945078764218,0.96,52.751234102335275,9.908987792762808,0.002097945078764218,0.3146917618146327,10.091012207237192,89.2009484211659,0.44905447468185145,12.327012684931526,1.4507032302059264,41.41229627049014,0.2810380579094903,0,168.09562752179355,BW-005,2026-10-26 13:49:28.332404,4
80.59733399653038,22.968176806332302,19.002652050128276,24.45909519449489,0.7486222654478311,5.118738487665786,88.68068622849393,54.80217692173731,45.393324171040504,11.348331042760128,57.25842194588678,20.0,466.00162889303857,0.0021459152457802464,0.95,54.25842194588678,9.866420670223656,0.0021459152457802464,0.32188728686703694,10.133579329776344,80.4290859218424,0.4359691782683007,12.249553938236525,2.0041837619502845,45.393324171040504,0.2911115692380466,0,167.03937188504355,BW-005,2026-11-05 13:49:28.332404,5
95.63422139932587,23.44922105021009,22.25125592660659,26.528291627551997,0.8335419571222554,3.9356383072911756,80.19915591379744,36.57878805893111,31.56348702267588,7.890871755668972,61.661451444988955,20.0,436.21868430484875,0.002292428169585593,0.94,58.661451444988955,9.747453718910178,0.002292428169585593,0.34386422543783896,10.252546281089822,48.01231194563342,0.4855530248756535,11.478907009357906,3.9837374008407243,31.56348702267588,0.2360772287003742,0,156.53055012760782,BW-005,2026-11-15 13:49:28.332404,6
80.7689828312082,25.646516098573915,20.944227769994534,25.385571821402813,1.086549303691098,4.328394409631212,77.83145578704544,41.867734043552886,33.68852381221063,8.422130953052658,63.69125816180941,20.0,423.1372465541064,0.0023632993978754606,0.9299999999999999,60.69125816180941,9.695207698039036,0.0023632993978754606,0.3544949096813191,10.304792301960964,57.149593674380235,0.4886390558341272,11.568883582508988,2.8265811754114494,33.68852381221063,0.23923625334026738,0,157.75750339784983,BW-005,2026-11-25 13:49:28.332404,7
69.36813483705336,23.317323539378812,29.518353632561464,38.79121166221738,1.335317664758144,5.5037153707668836,98.06453540582487,38.71466144010371,53.971929084015166,13.492982271003791,63.936409310913035,20.0,421.58411521044707,0.0023720058795403576,0.92,60.936409310913035,9.689004967456272,0.0023720058795403576,0.35580088193105364,10.310995032543728,102.42971103142064,0.4267417000147783,12.40623740751562,1.3544533932302996,53.971929084015166,0.30638166484318463,0,169.17596464794028,BW-005,2026-12-05 13:49:28.332404,8
76.63100414093287,24.573666000580864,24.49086004605697,40.71431536886657,1.553219144272744,4.117526794660398,97.85891686346181,36.23616921378445,40.29367122817483,10.073417807043707,64.44751951175203,20.0,418.36433432581254,0.0023902611144219167,0.91,61.447519511752034,9.676146381056975,0.0023902611144219167,0.3585391671632875,10.323853618943025,62.785893833712564,0.46531835050240195,11.705772833080575,2.4410261433528,40.29367122817483,0.25982153772499317,0,159.62417499655328,BW-005,2026-12-15 13:49:28.332404,9
66.86775630821798,25.000676512459762,22.943497140409224,44.89264719046522,1.4471283818275646,3.2770815843341357,74.88372967618687,46.90425668253749,24.540009148808757,6.13500228720219,63.379738322549414,20.0,425.1191080722729,0.002352281939371198,0.9,60.379738322549414,9.703122749470884,0.002352281939371198,0.3528422909056797,10.296877250529116,33.651831903059936,0.5161428483244397,11.092093023620182,3.9740930895436777,24.540009148808757,0.20933576291771105,0,151.25581395845703,BW-005,2026-12-25 13:49:28.332404,10
81.30016265663927,22.692367853073506,25.267654671880937,26.812893736325602,1.005809863348628,3.4514168130179925,99.042291443522,43.934290545170406,34.18362298879999,8.545905747199997,63.671267808454886,20.0,423.26414552496124,0.002362590856260058,0.89,60.671267808454886,9.695714496813137,0.002362590856260058,0.3543886284390087,10.304285503186863,46.178748890267705,0.48917131939771136,11.408848634367441,3.5211072023553025,34.18362298879999,0.24092465362015497,0,155.5752086504651,BW-005,2027-01-04 13:49:28.332404,11
65.71367859257327,26.152441882146213,20.475025366033833,33.40462495651262,1.843512166428168,4.5045538810505,77.3997584741622,44.41920504869467,34.865138242715865,8.716284560678966,63.467760738001786,20.0,424.55817830049983,0.002355389793697969,0.88,60.467760738001786,9.70088252671991,0.002355389793697969,0.3533084690546954,10.29911747328009,62.76594017401263,0.4872340645821022,11.645097636693576,2.093927961897434,34.865138242715865,0.2435845809658695,0,158.7967859549124,BW-005,2027-01-14 13:49:28.332404,12
68.17265533595881,25.046830383752674,23.031259933992263,24.434976985097514,1.6891371703592193,4.985740897911034,92.53531410862128,50.077361654198256,46.1357100052397,11.533927501309925,62.93330965673372,20.0,427.97544135998055,0.0023365826712446235,0.87,59.93330965673372,9.714530420945072,0.0023365826712446235,0.35048740068669354,10.285469579054928,84.31595284359337,0.448916688582964,12.093121245179319,1.617076081970384,46.1357100052397,0.28217833242545987,0,164.9061987978998,BW-005,2027-01-24 13:49:28.332404,13
62.76183625258399,24.84553012586172,24.7281395392674,39.08223495875009,1.5329474439618134,4.733673338082265,97.13079324981572,51.34815694612219,45.978544631343354,11.494636157835837,62.49315620726149,20.0,430.81041273213725,0.0023212066617845765,0.86,59.49315620726149,9.725853008423057,0.0023212066617845765,0.3481809992676865,10.274146991576943,79.14817811178688,0.44741307431059424,12.049332657485305,1.5859325571320357,45.978544631343354,0.28250493925745235,0,164.30908169298144,BW-005,2027-02-03 13:49:28.332404,14
70.13089534090861,22.059872659950695,26.681323948258942,36.85575838434188,1.7541765548108732,5.271144344095877,71.66816565041381,35.13755924439299,37.777324601990514,9.44433115049763,61.707999092884265,20.0,435.91421630340216,0.002294029335588327,0.85,58.707999092884265,9.746237648216146,0.002294029335588327,0.3441044003382491,10.253762351783854,75.97382730296935,0.46636009244882964,11.931205472092499,1.846185662366061,37.777324601990514,0.256698680230989,0,162.698256437625,BW-005,2027-02-13 13:49:28.332404,15
92.85553451602777,27.0599570067273,23.821135919754482,32.00708150008478,1.687337303887055,3.637341831586419,89.90570781740357,43.223949777650915,32.70177919426281,8.175444798565703,65.53554568804698,20.0,411.59187900872894,0.0024295911824314498,0.84,62.53554568804698,9.64910080611515,0.0024295911824314498,0.36443867736471747,10.35089919388485,48.21907783571428,0.49648860939560485,11.354889258180084,3.8514023363280807,32.70177919426281,0.23248349435016138,0,154.83939897518295,BW-005,2027-02-23 13:49:28.332404,16
78.0517645211702,23.100653178420608,28.25968823473769,45.18143704253633,1.1994646342102553,4.2072187778979355,96.5376066468884,52.91125696263677,40.615483145811346,10.153870786452837,66.34166327675791,20.0,406.6449758793585,0.0024591475594590282,0.83,63.34166327675791,9.629346444521826,0.0024591475594590282,0.3688721339188542,10.370653555478174,64.4467671152357,0.4686335558259959,11.686488153471362,2.422208840409566,40.615483145811346,0.2573784365831787,0,159.3612020927913,BW-005,2027-03-05 13:49:28.332404,17
63.0279890923915,24.326956539501587,27.64245191355124,45.64257668510949,0.8052091137463937,5.727525792160757,79.41634229545082,48.82111625478524,45.48591488162618,11.371478720406545,64.14974097168512,20.0,420.2372127949599,0.0023796083962890624,0.8200000000000001,61.14974097168512,9.683625910625663,0.0023796083962890624,0.35694125944335936,10.316374089374337,94.10617722647304,0.4541815620482934,12.191031456060774,1.3395080099940788,45.48591488162618,0.2776908801105752,0,166.24133803719235,BW-005,2027-03-15 13:49:28.332404,18
62.67894448101086,27.264102718797034,22.672859267746503,37.00226314242152,1.9520987180761384,3.814899543823109,75.7182949922335,38.69264914694738,28.885768902493513,7.221442225623378,62.667616691162515,20.0,429.6844956887985,0.0023272889993318628,0.81,59.667616691162515,9.721356182879441,0.0023272889993318628,0.3490933498997794,10.278643817120559,45.10751315249317,0.4974632207700879,11.348290958594621,2.7790911136738865,28.885768902493513,0.22519124504828458,0,154.74942216265393,BW-005,2027-03-25 13:49:28.332404,19
62.66258911656892,25.889908044712573,18.889265070898404,33.01125428319601,1.70572181779017,4.026322862590782,82.89872859339465,51.61898342110137,33.37770462152931,8.344426155382328,61.38502603780254,20.0,438.0311682441436,0.002282942567782378,0.8,58.38502603780254,9.754692983365329,0.002282942567782378,0.3424413851673567,10.245307016634671,52.8655776620795,0.48152537675180795,11.55872038414061,2.3706385851720984,33.37770462152931,0.24266836587834079,0,157.61891432919015,BW-005,2027-04-04 13:49:28.332404,20
77.33888931022537,27.9830941234177,24.708711419359226,31.707891663262885,0.8301669888571297,3.359673280418136,92.04777542184682,45.62909828378611,30.9250451606708,7.7312612901677,63.45917989290687,20.0,424.6128278368951,0.00235508664468358,0.79,60.45917989290687,9.70110078382285,0.00235508664468358,0.353262996702537,10.29889921617715,41.247732361455654,0.49879384428493884,11.298137322251332,3.7499704775283815,30.9250451606708,0.23046733221997118,0,154.0655089397909,BW-005,2027-04-14 13:49:28.332404,21
74.02082137144647,24.235199642557305,18.82456413268753,32.86978078624256,1.1963577796088374,3.8638360280279773,84.78458753598474,40.99884139554045,32.75937439430297,8.18984359857574,63.635466632693436,20.0,423.4915068790376,0.002361322443912981,0.78,60.635466632693436,9.696622515265553,0.002361322443912981,0.35419836658694714,10.303377484734447,49.95110608822622,0.4903995104668009,11.449514464950834,2.9637310229209772,32.75937439430297,0.23624536671138785,0,156.12974270387502,BW-005,2027-04-24 13:49:28.332404,22
88.90951008955219,25.940376908329647,26.50518786274985,24.20072836504457,0.8265010993708041,4.788245865714918,83.01531768565732,38.28811058157758,39.749775169935916,9.937443792483979,66.50849757873355,20.0,405.62861318044907,0.002465309318687381,0.77,63.508497578733554,9.62528792570532,0.002465309318687381,0.36979639780310714,10.37471207429468,71.59039672836903,0.47262866164769535,11.772656880962858,2.483839010611884,39.749775169935916,0.2541878345205878,0,160.53623019494805,BW-005,2027-05-04 13:49:28.332404,23
86.46737153599426,24.903936209078484,18.063761708020152,43.30787141836373,1.659214359935506,3.3497492236670903,86.40087046216391,53.04826066572207,28.942124875479436,7.235531218869859,68.93466634515688,20.0,391.13214264136485,0.0025566806993842887,0.76,65.93466634515688,9.567404836352265,0.0025566806993842887,0.3835021049076433,10.432595163647735,40.15641018277964,0.5077117522018564,11.10274216156326,4.306528952285394,28.942124875479436,0.2138133923773409,0,151.40102947586263,BW-005,2027-05-14 13:49:28.332404,24
81.9367665197425,22.398779954657634,27.198180594391015,38.00912610555274,1.6729399657369388,4.031873059673057,91.9900032166787,48.17322709879534,37.089201572856474,9.272300393214117,68.62059524940291,20.0,392.9791393968941,0.0025446643339254653,0.75,65.62059524940291,9.574779304963242,0.0025446643339254653,0.3816996500888198,10.425220695036758,59.529503754809745,0.4877616433270602,11.490967216707881,2.7528120125853506,37.089201572856474,0.2415244137285898,0,156.69500750056204,BW-005,2027-05-24 13:49:28.332404,25
90.06987969583362,26.81801243174702,24.216096796855496,27.36778843664436,1.506736210069533,5.794664742928443,94.62943051897423,46.33210517810926,54.83458246716969,13.70864561679242,70.6852558520949,20.0,380.9951407106347,0.0026247053916089147,0.74,67.6852558520949,9.5269333564081,0.0026247053916089147,0.3937058087413372,10.4730666435919,113.41730929475932,0.4394950580627067,12.327950985443318,1.5882915977446044,54.83458246716969,0.29708048377042273,0,168.10842252877254,BW-005,2027-06-03 13:49:28.332404,26
84.81895140207882,26.453519123194525,20.038572072608822,28.679404797606942,1.8356142758289926,4.971091494702322,96.95159399752104,42.9903756917387,48.19552443189096,12.04888110797274,72.31009026580858,20.0,371.821575998574,0.0026894620015376278,0.73,69.31009026580858,9.490311948746026,0.0026894620015376278,0.40341930023064415,10.509688051253974,90.68596942365082,0.461571290849605,11.927370335891489,1.8706080321165564,48.19552443189096,0.2721982209058754,0,162.645959125793,BW-005,2027-06-13 13:49:28.332404,27
89.99911193808283,27.449370932201937,27.10458385396705,38.33172734376724,1.4811991055418106,3.9803841175733323,70.32433250905589,51.531021483829285,27.99178561979921,6.997946404949801,75.18363218781313,20.0,356.13539300136796,0.002807920862828028,0.72,72.18363218781313,9.427700482976153,0.002807920862828028,0.4211881294242042,10.572299517023847,47.31257366263648,0.523246529567413,11.060371964114115,3.8044479499180834,27.99178561979921,0.20014656996640776,0,150.82325405610155,BW-005,2027-06-23 13:49:28.332404,28
95.5651169576004,25.472840527071643,25.58869589194065,27.755441184086415,1.210881830174154,5.402942101210095,73.13363554300454,46.537147622654004,39.51367984898543,9.878419962246356,76.66641886703528,20.0,348.30174095019777,0.002871073791569092,0.71,73.66641886703528,9.396436921816306,0.002871073791569092,0.4306610687353638,10.603563078183694,85.16074720902584,0.4954876066080354,11.659205779512375,2.2443466054387047,39.51367984898543,0.23620278844834408,0,158.9891697206233,BW-005,2027-07-03 13:49:28.332404,29
88.65588447832396,23.625656189898194,20.427050166294418,31.531843397385973,0.8622509419892501,4.391945094500662,73.56127286527334,54.61136454121447,32.30770715058619,8.076926787646547,77.45227250737969,20.0,344.22013195123134,0.0029051177057293053,0.7,74.45227250737969,9.38014878522387,0.0029051177057293053,0.4357676558593958,10.61985121477613,57.722078895890164,0.5106077068178375,11.224500761222643,3.0718188316892476,32.30770715058619,0.21095839675399003,0,153.0613740166724,BW-005,2027-07-13 13:49:28.332404,30
68.59650548145584,24.54910505720852,28.89406216660241,36.16943152172924,0.7818805712229846,3.644087662390066,72.01702540271684,46.896947590038195,26.24363537520724,6.56090884380181,75.5187352781712,20.0,354.3497534992116,0.0028220705394175613,0.69,72.5187352781712,9.42057384335369,0.0028220705394175613,0.4233105809126342,10.57942615664631,40.59572939861288,0.5341075678599158,10.933525607731076,3.3794936806234457,26.24363537520724,0.19378371063378763,0,149.09353101451467,BW-005,2027-07-23 13:49:28.332404,31
63.078866775234964,26.176936870827554,22.593585173236654,43.72394271804862,1.4892661529611553,5.216600031399098,70.9733033814156,48.174352774540445,37.02393366479904,9.25598341619976,72.77387383646696,20.0,369.2438815146696,0.002708237157235796,0.6799999999999999,69.77387383646696,9.48002229286057,0.002708237157235796,0.40623557358536944,10.51997770713943,77.63122620720019,0.4951629283019123,11.631013542282469,1.6250900535018082,37.02393366479904,0.23418627667039768,0,158.6047301220337,BW-005,2027-08-02 13:49:28.332404,32
91.84965802165473,23.631676236510692,26.308307069532695,30.33748763264925,1.9086027191754373,4.596875627854363,73.09795026625146,38.45047753892724,33.602218602504166,8.400554650626042,73.28453605271163,20.0,366.42630303981883,0.0027290617286590694,0.6699999999999999,70.28453605271163,9.468775406604017,0.0027290617286590694,0.4093592592988604,10.531224593395983,63.85006812384578,0.5029920313607747,11.393146895805273,2.8770418175122376,33.602218602504166,0.22193528625362619,0,155.36109403370827,BW-005,2027-08-12 13:49:28.332404,33
85.45497126133498,23.947070801052053,21.234142347507273,28.582238041719442,1.5419614383405917,4.703922891948242,78.89072840539865,53.76631457302632,37.109590330862616,9.277397582715654,73.81814432109739,20.0,363.50508794380914,0.002750993130953316,0.6599999999999999,70.81814432109739,9.457115219047559,0.002750993130953316,0.4126489696429974,10.542884780952441,69.68996742477758,0.49105437281341774,11.508092640090762,2.4524325213259406,37.109590330862616,0.23275016081935146,0,156.92853600123766,BW-005,2027-08-22 13:49:28.332404,34
68.74862451991709,25.571819595564936,21.175620323104287,39.887254675052844,1.7224095928108087,5.456220688452152,99.50701619540989,40.19341677900828,54.293224041153884,13.573306010288471,72.64812020476757,20.0,369.94104522571513,0.0027031334124870137,0.6499999999999999,69.64812020476757,9.482805205991909,0.0027031334124870137,0.40547001187305204,10.517194794008091,106.7894503139013,0.4410513856082843,12.199805039827908,1.2875546098951638,54.293224041153884,0.2919597270382275,0,166.3609778158351,BW-005,2027-09-01 13:49:28.332404,35
91.12100972578612,26.56510798558469,20.252668868307026,26.121238727628448,1.5484232427310785,5.909170898393931,82.93701609374673,41.95037590627509,49.008900190079736,12.252225047519932,73.72226978555969,20.0,364.02822724376034,0.0027470397215389034,0.64,70.72226978555969,9.459203328661774,0.0027470397215389034,0.4120559582308355,10.540796671338226,108.40519932393042,0.46033229654246666,12.10821409435622,1.6811188078443242,49.008900190079736,0.2725714688067272,0,165.11201037758485,BW-005,2027-09-11 13:49:28.332404,36
74.73388855177406,24.594077358420083,18.373789113520694,30.22983478260118,0.5505146058116961,3.1510485809080597,71.58295773578809,48.84022511893309,22.556137739055668,5.639034434763916,73.11094207968138,20.0,367.3816873336764,0.002721964742602275,0.63,70.11094207968138,9.472588959670132,0.002721964742602275,0.4082947113903413,10.527411040329868,30.235153289673676,0.5390120384326951,10.77642059768799,4.943509816918851,22.556137739055668,0.18540163199695514,0,146.9511899684726,BW-005,2027-09-21 13:49:28.332404,37
95.16743090404991,23.460380099311184,24.688046034876095,24.93550369586713,1.5002710869584872,4.373786983302084,76.79564878108317,47.279406126504654,33.588780901294015,8.397195225323504,75.03135646625213,20.0,356.9497843466561,0.0028015145094718364,0.62,72.03135646625213,9.43095084120978,0.0028015145094718364,0.42022717642077545,10.56904915879022,60.87818492409443,0.5103290810842903,11.310219961085863,3.12648713238441,33.588780901294015,0.2190475383083102,0,154.2302721966254,BW-005,2027-10-01 13:49:28.332404,38
72.92109383016376,27.387515121745995,28.657418267208428,31.806974840681946,1.8514413435357018,3.7585743547503334,87.32895263033268,42.18417493965381,32.82323617835751,8.205809044589376,75.34696762853282,20.0,355.26391803732673,0.00281480879207928,0.61,72.34696762853282,9.424222332040397,0.00281480879207928,0.422221318811892,10.575777667959603,51.88827175440221,0.5126496894050521,11.1574676284501,2.810696574182088,32.82323617835751,0.2159899626723897,0,152.14728584250133,BW-005,2027-10-11 13:49:28.332404,39
99.84630693995115,26.95249398474369,28.13845617306275,29.976209666618157,1.3650535982866345,5.470656679835457,94.62088482300338,44.54700796244803,51.763837560890494,12.940959390222623,78.65943599576465,20.0,338.0432746680623,0.0029582011385433965,0.6,75.65943599576465,9.35550107495311,0.0029582011385433965,0.4437301707815095,10.64449892504689,105.69824715965983,0.46151041307897034,11.999219561466056,1.8892708180700635,51.763837560890494,0.273959107603387,0,163.62572129271896,BW-005,2027-10-21 13:49:28.332404,40
62.690236558694714,22.56950762093002,29.986711344399488,31.83934198622186,1.6222758680732696,4.052457328005047,80.87679389677284,51.11429051336436,32.77497560925309,8.193743902313273,75.33371178536973,20.0,355.3345649024074,0.0028142491577610802,0.59,72.33371178536973,9.424504289912111,0.0028142491577610802,0.42213737366416204,10.575495710087889,55.1340831583807,0.5093737508023337,11.215078993488232,2.27410099043845,32.77497560925309,0.2158502881682325,0,152.93289536574864,BW-005,2027-10-31 13:49:28.332404,41
92.26660212107265,27.148139626043374,29.97153956882588,29.79591564616483,0.5605262402895496,3.984538448392836,76.27178121120538,36.69376683750614,30.390784476345413,7.597696119086353,77.66556887203475,20.0,343.12057832832636,0.002914427356330452,0.5800000000000001,74.66556887203475,9.375761044089177,0.002914427356330452,0.4371641034495678,10.624238955910823,49.535018365267895,0.518162906439401,11.081113537282235,3.7253080816768827,30.390784476345413,0.2042387884196493,0,151.1060936902123,BW-005,2027-11-10 13:49:28.332404,42
76.44766071978344,22.78048401897368,18.269110669944663,32.650243851395665,1.6756073766128545,4.400079362653225,84.46396296759525,51.81817420805814,37.164814034162205,9.291203508540551,76.01531911183018,20.0,351.7200941196543,0.002843169943141783,0.5700000000000001,73.01531911183018,9.41007894266465,0.002843169943141783,0.42647549147126745,10.58992105733535,66.25434593452118,0.4963837440616752,11.401840670034128,2.3077025255169303,37.164814034162205,0.22939874168310362,0,155.47964550046538,BW-005,2027-11-20 13:49:28.332404,43
82.64722764900284,23.876667935262123,25.852104065912634,29.568436327411458,0.5215721691081275,3.663716089338192,81.429738210052,51.16811477787382,29.833544203076446,7.4583860507691115,75.74565002483055,20.0,353.1456960314636,0.002831692446595483,0.56,72.74565002483055,9.415768438128275,0.002831692446595483,0.42475386698932244,10.584231561871725,44.72781202825156,0.5189667432060678,11.040332328085785,3.6955631809935228,29.833544203076446,0.20538885615302724,0,150.5499862920789,BW-005,2027-11-30 13:49:28.332404,44
90.57413545745709,25.742458509184054,27.14763149401152,24.934512400503976,1.7556794417459782,5.47087083224692,81.53833227936305,44.18248046573362,44.608568377722484,11.15214209443062,77.36316525900918,20.0,344.68052719872026,0.0029012372939288948,0.55,74.36316525900918,9.381986000750551,0.0029012372939288948,0.4351855940893342,10.618013999249449,96.13906787020714,0.48150355105322534,11.811153326575939,1.884231612890963,44.608568377722484,0.2520993860853577,0,161.06118172603553,BW-005,2027-12-10 13:49:28.332404,45
84.78104800145213,25.380372104275843,25.49536857737438,44.746397924840736,1.3804047598383606,3.9098576725478487,97.97664635257937,37.3728753148316,38.30747424721396,9.57686856180349,78.79359521992436,20.0,337.36368434530766,0.002964160182032079,0.54,75.79359521992436,9.352789417586017,0.002964160182032079,0.4446240273048119,10.647210582413983,60.15548212338711,0.49637807992076793,11.28065049930722,2.818730563161463,38.30747424721396,0.2289006861276388,0,153.82705226328025,BW-005,2027-12-20 13:49:28.332404,46
83.23801519552717,27.944074942394593,27.080762004822816,34.61505133082724,1.5610955000493916,5.80124826900441,90.5159935550603,45.63144305373463,52.510575092850786,13.1276437732127,78.02407352457371,20.0,341.2803758159737,0.00293014210854955,0.53,75.02407352457371,9.368417913136014,0.00293014210854955,0.4395213162824325,10.631582086863986,113.52568056347036,0.4581274620844173,12.100688409850301,1.4664173741550952,52.510575092850786,0.2774193630542947,0,165.00938740704956,BW-005,2027-12-30 13:49:28.332404,47
75.56921886767154,23.373252774900994,25.162222522653114,46.27637035473484,1.893709280023194,3.0979771823534876,84.26788575466026,43.15496210005465,26.105998727310798,6.5264996818276995,76.40187312649196,20.0,349.6866129778112,0.0028597034112468394,0.52,73.40187312649196,9.401963618248898,0.0028597034112468394,0.4289555116870259,10.598036381751102,35.616061790040845,0.5361011657863253,10.801521850201267,4.243547156513672,26.105998727310798,0.19192597965104602,0,147.2934797754718,BW-005,2028-01-09 13:49:28.332404,48
73.6762111242196,25.16606479733017,20.539630782838334,47.895146627973205,1.9716768618019036,3.4836564359253677,89.69228810501971,54.42301814736572,31.24571167099242,7.811427917748105,73.73536649900552,20.0,363.95672066707283,0.0027475794324313186,0.51,70.73536649900552,9.458917909529776,0.0027475794324313186,0.4121369148646978,10.541082090470224,45.51793733559001,0.5079114936516728,11.089929519983137,3.2372385673378448,31.24571167099242,0.21333938843676326,0,151.22631163613372,BW-005,2028-01-19 13:49:28.332404,49
85.98035718829789,26.82648435806484,26.5812019354044,38.23579725694724,0.5800219954833465,4.686566433193575,91.44259829331838,36.36900905132033,42.855181172547,10.71379529313675,73.79102917342261,20.0,363.6529654267709,0.0027498744546918066,0.5,70.79102917342261,9.457705470468612,0.0027498744546918066,0.412481168203771,10.542294529531388,75.17198580416131,0.47382122355914635,11.677580583522207,2.2875638116650165,42.855181172547,0.25194649353652127,0,159.23973522984826,BW-005,2028-01-29 13:49:28.332404,50
78.19057370210643,26.048717813004465,26.130379366604217,32.95494284213721,1.9125379799870459,4.253000987450984,73.49075455493488,47.255916710730204,31.2556251690656,7.8139062922664,73.28115269749956,20.0,366.44489976684315,0.002728923231395135,0.49,70.28115269749956,9.468849637702693,0.002728923231395135,0.40933848470927026,10.531150362297307,56.21388513144194,0.5145178737491225,11.254048551629538,2.781895381159924,31.2556251690656,0.2141188871602716,0,153.46429843131187,BW-005,2028-02-08 13:49:28.332404,51
66.69428128947123,25.002156677293364,26.290607718609873,40.73125934140342,1.4729584351532234,5.815446474642464,89.85333197414916,36.53606096628843,52.253724266394464,13.063431066598616,71.5697967819593,20.0,375.9734416768612,0.0026597623373075174,0.48,68.5697967819593,9.506885999336916,0.0026597623373075174,0.3989643505961276,10.493114000663084,109.0449132258066,0.4422790031514247,12.234594789627772,1.2232442452654884,52.253724266394464,0.2869711133910399,0,166.83538349492417,BW-005,2028-02-18 13:49:28.332404,52
71.0115285380744,22.93723941211973,25.63128392192053,38.383250787346505,0.7690340154338615,4.063998614955248,86.51990138322554,43.06415512266504,35.161675938749326,8.790418984687333,69.46069607404468,20.0,388.0580794308767,0.0025769338483213468,0.47,66.46069607404468,9.555131368302868,0.0025769338483213468,0.386540077248202,10.444868631697132,56.34009164976544,0.49627698514167956,11.419882318877036,2.52081693368598,35.161675938749326,0.23362301029176075,0,155.72566798468688,BW-005,2028-02-28 13:49:28.332404,53
88.20556582282254,24.73103195040194,26.013127099237835,44.096809914483615,0.7545926428653847,5.500932031425517,94.44013014129968,47.23662040206443,51.950873694626985,12.987718423656744,70.98514104652756,20.0,379.2851675335468,0.0026365386405772183,0.45999999999999996,67.98514104652756,9.520106776104837,0.0026365386405772183,0.39548079608658276,10.479893223895163,101.64279235562408,0.447885152467422,12.175853287258102,1.7355990282953293,51.950873694626985,0.286955129242154,0,166.03436300806504,BW-005,2028-03-09 13:49:28.332404,54
60.76579471987347,26.674615518374722,25.31636910183139,40.79134967093092,1.7572324624829638,4.120373835398116,77.66009121289733,37.11748636426259,31.99886078882533,7.999715197206332,68.11276436772938,20.0,395.98407399861003,0.0025253540878603874,0.44999999999999996,65.11276436772938,9.586777319343284,0.0025253540878603874,0.3788031131790581,10.413222680656716,53.646026043816214,0.49730287212029733,11.367976886738823,2.26543508256295,31.99886078882533,0.22545809149566742,0,155.01786663734757,BW-005,2028-03-19 13:49:28.332404,55
92.11243739298001,27.765520881572947,24.43122094622542,35.723895183837726,1.102830799836095,4.064693050459662,82.39517551623159,48.51645850208147,33.49110973122307,8.372777432805767,70.78055089983056,20.0,380.4509255090849,0.0026284598957457936,0.43999999999999995,67.78055089983056,9.524760719419055,0.0026284598957457936,0.394268984361869,10.475239280580945,54.84697071447525,0.5020739197299403,11.339475604064965,3.358888784305079,33.49110973122307,0.2257723100901357,0,154.6292127827041,BW-005,2028-03-29 13:49:28.332404,56
66.14764171376818,25.435643397292136,21.324150291911746,46.11138029311141,1.3747862064156464,4.97447947289272,72.10324418923771,42.90518630862316,35.86761081483343,8.966902703708358,69.02770828961091,20.0,390.5866479577049,0.0025602513686240657,0.42999999999999994,66.02770828961091,9.565226874620521,0.0025602513686240657,0.38403770529360987,10.434773125379479,71.19273345411251,0.4932190122165695,11.633270810854366,1.8582694751116373,35.86761081483343,0.23673469710342288,0,158.635511057105,BW-005,2028-04-08 13:49:28.332404,57
83.7136072203244,24.12954796526206,18.62387222373249,24.761850368951727,1.1350027162297962,3.5453366016520858,74.70438115950417,51.54604299474492,26.48521768285586,6.621304420713965,68.46380579206485,20.0,393.9044518548442,0.0025386867177843047,0.42000000000000004,65.46380579206485,9.578473829976884,0.0025386867177843047,0.3808030076676457,10.421526170023116,38.89485398802919,0.5156864992865061,11.07924165823547,4.304610951674443,26.48521768285586,0.2064553944993061,0,151.08056806684732,BW-005,2028-04-18 13:49:28.332404,58
63.382615123889515,25.641081733240835,28.571676067675888,45.18995559644933,1.4885681151983485,3.1257456501487724,82.57548627706365,38.36407311533036,25.810996703945133,6.452749175986285,67.93761052914982,20.0,397.02581384352465,0.0025187279142361227,0.41000000000000003,64.93761052914982,9.590936824277614,0.0025187279142361227,0.3778091871354184,10.409063175722386,33.83091341923485,0.5165900671344987,10.987582286522207,3.7470235780186063,25.810996703945133,0.2051443998328745,0,149.83066754348465,BW-005,2028-04-28 13:49:28.332404,59
68.44927325891724,27.17798098815323,28.633121223758497,28.71968603887101,1.6061391286560158,5.637990647035422,86.71121539825106,39.62761272753696,48.887702140841334,12.221925535210334,66.7519362518902,20.0,404.15012885446004,0.002474328049416789,0.4,63.7519362518902,9.619384134473433,0.002474328049416789,0.37114920741251833,10.380615865526567,100.4249843250553,0.4473026463418939,12.210829709050165,1.363192112380338,48.887702140841334,0.2842040457924758,0,166.5113142143204,BW-005,2028-05-08 13:49:28.332404,60
71.46078195708492,26.815841874117577,29.966854798843233,24.720624127905428,1.8460487986863978,4.507281861499129,91.94459079109347,54.162360178388674,41.442018633565546,10.360504658391386,67.30649761485589,20.0,400.80218227896285,0.0024949963952641072,0.39,64.30649761485589,9.606015600060523,0.0024949963952641072,0.37424945928961606,10.393984399939477,71.51390476660384,0.46672323652212816,11.747925660422643,1.9985143362065798,41.442018633565546,0.258380716795574,0,160.19898627849057,BW-005,2028-05-18 13:49:28.332404,61
84.90522134394632,27.840295714988926,23.58011421031713,44.33731033371297,0.5935911028974159,3.6613380127362567,96.58545316388035,53.686082283349805,35.36319911462724,8.840799778656812,70.3845165028109,20.0,382.7177266201329,0.002612891774915228,0.38,67.3845165028109,9.53381040972731,0.002612891774915228,0.3919337662372842,10.46618959027269,50.19458398498211,0.49057236463377185,11.324034482466601,3.383043133472305,35.36319911462724,0.2326926483681307,0,154.41865203363548,BW-005,2028-05-28 13:49:28.332404,62
73.41116200313184,22.40209922650726,29.704117601748848,43.60737377452408,1.7788211318689557,5.749261633596198,89.0624307058573,47.596413088694156,51.20432158520054,12.801080396300133,68.67015049553557,20.0,392.6871352681956,0.0025465565591218688,0.37,65.67015049553557,9.573613417201795,0.0025465565591218688,0.3819834838682803,10.426386582798205,107.51523277756547,0.44609866040699403,12.256730515348039,1.3655955552830292,51.20432158520054,0.28848721253112714,0,167.13723430020053,BW-005,2028-06-07 13:49:28.332404,63
97.51860925735576,22.51062091671871,22.62717111016,25.704837337056052,0.8161896523250429,4.209631899551468,92.57193646911364,45.62588036701864,38.969377676363266,9.742344419090816,70.2080896907387,20.0,383.73189300077223,0.0026059861539785736,0.36,67.2080896907387,9.537859306426315,0.0026059861539785736,0.39089792309678606,10.462140693573685,63.61144930923971,0.4873928719202908,11.54593528220428,3.066070976728743,38.969377676363266,0.2450174934881092,0,157.44457203005837,BW-005,2028-06-17 13:49:28.332404,64
69.1746310815069,24.814643266285472,21.22274600944371,26.423474563626264,0.7512366336411616,5.0323142136848835,82.85373711546386,49.62992928086278,41.69460389430595,10.423650973576489,69.35210146866753,20.0,388.6907097527822,0.00257273964853965,0.35,66.35210146866753,9.557657171115736,0.00257273964853965,0.3859109472809475,10.442342828884264,78.94415850630779,0.47384430073483264,11.812063798577285,1.7524952419621957,41.69460389430595,0.2555892259068545,0,161.0735972533266,BW-005,2028-06-27 13:49:28.332404,65
65.89102254208363,27.83846078747379,27.111510083021685,47.22627516646949,1.1596107297618627,5.473414552813647,74.39308769808449,51.65859431148456,40.71842088354375,10.179605220885938,69.45122143093438,20.0,388.11323402718995,0.0025765676414165853,0.33999999999999997,66.45122143093438,9.555351574705353,0.0025765676414165853,0.3864851462124878,10.444648425294647,85.0927878488829,0.4749839304448675,11.868688473177802,1.548686421206463,40.71842088354375,0.2521620398199695,0,161.84575190697,BW-005,2028-07-07 13:49:28.332404,66
71.13473926650626,26.78975918325512,21.915047016493762,31.18520096892836,0.8487589883117468,4.6208895953709215,95.33997727270673,43.626034126820294,44.05555090023507,11.013887725058767,67.83858192296931,20.0,397.6160057735738,0.0025149892999263702,0.32999999999999996,64.83858192296931,9.593293386056713,0.0025149892999263702,0.3772483949889555,10.406706613943287,75.75023319088834,0.46724292769077186,11.836308469175531,1.8781391494135424,44.05555090023507,0.26613663806618904,0,161.40420639784816,BW-005,2028-07-17 13:49:28.332404,67
65.18715912896941,23.538778366100594,22.26383698168665,40.17586099549753,0.5938472633291774,4.137121456149105,97.45182197551668,40.02338535096803,40.31700236357329,10.079250590893322,66.24520476814135,20.0,407.2337672498184,0.0024555920466844488,0.31999999999999995,63.24520476814135,9.631697610051795,0.0024555920466844488,0.3683388070026673,10.368302389948205,62.23289334031791,0.4721366348736776,11.665869431136294,2.0949422605983052,40.31700236357329,0.2565601380535232,0,159.08003769731312,BW-005,2028-07-27 13:49:28.332404,68
68.42027758661372,26.854141841750057,19.76306308300525,32.22348351654052,1.7969883827872102,5.532636975858429,84.52061717528213,45.28190885102519,46.762189180634095,11.690547295158522,65.27801672228125,20.0,413.18490637171453,0.002420223935044635,0.30999999999999994,62.27801672228125,9.655462377413782,0.002420223935044635,0.36303359025669524,10.344537622586218,96.56666544633315,0.4556680746941152,12.162132696077565,1.4170578899120885,46.762189180634095,0.2798294358469613,0,165.84726403742133,BW-005,2028-08-06 13:49:28.332404,69
66.19701244573771,22.49642101370914,23.81445594096013,31.258068270684873,1.3451125467257812,3.925404844468452,87.19126601857047,41.50422392552423,34.226101802463404,8.556525450615851,63.80442906486256,20.0,422.4195535265967,0.0023673146558946807,0.3,60.80442906486256,9.692341443094268,0.0023673146558946807,0.3550971983842021,10.307658556905732,52.87703029199991,0.48692478376090126,11.50154223707398,2.5038097669321293,34.226101802463404,0.24081287206619034,0,156.8392123237361,BW-005,2028-08-16 13:49:28.332404,70
92.15219561933901,22.822890928916458,24.96838901465142,36.13221024935673,0.7161181790197994,3.1178082427249567,78.15995816033069,35.127580868131815,24.368776180331675,6.092194045082919,66.63425038361203,20.0,404.86420032236504,0.0024699640007779643,0.3,63.63425038361203,9.622235510790334,0.0024699640007779643,0.37049460011669466,10.377764489209666,31.031189077614545,0.514920046135472,10.974081735244402,5.939327390184753,24.368776180331675,0.2026885140311484,0,149.64656911696912,BW-005,2028-08-26 13:49:28.332404,71
84.9599394211593,23.64184250716463,23.85401182252815,25.974535782649486,1.1893760858204345,5.93506436117057,98.97241629459242,42.9031059494461,58.74076606889729,14.68519151722432,67.59575192642126,20.0,399.06694305223823,0.0025058452407798132,0.3,64.59575192642126,9.59908684810483,0.0025058452407798132,0.375876786116972,10.40091315189517,118.43539568625275,0.42224656195285143,12.545503626509984,1.4347052066466128,58.74076606889729,0.3155226364786624,0,171.07504945240888,BW-005,2028-09-05 13:49:28.332404,72
72.25853872171281,26.934287267112126,18.68374472396842,34.04657459803992,1.187647136197157,5.185112563018938,80.37418295231275,48.42186314171952,41.67491857684195,10.418729644210485,68.05163697754952,20.0,396.3473226013986,0.002523039624530748,0.3,65.05163697754952,9.58822770998319,0.002523039624530748,0.37845594367961216,10.41177229001681,82.19394013548083,0.4728015549215526,11.872659360314639,1.7582449169028416,41.67491857684195,0.2578205920365594,0,161.8999003679269,BW-005,2028-09-15 13:49:28.332404,73
89.00024305196474,25.445725450541268,26.006548046330174,42.649182855642145,1.7933044604872832,5.416290129137938,98.40268734076722,43.004245516993436,53.29775041244441,13.324437603111106,70.41208032993723,20.0,382.5595218490327,0.002613972317736805,0.3,67.41208032993723,9.533178806253584,0.002613972317736805,0.3920958476605208,10.466821193746416,104.77192834610806,0.4431282053675639,12.21242862559705,1.6989329958299049,53.29775041244441,0.2924270245961912,0,166.53311762177796,BW-005,2028-09-25 13:49:28.332404,74
72.55501986889882,25.228136232183417,28.0812969412704,47.746827143161354,1.8342789665656447,5.349893948868143,77.97785351896357,54.80664607587296,41.71732466868296,10.42933116717074,69.37331564942822,20.0,388.5670431053248,0.002573558457269729,0.3,66.37331564942822,9.557163425685728,0.002573558457269729,0.38603376859045935,10.442836574314272,85.80879531666565,0.4688612167307473,11.875766702255417,1.6910858520072312,41.71732466868296,0.2556278618272073,0,161.94227321257387,BW-005,2028-10-05 13:49:28.332404,75
74.85869050497507,23.170999103311903,23.872710448879065,41.79939484406501,1.2388536061299464,3.077308796293053,88.10586419503363,48.19011963302654,27.11289508923782,6.778223772309453,67.66382417411378,20.0,398.65967026053124,0.0025084052253052888,0.3,64.66382417411378,9.597460636920594,0.0025084052253052888,0.3762607837957933,10.402539363079406,34.67413068641182,0.5157838450637964,11.02348729297787,4.317840939228557,27.11289508923782,0.20997421804228544,0,150.32028126788006,BW-005,2028-10-15 13:49:28.332404,76
79.32723453254674,27.029382526490803,22.336845348806236,44.635072195479495,1.1102072014275852,5.0641366712223865,73.61162736367267,53.77059566946261,37.27793415607321,9.319483539018302,68.29313531289613,20.0,394.9141616840075,0.0025321958466512397,0.3,65.29313531289613,9.582505367063513,0.0025321958466512397,0.37982937699768593,10.417494632936487,72.90227478228758,0.48112767100172216,11.710822005662703,2.176262257095445,37.27793415607321,0.24273402902544627,0,159.69302734994596,BW-005,2028-10-25 13:49:28.332404,77
73.12932422713358,24.723939467198193,27.14936350409842,27.024048668735862,0.7946288238080261,3.5435498371502483,88.68260209719523,39.4535215824617,31.42512202195764,7.85628050548941,67.05673819872109,20.0,402.30656029920476,0.002485666649970303,0.3,64.05673819872109,9.612022616178034,0.002485666649970303,0.3728499974955454,10.387977383821966,44.21448073768142,0.4993936870230389,11.260689869285597,3.3079354549474433,31.42512202195764,0.2254423748296202,0,153.55486185389452,BW-005,2028-11-04 13:49:28.332404,78
98.05779302652368,23.052949764288144,24.812727815172657,37.90354719988651,1.2344366930753672,3.921649251063813,86.39375625184373,43.34386837129153,33.880600950163256,8.470150237540814,70.7125775944661,20.0,380.8390309355649,0.002625781284926104,0.3,67.7125775944661,9.5263101276878,0.002625781284926104,0.39386719273891563,10.4736898723122,53.80521243477507,0.5026558767982032,11.324104002459919,3.6449179768742086,33.880600950163256,0.22718704578121363,0,154.41960003354436,BW-005,2028-11-14 13:49:28.332404,79
85.78980994307274,23.37896035478571,24.631947213320977,32.93215812592553,1.4925008894437837,3.4806768029295188,75.12809207262545,43.36289576325599,26.149660732554047,6.537415183138512,71.12684813600052,20.0,378.4798128127558,0.0026421488442627374,0.3,68.12684813600052,9.516891668700818,0.0026421488442627374,0.3963223266394106,10.483108331299182,38.92820567038785,0.5268353049295155,10.994544433813548,4.407591280701226,26.149660732554047,0.2007094796190069,0,149.9256059156393,BW-005,2028-11-24 13:49:28.332404,80
65.64894173492598,25.425264501036857,20.223244264599884,30.687433514760873,0.8280647004853748,5.271848934826503,96.93893940543366,36.682553245187655,51.10474444477463,12.776186111193658,69.19160374003661,20.0,389.6275967028091,0.0025665533151717594,0.3,66.19160374003661,9.561397759290804,0.0025665533151717594,0.3849829972757639,10.438602240709196,94.79632384788515,0.4421027790352625,12.146022507119776,1.385052480310724,51.10474444477463,0.2872374271600915,0,165.6275796425424,BW-005,2028-12-04 13:49:28.332404,81
67.31351119475268,26.954265709364,21.428490811930683,46.25097076474678,1.9548897880177862,4.179311722678204,73.0073669116863,35.33184961265196,30.51205443758794,7.628013609396985,68.64814554003577,20.0,392.81677260605136,0.0025457161448726668,0.3,65.64814554003577,9.574131021087187,0.0025457161448726668,0.38185742173090004,10.425868978912813,52.56032181083957,0.5008706440304359,11.322491068087485,2.5613812425657767,30.51205443758794,0.21955187990710853,0,154.39760547392027,BW-005,2028-12-14 13:49:28.332404,82
82.8504187974839,22.85800673599436,22.494578920554975,43.145574320357134,1.0510860930456056,4.98515604793187,88.07348325899764,38.260382276297726,43.90600577310184,10.97650144327546,68.24634077264191,20.0,395.1914563912483,0.0025304190761907003,0.3,65.24634077264191,9.583612547025709,0.0025304190761907003,0.37956286142860507,10.416387452974291,81.25960027692422,0.4633582760854032,11.894977208344423,2.039153983409673,43.90600577310184,0.2649107894943806,0,162.20423465924216,BW-005,2028-12-24 13:49:28.332404,83
63.48068873211155,25.340709465569127,28.141450217952418,43.10223329144406,0.7626847101955299,3.701438499279192,70.71123260933555,51.698944113888075,26.173327871168084,6.543331967792023,66.17873678739593,20.0,407.63998981512697,0.002453144993094324,0.3,63.178736787395934,9.633319747377739,0.002453144993094324,0.36797174896414864,10.366680252622261,39.40192687677832,0.5120365832511097,11.156047495251388,3.2222124024865466,26.173327871168084,0.20953642318176502,0,152.12792038979165,BW-005,2029-01-03 13:49:28.332404,84
86.91058457649866,23.323025580613884,20.618490414626066,44.97772255932445,0.8745034291103453,5.924071788145654,74.06378610384073,39.62950427530596,43.8759185781017,10.968979644525424,67.09753941213407,20.0,402.0604166917087,0.0024871883888206246,0.3,64.09753941213407,9.611039753704258,0.0024871883888206246,0.37307825832309366,10.388960246295742,95.86054611499776,0.46274478919349704,12.109333581739017,1.8132712173835854,43.8759185781017,0.2668711869345183,0,165.127276114623,BW-005,2029-01-13 13:49:28.332404,85
70.52989386072045,22.003920344567796,28.44802840950621,43.02227551701923,1.440993402636017,5.605228571840803,97.79391393868555,43.39254765613621,54.81572405612607,13.70393101403152,65.33391564198729,20.0,412.8386027284251,0.002422254104609068,0.3,62.33391564198729,9.654079446781386,0.002422254104609068,0.3633381156913602,10.345920553218614,107.26052218791929,0.43066887179661906,12.416871846965643,1.3151137514910254,54.81572405612607,0.3065706610056144,0,169.3209797313497,BW-005,2029-01-23 13:49:28.332404,86
90.0106305575537,22.912291404546952,23.499883135050904,32.429265296370744,0.6406647893855247,3.1518674168072223,71.18175501078458,46.478997321380206,22.435545428964616,5.608886357241154,66.72724395673272,20.0,404.2998474935187,0.0024734117665380292,0.3,63.72724395673272,9.619981978211431,0.0024734117665380292,0.3710117649807044,10.380018021788569,29.642134196882605,0.5296903315111452,10.920639236204458,6.073154514428985,22.435545428964616,0.19607510567793768,0,148.91780776642443,BW-005,2029-02-02 13:49:28.332404,87
79.44521940859696,27.524437902055812,18.480709428608336,30.995061923851054,0.8113114043085552,4.1786853266795365,70.85957282732963,46.665047846251134,29.60998572283423,7.402496430708558,67.93623001649328,20.0,397.03403541606394,0.0025186757577396854,0.3,64.93623001649328,9.590969651891713,0.0025186757577396854,0.3778013636609528,10.409030348108287,50.236981068818565,0.5104122123265755,11.31217277868519,3.162818215520023,29.60998572283423,0.21781016303426665,0,154.25690152752532,BW-005,2029-02-12 13:49:28.332404,88
69.52586614662785,27.45060731127625,23.61682865081148,35.19118591055565,1.6408634636829236,3.033907609767067,93.6211587444782,41.12865645406743,28.403794595008296,7.100948648752074,67.93828351040146,20.0,397.0218059998167,0.0025187533402144207,0.3,64.93828351040146,9.590920821507009,0.0025187533402144207,0.3778130010321631,10.409079178492991,35.958372677618264,0.5117535626299405,11.04698258380293,3.867019610145103,28.403794595008296,0.21378585711663933,0,150.64067159731266,BW-005,2029-02-22 13:49:28.332404,89
66.17968816019703,24.923592124600304,23.159822569452714,38.32585657311975,1.9993365548756579,3.1207740090276963,87.65056662949459,42.95368828866109,27.353761021387708,6.838440255346925,66.52403988076881,20.0,405.53405816659387,0.0024658841344200955,0.3,63.52403988076881,9.624910352317599,0.0024658841344200955,0.3698826201630143,10.375089647682401,36.15686588266713,0.5140348811316962,11.066903865113547,3.6606982682048357,27.353761021387708,0.21283942085460383,0,150.91232543336653,BW-005,2029-03-04 13:49:28.332404,90
90.77795576328188,24.38719421810456,27.930636627288564,28.097000719499526,0.5456955294634402,5.921401240071448,86.32595987511107,40.50478362074016,51.11706458548409,12.779266146371018,68.629106976801,20.0,392.9289686301462,0.0025449892470037604,0.3,65.629106976801,9.574578987423465,0.0025449892470037604,0.3817483870505641,10.425421012576535,106.1890497938717,0.44458941113851924,12.289508060099397,1.7097423122157136,51.11706458548409,0.2882689058739908,0,167.58420081953722,BW-005,2029-03-14 13:49:28.332404,91
68.17793489857092,24.042469336685556,24.126969089514716,38.7630993729888,1.8659085758216327,5.128316593901925,78.14476007628134,53.0848658281513,40.075106982567824,10.018776745641956,67.81999793347485,20.0,397.72686059890464,0.002514288319612563,0.3,64.81999793347485,9.593736016755182,0.002514288319612563,0.3771432479418844,10.406263983244818,79.73542484843993,0.4726874513006114,11.818823970653039,1.710104010310666,40.075106982567824,0.25290174812156413,0,161.165781417996,BW-005,2029-03-24 13:49:28.332404,92
80.3941603820183,25.007653867754378,18.602916117875786,24.83787726374937,1.326739942874558,4.124165911522129,86.49605688328616,36.01146207648458,35.67240892791278,8.918102231978196,67.77003288127233,20.0,398.0250589814618,0.0025124046273844666,0.3,64.77003288127233,9.594926691131656,0.0025124046273844666,0.37686069410767,10.405073308868344,57.60815549120162,0.48471795276417395,11.487105686067657,2.7910687192301005,35.67240892791278,0.2383155474541478,0,156.64235026455898,BW-005,2029-04-03 13:49:28.332404,93
77.52714452993378,27.035082369881792,19.928155016542142,24.59931989080919,1.1735581518951888,4.278363713856693,94.97090618982985,51.11297610726684,40.6320078914656,10.1580019728664,68.93611323159678,20.0,391.12365387658133,0.00255673618838596,0.3,65.93611323159678,9.56737094371826,0.00255673618838596,0.383510428257894,10.43262905628174,66.38562044024623,0.47487865725785433,11.63912759502163,2.335660765563411,40.6320078914656,0.2527771224678597,0,158.7153762957495,BW-005,2029-04-13 13:49:28.332404,94
69.4991422700903,22.297686240033023,26.695179442171547,26.67823199897394,1.4124792500116574,3.6729556765605786,76.78237213031689,51.34610624426473,28.201824957583423,7.050456239395856,68.0399100883776,20.0,396.4170475505305,0.0025225958524715867,0.3,65.0399100883776,9.588506110536153,0.0025225958524715867,0.378389377870738,10.411493889463847,42.78463620713897,0.5099925259265121,11.16631407424174,3.2487896792491036,28.201824957583423,0.2129311974571039,0,152.26791919420555,BW-005,2029-04-23 13:49:28.332404,95
71.24199000667556,23.040976302130133,22.55701827503181,43.23469862935089,1.088140365356859,5.791195260507976,72.8608276381901,44.00117278852451,42.19512796949751,10.548781992374376,67.60649377801384,20.0,399.00264746411324,0.002506249034575494,0.3,64.60649377801384,9.59883012002035,0.002506249034575494,0.3759373551863241,10.40116987997965,92.66403542902252,0.4727634085728074,12.020103481042975,1.5376405673859195,42.19512796949751,0.2603512208042257,0,163.9105020142224,BW-005,2029-05-03 13:49:28.332404,96
90.03078596844223,22.752917780794903,27.273257035980947,29.686399797759567,1.5160896948333091,4.012362836892687,96.12065366372317,36.670498293600374,38.56709386181558,9.641773465453895,68.66238805909887,20.0,392.7328610641263,0.00254626006413229,0.3,65.66238805909887,9.573795986828655,0.00254626006413229,0.3819390096198435,10.426204013171345,60.140242452091286,0.47839380645908325,11.530416827489509,2.9940280350602926,38.56709386181558,0.24637683785862316,0,157.2329567384933,BW-005,2029-05-13 13:49:28.332404,97
82.63126219363986,27.574868303270122,22.64787021570377,25.58796453202657,0.5287332283268793,3.633377827674112,92.57405012759483,36.025876979624314,33.635650115159486,8.408912528789871,70.35650495538879,20.0,382.878568144644,0.0026117941384021775,0.3,67.35650495538879,9.53445254098428,0.0026117941384021775,0.3917691207603266,10.46554745901572,47.7479849534835,0.4953800901201745,11.267259341568185,3.461141335038115,33.635650115159486,0.22698240416059148,0,153.6444455668389,BW-005,2029-05-23 13:49:28.332404,98
93.07434243891012,25.148413825968593,27.30292862201939,29.626214400276353,1.0176256182698507,4.477606142142868,83.2632110403916,41.68802357977497,37.28198651689953,9.32049662922488,73.45241122233189,20.0,365.5047556470716,0.0027359425138796054,0.3,70.45241122233189,9.465096957916401,0.0027359425138796054,0.4103913770819408,10.534903042083599,66.19097114835441,0.4953751887391589,11.475999846523846,2.812297231001545,37.28198651689953,0.23392471508378657,0,156.49090699805245,BW-005,2029-06-02 13:49:28.332404,99
61.204154888452756,27.768953947444672,26.01441488040976,46.39692210622335,0.8982446111436084,4.183716945956771,85.89821760790699,38.22734716776766,35.93738286336828,8.98434571584207,71.98373551195714,20.0,373.6462245588897,0.0026763283937381037,0.3,68.98373551195714,9.497595767678513,0.0026763283937381037,0.40144925906071555,10.502404232321487,59.17987168032978,0.49351808641899986,11.409449773327962,2.068411206399956,35.93738286336828,0.2318851435788945,0,155.58340599992675,BW-005,2029-06-12 13:49:28.332404,100
