steam_volume,steam_pressure,injection_duration,soak_time,production_cutoff,spm,stroke_length,vfd_frequency,rod_load,motor_power,reservoir_temperature,reservoir_pressure,oil_viscosity,oil_mobility,production_potential,wellbore_temperature,wellbore_pressure_drop,fluid_mobility,estimated_flow_rate,pump_inlet_pressure,actual_production,pump_efficiency,energy_consumption,sor,rod_load_actual,failure_risk,is_anomalous,motor_current,well_id,timestamp,cycle_id
74.9816047538945,27.704285838459498,26.78392730173686,38.36780362072888,0.7340279606636548,5.094485142059235,86.08289099032362,41.19055232572656,90.56633937877564,10.963700228392712,48.45825818028679,14.727540456595525,530.7925106606725,0.0018839753386032318,0.99,45.10130332673189,11.312659586120525,0.0018839753386032318,1.270594324252483,3.8077435019869124,104.60753057534089,0.23410759884324223,12.354353204750634,3.699406459491699,90.56633937877564,0.4611255511274539,0,168.4684527920541,BW-001,2026-09-26 14:08:13.354561,1
66.2397808134481,22.348501673009196,28.394113749299223,38.42676028183701,1.5621088666940683,3.4878508180346737,97.32781553481527,51.45074485846338,72.7455993061927,8.486622525765831,47.335103236369285,15.55165094100826,540.4179126911972,0.0018504197890483597,0.98,43.14033467110329,11.79334307554453,0.0018504197890483597,0.0,3.0614911742391726,90.52234655311703,0.3822724760595828,12.922947050962573,3.370391135734936,72.7455993061927,0.40461070482800154,0,176.22200524039874,BW-001,2026-10-06 14:08:13.354561,2
60.823379771832094,27.819459112971966,27.98931168960506,29.096138656278626,0.7727374508106509,5.849399739875772,91.7715852516508,47.2683039187158,110.86295214661078,13.420217172474839,46.23773461443685,14.818193893893072,551.2727045888507,0.001813984243507609,0.97,41.310138846979456,10.596189868847093,0.001813984243507609,2.392927368535723,4.09433725709186,189.2884139352956,0.3014138469661025,13.89045603808626,3.530092856650008,110.86295214661078,0.5349249851986911,0,189.41530961026717,BW-001,2026-10-16 14:08:13.354561,3
67.33618039413736,23.825453457757227,24.297077179586854,34.36668044741078,0.9368437102970628,5.598191668501225,71.35656010318569,35.52733948994504,79.23204283279988,9.986692506564026,47.043481435399535,14.144915803671687,546.2430698743518,0.001830686840988248,0.96,42.674385913972095,10.466566230598648,0.001830686840988248,0.15283006484332295,5.1761148769849115,160.80993356244753,0.3595451575434334,13.217513007640454,3.763879279305792,79.23204283279988,0.4279797304049717,0,180.23881374055162,BW-001,2026-10-26 14:08:13.354561,4
84.47411578889518,22.83696316391225,21.50573578242262,32.7926842390486,1.1841049763255538,4.129390100634149,94.31659992345499,54.74552258629889,79.37139443199322,9.736750851234662,48.322931946228564,15.08543271906397,540.2727944566599,0.0018509168150983382,0.95,45.63756772223467,11.565135557333656,0.0018509168150983382,2.4592558706349115,3.0965162765159517,101.00766708132963,0.3140251155223488,12.416816502558913,4.230025936077733,79.37139443199322,0.4266531531103087,0,169.32022503489426,BW-001,2026-11-05 14:08:13.354561,5
91.40703845572054,23.198042692950157,24.17081326096334,38.217949652689015,0.5696756190799965,4.142672569893064,99.09743193443809,51.84237846271417,76.61891326149505,10.263205325541042,50.5270724320054,15.173790852680835,515.6957159480363,0.0019391279955887093,0.94,46.486387704711525,10.86061727375355,0.0019391279955887093,0.0,3.638807504083174,127.70865796726822,0.3754626386395134,12.973663805250164,4.060604266498316,76.61891326149505,0.41010509232272774,0,176.91359734432044,BW-001,2026-11-15 14:08:13.354561,6
84.30179407605753,23.023144742123748,18.780619115823356,46.77325289408,1.948448049611839,5.514986114133413,84.06079479384911,43.2963900467533,92.17567988577497,11.589852900777405,49.10550943109927,15.09792262754884,518.8388440987268,0.0019273807490977216,0.9299999999999999,44.87738986749933,10.793805781796273,0.0019273807490977216,3.5250868108783635,3.6468947597109986,136.66732888348488,0.26727132838346995,13.304545837008774,4.959940658717701,92.17567988577497,0.4629039195155346,0,181.42562505011966,BW-001,2026-11-25 14:08:13.354561,7
92.33589392465845,23.827682615040224,19.172065368076606,40.42159263629176,1.1602287406094018,5.594167128765159,94.38703027390233,54.99435346572261,105.32593963651692,13.200420553500658,49.87201131108374,14.14870819788108,524.6842437489746,0.0019059081950980623,0.92,46.758895022129934,10.172620845727087,0.0019059081950980623,1.4081453220645694,5.141508645056559,197.71057058958306,0.3346699338087569,14.158150951600906,4.496146358859065,105.32593963651692,0.5084917385797487,0,193.0656947945578,BW-001,2026-12-05 14:08:13.354561,8
64.88152939379115,24.97106146066762,18.41266225338262,45.82368964989077,0.8881699724000254,5.989910511221716,86.66295116807882,50.379748303610214,102.2555458859517,12.977583053379242,47.76138504639432,15.128014867156939,542.073305170311,0.0018447689463066542,0.91,44.301378222120206,11.552330371580489,0.0018447689463066542,0.0,2.9577839442569163,182.9002625521809,0.2941102706857815,13.772213265914695,3.2561914927324,102.2555458859517,0.5034738111709323,0,187.80290817156404,BW-001,2026-12-15 14:08:13.354561,9
86.50089137415928,23.870266456536466,24.24081625413373,37.12104670423871,0.7772816832882905,3.387478245454485,98.62153081776167,47.1234926890176,58.82004067302992,8.351957254464667,50.95782469006941,15.507185032509065,528.845993413355,0.0018909096645427037,0.9,47.18077370428932,10.357845754792512,0.0018909096645427037,7.666338198310885,5.056181651451723,94.4443247382893,0.4172737848142717,11.774800114563796,3.449231223687704,58.82004067302992,0.35472060026743957,0,160.5654561076881,BW-001,2026-12-25 14:08:13.354561,10
98.78338511058234,26.650796940166686,29.27398729877027,45.475856410263575,1.3968499682166278,3.685928416510388,90.1510205321757,47.36256480915792,62.31857627681302,8.307255208923948,49.97663353525571,14.687590711152161,506.9895896182453,0.0019724270882030995,0.89,45.829158641209446,10.22216659733646,0.0019724270882030995,2.27488173041751,4.874973440945323,81.61665413851068,0.3331841633018851,10.91433735208937,3.8788099793889046,62.31857627681302,0.3598254644748503,0,148.83187298303687,BW-001,2027-01-04 14:08:13.354561,11
96.87496940092467,22.530955012311516,20.351794349029742,25.085454933852915,0.9879954961448965,5.014719586778399,85.6092310271138,50.44636783471279,84.34193535098629,10.732657191017614,51.55733646034953,14.637128093423268,512.7825169976966,0.0019501444898217775,0.88,48.08050289100543,10.418167595491738,0.0019501444898217775,3.0105224464454285,4.4706481048824305,151.3404203577434,0.35148843326128276,12.655237791133764,3.48138542366501,84.34193535098629,0.4349745396025966,0,172.5714244245513,BW-001,2027-01-14 14:08:13.354561,12
75.54709158757927,23.628094190643374,27.94485010982315,32.56207984064614,0.9214017645310711,4.560490503335981,95.5654450095562,46.03813677548971,92.29796011539197,10.895632610328947,48.518830502613966,14.694241098504026,523.7228831338582,0.0019094067343710286,0.87,45.44113039441467,11.004463770993464,0.0019094067343710286,0.0,3.6488658145748207,114.11025352847513,0.2870586755484327,12.725423686052732,4.773849800418539,92.29796011539197,0.4647767319914641,0,173.52850480981,BW-001,2027-01-24 14:08:13.354561,13
81.70784332632994,22.845545349848575,27.626363769048474,25.7892154483145,1.980330404900776,4.210448598637191,74.02045685351922,35.57565352626678,63.16230642841769,7.791483220734617,47.84951540210127,14.324157697191833,527.4051180327571,0.0018960756462319543,0.86,44.676270792145985,10.796637261261559,0.0018960756462319543,0.0,4.551610774951997,81.56715617379933,0.31079700452552234,12.460989775120709,4.631893877937235,63.16230642841769,0.36876255683788606,0,169.92258784255512,BW-001,2027-02-03 14:08:13.354561,14
90.8897907718663,23.192294089205035,18.06626540548323,43.571074282916015,1.5602860157714256,5.265411767020857,88.60928654060393,49.08159536198447,91.14462436978452,11.66410950045547,49.65759536280261,14.525300555584028,532.8152093094956,0.0018768233010764742,0.85,44.74813222756698,10.430225445891534,0.0018768233010764742,2.0140429038150502,4.103004958961498,143.0273285352478,0.29110194839109305,13.006889543575667,4.510083857492557,91.14462436978452,0.46365997735879705,0,177.36667559421363,BW-001,2027-02-13 14:08:13.354561,15
89.1602867216395,26.627622080115675,18.888535820809086,32.603177485062545,0.6738035892876946,3.0436339970036457,80.51762676419791,46.79835373709266,47.301694042390686,6.126654654439085,53.006425073083314,15.092418061847438,501.6246659303136,0.0019935223842021386,0.84,50.78593483109328,10.371925344401664,0.0019935223842021386,0.6831378129315976,4.243176988341766,73.05046257247872,0.48968540038836966,11.355528059021857,4.456981354323227,47.301694042390686,0.3081597132537297,0,154.84810989575257,BW-001,2027-02-23 14:08:13.354561,16
94.52413703502374,25.739788760965347,21.97077629823179,25.525400406864566,0.9664734825734933,4.176732135299197,83.12424766071187,53.08317388987497,70.43821538127999,8.67969291067661,50.32026277507235,14.712181086881113,524.116149403539,0.0019079740266313718,0.83,47.02760020408693,11.118714156741264,0.0019079740266313718,0.0,4.075963106410835,113.59526919015838,0.39167808638316903,12.796347987795219,3.354857538939414,70.43821538127999,0.392028896091995,0,174.4956543790257,BW-001,2027-03-05 14:08:13.354561,17
73.00733288106989,26.377637070028385,25.650689656262557,45.29310582183184,1.2083223877429239,5.350959038223429,81.8962834696381,47.44173400455747,76.79040250510155,10.955591455719201,48.07310974680584,14.951970050137675,560.4414742682052,0.0017843076323103087,0.8200000000000001,43.9527780961495,10.10620920274702,0.0017843076323103087,0.0,4.789013485957451,163.61781953154613,0.3488776582781415,12.560633800973038,4.874776132994238,76.79040250510155,0.42410045063080004,0,171.2813700132687,BW-001,2027-03-15 14:08:13.354561,18
64.78376983753206,26.27946872333797,27.12942058340277,37.470652741667905,1.6564507699318414,5.587091126240235,98.48561870972927,37.94146961858076,109.97603397790684,13.75620315888519,47.866838801915485,14.98250575475152,529.4662585819473,0.0018886944801322532,0.81,43.334327455007895,10.486513767301046,0.0018886944801322532,10.667044089824042,4.622282919374304,164.90659712061387,0.2682030467846827,13.09146760676908,4.63557065971389,109.97603397790684,0.5254266575009403,0,178.52001281957837,BW-001,2027-03-25 14:08:13.354561,19
79.75182385457563,25.136396976291962,23.130492220302596,24.610059041858285,0.6618371404899567,3.774733164896875,83.77407268714784,54.60065150570954,67.22698125461332,7.90561926326646,50.73357421382185,15.906224278998465,507.64736630197086,0.001969871344521378,0.8,46.12876037228208,11.187606083481752,0.001969871344521378,0.0,3.7534889617927547,89.05790803888284,0.373044250404625,11.301430829610597,4.6814060560224,67.22698125461332,0.376384147405969,0,154.11042040378086,BW-001,2027-04-04 14:08:13.354561,20
61.25716742746937,25.818462467582684,21.77227177291592,36.205696587952865,1.8613497108891395,4.477854281978608,79.86254830862525,47.668017086334515,70.90801424994292,8.940321347837527,46.89632704957588,15.31620386952776,538.7406454114973,0.0018561807216832258,0.79,43.302818465572784,10.657902597350455,0.0018561807216832258,0.0923159257032759,4.30282261081862,118.22225040229306,0.36913578521684176,13.133310481461896,4.180695380917546,70.90801424994292,0.397982241123259,0,179.09059747448038,BW-001,2027-04-14 14:08:13.354561,21
69.971689165955,24.46229753821378,27.066613662516584,29.49115597179894,0.6154698647431895,3.386639165731948,73.84137516873318,38.03805387024589,49.63830036581205,6.251852329948458,48.46830782451998,14.214887640054771,537.8975875148238,0.0018590899517139797,0.78,43.666682771936266,10.172010505308053,0.0018590899517139797,0.6720394443375499,4.2285292893323145,53.736326316760795,0.3172490626926971,11.679954060542979,4.130043985718032,49.63830036581205,0.32683027747382065,0,159.27210082558608,BW-001,2027-04-24 14:08:13.354561,22
71.59005811655072,22.967327723524026,29.156371828110878,43.39488910954601,1.4501056347656351,3.41648151794823,89.22624234409643,38.637601687982894,64.70480173497405,7.620995197114381,47.01137154165774,14.962783285449976,540.9515434248048,0.0018485944113754164,0.77,43.64715197475616,11.162921554475265,0.0018485944113754164,2.0097315411962757,3.20680278708916,84.94230304114352,0.4077963002001413,12.29552941818983,4.272582707958496,64.70480173497405,0.37796813547735497,0,167.66631024804312,BW-001,2027-05-04 14:08:13.354561,23
94.85842360750871,26.822032461394688,20.23884070663243,45.421415963759465,1.3090133628734761,4.421884920788617,90.02673215563081,38.4463974240326,78.1641083372167,9.95219623467149,51.84943563867699,14.332327820644949,507.163732947801,0.0019717498216752878,0.76,47.84884286603867,12.00469508832289,0.0019717498216752878,5.836676556938875,2.6833331335394504,109.10613997675453,0.3099080359432953,12.612623180221433,3.92311494883958,78.1641083372167,0.4126961476750627,0,171.99031609392864,BW-001,2027-05-14 14:08:13.354561,24
92.2976062065625,27.37654779954096,21.816041699662367,26.64124618866424,0.8419027438129125,3.5768670564260123,71.22605848799437,38.37870126144329,46.87573306651345,6.369153554119484,51.22483878199034,15.27989522396552,516.249774937639,0.0019370468493100964,0.75,46.31510264366853,10.887635827219482,0.0019370468493100964,0.0,4.195334918558997,75.73436383151406,0.41554539749520447,11.04601086464131,4.600141937398319,46.87573306651345,0.31112737603633656,0,150.62742088147243,BW-001,2027-05-24 14:08:13.354561,25
77.08431154505026,26.90808859553496,28.328766999076123,24.166851132748576,1.2661209538663485,3.266107601271167,73.61907613301803,44.21557536065451,45.2944373651529,6.011195603915273,49.64342745731216,15.229590039614218,530.7290186322114,0.0018842007218244602,0.74,46.31217679939844,10.328288324488511,0.0018842007218244602,0.0,4.736941537465405,68.98778854266803,0.43922888009919103,10.781495215345961,4.46614259205935,45.2944373651529,0.31020016347350643,0,147.02038930017218,BW-001,2027-06-03 14:08:13.354561,26
76.69644012595116,23.332646862824383,19.438384408004193,32.10276411368707,1.9143645558687787,3.6190011552173775,80.92809583144226,45.068345417097134,58.06602689830715,7.321971807588305,48.43430030743403,15.214809109566293,515.3411642337826,0.001940462104335903,0.73,43.60045764901196,11.01173968651329,0.001940462104335903,2.769478755513409,3.9789940228152365,71.08147866299582,0.33531246051230246,12.025646797994415,3.7107691373714786,58.06602689830715,0.3481557722644919,0,163.98609269992383,BW-001,2027-06-13 14:08:13.354561,27
72.92811728083021,25.112743730460195,26.436227506742135,32.72711045710305,1.957673124081441,5.398231196727128,88.83701168472723,36.63518063897744,96.12321598881103,11.989068197512672,48.146905279287644,14.361625712089845,536.9647120718608,0.001862319771706287,0.72,44.293363558684,11.686527193950356,0.001862319771706287,1.2848431993307805,3.6286691248519274,154.73357538382808,0.298853029371246,13.758960650447644,3.0104592270858257,96.12321598881103,0.4815001335842617,0,187.62219068792243,BW-001,2027-06-23 14:08:13.354561,28
98.49789179768445,23.510693774952184,23.966982070708625,31.221079435602473,0.9272607415662014,5.620735872320331,97.6261720159544,36.22155919709728,114.00295674848059,13.718273178184754,50.693627229244406,14.980222423071673,524.7565992308221,0.0019056454010598063,0.71,48.046601772051254,11.176545962633103,0.0019056454010598063,6.220998337960872,3.4965761078785014,123.37086425426062,0.2,13.843255316299636,4.916146960238761,114.00295674848059,0.5374368355975152,0,188.77166340408596,BW-001,2027-07-03 14:08:13.354561,29
61.47547789418131,25.65738600387938,24.032148278746337,25.235490029999745,0.9179696963549171,5.244779071150975,75.53563058069132,39.186986466734204,76.13172026648252,9.904192359895035,46.902822381499824,15.014878069747873,544.5954620144281,0.0018362253631366225,0.7,42.949123450375346,11.538540236213077,0.0018362253631366225,1.7886111306656596,3.2351770087811156,110.34398555848664,0.2655292775446314,11.909179365438016,3.2977761006648896,76.13172026648252,0.41715103949260346,0,162.39790043779112,BW-001,2027-07-13 14:08:13.354561,30
96.33063543866615,23.437371344001836,19.738738465094677,35.74686624666151,1.978475681165901,4.111416308374146,84.53568955573064,47.36509543060592,66.37966162237427,8.689035316977122,52.387879121775924,15.04806038847049,496.1608823287661,0.0020154752936314317,0.69,47.77561877076415,10.448735238347334,0.0020154752936314317,1.9461333455621168,4.653444767382624,118.00091787052406,0.4128881149577768,11.78961680194041,4.992668675254494,66.37966162237427,0.37011380343987743,0,160.76750184464194,BW-001,2027-07-23 14:08:13.354561,31
69.68221086046002,26.03281328443527,27.139435383944612,29.70330105581759,1.5923245229177894,5.24241281440127,71.10049608671794,40.048738886880415,63.58698007784959,9.318453794882437,46.99005634036396,14.845413938265681,539.2555440371345,0.0018544083803265217,0.6799999999999999,42.77470871260998,11.413868494780699,0.0018544083803265217,0.0,3.875357655705808,130.04644969724285,0.33276178149286234,11.017571264652137,4.4441418764054745,63.58698007784959,0.37373326347063895,0,150.2396081543473,BW-001,2027-08-02 14:08:13.354561,32
74.71132530877013,25.793834983561478,25.602356529130738,36.8585924177942,0.6354346550816125,5.140048757653657,96.85620513061598,45.233548842313326,94.70778063191372,12.44614042131676,48.42883256794923,15.62787806278676,527.2069176652063,0.0018967884648187275,0.6699999999999999,44.00529474212546,11.230769832788353,0.0018967884648187275,0.0,3.9856700493471697,154.5592607174456,0.30199733436696,13.416356505554782,3.783051396355659,94.70778063191372,0.47385467740594095,0,182.95031598483794,BW-001,2027-08-12 14:08:13.354561,33
93.41209982356952,23.924680389830414,20.238222124798252,24.978603397314334,1.3863394147823627,4.3422371004703635,85.9785179936507,39.849410072694596,75.06523439418544,9.333477766887219,50.117207671315924,14.780134470862912,516.8217719114017,0.0019349030059272138,0.6599999999999999,46.810457726877125,10.901807325664457,0.0019349030059272138,0.0,4.135865610377006,139.90101714560183,0.43149309876758013,11.943791344581113,3.0064365272085576,75.06523439418544,0.4052639795540386,0,162.86988197156063,BW-001,2027-08-22 14:08:13.354561,34
87.1025744736913,22.099526973567137,24.14511669959137,29.435898604750513,1.4677591856141747,3.807729692848143,81.31852489313869,35.40142395555453,56.621479198110066,7.740974045355377,51.51236405540743,15.515922269734318,509.9140139706512,0.0019611149578202345,0.6499999999999999,48.53860656570662,10.463034157711322,0.0019611149578202345,0.3720624815803728,4.153559067257765,76.47228578473866,0.32430404279245834,12.369592483539499,4.588394662554169,56.621479198110066,0.34171246818489553,0,168.676261139175,BW-001,2027-09-01 14:08:13.354561,35
66.97465716019965,26.145626428614797,22.64082415560645,46.48151972968163,0.7062814162189899,3.982492056533744,73.59286395457754,52.8105456147979,55.34473249276963,7.327074902916839,45.560638200992976,15.444815397811718,558.0523474286647,0.0017919465881788609,0.64,41.47423658092339,9.968391379349294,0.0017919465881788609,0.0,4.385591586569592,93.4118443023127,0.40015330691204565,11.474670296987295,3.9619457797722477,55.34473249276963,0.35189814587116486,0,156.47277677709948,BW-001,2027-09-11 14:08:13.354561,36
73.64265404201034,22.680841127443536,29.096323419342752,45.05614448114355,0.8869124415727334,4.780777360662146,90.37306957433469,50.783424772146766,82.04083440947937,10.801338125863106,48.12868209557698,14.741355774949813,545.0497831559079,0.0018346947946843906,0.63,45.44687321378752,10.405768041934788,0.0018346947946843906,0.0,4.6451400957708175,121.28256935109373,0.2935839579821484,12.733699816506531,4.159967574856262,82.04083440947937,0.4369843829783703,0,173.64136113417996,BW-001,2027-09-21 14:08:13.354561,37
86.39936184136715,26.903333201207296,24.66240973919355,36.71161388054416,0.8627784363506775,4.611319625455643,87.60523354062637,49.908789483686604,80.77866694206628,10.099393317962882,51.36925171639065,14.81858071978017,532.0290240546362,0.0018795967039146081,0.62,47.3646133207256,10.310087183670678,0.0018795967039146081,0.0,5.365643557932614,156.9333948303014,0.42121601106662393,13.494783427525237,4.20697533319291,80.77866694206628,0.4288709303566118,0,184.01977401170777,BW-001,2027-10-01 14:08:13.354561,38
63.72411071223597,27.38329454771996,28.805016685959966,39.19443497455843,1.008544686573051,4.294978638689038,73.82740908386691,40.67551811597449,70.39608867263591,7.927178624124136,46.113114085434624,15.789786072865356,565.3321817159516,0.0017688715278240522,0.61,42.55586873002597,11.317543652075555,0.0017688715278240522,0.0,3.5461830653784663,108.90645642811998,0.3998379276126519,12.669474861643474,3.5396414402564287,70.39608867263591,0.4042532834235718,0,172.76556629513829,BW-001,2027-10-11 14:08:13.354561,39
73.96838298450643,26.355734073221434,28.765323119430924,45.290074182362815,1.669813318786436,4.712334914006735,80.68290177693538,54.730304975859596,69.49272455130624,9.505121375170717,47.5723974205227,14.859107695569746,534.6709032683011,0.0018703093695341673,0.6,44.54865393764423,10.663386818718601,0.0018703093695341673,0.0,3.842993557194331,128.35956974723092,0.3582155626477934,12.87966966048371,3.1541165582686626,69.49272455130624,0.39204368615151114,0,175.63185900659604,BW-001,2027-10-21 14:08:13.354561,40
85.68126584617151,22.504839789970294,19.939544569135364,45.5653005246499,1.4096435894893848,4.817324458070662,77.11680375207983,37.03564945240807,72.00878345446903,9.287416621078238,48.50773936589145,14.497929616623965,522.1785872851248,0.001915053631745284,0.59,44.68402408751112,11.122178152430445,0.001915053631745284,12.486020076458157,4.081813770224581,123.89308894609431,0.3461435697182763,12.022363828110931,4.569793954222935,72.00878345446903,0.3966828543671008,0,163.9413249287854,BW-001,2027-10-31 14:08:13.354561,41
60.36788206466519,22.60882925719619,25.96202122929667,24.121478012309247,0.741212077126248,3.482044119778667,75.59701072153918,40.701903373876945,49.51646067988407,6.580803166394508,45.28738474459565,15.117107366268261,557.3160676637128,0.0017943139593875924,0.5800000000000001,41.13301551591616,11.07431467206578,0.0017943139593875924,4.063790042841965,4.010042755125033,83.30924865165358,0.45445413562603676,12.055775316073335,4.034538112883219,49.51646067988407,0.3322496892320608,0,164.39693612827276,BW-001,2027-11-10 14:08:13.354561,42
81.94935157466344,26.15137118615616,25.823535114031205,29.382463427053434,1.5682688320213038,3.5201207858842647,96.90296273879275,36.60467491323284,55.70822906180747,8.527753333764819,50.842903229013594,15.492161199238291,503.0913965029061,0.0019877103980533357,0.5700000000000001,48.66210105814491,10.567557534490469,0.0019877103980533357,0.0,4.375773459174189,83.54805401889651,0.34789978178934794,11.58678272822599,3.656385507218623,55.70822906180747,0.33662151582356337,0,158.00158265762713,BW-001,2027-11-20 14:08:13.354561,43
69.489963499872,23.952398188955605,26.957896861416287,39.59118957713315,1.7738351157412668,5.947135850725819,73.36116706504157,42.95711198091483,90.68097634849482,10.907220667589874,47.20950568075529,15.337409746083303,541.3194195039144,0.0018473381223168342,0.56,44.90524319540764,10.983133735739813,0.0018473381223168342,0.0,3.9873643762217625,133.27638944578638,0.25682735143389324,12.818085520654487,3.4412239054224223,90.68097634849482,0.46466574701282376,0,174.7920752816521,BW-001,2027-11-30 14:08:13.354561,44
86.30451569201374,25.40985162001283,19.12409721393711,32.8251792734264,0.8978035515225882,5.908411299826106,95.96521377681941,51.341441418985596,109.78038171081607,14.175048836729692,48.822955332239765,15.083226104106528,532.6827130426014,0.0018772901307199446,0.55,44.41387763874177,10.169118011637549,0.0018772901307199446,0.0,4.257251040036993,217.00918405198217,0.32388649754663934,13.739548145772277,4.996695022785899,109.78038171081607,0.5257394196155006,0,187.3574747150765,BW-001,2027-12-10 14:08:13.354561,45
69.75958573516334,27.83806332851467,22.717172696001125,45.409117324250715,1.4467079389958943,5.005929659773293,97.88127967382758,46.1352578602786,95.33445870005363,12.249670026394456,47.95638912428265,16.22765006995545,538.6695395029215,0.0018564257428084561,0.54,44.125387774349896,10.89176703043901,0.0018564257428084561,0.0,4.390464325957455,145.34320393410368,0.29627541118442313,13.303090952109832,3.8424961065881442,95.33445870005363,0.47938239085105516,0,181.40578571058862,BW-001,2027-12-20 14:08:13.354561,46
91.79245214166593,25.015822558631154,24.92284661551631,35.82042465165273,0.7928644816970667,4.7148380684096995,78.39937280980853,50.38985866383874,71.10528447627803,9.241008686578239,50.13112783699857,14.688429736787619,513.2722262462297,0.0019482838713355097,0.53,47.58767978839453,10.075117434461994,0.0019482838713355097,0.0,4.634122682443876,146.52037396834876,0.420360472512284,12.477296291007567,3.2366723818467746,71.10528447627803,0.3909992827947957,0,170.14494942283045,BW-001,2027-12-30 14:08:13.354561,47
88.89808461046022,23.684634174645133,18.291791597177447,39.49133510177202,0.7656660191105734,4.27630931584925,85.22831136053365,39.84819464830161,67.88229075088644,9.111565546128764,49.77923557240878,15.594508265553776,514.9528373962319,0.001941925410211008,0.52,46.203745421407596,10.850282838102428,0.001941925410211008,0.0,4.245651742140333,132.554283091455,0.4252473963535285,11.944168131525613,3.767665903866088,67.88229075088644,0.38076015372182437,0,162.87501997534926,BW-001,2028-01-09 14:08:13.354561,48
97.61834337411656,27.723571462015524,28.978372682645382,32.883808806130666,0.5231849247933011,3.3445104742176106,88.31860127324897,40.77261106480512,53.38078876237659,7.3845621756657485,53.06325575410734,14.583822213447885,490.5607946708066,0.0020384833253359663,0.51,48.1744751283946,9.656307106588198,0.0020384833253359663,2.5081461886023897,5.762917304329914,100.60691621746861,0.5091907884776894,12.33528860569062,3.368952506267279,53.38078876237659,0.32510420094249726,0,168.20848098669026,BW-001,2028-01-19 14:08:13.354561,49
97.13274250350901,24.569104889903887,29.599857828524037,47.12687945014207,1.7795141832010402,4.4434203055644526,85.97768297654758,36.036470736448535,77.74570980119125,9.550874559084367,52.04132693191276,15.316465908877756,498.4118943778106,0.00200637266341395,0.5,48.39064730544397,10.454487388484045,0.00200637266341395,0.9270784127516288,4.416690949178379,92.91088805992197,0.27366300264025867,11.738783608163622,3.0523934170641294,77.74570980119125,0.408675934317314,0,160.07432192950392,BW-001,2028-01-29 14:08:13.354561,50
71.77795568278343,24.310586371611553,28.213640058202284,31.606128123750665,0.7542391200291387,4.009812834581762,74.03244030816923,36.267499409455354,56.3614024701391,7.421405733077628,47.96961637326881,15.77375260066503,520.5141194529398,0.0019211774717100849,0.49,43.51204979498844,10.66371934878084,0.0019211774717100849,3.0046667659384525,4.2510981079544,96.53710905509489,0.4055029566212059,10.888678869134507,3.597451147177546,56.3614024701391,0.3440255774030122,0,148.48198457910692,BW-001,2028-02-08 14:08:13.354561,51
82.27205049833401,27.616928644964688,26.352357560099676,37.68146808214476,0.6457647406561529,5.044508166671788,92.80683579669059,46.91277481215688,97.43422369305146,11.704121027484332,51.13668524784562,14.806149220032008,504.6910416048895,0.0019814102442160565,0.48,48.50055072812094,10.724051316187893,0.0019814102442160565,0.0,4.800821706768189,160.22091905466425,0.3392123051136324,12.844318272996622,4.683867133583617,97.43422369305146,0.4761880581249718,0,175.1497946317721,BW-001,2028-02-18 14:08:13.354561,52
84.6002890679668,27.94032310062558,19.681008182838287,36.43991165672968,1.816059607891933,4.414728565650475,82.35522742441806,41.977365330859904,73.56384143019584,9.089399376030496,49.97590875091993,15.329272136336415,523.1355782004865,0.0019115503545751192,0.47,45.63433220518834,9.99374627330679,0.0019115503545751192,0.0,5.2471242121369155,120.63754467352278,0.37579700074238354,12.033107135876866,3.9163737734757853,73.56384143019584,0.4021534782274654,0,164.08782458013908,BW-001,2028-02-28 14:08:13.354561,53
89.63074471016817,26.182094445971607,26.42980900784531,32.627787629274124,0.94038776639674,3.5436991984969803,71.99488802100332,49.82241298580118,51.47261499091011,6.378205674397733,52.454816245291575,14.600851377730773,499.04875483360496,0.002003812233402775,0.45999999999999996,49.18360148434529,10.215019698423262,0.002003812233402775,0.0,4.868678550243878,65.53397894593665,0.36242753090084456,11.51455139147918,3.161203027514249,51.47261499091011,0.32129000975311517,0,157.01660988380704,BW-001,2028-03-09 14:08:13.354561,54
92.37444621914054,26.860680368075084,28.404867822961243,45.91777326135531,1.2670135982914066,4.723419339539736,95.25486330274816,37.79544753252579,87.01315243826166,11.248216587735364,49.47684770485655,14.9834365135631,516.3874222586193,0.0019365305135166052,0.44999999999999996,45.717022315330134,10.16426358466322,0.0019365305135166052,11.016225215894432,4.993045239512654,133.00706177200973,0.31292808255111143,13.562070060517199,3.873701405230359,87.01315243826166,0.44496006813845795,0,184.9373190070527,BW-001,2028-03-19 14:08:13.354561,55
80.06065178748798,26.78977107380065,25.79956716933318,40.84720505418488,1.6936890041541517,3.4909678285971135,74.92797393792979,51.29149440462764,55.25587188815839,6.539278661981897,50.803655631640986,15.111893975819449,508.2009672273849,0.0019677254953994784,0.43999999999999995,46.2152643990113,10.173549628898025,0.0019677254953994784,0.0,4.787504161181947,82.15963649859833,0.4498760061895498,12.079534618617298,3.317816335338707,55.25587188815839,0.3366465297954101,0,164.7209266175086,BW-001,2028-03-29 14:08:13.354561,56
95.60021367270265,24.027970941109213,22.50699543167933,26.255566556180856,1.3674202114942609,4.9955916620886,85.69196274307357,42.17660968247005,84.26539432407337,10.702051364682633,51.323609154832646,16.263466212936812,521.2726032536141,0.0019183820399505463,0.42999999999999994,47.5023270465663,10.628268752257624,0.0019183820399505463,0.0,3.9106468597344803,115.89431091375413,0.27096810084927125,12.76394819264639,4.502750172058091,84.26539432407337,0.4372664287229955,0,174.0538389906326,BW-001,2028-04-08 14:08:13.354561,57
61.43769095186968,24.79358810879476,24.51173561649092,30.876990051078828,1.3862498908535161,5.449798318414731,83.17404725710655,42.53888858849815,95.39444126381238,11.332044571938168,45.68478486986013,15.522080438534536,549.4541806311717,0.001819987972156796,0.42000000000000004,42.512066882143586,10.88114651533809,0.001819987972156796,0.0,4.8927662859582055,149.29350199241458,0.3021775626240284,13.120402466139916,3.1379160327128424,95.39444126381238,0.4828177250687261,0,178.91457908372615,BW-001,2028-04-18 14:08:13.354561,58
61.220009997561974,22.224089132495287,27.871206727915897,32.64457539387031,0.6905907689778272,4.38803935700882,79.04133622492427,49.95218760352502,61.466039153389296,8.670912354638364,46.86489298926061,15.291964092662981,563.089121130966,0.0017759178120712001,0.41000000000000003,43.580294144483766,10.413608321669965,0.0017759178120712001,8.461971699031018,4.879306864368665,112.08470108687972,0.3682315876134619,11.99450078403706,3.523411367471812,61.466039153389296,0.3738135335172541,0,163.56137432777808,BW-001,2028-04-28 14:08:13.354561,59
80.88973040219217,26.619961318591663,20.589852329962117,38.949371419656,0.628021197490652,5.698723719823706,81.51673664119635,45.871057222279774,92.98853922518123,11.613534016495196,48.774167469541766,15.554351790291454,535.152333762189,0.0018686268131727518,0.4,43.800399488435204,11.227786237052623,0.0018686268131727518,3.1252094179022896,4.260732749885938,165.01511689052955,0.31166766380237393,12.819708964159942,3.499092399699012,92.98853922518123,0.47050749754592747,0,174.81421314763557,BW-001,2028-05-08 14:08:13.354561,60
62.067268846744305,25.188127789408888,24.48762145932128,39.298317635956955,1.5891370005839924,5.7194163328936405,88.72713987741976,37.33796081416728,102.31946249777353,12.68668632464633,47.13057250820901,15.533337344794576,547.5286833687993,0.0018263883343010712,0.39,44.873597759419724,10.548079546350252,0.0018263883343010712,0.0,4.121686668798743,180.93718974233101,0.3117008167774792,12.858109133068231,3.89947968490108,102.31946249777353,0.5053234800032183,0,175.33785181456676,BW-001,2028-05-18 14:08:13.354561,61
99.03408317850139,25.09780208980717,21.875477675294952,43.084468674448885,0.9062483768931113,4.004716843971258,74.17816217990162,50.88050378540592,62.25719047968496,7.426563388417094,53.02440806722088,15.324354943794821,510.3791148990049,0.001959327822804588,0.38,49.95941914972507,10.196246262114755,0.001959327822804588,0.46431651471681856,4.572761768567652,85.27829075870699,0.3584171593280573,11.902222404857774,3.125306406910709,62.25719047968496,0.36063770273531803,0,162.30303279351511,BW-001,2028-05-28 14:08:13.354561,62
77.55885682822544,22.470738288053596,18.30420892098549,47.1035619522702,1.7539701807683088,4.860218267785541,86.00383275928965,52.87785166101915,81.16250469564869,10.449934976906803,48.46671044391696,15.603254483254178,533.1593643271239,0.001875611809354703,0.37,43.826473181232586,10.782689777530994,0.001875611809354703,0.0,4.356098123083337,83.54982306763608,0.20562986290011626,13.009535296358482,3.694686652517685,81.16250469564869,0.43048949161696615,0,177.40275404125202,BW-001,2028-06-07 14:08:13.354561,63
87.83896824374793,24.45371766648562,20.079531840850148,27.754489024106064,0.875364347246893,3.9351662033866446,77.45467419443398,49.87892585145354,62.97850603024859,7.619925404606506,49.358909565574955,14.80333059383632,528.3107329703323,0.0018928254483449151,0.36,46.38590830622883,11.700481639664607,0.0018928254483449151,6.422268779618198,2.936626054728031,93.6640540080629,0.3904533601921655,12.046263641746492,4.120336366923684,62.97850603024859,0.36842157332526165,0,164.26723147836125,BW-001,2028-06-17 14:08:13.354561,64
81.96906658824481,26.287575536200375,25.922368520612775,30.718413526702626,1.9322979209947913,3.100597304207338,87.0966905461395,50.24917371481381,52.2727191136834,6.751294097818521,49.32410481117154,15.095549534009951,537.6824811575245,0.0018598337030568614,0.35,45.92848797432038,11.524698599206475,0.0018598337030568614,2.3740701022887554,3.5042315164315716,54.74712264381244,0.3269180650013428,11.454385159367453,4.461641929961459,52.2727191136834,0.3355471413928687,0,156.19616126410162,BW-001,2028-06-27 14:08:13.354561,65
89.51587666783074,25.326124315068405,25.340648954812227,34.07040149826696,0.8715964842517362,5.463771914016038,73.31895210865622,51.92904583469036,84.26529968219891,10.014950782409072,50.473818048330756,15.37312678301361,502.3247783365811,0.0019907439233068317,0.33999999999999997,45.600942194814614,10.171180250663365,0.0019907439233068317,2.992391550727871,4.552617671412825,117.96601715072127,0.26947938592134657,12.820785862506343,4.13066050914322,84.26529968219891,0.4315817657749707,0,174.82889812508648,BW-001,2028-07-07 14:08:13.354561,66
74.23890714605047,26.547076662786214,18.172721863557072,26.78574337216599,0.5690039630326291,3.382465986995947,81.91861871681101,50.94590731559107,53.28034859001318,6.92717353778257,48.78132025304865,14.846110882523499,550.8215520265439,0.001815469994448965,0.32999999999999996,46.49129090410849,10.838788172150759,0.001815469994448965,0.0,4.636251335464469,79.10085574670626,0.4219895429670473,11.783875924657831,4.217054545392934,53.28034859001318,0.3428476275746738,0,160.68921715442497,BW-001,2028-07-17 14:08:13.354561,67
61.62915209275881,27.13276350406604,26.443894312560282,35.3801718980958,0.6467512409765022,5.166757705179199,91.60109609638224,47.82295265770595,91.8929049450336,11.832016726471078,46.46352314157776,15.788726639881737,550.4046980313439,0.001816844957131985,0.31999999999999995,43.420808568860814,10.598633293721035,0.001816844957131985,5.729077346541143,4.584108142551118,123.93557595647518,0.2534131408385023,12.80077351835561,3.302493657469869,91.8929049450336,0.4714310925595152,0,174.55600252303105,BW-001,2028-07-27 14:08:13.354561,68
79.6646350046733,24.840830624683395,20.07842243892018,34.412439581711354,1.09775710159606,5.0818453334013,86.28173330042789,40.03598117813905,82.40215773187576,10.961760593263875,48.85439971831404,15.30394825485827,531.3994451391338,0.001881823568216513,0.30999999999999994,43.87694921183892,10.11084084335938,0.001881823568216513,0.0,4.911058183432627,127.94142175936305,0.2870909019202373,12.192536294005619,4.701232115682275,82.40215773187576,0.4340936926479927,0,166.26185855462208,BW-001,2028-08-06 14:08:13.354561,69
84.63400392208865,25.810561905205862,18.543648117264535,32.99070275103531,1.4387898735713547,5.725351684000885,87.50175384298362,43.0170283352728,97.63109086873436,12.52445784294893,49.881709711469654,15.097044996449155,516.061650496596,0.001937752977842317,0.3,45.35560982834039,10.970347342341272,0.001937752977842317,11.887310646584819,4.14764800947704,192.57882633225353,0.3357047178105483,14.324770503108326,3.229537743738435,97.63109086873436,0.48025546471142666,0,195.3377795878408,BW-001,2028-08-16 14:08:13.354561,70
80.12545034320351,27.138939047129934,25.90432357942734,27.910426249954313,0.6058531211006448,4.386017410932398,98.41850018835446,38.067028062321604,87.23570528582238,10.791631384599404,50.092449301340295,15.066484837073437,508.6180000973792,0.0019661120916061596,0.3,47.70930885043459,10.639114558731912,0.0019661120916061596,0.0,4.5120062551318165,127.52009033087192,0.33676827383235136,12.99809596259576,3.135336723800003,87.23570528582238,0.4433710843152884,0,177.2467631263058,BW-001,2028-08-26 14:08:13.354561,71
85.69677112825262,22.15906786324973,25.02930697528156,46.56552579419898,1.3632112668138183,4.834362706303944,70.54330551462522,52.44247817888303,81.42424298885466,8.525798133982738,49.15439485429872,14.238406547608113,538.1863371797247,0.0018580925061017573,0.3,45.02816076106979,10.982129665890653,0.0018580925061017573,0.0,3.6185004480420133,113.42153541244384,0.34397846850480535,13.501225044681297,3.1634506914935567,81.42424298885466,0.4328700444500996,0,184.10761424565405,BW-001,2028-09-05 14:08:13.354561,72
75.52679704826087,25.859729310654117,23.4990346858982,37.09480294358244,1.9121972131647877,5.7963548474508375,86.95399550767627,48.93301647753785,101.88754785814223,12.600405334153441,47.770097709967544,15.78276201461717,541.0492277878664,0.0018482606547441155,0.3,44.579153158744695,9.787143452387683,0.0018482606547441155,2.8171957327743358,5.859579496574353,125.49577632084659,0.21478287030569976,11.76014810514843,3.3315490803265515,101.88754785814223,0.5019399278635006,0,160.36565597929678,BW-001,2028-09-15 14:08:13.354561,73
75.44410551203097,27.767143382943487,28.864207703472765,28.698987234943115,0.6040419513127482,3.457617128742784,87.2886508050044,47.13430092765712,62.572730160213524,7.54526835420577,48.25086556573166,15.940578534720295,527.8644676060607,0.001894425674331027,0.3,44.703827282642166,10.07359582770409,0.001894425674331027,0.25380929345018743,5.177951404631403,74.4914785527062,0.3569151772680052,12.993644419880649,3.823531083169017,62.572730160213524,0.36693510748252994,0,177.18606027109976,BW-001,2028-09-25 14:08:13.354561,74
64.03112005509706,22.1093309539093,19.13331552907114,40.39216256199256,0.6067829726903435,4.272392013907158,92.09332706874169,53.687340295380295,78.24062070024533,9.836469877565797,45.15665410784832,15.220007225026666,536.7694843031104,0.0018629971137392493,0.3,42.01478422741858,10.724762100789334,0.0018629971137392493,0.0,4.445770201087512,122.71762433682085,0.36501153685722215,13.523044293075653,3.1245462117637715,78.24062070024533,0.42183291429175085,0,184.40514945103163,BW-001,2028-10-05 14:08:13.354561,75
72.75902521175045,27.069251865816728,18.27926322882991,43.547243582134456,0.9227821621600999,3.339714137522266,99.54523596887003,51.77796172891868,70.3958927157273,8.31131579720563,47.41179955740996,15.354178223649676,529.9601353314321,0.0018869343811579514,0.3,44.49776214011583,10.949597733297908,0.0018869343811579514,0.0,3.823678718854238,94.8398454313671,0.4270923292516809,12.260223890983072,3.918479755193916,70.3958927157273,0.3936410163185206,0,167.18487124067826,BW-001,2028-10-15 14:08:13.354561,76
64.72659310486625,26.180422992184905,25.547314161358607,45.05932832464927,1.6026065657058286,3.3739880436098004,97.62525647852117,52.39792724124257,78.57074513126156,8.234661202821766,46.95278967950114,14.359847800664554,538.2636775880103,0.0018578255261084233,0.3,43.91449049988778,10.959573309725252,0.0018578255261084233,0.0,4.055587434952949,66.7940472819592,0.3005097018782568,12.11058106096476,3.329412706864592,78.57074513126156,0.42338158704727497,0,165.144287194974,BW-001,2028-10-25 14:08:13.354561,77
92.13923721539393,23.69220743542784,20.129274525356674,42.0147540393806,1.710252108900896,4.197008111610391,71.64284916466094,41.70394483291802,62.75688715213131,7.517140477074043,51.69334291058924,14.950412068110309,513.0734289778704,0.0019490387603820572,0.3,47.22590121968615,10.650615762409567,0.0019490387603820572,0.167221020331589,4.594714127350519,111.23817181128308,0.44072874914146337,11.550817856818385,4.038771719007874,62.75688715213131,0.36311165253379885,0,157.511152592978,BW-001,2028-11-04 14:08:13.354561,78
99.62020568002694,24.475706061468557,22.4642170295134,42.63391105780792,1.0112053103795269,5.408560345794035,70.13896069013809,41.669983433822885,80.13139274192883,9.483770037097187,53.78966784805171,14.237237414537631,480.18933443574235,0.0020825118933036554,0.3,51.265151966270466,11.096050446687368,0.0020825118933036554,3.1014283157548594,3.146233963231886,146.7967599352384,0.3577369407379572,12.198522368937692,4.759163709903058,80.13139274192883,0.41116144280381883,0,166.34348684915034,BW-001,2028-11-14 14:08:13.354561,79
97.23029302414258,27.15047651105807,23.14792832850022,42.02090562699594,1.6318143111270236,5.759566849238281,80.39037983097884,41.93906403792455,80.99906646454524,11.575344166804486,50.89263588374014,15.121669724661347,512.2364707942622,0.0019522233519402136,0.3,48.453513907253395,10.593160747426777,0.0019522233519402136,0.0,4.350747861677589,167.43840585280455,0.3139361713938056,12.734625627578383,3.902478688361976,80.99906646454524,0.42366782945342946,0,173.65398583061432,BW-001,2028-11-24 14:08:13.354561,80
64.12495475343731,27.415317440077402,24.063028469374288,43.8349791865858,0.9800744015459176,5.212503744329245,83.56653822669422,39.49209645879964,81.4910836427209,10.889772335181917,46.377507155159265,14.374230287904778,552.1388078122468,0.0018111387677354626,0.3,41.480040671699605,10.789019001509788,0.0018111387677354626,2.9201345869439734,3.6702583262419473,166.14585418535506,0.36587635308597455,12.614369142024213,4.0774035959054284,81.4910836427209,0.4372785878194103,0,172.01412466396656,BW-001,2028-12-04 14:08:13.354561,81
95.82092913984802,24.33521007240498,18.13005181776358,45.729167434062326,0.6369300151792003,3.52916095951867,84.95103318218439,43.37850899009096,59.215990621820396,7.495146744433505,52.816903975050465,15.558647915794063,497.2839868129028,0.0020109233888849073,0.3,49.29847838652973,10.163155173468295,0.0020109233888849073,0.0,4.79361855981522,73.64111954176242,0.34799963535491296,11.762916977725455,4.313560209448588,59.215990621820396,0.34657183144993886,0,160.40341333261983,BW-001,2028-12-14 14:08:13.354561,82
72.7725455036166,27.70037180230483,29.407285763250673,37.76250931495886,1.447755818254699,5.7445377032043,80.871816973499,46.61176700556087,87.82827949345352,11.614280043272561,48.2586071719202,15.284883640116101,537.9220561580489,0.0018590053866580742,0.3,44.39984330722671,10.08476290936969,0.0018590053866580742,3.278494457979734,4.6252819828498115,152.75332402683554,0.2861892423311457,13.360759464034178,4.551223701850655,87.82827949345352,0.45413754849225973,0,182.19217450955696,BW-001,2028-12-24 14:08:13.354561,83
77.93782087913279,23.759264630188387,21.94397454443899,40.14044294584892,1.62856179415652,5.883210952408366,74.4598818325934,43.29248247454048,90.19598500574983,10.951579807813653,49.13838169188723,15.664576265066216,532.7895141779159,0.0018769138156612957,0.3,46.95433281055523,10.872542803080862,0.0018769138156612957,0.0,4.574675037974124,108.51870989848013,0.2105345816769989,12.937363508862003,4.585708838067679,90.19598500574983,0.4604901376058742,0,176.41859330266368,BW-001,2029-01-03 14:08:13.354561,84
91.66316174903395,26.737708856767323,19.094473236584285,35.86608731286196,0.5863381400249664,3.2560490042359316,99.90622755537842,45.043900206624855,61.67208348606312,8.132489318716457,50.94599543205656,14.955132152856386,519.3721772446871,0.001925401559446414,0.3,45.99495865626632,10.671194614824492,0.001925401559446414,0.0,4.159710676947606,101.1925343275118,0.4776876922877068,12.467675246417967,4.595828319231789,61.67208348606312,0.36138526479361655,0,170.013753360245,BW-001,2029-01-13 14:08:13.354561,85
81.98115529294942,24.64918300824026,28.652450193099597,32.42196030124989,0.6756005246414087,5.249881411197533,76.29716779286757,52.96108578881427,80.85664940192132,10.013777073069864,50.73729050939188,15.900470216455409,507.1244666436118,0.00197190249292934,0.3,48.373135691124595,10.330156755068467,0.00197190249292934,0.0,4.579102338985095,156.3544087795077,0.37176862271472266,12.358286619528768,4.06605773449228,80.85664940192132,0.42165950466615454,0,168.52209026630138,BW-001,2029-01-23 14:08:13.354561,86
65.71966728211343,26.56906379030483,25.418616759795132,26.426944226946965,0.6261602091724962,3.6154189214460217,75.72063161991,35.730993356961896,67.60199505894498,6.844045107561664,46.81779214167267,15.064052207455395,530.6992152123203,0.001884306536236206,0.3,43.2895257572233,10.459407666790987,0.001884306536236206,1.1347270923128694,4.080302745293675,77.00065210542236,0.38898506442262737,11.727678385122193,4.586522700876509,67.60199505894498,0.38454974809351267,0,159.9228870698481,BW-001,2029-02-02 14:08:13.354561,87
88.0387652583648,22.43657803818516,27.862320711484273,40.94981345175591,0.6220231709628496,3.197125918285057,93.26582850085032,44.065776694960554,54.10099724507944,7.454564939759943,49.52476313127984,14.673688010348805,531.7268961030559,0.0018806646933394666,0.3,45.65307562240493,11.11485210514486,0.0018806646933394666,0.0,4.165443868226921,84.53192974228274,0.4433520825150357,11.53605965824123,4.812286509531533,54.10099724507944,0.3398547263145149,0,157.30990443056223,BW-001,2029-02-12 14:08:13.354561,88
63.39350856340768,27.919837471007053,22.491249549073444,32.89541152960538,1.719199350886254,4.57317080798274,83.22288240814684,43.01526121750652,70.2308494506488,9.514811409627935,46.062842851296374,14.773846840375462,532.3184259543691,0.0018785748364940518,0.3,42.9595647986645,9.978152780564136,0.0018785748364940518,0.0,5.384190011974165,118.48493451048253,0.3403733417837408,12.034374955715943,3.3684496784760523,70.2308494506488,0.3937983592884734,0,164.10511303249015,BW-001,2029-02-22 14:08:13.354561,89
97.88994309535434,27.916006382937226,27.040538223107298,33.03023005274198,0.6252510750480031,3.5457843914858134,95.85356863040552,53.922309242672654,68.99372649427546,8.49690218794765,49.259612137674196,15.38020732807215,509.56696108077074,0.001962450622542405,0.3,45.05876899598999,10.38950979077324,0.001962450622542405,0.0,3.8331775215832877,91.83172870947307,0.3810042587037865,12.488532010729802,3.3042085664445455,68.99372649427546,0.3828491766384827,0,170.29816378267913,BW-001,2029-03-04 14:08:13.354561,90
91.08587663709747,25.35042549841483,23.090664110963715,45.752505242273664,0.6667962234592271,4.119927948839258,78.12234019430662,47.87999086478031,62.562227702885465,8.046460319881312,51.44868165421545,14.516511928435394,512.6884843126937,0.0019505021676868603,0.3,47.84275125985767,10.290320197437227,0.0019505021676868603,2.2515953521657615,4.411447932650115,128.996592000417,0.4864002111394853,11.393854311210204,3.1669281699787666,62.562227702885465,0.3623473043034263,0,155.37074060741188,BW-001,2029-03-14 14:08:13.354561,91
79.70500417163436,22.068121868604514,23.623927703929517,25.351278616364098,0.6782268744021078,3.468457792098571,91.47916686542193,48.17847883820303,63.110376711246566,7.9322907282264525,48.90803926960317,14.420817655403729,528.1480601191381,0.0018934084502259137,0.3,45.26416080268209,10.62527080201788,0.0018934084502259137,6.266868775856344,4.327170326074029,85.2574626427989,0.3873534061691336,12.126522610641622,4.010413547153276,63.110376711246566,0.3688123404065633,0,165.36167196329487,BW-001,2029-03-24 14:08:13.354561,92
64.7010498710842,25.895261812696383,26.95253855118508,38.00085036233183,1.9432588227118128,3.0812879775104505,76.65916485798849,39.62149593176143,47.73552149676898,5.9052240760727885,48.20855578242978,14.889517913085168,542.5287242495926,0.001843220377654964,0.3,45.75840978834783,10.698991351492998,0.001843220377654964,0.0,4.651473965052062,59.99048171121426,0.4121199999419166,11.828366440026306,4.968220638072996,47.73552149676898,0.32187702226410775,0,161.2959060003587,BW-001,2029-04-03 14:08:13.354561,93
74.99482318094816,23.714272517691164,28.423189538273522,29.366300124466864,1.944833809160917,3.535633986163001,89.58238323555624,39.76365562093453,62.694378015886215,7.918262968227782,48.276109316136754,13.979132565787854,535.2983477076565,0.0018681171056895022,0.3,44.84805492803046,10.245039069163033,0.0018681171056895022,0.0,4.270892511473945,97.31913123050329,0.4345212455011458,12.738195746915963,3.33190979059157,62.694378015886215,0.369570764365251,0,173.70266927612676,BW-001,2029-04-13 14:08:13.354561,94
60.48617898759265,27.819272960245833,18.51791894340691,45.3874347287537,1.2915516636294497,3.2983241782780355,77.29516572998362,49.44533863711318,52.162162824018,6.37361284978032,45.8257494656183,14.499189995052543,546.3578181018997,0.0018303023529050932,0.3,41.1494953987976,11.467374254256303,0.0018303023529050932,0.0,3.875323682105203,66.19256398700372,0.39358650462400485,12.243161154968071,3.3244668115649585,52.162162824018,0.33778122151062995,0,166.9521975677464,BW-001,2029-04-23 14:08:13.354561,95
99.71859184477202,22.442779388412394,24.64625141281585,47.26326085485837,1.2846467662552232,4.191550588855364,90.04255409711939,39.09968590831642,76.74736166725377,9.435448016195544,51.67668848382985,15.320421430633505,524.6748481237013,0.0019059423251869556,0.3,48.36387911166367,10.062963057858314,0.0019059423251869556,3.675520705474389,4.790663519697976,108.39061879842077,0.34258194464093544,12.267662886505258,4.054799244245353,76.74736166725377,0.41322699332795626,0,167.2863120887081,BW-001,2029-05-03 14:08:13.354561,96
85.1759455254105,26.174492133907705,23.45449277721328,39.06139392201752,1.3764714678846504,3.87944319078304,96.89007455563359,35.260038470214724,66.82701213752075,9.396988499732844,49.205212839028775,15.699677718293001,531.5607178544742,0.0018812526328812935,0.3,45.227151072411424,11.736457695905123,0.0018812526328812935,0.0,3.3465054041626767,115.3876277645922,0.39564999621934216,12.293951393834604,3.1588131692860593,66.82701213752075,0.38222492248141143,0,167.64479173410822,BW-001,2029-05-13 14:08:13.354561,97
96.04632041963956,22.272678282048748,21.371558275106764,46.809875617837406,1.8353956758363745,5.678015133230924,94.52330685215323,41.83634703395752,116.16438802122487,13.41761916873891,52.3315817458587,14.676531611147213,502.3411582402661,0.001990679010860001,0.3,48.48978099157851,10.911455417953405,0.001990679010860001,0.45862259695783325,3.8625192209427395,121.8967115072462,0.2,13.792517443378145,4.716354106314328,116.16438802122487,0.537916974209496,0,188.0797833187929,BW-001,2029-05-23 14:08:13.354561,98
78.22627011142852,25.72079558680922,21.32857419577359,28.514907833370273,1.1955476074099733,3.7782703002938773,81.39077224501801,46.80589885029615,65.28502534470387,7.687908437283371,49.432163830327866,15.447596610013866,527.9827061525516,0.0018940014291132237,0.3,45.89549806788984,10.869899602232316,0.0018940014291132237,0.0,4.06140553932061,88.35881205114694,0.38024074712501177,12.729280352755302,4.420485597246623,65.28502534470387,0.37601156299477834,0,173.58109571939048,BW-001,2029-06-02 14:08:13.354561,99
74.13408912104211,25.501936671105234,18.93281564357982,47.385475383987995,1.9793161167194042,4.228234956573721,86.5614154255594,43.722530582706334,66.13527879186111,9.150050064821249,48.75528516983829,14.732382394219716,539.8912345020494,0.001852224922529658,0.3,46.50090912170088,10.74447759133689,0.001852224922529658,0.0,4.310926500422582,108.72999222506087,0.35129889785681834,11.16598508860898,4.643273795420943,66.13527879186111,0.3824182996568185,0,152.2634330264861,BW-001,2029-06-12 14:08:13.354561,100
78.37060788692855,24.14678959195265,23.9305493670036,43.877982058493245,1.002812071056309,5.870399446452859,85.01203437130604,43.65458272039409,92.6035095949804,12.476364987878659,48.52620043897126,14.234446248722138,530.78321407214,0.001884008336149243,0.99,43.701124478997166,10.1244622768324,0.001884008336149243,7.69091826273538,4.875951618469996,139.3134456535796,0.23776466990337275,12.759668695766088,3.341872804841697,92.6035095949804,0.46791332953824327,0,173.99548221499208,BW-002,2026-09-26 14:08:13.489228,1
66.95046372542976,26.272084121984683,27.91173855249698,26.415299484564798,0.8598111691339171,4.1061215125943855,81.0943976796153,36.04710040374945,65.54942734438514,8.324586271578816,47.5568243148323,14.968904491500345,544.7192393993291,0.0018358081148422746,0.98,43.48417238517983,10.085209720931102,0.0018358081148422746,5.332686394268123,5.317233053728162,120.77752843256766,0.44167385849151364,11.907365476735686,4.795929293695577,65.54942734438514,0.3819138629677492,0,162.37316559185027,BW-002,2026-10-06 14:08:13.489228,2
65.67887959043975,24.087648469493,23.404211746864952,41.97183208711935,1.4767213773225112,5.302702885553755,82.49513295711637,51.44359773632847,85.50612511605874,10.936179489396041,47.97618529843646,15.282302962946801,532.2780090974843,0.0018787174801671255,0.97,44.06836431795633,10.290147929218229,0.0018787174801671255,0.0,4.34805201046003,141.67103288850174,0.3053712521338274,12.316400039792518,3.200491127445753,85.50612511605874,0.44470381978277446,0,167.9509096335343,BW-002,2026-10-16 14:08:13.489228,3
84.83714269913725,24.114249679657927,28.09737063701712,35.31089201755595,1.9686574070227318,4.972060446510386,84.16845412488945,52.603134758429704,86.1107485638003,10.46226603995717,48.70590706617847,14.912822871048583,529.5524394294373,0.0018883871087015352,0.96,44.59048962946678,10.834508831848048,0.0018883871087015352,10.218563624802435,4.0061998988083625,107.10481743158152,0.25736936981159386,12.873710099275737,3.4676256661861284,86.1107485638003,0.4459015603748322,0,175.55059226285096,BW-002,2026-10-26 14:08:13.489228,4
85.36568553182947,22.757588449387015,26.114130744905207,31.802496370360775,1.529490795029146,3.6472220375293625,90.33439600930133,47.15504244505445,62.183889296117464,8.236739996800708,50.03016075181536,14.934263702164166,515.6729175429169,0.0019392137263380229,0.95,47.97272614782485,10.41079569712886,0.0019392137263380229,2.002571231398811,4.746128004071858,98.08295533949236,0.40811823111436796,11.749193659181696,4.852927595912369,62.183889296117464,0.3619815062499333,0,160.2162771706595,BW-002,2026-11-05 14:08:13.489228,5
62.78564592649623,23.049288623055755,28.268847106869437,29.452309368564357,1.75556168786441,4.954919281431829,92.15792374396992,41.312546875267,89.23719713995092,11.41587683239302,47.24389406041594,14.19671144963066,537.167004685305,0.0018616184376139076,0.94,43.144975351549576,11.351268613610108,0.0018616184376139076,2.3535702674516386,3.787717945425324,124.03806310312704,0.27410637141876615,12.772673186018741,3.078783667385639,89.23719713995092,0.4586074252054279,0,174.17281617298283,BW-002,2026-11-15 14:08:13.489228,6
71.17104353817642,25.857291460352247,26.32980688211797,36.30371407548127,0.9579660150450969,4.934497812066941,81.8539272283451,49.264137665652356,81.74306985418059,10.097700620433887,49.42524043493189,14.35386865244719,537.9168187685872,0.0018590234867339255,0.9299999999999999,45.95975353695217,10.711341428164669,0.0018590234867339255,3.06955109560262,3.957703744642861,91.17257719646197,0.22872244930637395,13.2631105331261,3.057304855155309,81.74306985418059,0.4338519451445114,0,180.86059817899226,BW-002,2026-11-25 14:08:13.489228,7
68.50577505484384,22.199136127374558,21.647356814888685,39.675906972750795,1.907457227672724,3.862228789396739,81.03357963268459,36.161839041606996,61.85293044508667,7.82425560413069,47.96557406347177,15.13174360766553,530.6742941380944,0.0018843950254348962,0.92,44.2477523648257,10.49710010214039,0.0018843950254348962,2.2142758428730343,4.441558531563773,89.80436395994568,0.3714722941352607,11.993823073342487,4.574743916298546,61.85293044508667,0.3653787230583839,0,163.55213281830663,BW-002,2026-12-05 14:08:13.489228,8
94.84817929052208,26.596388659211815,27.461368119039584,39.959637683423885,0.8904302863490046,3.334536636963829,85.47585708136984,40.35185353455943,49.37787995157511,7.125559425342798,51.521451022591805,14.608117167206801,505.53515725506804,0.001978101791040122,0.91,48.45667703996077,11.405413635433085,0.001978101791040122,8.161813894730301,3.3523557441260308,79.37883368012879,0.4175997853240729,11.484691705077784,4.176704441966306,49.37787995157511,0.3162534803484375,0,156.60943234196978,BW-002,2026-12-15 14:08:13.489228,9
96.28780122823319,26.024393871435002,24.72528757176528,26.663747261123547,1.1705833157096381,3.057982892752803,73.7310519700153,43.272853498372704,39.42458114236052,5.636707389724367,50.75262913191872,14.584088895884777,504.60824900962604,0.0019817353401627084,0.9,46.9320882652983,10.448538645366197,0.0019817353401627084,0.0,4.738274721803884,64.45933395601371,0.467450129815561,11.163986130899962,4.088397325007405,39.42458114236052,0.2827977451774229,0,152.2361745122722,BW-002,2026-12-25 14:08:13.489228,10
78.41433084807704,27.18738165713602,24.559778642253463,33.12961317528983,1.965200492765989,4.47859375334234,82.12869241764608,45.61875356824188,73.17734780970495,9.195526220796104,48.6949713371622,15.341026032856309,522.7172724388265,0.0019130800773701805,0.89,45.835412690380835,10.928351154305037,0.0019130800773701805,0.0,4.158245024937208,131.41147915079353,0.3988642014241167,11.775608295266302,3.5429840050854224,73.17734780970495,0.40073967443066444,0,160.57647675363137,BW-002,2027-01-04 14:08:13.489228,11
64.42882373305262,24.53529056987167,18.504296102056863,41.75769889840633,1.877114828298726,4.392285478360511,98.90497722662765,45.380645602590974,86.9588751749902,10.860472380252343,48.15156971529382,15.119702250267688,528.4110130450954,0.0018924662342619618,0.88,44.756541162714534,10.679443199186462,0.0018924662342619618,0.0,4.261616825785109,114.416400070778,0.2998189074906009,13.112445456125618,4.09973712555241,86.9588751749902,0.4483862211634959,0,178.80607440171298,BW-002,2027-01-14 14:08:13.489228,12
71.20149318201958,27.150050060794726,21.506618765542772,45.85848387945396,1.630942855395176,5.03262680237686,79.35591573750649,50.47982756305525,80.47752572449428,9.98421771169337,48.17990908760587,15.037977633958043,538.7045281294966,0.00185630516875777,0.87,45.96680442047386,10.590592925207313,0.00185630516875777,0.0,4.211526394236918,129.64825934554344,0.32252837957335256,12.267733556360835,4.66472707932199,80.47752572449428,0.4298697775204966,0,167.28727576855684,BW-002,2027-01-24 14:08:13.489228,13
92.19627107365754,22.108039333602726,29.55372428488831,41.440103809687756,0.9571266430792,5.928041469837641,73.7665064428796,35.33895329779162,95.1960323308318,10.932272731960897,51.57212307940836,14.381168788836352,512.3158421726338,0.0019519209005116663,0.86,48.16480144626562,10.209144983955424,0.0019519209005116663,0.0,4.705392368033674,136.2502430807832,0.2628001495235966,13.232664645506384,3.4521581420211254,95.1960323308318,0.4710148604212294,0,180.44542698417797,BW-002,2027-02-03 14:08:13.489228,14
93.17578659435388,23.68912719048958,28.473046074793537,26.70192936988649,1.5555289661911935,5.310474635271288,94.21466612094648,37.404144582411526,104.96918618685527,12.508114867645986,51.845524053542356,14.618356947910708,514.2892851289685,0.0019444309436647698,0.85,46.92629365980546,10.443356549397151,0.0019444309436647698,0.0,4.045979470778845,137.73409378909352,0.25919479093170195,12.757911612463927,3.674908557928458,104.96918618685527,0.5041840728282081,0,173.97152198814445,BW-002,2027-02-13 14:08:13.489228,15
81.62793906579641,22.579206821172644,20.90272593910607,24.297696870655557,1.2031519481967587,4.553881583137737,80.44286779504864,42.434785898126606,69.55431122837298,9.158182353666394,49.28212869531706,14.89534309021032,532.0618541942705,0.001879480726003846,0.84,44.887249103689506,10.428901427801597,0.001879480726003846,0.0,4.2584852485254725,131.08956635165796,0.3929046057788963,11.827359658916409,3.102587697962431,69.55431122837298,0.3914662603528578,0,161.28217716704194,BW-002,2027-02-23 14:08:13.489228,16
72.05061043040001,25.590144905786552,21.566853692503408,31.198058676167634,1.614789798097405,3.0040608771464044,78.99401582695708,47.92917483275861,50.81166598127583,5.932570811861141,48.88056961232601,14.607006983682508,552.0404908373218,0.0018114613268371382,0.83,46.11118042927571,10.516600993589146,0.0018114613268371382,0.0,4.894175445637417,37.02452516116518,0.25968558946869824,11.54510091447666,3.6688023579774973,50.81166598127583,0.33498436718878266,0,157.43319428831808,BW-002,2027-03-05 14:08:13.489228,17
61.925713439134135,27.417369971151924,28.227166492694177,40.02731239743376,1.3898323551610765,4.373987277010714,81.94015878863509,41.058314576663854,75.06587434024321,8.960130300443188,44.907812412716346,15.360781252563072,563.8852597313225,0.0017734104283493337,0.8200000000000001,42.72011788605799,10.250142612131803,0.0017734104283493337,3.2411588934302236,4.5826304719357,116.02834016310955,0.370068612451778,11.32239102909968,3.3227347167767665,75.06587434024321,0.4193851590535408,0,154.39624130590474,BW-002,2027-03-15 14:08:13.489228,18
95.69209992558609,23.11198107717229,18.947629946289943,29.748244077828915,1.6918674180502853,3.197084576863097,76.84706090481097,39.93207269956049,57.49472509511651,6.142163829900756,51.12294861499314,14.330697100138376,525.4567999685788,0.0019031060213890044,0.81,46.528971849418724,10.420785088771177,0.0019031060213890044,0.0,4.003785031077685,72.33116788493881,0.46042613656166953,11.9832611896603,4.520321859580318,57.49472509511651,0.349286123640962,0,163.40810713173136,BW-002,2027-03-25 14:08:13.489228,19
61.38681066905933,25.496841010500937,29.945250194295717,44.53670625210094,1.2821685335653843,4.42142948519384,71.73533348341482,54.15579601976408,62.8967480594621,7.92931796484458,46.90094022339051,15.859688953103648,538.269037488991,0.0018578070265103306,0.8,43.210715129938954,10.616293076652203,0.0018578070265103306,0.0,4.474039125105319,102.98003374119206,0.3671677315464959,11.955144512349218,3.5363487354898266,62.8967480594621,0.371136538111571,0,163.02469789567115,BW-002,2027-04-04 14:08:13.489228,20
62.54563637146569,26.98824108631426,25.187742098126527,26.758391929429603,0.6407859272350342,5.828172957282337,93.55568629445224,54.82655803128441,111.73719833756898,13.63146802153291,48.37436080888797,14.72522143204571,524.7626957006449,0.0019056232620819867,0.79,45.942124450848375,10.715730736664478,0.0019056232620819867,13.75101180921478,3.8563555866511,127.1144852658513,0.2,12.575252329553791,4.35939443366669,111.73719833756898,0.52988613650209,0,171.48071358482443,BW-002,2027-04-14 14:08:13.489228,21
96.3850727774637,26.01520157762847,27.951441591801064,45.09549360677441,1.3576585280724833,3.2268151218502523,80.97042244784114,39.507625360135314,52.51344859901542,6.531914589432423,52.31734880359936,14.977294391033881,497.98067906183826,0.0020081100372888604,0.78,48.85384584796732,10.880584506490447,0.0020081100372888604,0.0,3.8694986764093255,83.25595879796805,0.49375414990260763,11.137576154317728,3.386870685912965,52.51344859901542,0.32443903238193617,0,151.876038467969,BW-002,2027-04-24 14:08:13.489228,22
80.69785407020166,24.58256446192594,21.80335905349343,34.430303060609084,1.6608194835952346,3.58749925240281,74.22408846678029,47.44827283131993,55.222118494321975,6.656971547121358,49.13006653107266,14.993081126952882,507.23121091761845,0.00197148751590212,0.77,46.95913035008055,10.993851192368172,0.00197148751590212,0.0,3.650390643492767,64.83801042141742,0.33936822186731486,12.07360235542187,4.772172217627032,55.222118494321975,0.3362430915896921,0,164.64003211938913,BW-002,2027-05-04 14:08:13.489228,23
84.07693724060526,27.355139739729076,23.320560172550252,38.5701498892501,1.446961329637983,3.440888128764629,94.33371309800413,47.71909414327457,71.98332448637629,8.11479383853027,48.921812812026616,15.721816001734407,523.1437440693633,0.001911520516753825,0.76,44.74679458312926,9.454740511675912,0.001911520516753825,9.449513294909082,5.789505016959568,75.69476758969294,0.3388658696457244,12.557086295760968,3.4599875079264812,71.98332448637629,0.39688753817539657,0,171.232994942195,BW-002,2027-05-14 14:08:13.489228,24
83.66788649225302,26.215802638513097,20.849201620497674,36.29673066109898,0.6563372042125215,4.164497118380987,90.22390886608189,40.19809958485666,78.34003099934576,9.39343021204667,48.29367607955869,14.860518534834096,541.2060872055889,0.0018477249676981705,0.75,45.352049589391285,10.947063799695638,0.0018477249676981705,2.120824481742324,4.42009215987648,81.18888871136764,0.25942978211092466,12.264324205359909,4.344767686583407,78.34003099934576,0.42349526282616257,0,167.2407846185442,BW-002,2027-05-24 14:08:13.489228,25
75.3804531057925,24.926002411727588,25.826691114545667,46.81274526206889,1.4009765998225339,3.871513517014261,84.0996480447381,52.80282274792029,63.93474182144881,8.139823104533638,48.02730779737304,15.170025647284445,543.1119252513714,0.0018412411024434137,0.74,43.05895440447787,10.783970541092504,0.0018412411024434137,0.0,4.469576850262793,100.21539286196528,0.397510586772254,12.576988228315448,4.648700894498699,63.93474182144881,0.37604938364690743,0,171.5043849315743,BW-002,2027-06-03 14:08:13.489228,26
89.74375664706238,25.037596356971218,25.609248376515975,25.70237318721056,0.8815873712627704,5.123164050802583,71.86609678494108,37.946060885579406,68.1909601232828,9.20454508800273,51.032176494278886,14.834345808408338,521.3021788464841,0.0019182732023348887,0.73,46.80725213877076,10.582062302495368,0.0019182732023348887,0.0,3.4205109815313035,117.04774360305548,0.31026477121230395,11.965542906920643,4.475901894795184,68.1909601232828,0.3836938540648879,0,163.1664941852815,BW-002,2027-06-13 14:08:13.489228,27
74.47412372820554,24.834960130039082,18.547784946028607,27.360578341279624,0.9152214616869587,5.873802363170311,85.8897917183686,39.83786588225779,100.12082494186636,12.612491539188984,47.55888182472308,14.587294735010522,528.1305250470413,0.0018934713154687068,0.72,43.04419056147768,9.90619089340011,0.0018934713154687068,5.041267082610739,4.983857000489475,204.89274479906746,0.3457135293974596,12.545310937574461,3.5412878839635313,100.12082494186636,0.4921752406536669,0,171.07242187601537,BW-002,2027-06-23 14:08:13.489228,28
98.86130763604203,23.988082042618306,23.78449269734499,28.706345105721432,1.4161701066136523,4.501810713464122,90.38860998205323,36.52478435947129,85.59012426866626,10.172810319808432,54.77829057071503,14.32446281689599,496.11110992976063,0.0020156774964011186,0.71,51.41632083711593,9.628619756235445,0.0020156774964011186,0.0,5.22391189618513,134.55240000948754,0.3672597079304438,13.466958268637073,4.73220309075567,85.59012426866626,0.4341337472078157,0,183.64034002686918,BW-002,2027-07-03 14:08:13.489228,29
71.22732862063897,23.24195547063056,24.19887154135175,24.1321391798501,0.511496048973838,4.378994611207984,86.39731426096884,43.656320044189385,72.57849166735382,9.458334339290632,46.36164133635228,15.273632398688983,553.5674941689731,0.0018064644520018657,0.7,43.77238368873623,10.940309971618008,0.0018064644520018657,9.791652615665315,4.54747770299061,109.86088128786302,0.3315614415162439,11.478632605882693,4.238779938733003,72.57849166735382,0.407998553808538,0,156.52680826203672,BW-002,2027-07-13 14:08:13.489228,30
68.76275236407432,22.220328175004926,19.296309049568297,32.132655584130035,1.7038785193697192,3.1316998279290154,74.97249339460468,43.910832774837814,49.19757767141751,5.8697836165823185,47.86329668992851,14.93727286999855,533.9769706961079,0.0018727399398823718,0.69,45.17381651253566,11.779274970204606,0.0018727399398823718,0.0,2.5917223202244557,49.672577738546735,0.33777265763934455,10.671830195973076,3.660569335004169,49.19757767141751,0.32418501678022404,0,145.52495721781466,BW-002,2027-07-23 14:08:13.489228,31
82.88194573477203,25.0760063557385,21.521865878497458,46.36208926638759,1.0955225618557876,3.725931390951136,98.818809265396,38.93851408906857,75.49389094823998,9.204802586458799,49.76017138437516,13.890349813626232,522.3347401059542,0.0019144811233446826,0.6799999999999999,45.7751696054876,11.043569612814602,0.0019144811233446826,1.3710499873148478,3.6272396288955444,110.3494796207269,0.40218972408443965,12.4590123384697,3.4030567560126257,75.49389094823998,0.4083467251925862,0,169.8956227973141,BW-002,2027-08-02 14:08:13.489228,32
63.48371067183086,25.702399096706806,19.366060721719215,32.28535542724061,1.2611179080767134,5.854289431085497,99.84457881897853,49.234456114920974,117.1436197361335,14.61297656327822,46.292756970199434,15.087605709454255,540.802065476186,0.0018491053637516748,0.6699999999999999,43.636627569228686,10.409576914011582,0.0018491053637516748,0.0,4.723018887906927,161.48393032799754,0.23595351235990888,13.890239286080835,4.646546425360061,117.1436197361335,0.5527193520966341,0,189.41235390110228,BW-002,2027-08-12 14:08:13.489228,33
94.96890098740704,24.961279482040712,26.42710519237997,47.82760413597769,0.6972336798469725,3.778625349528271,83.10987656996863,46.87121870757572,64.46743659698241,7.85102716008623,54.23059415071447,14.843235156913801,491.3290158795031,0.002035296039274112,0.6599999999999999,51.373471447731795,10.241452341199007,0.002035296039274112,0.0,4.824710086905153,108.4278897136282,0.4568679627610522,12.047052804709926,3.032400794678934,64.46743659698241,0.3622901600871256,0,164.27799279149897,BW-002,2027-08-22 14:08:13.489228,34
70.98926102078079,24.367456453585877,23.061938142465976,33.8645058063731,1.8614165038348323,3.219244686081045,88.67029793851738,54.62355673524589,59.83381843028419,7.136284636294879,48.57019065509437,15.21004724522592,535.6944521561807,0.0018667357781567094,0.6499999999999999,45.46801846900316,11.287451836933682,0.0018667357781567094,0.0,3.747400088289283,61.97696436810353,0.3372206508867207,11.599294792303983,4.530726727716082,59.83381843028419,0.36015439708113484,0,158.17220171323612,BW-002,2027-09-01 14:08:13.489228,35
88.56130577867425,25.647431284544222,21.712472614353384,43.77096922131108,1.9325907672274834,5.723696381338858,98.31104778460663,54.202712088108946,109.63478746282681,14.067564711259612,50.89104646001681,14.434555782337043,533.2699900321276,0.0018752227177451963,0.64,46.35568390552871,10.243900723455402,0.0018752227177451963,0.0,4.901262271901009,178.96467569175653,0.27783171581402616,13.224060535018701,3.2056851843149534,109.63478746282681,0.5254302885523943,0,180.32809820480048,BW-002,2027-09-11 14:08:13.489228,36
92.84793130200906,22.009390631148836,25.636816442200885,25.22724915461042,0.8864108305005828,4.564378916164416,99.3192372397451,50.146204142688774,90.2416773928131,11.333265810665608,51.40082177211281,15.277756323171124,499.53523224808623,0.00200186080068796,0.63,48.7461991684563,9.94653008632222,0.00200186080068796,3.7070766723179336,4.9452755400579225,146.41915999620701,0.3538108594940638,12.931003910435992,3.6486587547030362,90.2416773928131,0.45066616098380285,0,176.33187150594534,BW-002,2027-09-21 14:08:13.489228,37
62.380988013910866,25.62277271769633,26.239078961911282,26.747703313581724,1.0757583245674693,5.154993526116012,77.4202094745725,47.81230367097775,73.60351608436285,9.97751696579917,45.43846169060053,14.852455042881047,552.2269290918813,0.0018108497563573485,0.62,42.6487196510465,11.030594238031274,0.0018108497563573485,2.945714145183153,4.338099912715445,159.73100635783297,0.38819384193521317,13.261234276771477,4.206300240245894,73.60351608436285,0.41101313234210723,0,180.83501286506558,BW-002,2027-10-01 14:08:13.489228,38
78.24946035822168,24.2143181305655,19.452300005822316,34.05474696449941,1.6267670717126272,4.999801437139858,74.88099231425697,46.30170624905513,74.84626081359178,9.359752324682018,49.71323577307796,14.377141311776807,531.027620540018,0.0018831412177450766,0.61,46.338264989315235,10.336484229185691,0.0018831412177450766,2.5744047004191826,4.449151668273047,142.82225725648274,0.38149494870785994,13.260397760953355,3.8581247386053317,74.84626081359178,0.4087958222073113,0,180.8236058311821,BW-002,2027-10-11 14:08:13.489228,39
62.84030658133022,22.48108008449142,22.25725550203181,46.6014170788542,1.502858970084371,3.036309350328322,70.27115407237876,42.140586879400246,50.48426809341726,5.334124054208144,46.48098009819938,14.370747544662333,540.6716085875531,0.0018495515283526599,0.6,43.02258864255461,10.57250550909865,0.0018495515283526599,0.0,4.227160623960684,58.95484517353642,0.45500941953473323,11.29428443210958,3.4525448600063724,50.48426809341726,0.33048237622099014,0,154.012969528767,BW-002,2027-10-21 14:08:13.489228,40
87.1467982669026,24.17151994502719,25.123929494502462,24.24314841666584,1.4541440696143133,5.778582205295346,76.86030338810826,47.687273777433745,85.3503594011838,11.103589536303101,49.85500268961102,16.21335824317276,517.6497260148795,0.0019318082281207574,0.59,46.45079552690815,10.734344994237585,0.0019318082281207574,0.0,4.74296079749495,136.6163574653014,0.2661509495585505,13.009857260763777,4.250660339908908,85.3503594011838,0.4397961158084098,0,177.4071444649606,BW-002,2027-10-31 14:08:13.489228,41
96.53147790304948,25.675440810068913,28.48438312159614,41.37535333118625,0.6808376246055354,5.544126268804452,91.8658432680984,36.907985546264214,96.44221001859579,12.732895871713424,51.91268151081812,14.717612997914529,491.1313209244316,0.002036115306427109,0.5800000000000001,49.44920489880334,10.352772305607324,0.002036115306427109,0.0,4.497308641547186,142.63548587233728,0.25256740289296786,13.212756148855863,3.119886601722617,96.44221001859579,0.4688134296726487,0,180.17394748439813,BW-002,2027-11-10 14:08:13.489228,42
96.09813229143367,22.39866306613465,24.407609670573166,27.411290971042984,0.5175599160963561,4.286106062959301,70.87509290935793,44.61780293206018,56.77477956285183,7.59445413579007,52.43610313914445,14.207008343881022,521.8432525386338,0.0019162842388691548,0.5700000000000001,47.95344398232231,10.346092334434458,0.0019162842388691548,7.229131526872612,4.474097717413446,107.06360836337898,0.41114253742522283,11.296679726589716,4.698892812451471,56.77477956285183,0.34580224097109624,0,154.0456326353143,BW-002,2027-11-20 14:08:13.489228,43
76.88137040510556,23.77024424592494,23.832005925571238,37.85279728162922,0.5656086084634211,3.866654816727497,81.93509876506471,53.39062049312099,65.05791728634235,7.920368607474517,46.65228117562679,15.194807088685453,565.0713684290246,0.0017696879648674048,0.56,43.12053890324811,10.27035505620216,0.0017696879648674048,4.106489277888797,4.794263895434726,85.44517744545705,0.348752052083688,11.154589844797874,4.857719099691131,65.05791728634235,0.38638113481651515,0,152.1080433381528,BW-002,2027-11-30 14:08:13.489228,44
64.92013180494982,25.35185437870255,22.118008238071898,41.50016370118675,1.4784374728879095,5.979765046268892,71.34733896986847,50.220158469907844,78.60749239144765,10.666008092907948,45.86972703886611,13.682126130491561,558.1591606096381,0.001791603668938749,0.55,43.71899800939716,11.044930122885486,0.001791603668938749,19.899929082522444,3.9719707631581507,156.78877176643698,0.30728328846048547,11.577957477626295,3.027364829521362,78.60749239144765,0.42947272282105026,0,157.88123833126767,BW-002,2027-12-10 14:08:13.489228,45
93.82417451959627,26.15495696001535,23.159172928681777,40.151198937466376,0.9130717613831278,5.262794920041069,97.55279296436225,54.018571890050964,94.663766315653,12.835008581216591,51.0770016845366,15.462135069768914,514.5546574124083,0.0019434281384776467,0.54,47.76246584479156,10.316700420887974,0.0019434281384776467,0.0,4.769498250432928,153.52457256104842,0.28410265985185035,12.737278510208508,3.055704481642149,94.663766315653,0.46991228494256587,0,173.6901615028433,BW-002,2027-12-20 14:08:13.489228,46
72.25253995112851,26.73391095952476,23.357034196818987,43.161128172440456,1.7336335605024176,4.7313677581149625,80.71363477901508,50.750981717175584,78.40956523293177,9.54714723084246,46.82398504037674,14.537287686970206,545.8132126049248,0.001832128605365639,0.53,44.11154937011997,10.706309940374004,0.001832128605365639,0.0,4.368443661140166,100.45534730212384,0.27798588602557817,13.491249350977514,4.096290405456044,78.40956523293177,0.4251091812245833,0,183.97158205878426,BW-002,2027-12-30 14:08:13.489228,47
94.30249350645136,27.499811415047244,23.171822646159555,31.652803639707333,1.373298119891171,4.075735384574619,89.69893221123628,39.80797825787014,65.21974485734978,9.139727799297395,51.40075778164202,14.79594958041989,499.84606869886073,0.002000615914821697,0.52,48.557608531141355,10.0524837265505,0.002000615914821697,0.0,4.608495471737393,104.84436888961369,0.3518162387277286,11.520848508757323,4.32764894970545,65.21974485734978,0.36735297013415746,0,157.1024796648726,BW-002,2028-01-09 14:08:13.489228,48
74.84689693750511,25.606445000801397,26.467030351725896,40.52172044381128,1.061829330530182,3.5747788372044775,97.54717260026311,37.03607365899074,62.11055866449955,8.717739206013826,47.23121914583554,15.429225558328334,548.1489778448849,0.0018243215629656427,0.51,42.97891019820237,10.515738460226519,0.0018243215629656427,6.55939431875771,4.581765780650444,95.88561523341855,0.3846010106403244,12.524870440069854,4.127839133511247,62.11055866449955,0.3714798889017973,0,170.7936878191344,BW-002,2028-01-19 14:08:13.489228,49
66.67440806795011,24.583176030773245,19.711129728982904,45.3623288444114,1.0188161911067861,3.116789889977002,71.08056454874279,38.504435442116545,44.471514878918654,5.5385796239844804,46.7665406402351,14.275704292683228,545.8084936566888,0.0018321444455736075,0.5,44.05574066551515,10.505921131173569,0.0018321444455736075,3.7023603607870617,5.048661518815354,53.22556190100892,0.38541120607932317,11.51762945351113,3.179753703472321,44.471514878918654,0.3119809310267355,0,157.05858345696996,BW-002,2028-01-29 14:08:13.489228,50
66.17838988893295,22.152686559434507,25.74986863543781,39.285655618913836,1.0109062498719374,5.600311063518001,78.4743623193108,54.009183411505916,80.1949297397159,10.98702098748391,46.62708183533316,16.310396545514987,546.0662288632664,0.0018312797004159684,0.49,44.42858626882984,10.642549171566722,0.0018312797004159684,3.6179659788519283,4.81760731074293,119.70126835159465,0.24317373256515812,13.119477072586482,4.834536133155361,80.1949297397159,0.4311363011246996,0,178.90196008072476,BW-002,2028-02-08 14:08:13.489228,51
62.86847555390604,24.45777336937139,21.734609940760723,40.250895353640225,1.4086688741790354,4.740266504008364,85.50095155678804,50.1755250751465,90.97639051935539,10.132432418137101,45.31830430731174,15.498429386732903,572.04610849086,0.0017481108343489025,0.48,42.6150275072772,10.92915279489469,0.0017481108343489025,0.0,4.05159075197276,91.6495710043323,0.2385195463904372,12.87769199741083,4.429437667004072,90.97639051935539,0.47486846761177604,0,175.60489087378406,BW-002,2028-02-18 14:08:13.489228,52
74.5837491279016,23.30735532552994,29.8564315938671,34.89603890870676,1.5324113536703556,3.847488197918557,80.59151174800907,52.88188605066502,69.07023256587206,7.75187225757199,48.468198773675375,15.18605273630343,549.2665624367727,0.0018206096427271817,0.47,43.668583510397454,10.792209054408051,0.0018206096427271817,1.534293428542464,4.416297154118416,87.70890670164965,0.3675951788524664,11.34022250102411,4.3956655710103405,69.07023256587206,0.39501407728393867,0,154.63939774123787,BW-002,2028-02-28 14:08:13.489228,53
65.62211870313443,24.913538197956388,18.330440638433586,36.1309228298508,1.9460261106765535,4.429007199903296,84.92619556438306,39.09360218114568,73.2006962849407,9.4034682903762,47.23247700113809,15.611784441209315,541.096189466683,0.0018481002444050167,0.45999999999999996,43.19697709626018,9.974368577488494,0.0018481002444050167,4.622987999145235,4.888969564704344,117.41955848966107,0.3524163147080477,12.436623029852045,4.352722135745449,73.2006962849407,0.4063311777898072,0,169.590314043437,BW-002,2028-03-09 14:08:13.489228,54
75.36826851943201,22.23397607544947,18.371469491032123,33.31168223872487,0.7400374046947911,4.773390909775549,75.58407693260044,41.63129398134387,70.32731145417884,9.019808643846268,49.401709511725684,14.340376402700617,518.0305269146346,0.001930388168349755,0.44999999999999996,46.55686138540879,10.14553222045901,0.001930388168349755,5.066061016441227,5.151845376998616,130.44018286683553,0.3787015531063854,12.25598616118304,3.591648194993072,70.32731145417884,0.38983352958831985,0,167.1270840161324,BW-002,2028-03-19 14:08:13.489228,55
60.93408385312743,26.53728168370106,23.502276106582688,30.941874527343707,1.8501247745247211,3.2134748555202983,72.07022777838449,53.81569041006216,48.538574110579,5.789896619936477,45.93713194057346,14.968237712692323,544.253832113928,0.0018373779677690377,0.43999999999999995,42.069063317724066,11.240457987952215,0.0018373779677690377,0.0,3.6906774154396804,66.39252338523504,0.44604992721088815,11.064328823497714,4.267423199531058,48.538574110579,0.32507139666944174,0,150.8772112295143,BW-002,2028-03-29 14:08:13.489228,56
64.64555840802103,27.735512973731915,21.767600608528234,45.32168813540835,1.4044143147191923,4.520761313885504,82.28236215451055,51.21757162015837,72.00294771856501,9.2994729910807,47.93427189588729,14.978588309344213,531.382614818251,0.0018818831706453746,0.42999999999999994,44.90411178935436,9.837170992828538,0.0018818831706453746,0.0,5.022298852687352,114.53720168883726,0.34055453362039606,12.308620264456593,4.457556108901295,72.00294771856501,0.3994246101740253,0,167.84482178804444,BW-002,2028-04-08 14:08:13.489228,57
93.0682943896595,27.904078979262785,21.46086525382495,47.067251649782236,1.0842228423536304,5.080854172421386,93.1336844755566,48.09301373731909,99.42837214043179,11.829966734015217,51.01826689325732,13.876555333007698,520.2113987204341,0.0019222954407760071,0.42000000000000004,46.232375206911136,10.023709622285738,0.0019222954407760071,1.9086294572242042,4.631982960769562,162.18997912003422,0.33729800871457183,12.440899803287412,4.113156857004307,99.42837214043179,0.4874913267509029,0,169.64863368119197,BW-002,2028-04-18 14:08:13.489228,58
75.42047618947689,24.042322625527035,24.49689128817102,27.69948103628369,1.3305672280370167,3.454785224400298,96.27649250551171,45.78189105472018,63.65856030533684,8.315365094128198,47.70637113365623,15.60003947821343,539.9037739649779,0.0018521819039273235,0.41000000000000003,44.966395286240015,10.74212359464184,0.0018521819039273235,0.0,4.880567668007912,75.6904312840397,0.3293431365479367,11.880367955510907,3.188837795320962,63.65856030533684,0.3741663332072828,0,162.00501757514874,BW-002,2028-04-28 14:08:13.489228,59
81.66819249640017,26.57141087562922,28.003799543251027,34.570592407498175,0.9534998740272407,3.1127132711967223,73.83600403667252,50.310935010317216,37.633010475667476,5.745757741427133,48.75832642695382,15.309855722983068,510.6060304123577,0.0019584570891033447,0.4,44.50479501609169,10.36689390991899,0.0019584570891033447,2.627123473195907,5.089407958228825,59.437778348930735,0.41541880578497214,11.314981112980949,3.8040544337764812,37.633010475667476,0.27862517737593223,0,154.29519699519474,BW-002,2028-05-08 14:08:13.489228,60
70.37339589268377,23.16774302022923,18.6917709863883,32.21875149203312,0.9053715381961749,3.0000349042660983,82.49697485446876,45.450203621711765,45.84119379247214,6.1873451014942225,46.920646995076936,14.687827305143388,532.270098775542,0.0018787454006911994,0.39,43.713428217179,10.18689223346529,0.0018787454006911994,9.01862779968147,4.73205976881991,69.54375936058075,0.46831441908590715,11.864883890149123,3.236437244582177,45.84119379247214,0.31248500894090303,0,161.7938712293062,BW-002,2028-05-18 14:08:13.489228,61
98.65669543465629,25.346252957500262,22.16732446836609,37.9312224238487,0.7087950520185433,3.911827536765082,76.9124998635205,35.02947644172623,55.05770942092053,7.521710872189001,51.61397895754259,13.897216971450465,501.127382302742,0.00199550061584118,0.38,47.540811519324805,10.802600278725032,0.00199550061584118,0.0,4.014822804303058,80.61330594773608,0.34246832517957865,11.277312713835645,3.025794939579051,55.05770942092053,0.3338639127605577,0,153.7815370068497,BW-002,2028-05-28 14:08:13.489228,62
77.76174996808811,25.75740592852638,23.866773981509418,33.64269121570378,1.9907725833495473,5.188034382263989,99.00536499397856,39.4858696657009,108.81551537222943,12.841080940433908,49.561328692100346,15.325760995669754,535.7822571359065,0.0018664298540709981,0.37,46.27145583276088,10.414422431647525,0.0018664298540709981,0.0,4.654371806882869,164.60386016455593,0.30884857345839245,13.474742738334404,4.915263292545176,108.81551537222943,0.52345306171487,0,183.74649188637824,BW-002,2028-06-07 14:08:13.489228,63
95.21259048595708,25.740435748956642,24.832528334187394,38.895851515790014,0.8019681617336498,5.545276137271574,82.67887591040827,41.05861811280859,95.79821662351678,11.461929941060612,50.14420290246875,14.99673934238527,516.4655829874313,0.0019362374433851404,0.36,47.28036687444077,11.438661771356442,0.0019362374433851404,0.0,3.540748014817918,162.8502291859014,0.32027088510202567,14.322798637874863,3.1701127709784824,95.79821662351678,0.47426706364128535,0,195.3108905164754,BW-002,2028-06-17 14:08:13.489228,64
75.80550973057274,22.236757197345398,23.706552449841922,37.03259001498392,0.8416246041548143,3.9758854020690935,91.37863999295539,51.335589330112725,70.36088315386706,9.08277502022296,48.96962084914782,14.632913100610752,534.3798195143344,0.0018713281517794586,0.35,46.476404261911185,9.987741578155266,0.0018713281517794586,10.217079218920958,5.049111453406794,71.82951862170088,0.24863402120085035,12.686573595424818,4.214270561767154,70.36088315386706,0.3948502230338572,0,172.99873084670207,BW-002,2028-06-27 14:08:13.489228,65
98.56115388662056,27.456727665623454,26.66571882547087,36.8012790903687,1.8049537394715274,5.70582059024745,94.20080559084218,54.69716805524952,101.82127476313424,13.43732240395311,51.866168639406645,15.727911161073383,509.8326933565354,0.0019614277645013272,0.33999999999999997,47.15892953954833,10.044831466199263,0.0019614277645013272,6.612747552948542,4.7012737405610165,125.66197330882278,0.20487220374087395,12.796417296996308,3.189930550456753,101.82127476313424,0.4923540572174081,0,174.49659950449512,BW-002,2028-07-07 14:08:13.489228,66
65.22609375293851,26.74305876564931,19.49784976760218,43.06105590118573,0.9136513523770354,5.262744779046242,81.79585603083767,46.81275667989276,83.102013178064,10.761767856847726,47.4884206027655,15.041913313964681,547.4425583215374,0.0018266756663311067,0.32999999999999996,43.025477550868075,11.008952480942733,0.0018266756663311067,1.2730535185432335,4.563873114745315,130.03284579333356,0.2869902559622135,12.538811191667033,3.353793901647968,83.102013178064,0.44123947809000785,0,170.98378897727773,BW-002,2028-07-17 14:08:13.489228,67
95.08362324072755,27.664252562952388,19.785551632861388,35.104214521569446,1.9714810672440277,4.633490877311595,91.27962485417828,38.34642608002121,85.73154444684144,10.573582726156495,52.673002631312634,14.569456044913215,503.2794585392279,0.0019869676439855243,0.31999999999999995,47.97784323156053,10.921341953526698,0.0019869676439855243,0.0,3.790644157889463,125.0690046544215,0.3191017800302419,12.722435118935328,4.063743533010033,85.73154444684144,0.43675565238457315,0,173.48775162184538,BW-002,2028-07-27 14:08:13.489228,68
79.33629743892587,27.181285135087272,25.06477826557584,33.007917790070444,0.9286753332888054,5.341895152276671,87.51318341542336,54.04443571395189,85.55492734734204,11.68715625617873,50.30381458596407,14.778477989435759,524.2196826737293,0.0019075972021874524,0.30999999999999994,46.57324244256597,10.559743946570784,0.0019075972021874524,0.7530014517113741,4.1318271310826375,190.05559726222998,0.38052786737147376,12.832538291666033,3.6538820486733505,85.55492734734204,0.4424489959599256,0,174.9891585227186,BW-002,2028-08-06 14:08:13.489228,69
68.12892364344349,26.570789148266183,22.638486081876334,36.27061109281803,1.2384882200017728,5.143272492213727,92.77015847565792,37.050319281329486,99.39311510469746,11.92855510465399,46.73984557911728,15.231592397633792,548.6103156430041,0.0018227874531085697,0.3,41.798140897935106,10.694492477677448,0.0018227874531085697,7.855388394234149,4.486143018440297,114.31134967838915,0.23290134167411924,12.35993334286928,4.345014525347298,99.39311510469746,0.49589347837522607,0,168.5445455845811,BW-002,2028-08-16 14:08:13.489228,70
83.09116116932525,27.193462873747315,29.768872123001152,33.78202100577161,1.7412783831594547,4.541563392620303,85.26671666773167,42.38561540431082,82.85855010412376,9.68110497567744,49.66096644102999,15.849978687288191,525.3654691056202,0.0019034368621569202,0.3,46.064090813175625,10.662845776169974,0.0019034368621569202,0.0,3.8138550080465494,93.64044395072456,0.26622152512425135,13.155875650728559,3.2664198482732574,82.85855010412376,0.43380480774543184,0,179.39830432811672,BW-002,2028-08-26 14:08:13.489228,71
90.5811117861887,25.44117370873344,29.472565723343198,28.811388372681666,0.6638963154644322,4.385148431439357,97.62983563289728,48.891908545065704,90.60192646287177,10.703033014682045,51.65870992016319,15.47065529038374,508.7410027238583,0.0019656367280126512,0.3,46.84376273420924,10.834827252401173,0.0019656367280126512,0.0,3.9070572443649767,97.63957498187884,0.26004273794647753,12.916333913564152,4.15698501645866,90.60192646287177,0.45462872236006335,0,176.13182609405663,BW-002,2028-09-05 14:08:13.489228,72
94.15847867821688,24.63489889980249,28.163626250484725,45.43416492468996,0.5936863904286072,5.186943184967449,95.85072711362037,40.48143178684382,96.75465942818711,12.429306894404196,50.09124789820499,15.904653174866555,522.8717744929188,0.001912514786191701,0.3,47.411683020096675,10.407556105753772,0.001912514786191701,9.725315504629707,4.167513805787371,175.8697927400287,0.34099095750372327,13.524812363253854,4.506944221319193,96.75465942818711,0.479377063775166,0,184.4292594989162,BW-002,2028-09-15 14:08:13.489228,73
95.33859051944242,24.68991433221653,24.125189868050786,39.03822026623705,1.88957391009513,4.036025856734664,80.06831362809528,54.57050936778281,67.33167797971122,8.078944602703327,51.082742682523985,14.67395555570347,502.75607973780603,0.0019890361157273587,0.3,47.349847419490715,10.840376953979186,0.0019890361157273587,5.71181068679447,4.01828565047545,97.15220832441968,0.37243811486504097,12.572644877298217,4.460498379059143,67.33167797971122,0.3752657505203792,0,171.44515741770294,BW-002,2028-09-25 14:08:13.489228,74
60.764643777190564,24.861060809906903,26.252664509166728,41.344966984757484,1.5387986473056618,5.569611671243781,91.0350958477078,49.5411352323078,104.57408416811707,12.67575330815474,45.0250635292362,14.814745950704985,552.0139224247755,0.0018115485124132406,0.3,41.97260620123115,10.713251517754292,0.0018115485124132406,6.900715514572936,4.632817510843665,112.95843770704897,0.2,13.570015171158767,3.0513792897388163,104.57408416811707,0.5141844572878229,0,185.04566142489227,BW-002,2028-10-05 14:08:13.489228,75
65.37740517632487,23.79637353023009,22.30458630500416,43.30649298430812,0.9181398086218295,4.488776258647085,81.41553129609683,38.26070673863182,73.5310648986758,9.136402599176453,45.40104375727009,15.451138586893324,556.8691586300705,0.0017957539657251918,0.3,42.416505308877255,10.525041803635204,0.0017957539657251918,0.0,3.625311516931625,104.73657251708387,0.31923109179178666,11.564352761707863,4.234211888857312,73.5310648986758,0.4121642972512738,0,157.6957194778345,BW-002,2028-10-15 14:08:13.489228,76
68.42819855468812,27.744688114228577,18.106359421361628,47.94770053636748,1.5152319482860934,5.358616956783174,92.03331796226774,42.6871007704827,98.33281468736702,12.329282455540636,46.3564736030563,15.255396044263797,563.9842112511644,0.0017730992819489774,0.3,43.2134997820511,10.594341627051323,0.0017730992819489774,3.0246688918469484,4.550992354532358,135.13199286208706,0.2556687678651657,13.414144304676393,3.2510995797969544,98.33281468736702,0.49697131233323943,0,182.92014960922356,BW-002,2028-10-25 14:08:13.489228,77
93.13877197796468,23.76771637807716,18.17178333200472,41.708868445476725,1.7512168955010137,3.704920214987858,91.14613030130145,51.3425628403117,69.81180398245372,8.44222851678023,52.00139638231876,15.427262613533308,497.6577051920278,0.0020094132765695587,0.3,48.847563154382456,10.71912167331582,0.0020094132765695587,0.0,4.164322094129277,123.72499572139817,0.4944603784736882,11.763887613974585,4.082748841814876,69.81180398245372,0.3820033248324541,0,160.41664928147162,BW-002,2028-11-04 14:08:13.489228,78
89.61904527814076,22.85710172380503,27.04113506708363,42.454146770583385,1.4878107735050823,4.639290948233542,99.01105825768438,36.033374433159224,100.96433718647842,11.483527658747477,49.3509228913258,15.085919669896766,533.5893286696933,0.0018741004481726208,0.3,45.75620643326561,10.763158588310995,0.0018741004481726208,2.5272086736510646,4.228791858576287,120.23501128449584,0.28210710943622924,12.711253285405126,4.088689775268643,100.96433718647842,0.4966245892225027,0,173.33527207370625,BW-002,2028-11-14 14:08:13.489228,79
90.64463731182344,27.075528638066395,25.363249370849502,26.126513135272297,1.2314417145008163,5.587921413447537,75.3776683572337,51.00006963527363,84.44057940790007,10.530112177728327,51.1499468167583,14.552465078861697,498.9613786531784,0.0020041631332253615,0.3,47.92670250175011,10.237887584844506,0.0020041631332253615,2.5681680327561414,4.46742420487909,168.57091396510754,0.3581041607367345,11.89385852486,4.640135004111299,84.44057940790007,0.43115701162228703,0,162.18897988445457,BW-002,2028-11-24 14:08:13.489228,80
63.1059733868642,24.445258186194586,22.885277869507533,25.5842362593658,1.023230800954219,4.658121227155636,81.89661045969889,37.634300571581875,70.71116128850139,9.537108490360492,47.063124226283016,15.231603146049562,533.521556554963,0.0018743385111881243,0.3,42.91886439695118,10.697099893569614,0.0018743385111881243,2.5155132806917084,4.262459844978222,126.30153525403362,0.35537848598241023,11.96078523898024,4.378620824205381,70.71116128850139,0.3957603379281602,0,163.1016168951851,BW-002,2028-12-04 14:08:13.489228,81
64.43992395165259,26.849411260055334,29.37225631157365,25.735595406190527,1.9326728109375522,5.614242102572563,90.18108982626694,50.933627943827446,96.19921984271332,12.65746178396265,45.298850786287645,14.383738342615745,566.0487541180586,0.001766632278094254,0.3,42.949775330794154,10.476963481173557,0.001766632278094254,3.316075689660251,4.5701284071169725,134.84700693285134,0.23719938721161166,12.610475383203957,4.227275805978768,96.19921984271332,0.4904786923777953,0,171.96102795278125,BW-002,2028-12-14 14:08:13.489228,82
80.90306397346981,23.797394067723243,18.922344903313963,36.01498243369003,1.691773316736123,3.751403696377497,88.74622298820996,46.434919662874975,66.93331603570773,8.32307272393781,49.687759533699996,14.651614090785213,528.298842532119,0.001892868050225196,0.3,46.62376091874475,10.348228577878627,0.001892868050225196,1.4050122289877445,3.996182367920901,111.5746110184785,0.4466814354290248,12.40823046164671,3.7296449404155974,66.93331603570773,0.3816007062119948,0,169.20314265881876,BW-002,2028-12-24 14:08:13.489228,83
88.28345909066792,22.301356068783843,18.874822024414843,33.66895878318329,0.9429357410719149,3.8628981871310346,79.20329798566424,42.059170069047134,57.99203260350363,7.648856905090537,50.824545430684914,14.73057907190363,515.8206628911639,0.0019386582817272598,0.3,46.3236133992594,11.151021677666016,0.0019386582817272598,2.4182484084602405,4.2081523994275525,87.27569190327571,0.3692270543253877,12.885047316625942,3.379872272915122,57.99203260350363,0.34805297421236125,0,175.70519068126285,BW-002,2029-01-03 14:08:13.489228,84
69.29537292224191,23.68602699345228,27.641792919562615,46.3014732871645,1.1076540417913496,4.86387734714883,80.02149897006308,49.65398101180561,74.41692023577961,9.73036890313458,46.38575125426008,15.174825023649847,528.9241581761867,0.0018906302246585911,0.3,44.06812829962069,9.9587839422657,0.0018906302246585911,0.0,4.720430001108652,140.66850136885736,0.3715309115628427,13.246384651241618,3.717243163907183,74.41692023577961,0.40673364823878805,0,180.6325179714766,BW-002,2029-01-13 14:08:13.489228,85
96.24444008529989,23.928974207487293,23.717243836125498,29.42469594758399,1.460714063263766,5.351279527452322,78.57274973778118,43.65533759198525,83.33517214243474,10.51161867718558,49.871863241432926,14.868275891958875,521.5563144672419,0.0019173384968437734,0.3,45.844394466120704,9.714308706666285,0.0019173384968437734,0.0,5.347008002814608,137.1144367801579,0.304695445081335,12.508497574881092,4.533054632443254,83.33517214243474,0.4342508014816217,0,170.57042147565124,BW-002,2029-01-23 14:08:13.489228,86
99.15924460699236,25.62095857626027,22.293769009362585,39.547618703772685,0.6843810176980814,5.0563316496657045,79.97368471446136,36.131713122934315,83.57997844988664,10.109336829052932,52.55302946648705,14.835276106826454,497.0605107433268,0.0020118274905897367,0.3,50.08259135053663,9.88422779067859,0.0020118274905897367,0.0,4.75581429266753,113.17301958257305,0.2767545041062896,13.110641682829481,4.351325804414146,83.57997844988664,0.42771808138928685,0,178.7814774931293,BW-002,2029-02-02 14:08:13.489228,87
95.54636321061594,25.01850370467902,23.392196904475703,38.060754922884456,1.4371757941841037,4.925203191895674,90.14437446001621,47.6456430727528,88.02845076960286,11.099484020547768,52.06382518588069,15.15807797859139,507.1146692355527,0.001971940589901382,0.3,47.425834538845265,10.389445738455843,0.001971940589901382,0.0,4.707032224945929,168.25301045931565,0.3847210186856589,12.379789531946223,3.908367325473412,88.02845076960286,0.44556257000267535,0,168.81531179926665,BW-002,2029-02-12 14:08:13.489228,88
62.87103224906052,26.095703327340416,20.903180163786356,41.134863180158156,1.7338021915762951,3.5969764168783103,82.5500159230684,50.018795967266364,57.914767738673426,7.423261512205151,46.8999224271676,15.378394339993491,528.9802347472722,0.001890429801177286,0.3,42.0255684004093,11.522367709559981,0.001890429801177286,0.37557262409378356,3.5836966493996214,90.96398241855064,0.4258406613909688,11.784866226428061,3.5017581997814005,57.914767738673426,0.35174329621975975,0,160.70272126947356,BW-002,2029-02-22 14:08:13.489228,89
92.15834030210081,25.315005804447335,24.242038707729016,27.42902307214588,1.6630192256047034,3.828957325397561,82.96056782783518,54.6073748188437,60.89030979144136,7.941311847588269,51.43621983932872,14.877959763162899,498.3621264312116,0.002006573025845753,0.3,46.63330749682625,10.363845351321181,0.002006573025845753,1.4273065401146106,4.843971475213876,97.92847449659914,0.402574465977115,11.330750676427517,4.938643624568358,60.89030979144136,0.35247633723416805,0,154.51023649673886,BW-002,2029-03-04 14:08:13.489228,90
70.85637521786857,24.98017253690768,21.411289115130202,27.211880711992634,1.444336545337605,3.202507640051466,85.56102983141786,38.58729364024421,62.369960218421305,6.850246293144677,47.58914899505265,15.166929983284268,537.3924160947143,0.0018608375742759867,0.3,43.33195534814129,10.052296832200222,0.0018608375742759867,8.791698926789426,5.544659689801046,61.030468153740955,0.3477445670172957,11.93785276577268,3.6786105346191347,62.369960218421305,0.369117592223152,0,162.78890135144562,BW-002,2029-03-14 14:08:13.489228,91
62.17328139291615,26.491871404757198,21.8110415431334,24.003232632107647,1.2666937088558448,5.113663284082335,82.68185910681797,41.930483359054364,81.49463337224933,10.570179679355093,47.75735899076861,14.343890403284297,548.1974494564301,0.0018241602564761264,0.3,44.471985279222224,10.916458499730004,0.0018241602564761264,4.149401508645335,4.249453526025704,112.45143228751154,0.26005218470671865,12.648600703100868,4.316204436112984,81.49463337224933,0.4361080127444268,0,172.4809186786482,BW-002,2029-03-24 14:08:13.489228,92
61.87407634110413,23.657017346925397,26.483717849468594,25.50455091892478,1.7590077385340035,4.192837135658612,77.92828789475918,39.106658774135994,56.610858457213034,8.168515485086045,46.903181441471666,15.193404260344602,557.5986798451027,0.0017934045329479503,0.3,43.28229184610075,10.905005626402087,0.0017934045329479503,0.0,4.025355578033377,90.45356166131226,0.3301296680719502,11.085048299541448,3.230292356790402,56.610858457213034,0.3559824654775743,0,151.15974953920158,BW-002,2029-04-03 14:08:13.489228,93
60.152796906343326,23.480943215211415,26.890848673824856,31.590483593503365,0.6528385820990203,3.8623849946917503,89.70268190423671,54.37074663399784,68.65304998273315,8.661657314263277,47.11389996113746,15.511854773053491,562.7143263135337,0.0017771006587858208,0.3,43.97677850498836,11.395879126722846,0.0017771006587858208,0.0,3.6971205682268202,91.8803476807116,0.3433018029262178,12.790427141953002,3.774548822849683,68.65304998273315,0.3976577978365039,0,174.4149155720864,BW-002,2029-04-13 14:08:13.489228,94
74.40935675201712,23.622359718307152,28.11254282592666,31.520350022043434,1.683398707664011,4.810911601678125,72.30938401194899,36.51167227708134,69.15788951428537,8.696851361332103,48.410712108444294,15.072443916548446,542.589908021859,0.0018430125315926696,0.3,44.86842578079052,10.684655295659347,0.0018430125315926696,6.371305828707216,4.517227665689164,107.81069465297004,0.3220938501389744,13.221725886279282,4.296466937615692,69.15788951428537,0.39330327078750893,0,180.29626208562658,BW-002,2029-04-23 14:08:13.489228,95
95.6748857924294,24.602904517459177,28.919317726252704,33.05563329511663,1.9461176247351624,3.2762009582474265,87.97133761451144,47.47297556580532,58.57081906689935,7.205294514774256,51.37513591214936,15.781706679416054,505.4809730751327,0.001978313830323667,0.3,48.399502323320725,9.64510691073714,0.001978313830323667,0.0,5.480776080870096,76.47255178522397,0.40494246764662684,12.03447995888167,4.909131857717622,58.57081906689935,0.34688035547887097,0,164.10654489384098,BW-002,2029-05-03 14:08:13.489228,96
63.57158098102292,26.122115599019455,23.925768485483143,33.303571330935526,1.4490678181229013,4.945514460356065,78.02206083572624,35.3022136842895,83.12140300417877,9.646480752246617,45.71730848121144,15.249932061870187,569.4018769962338,0.0017562288436337808,0.3,41.704029009953516,10.415067904686286,0.0017562288436337808,6.660758984833822,4.9889330124401745,118.1753567753663,0.3096396422415793,12.173602716310675,4.203613467890895,83.12140300417877,0.44789190644613275,0,166.0036734042365,BW-002,2029-05-13 14:08:13.489228,97
88.15428366537324,22.026179617901853,20.003437064966384,41.11310521522365,1.4995781203673098,4.830022251238457,79.38722182640944,40.421925075281315,81.75678827983151,9.586051197139025,48.82383637500404,13.949986746174188,532.5281193510095,0.0018778351107894492,0.3,46.026051023107684,10.42546787580331,0.0018778351107894492,8.529079738238023,4.895715292190446,87.23465528796926,0.23551045237042056,13.328005860895473,3.6761688187325228,81.75678827983151,0.4322810634047412,0,181.74553446675645,BW-002,2029-05-23 14:08:13.489228,98
98.6419002051471,26.5662267415047,29.409272492776054,40.86097203683536,0.9470783129591647,4.79300484810811,95.98286900835075,53.93467457846791,90.93471952271976,11.50115891230877,52.4217930476031,14.703822022173973,509.91868268116446,0.001961097002255294,0.3,47.60620369718371,10.184792178502118,0.001961097002255294,2.1012511367038083,4.94825833767324,128.21096940289178,0.29072723939490097,12.285447418951154,3.3253216302109703,90.93471952271976,0.4560913365467485,0,167.52882844024302,BW-002,2029-06-02 14:08:13.489228,99
64.21459689003426,26.690943180069613,25.729790657710993,25.156464297439108,1.0400756988514674,4.762757613328206,91.03418783252421,48.602237708939455,88.09872148112737,10.839344279312614,46.75573722946072,14.747126647869031,565.0560821418827,0.001769735839687688,0.3,44.087708992091464,10.249346218416028,0.001769735839687688,2.518477440265847,4.189708879724323,106.98925422889553,0.2590530338357344,13.24140688124874,3.1171306105690677,88.09872148112737,0.46317922957965607,0,180.56463928975552,BW-002,2029-06-12 14:08:13.489228,100
82.09464551268937,25.57137839631641,28.462956735366067,37.847558698024365,1.0182212805851685,4.252184346987444,81.30600641041565,52.51809849999789,69.06603632987483,8.643203194360755,49.071498079078125,14.772602641311154,507.9905250234271,0.00196854065330034,0.99,46.87333215561164,10.670986029660497,0.00196854065330034,0.0,4.308572236203296,103.79194063556434,0.3530098614708168,11.904004070655766,4.898562343511967,69.06603632987483,0.3826172786066109,0,162.327328236215,BW-003,2026-09-26 14:08:13.617146,1
92.12047526105282,25.241673359124526,18.9513634155743,37.58041344751792,1.8620278181324936,3.990467850946813,73.2040211200709,54.0680575876419,63.00371016689035,7.302957320991863,49.77826475813104,14.93134451710556,515.2578369420205,0.00194077591509302,0.98,46.344662693391626,10.691339771445033,0.00194077591509302,7.139621925534877,3.9828438539195408,78.60417210787517,0.33715766078024106,11.690845563934566,3.9213455833099866,63.00371016689035,0.36458971830557396,0,159.42062132638043,BW-003,2026-10-06 14:08:13.617146,2
75.85250501992883,23.7779548113988,19.72163348421624,27.634692526448575,1.1491572265127283,3.180680834700892,78.92950832704841,40.96132402340008,45.60700041561208,6.276239360705184,49.33566736746223,15.153838326700557,526.8829665061127,0.0018979546950079634,0.97,46.53123767862647,11.262116637260512,0.0018979546950079634,5.014041422671923,3.509454436411813,71.986711001902,0.450757284965553,10.5010560008316,4.103424744039934,45.60700041561208,0.31008822467054076,0,143.1962181931582,BW-003,2026-10-16 14:08:13.617146,3
83.82719296646118,22.48369243101761,29.274823068301988,42.1232068186847,1.379935877425494,5.349484292771091,73.67493585897968,47.698133183063256,76.36213047553755,9.853072803713236,48.478559556123614,15.899362509175656,522.7901937514926,0.0019128132316792237,0.96,44.512029640585276,10.426684839063821,0.0019128132316792237,0.7993451955429213,4.428466883694104,128.56883373615153,0.30490328886171325,11.360056341945798,4.931035836469533,76.36213047553755,0.41137749304390625,0,154.90985920835178,BW-003,2026-10-26 14:08:13.617146,4
93.13754683755963,22.48112054087268,23.72206653279749,39.122235044679925,1.7429793591774339,3.3715380801174524,72.11606912778869,53.188590073717535,51.05342110816058,6.078551831318054,50.2354309908707,14.878469400559567,534.3335663023909,0.0018714901384916524,0.95,48.00452344184664,9.781088624279137,0.0018714901384916524,0.0,5.517645744234121,55.67030648855195,0.33955132681698735,11.314981428117344,3.4869340881335202,51.05342110816058,0.3304781402512525,0,154.29520129250923,BW-003,2026-11-05 14:08:13.617146,5
91.3387824019707,23.6624154982804,29.29056203471045,26.98430019434089,1.8127004279317283,4.633892613321407,72.33569558826309,54.10896382876135,64.70005817902234,8.379896136647956,50.70310529643911,15.635946210969328,524.8556195998586,0.0019052858779760873,0.94,47.96914013262497,10.888931203894579,0.0019052858779760873,6.153004264858637,4.029305379696878,140.8352431277811,0.45335327755127897,11.911648438197453,3.4119763683769464,64.70005817902234,0.37312354647669865,0,162.43156961178343,BW-003,2026-11-15 14:08:13.617146,6
98.83760998418475,23.062921139335753,26.664792770445423,24.966852450671965,1.1081342377087324,3.7408835009756776,95.7893603605782,38.37620011569128,79.51669972967994,8.958420943547514,51.71482893734863,14.972039775738894,502.52574986392625,0.0019899477793342522,0.9299999999999999,48.06311703372454,10.3423293958647,0.0019899477793342522,2.7992073324695563,4.59392019472795,109.82793084853624,0.4096539677011175,12.185886615016829,3.677465911548863,79.51669972967994,0.4158133907247777,0,166.17118111386583,BW-003,2026-11-25 14:08:13.617146,7
80.65133196790697,25.483871355457804,29.231246978982714,40.13401649506067,1.2219169268288554,5.80438655247835,97.27606408619461,51.3924973909529,113.26876089412461,14.115696956498255,49.43565732341816,15.002114929497075,532.9334285232749,0.0018764069703244874,0.92,46.40847195353059,11.254141342234707,0.0018764069703244874,0.0,3.775824744088057,131.09273854905288,0.2,13.679824953672483,4.483990782252345,113.26876089412461,0.5374425648707312,0,186.54306755007931,BW-003,2026-12-05 14:08:13.617146,8
92.38700145063558,27.703196925726452,18.26479378418749,47.58051053414493,0.6291982085955206,5.664574048983912,75.9765905751123,40.68368591423457,81.81399650380345,10.759375582551419,51.47693651561849,15.190654806132393,524.6020657307025,0.0019062067523640607,0.91,48.91716622499899,10.863382618537504,0.0019062067523640607,7.769483050084515,3.9890960268252784,166.9046757099185,0.3423136284938342,12.428951948917058,3.705058482601035,81.81399650380345,0.4300939413985556,0,169.48570839432352,BW-003,2026-12-15 14:08:13.617146,9
92.57547117075046,23.682008515308475,19.58615589304646,34.556535353132034,1.4659348691714202,4.179962011155566,86.33665973964027,38.19759526732883,64.8629600407965,9.022098947044013,51.19797353161735,13.684634931585467,495.1604278221212,0.0020195474917055257,0.9,49.026966368961546,10.233035119790857,0.0020195474917055257,6.051292218149564,4.855937961768234,100.86129573419477,0.3343140552078788,12.505307108350035,4.811823342469295,64.8629600407965,0.3647579951492913,0,170.5269151138641,BW-003,2026-12-25 14:08:13.617146,10
75.238073800939,22.327392449696195,25.1935336759046,45.65767862665619,1.0748230489208774,5.073739991357968,75.0269961791352,41.20616964209095,83.3628174873181,9.516686773638492,48.67408679937102,14.74260866254263,529.092648896911,0.0018900281492945882,0.89,45.693870127665114,11.279289000078542,0.0018900281492945882,1.7271442374433696,4.049112490835541,121.20139747786749,0.3137643932929977,12.525328173627582,3.9860602503176046,83.3628174873181,0.4366038529601336,0,170.79992964037612,BW-003,2027-01-04 14:08:13.617146,11
68.65331110523309,24.655464075596893,18.58035253258537,43.691702027526595,1.7395112164252802,5.218407699716182,89.36603069231566,38.1154652116034,93.35125453999942,11.658709566446317,47.54152686997131,15.563890125316949,538.5183214165262,0.0018569470345402286,0.88,44.71888820259887,9.838264483511319,0.0018569470345402286,6.221526170616075,5.716544158904596,158.79603187217276,0.3262579994208349,12.855186050107262,4.089649351346863,93.35125453999942,0.4727263448916226,0,175.29799159237177,BW-003,2027-01-14 14:08:13.617146,12
83.52001853718514,24.118617333630336,27.5974003733494,37.31248859492081,1.7388984628250244,4.641136036846733,72.62339505399656,42.54726353593301,64.89349037121556,8.426376397581507,49.61411364883675,15.495083119479645,515.1503132603802,0.0019411809995242202,0.87,46.996467684301784,10.997304232463522,0.0019411809995242202,6.105370037603563,3.741920060971703,132.13000704935055,0.4223245404875884,11.482094303264088,4.317803613149715,64.89349037121556,0.3708567285488326,0,156.57401322632847,BW-003,2027-01-24 14:08:13.617146,13
85.25835170332083,26.706432839276783,25.18275591861312,33.93938563717599,1.9369187898892064,3.8219642984099154,98.66948401799468,54.07265215659379,74.94913008861423,9.427781131482584,49.57162168055192,14.7612946469036,528.2181261258285,0.0018931572972219186,0.86,47.18205064029828,10.469608047550816,0.0018931572972219186,4.534370256671054,4.655696178121005,94.02261636623746,0.32617166270958914,12.43400543482461,3.2272920773934386,74.94913008861423,0.4082958714664626,0,169.55461956579012,BW-003,2027-02-03 14:08:13.617146,14
81.64455299515379,25.63053711124323,20.645851672976992,39.015618946254634,1.3574114742244157,4.0569811627576176,71.29300326844972,38.58189878656363,60.633395728206,7.230859282412945,48.59685606377563,15.006414321771842,531.4969610337245,0.001881478302444232,0.85,46.04455209369276,10.711206992339068,0.001881478302444232,2.219079148531584,4.848960268954626,96.95506152462491,0.4131308229760239,12.25485910833251,4.01945215057636,60.633395728206,0.3615604074041373,0,167.11171511362514,BW-003,2027-02-13 14:08:13.617146,15
67.393535917881,22.35752258411886,25.252311836577253,42.32861446440769,1.2851020563830122,3.423597190611555,92.90547531004637,37.17365078749384,62.9434589714489,7.95177310659765,47.588857423048985,14.081820108114801,536.0532826218642,0.0018654861977692749,0.84,43.244471156784854,11.301883578349052,0.0018654861977692749,4.508837292480032,3.8523351873783804,73.10798091538095,0.33568208338248884,11.800187173528652,3.5693494776929273,62.9434589714489,0.3706275146913889,0,160.91164327539073,BW-003,2027-02-23 14:08:13.617146,16
69.07090501278583,25.999131860158208,18.96126871931523,34.60400891524691,0.7450501375976303,5.94377273217383,81.44849497327405,50.504690777981125,102.80820112286086,12.10278358746859,46.92786186832949,14.851311960378446,552.0460618108689,0.0018114430464728146,0.83,43.00652004634973,10.529645443037035,0.0018114430464728146,4.054539831536623,4.530200146795839,190.72297019248995,0.33140995642964954,12.965590710610593,4.079323577806305,102.80820112286086,0.5083078222861303,0,176.80350969014447,BW-003,2027-03-05 14:08:13.617146,17
67.37836204239534,23.213763694949222,22.640484684527735,25.22760493488954,1.0966901613936473,3.57604825422011,74.38063057890888,53.761282791362625,45.817409367040995,6.64971810323745,46.86037090384475,14.644013386370538,554.5227565969165,0.0018033525010532647,0.8200000000000001,44.76010018653824,10.73213967986266,0.0018033525010532647,0.0,4.35360130617576,77.6078894516712,0.4079522009908888,11.151664996627328,4.866385834098036,45.817409367040995,0.3190815248692116,0,152.06815904491813,BW-003,2027-03-15 14:08:13.617146,18
80.46829788458803,24.89976570979795,22.593409204836487,44.13951859369806,0.7179900386307562,5.752941833713301,96.62406820638647,47.50866900333187,104.92755281031997,13.8968161032022,47.5274414644453,14.75791302437563,537.6299659029752,0.0018600153700890766,0.81,44.82129167875023,10.265572850301796,0.0018600153700890766,3.045947220885495,4.993611140879165,204.02738477169765,0.31900183573057506,13.563834278903546,3.932749189009097,104.92755281031997,0.5110474991386258,0,184.9613765305029,BW-003,2027-03-25 14:08:13.617146,19
80.22786975125496,22.372248501739325,18.853868146534918,37.77278039225031,1.3490276373317314,4.90693596585784,80.67873320411921,37.970135632873614,73.63716031761379,9.897134440978542,48.06793414293499,15.245752823623391,533.1283677867641,0.0018757208590332807,0.8,45.432791026491074,10.659780087329224,0.0018757208590332807,2.384856283947386,4.166843679620962,119.24680414409576,0.3069282769656263,12.198143462419289,4.7518660443724094,73.63716031761379,0.40539571139474184,0,166.33831994208123,BW-003,2027-04-04 14:08:13.617146,20
95.12134051377828,25.34724205396044,29.517492244858204,25.168676361598315,0.6470115271711117,4.789401226240631,94.43151762007244,42.64246988919946,89.06348910551155,11.306760657133468,51.25891251549893,15.906703849257712,512.9530572141624,0.0019494961301741325,0.79,48.8190688440194,11.005338646477497,0.0019494961301741325,0.299052863198156,3.623705252618501,121.83147464213917,0.2812225188492466,12.963397378736708,4.0245211277525215,89.06348910551155,0.4507642141826205,0,176.77360061913691,BW-003,2027-04-14 14:08:13.617146,21
61.76263446281526,23.11166110200124,24.495241331300136,39.49373235425827,0.5683777369230032,3.712449915508152,78.99692778983609,47.85590141012618,56.96848689080025,7.331803447469514,45.92151630786472,14.745393318700433,555.1670762408631,0.0018012595537386352,0.78,43.4512350219098,11.113590380044208,0.0018012595537386352,4.5537013342735735,4.389622746297439,109.82994964283556,0.5043817688514259,11.81173795416441,4.892373787982523,56.96848689080025,0.3564450791749264,0,161.0691539204238,BW-003,2027-04-24 14:08:13.617146,22
97.83883559382397,27.052992259902286,21.559349785885118,25.85250072543523,0.754830609828586,4.802836453613157,90.88239584701117,42.25003969063026,84.86170967169471,10.912332094143155,50.82946561918662,14.760620714239156,507.3292883116609,0.001971106386007983,0.77,47.485550650040054,10.134060565686866,0.001971106386007983,5.679906681189599,4.934683484662868,159.88136493167332,0.3813225491339512,13.746995469803796,3.100645865869328,84.86170967169471,0.435071152065814,0,187.45902913368812,BW-003,2027-05-04 14:08:13.617146,23
65.0777765501989,22.73970267579368,24.222740263988808,29.900338619841605,1.0372095747937167,4.407122242554462,94.0281616462429,38.603172954652386,85.54696050037714,10.359840065441587,47.12114228007696,14.64197828186208,566.0234386014288,0.0017667112910922408,0.76,44.2443954098588,10.807744400629153,0.0017667112910922408,0.0,3.786502992538631,100.03322961518194,0.2738710681609928,13.038277940154146,4.672157801590561,85.54696050037714,0.4549635665816858,0,177.79469918392016,BW-003,2027-05-14 14:08:13.617146,24
99.58021333537289,26.10588549355207,29.387768004564016,27.421357320794776,1.073209212248854,3.329589341222349,96.5105190306397,41.85859325518392,58.718314910869665,8.033509887006364,51.52040669469047,15.197899424354874,507.2559610762716,0.0019713913225943122,0.75,46.77453687355265,9.744485610487569,0.0019713913225943122,2.3607032590781345,5.404660838018462,79.52648041387675,0.37164284009831505,11.377517295773906,3.49795379832273,58.718314910869665,0.34790450469244705,0,155.1479631241896,BW-003,2027-05-24 14:08:13.617146,25
82.18927213129417,22.46054837133243,18.050249323535496,40.09042401112602,1.462729275202153,3.1672225607623252,88.29438284644351,39.81607632146346,61.66489915717054,6.9911990334960485,49.59194163164891,13.786803964732396,535.6343459005305,0.0018669452540776839,0.74,47.281516440709154,10.531019224572551,0.0018669452540776839,3.732405218719218,4.548665873379209,55.191552315927886,0.3115676607145838,11.637219318654134,3.9779018528769043,61.66489915717054,0.3662399676273943,0,158.68935434528365,BW-003,2027-06-03 14:08:13.617146,26
76.43155239998447,24.937864456192194,22.985316007105077,24.57612107627733,1.0030574093261937,4.16042172615564,72.4174243685954,37.94326502189891,57.57654430594749,7.5321756423834305,46.077802989801995,15.548650093771855,546.1313718918498,0.0018310612637686555,0.73,42.047342858911854,11.059538447534436,0.0018310612637686555,0.0,3.66208516263007,99.72512278831174,0.39779269022031183,11.893656512724654,3.1118527002564513,57.57654430594749,0.35576122592071324,0,162.18622517351798,BW-003,2027-06-13 14:08:13.617146,27
67.0832902158916,22.590545134608213,29.480645206672197,38.384633401011975,1.592984426354904,5.732478794058945,70.18141129551935,44.67720437728623,79.14250158776672,10.05783629971734,45.49684550077814,15.285589703109604,525.8372153318369,0.0019017292250205914,0.72,42.58564036210284,10.333848795716758,0.0019017292250205914,0.0,4.392307928494288,141.76298732372254,0.30734478591573977,12.553079390772885,4.672879474752246,79.14250158776672,0.4215595032254401,0,171.17835532872115,BW-003,2027-06-23 14:08:13.617146,28
72.6145497306447,24.35888277696409,20.84308792676068,26.327176103170196,0.7685474561623757,3.3697423743976542,79.23037268433845,53.52119119636531,56.71081796734307,6.674648604343342,48.135839683299416,14.507230199639535,523.4355237329795,0.0019104549742216782,0.71,45.74487838378241,10.40846242767018,0.0019104549742216782,2.006837853950584,4.24846973440017,99.0626352163251,0.5505474860517374,12.475124584042366,4.123189015424389,56.71081796734307,0.3460667170110374,0,170.11533523694135,BW-003,2027-07-03 14:08:13.617146,29
91.90056181185943,26.065274831102656,24.56314651182572,35.402156948802435,1.8836514254841867,4.640031794691935,96.53436182790277,46.07986511006262,85.54880171745619,11.198062704044109,49.81534055214424,14.686842361908496,522.1498009298389,0.0019151592095203532,0.7,47.52251043781727,10.881571848574492,0.0019151592095203532,0.0,4.440728052856581,122.41018192846232,0.2944853570918878,12.408367880388095,3.6376346457460094,85.54880171745619,0.44180761267047225,0,169.20501655074676,BW-003,2027-07-13 14:08:13.617146,30
62.90939791114673,23.683604879427495,22.199254242848568,42.77821949310691,1.988771930242957,4.603677657468926,75.863740011052,38.32458724103317,68.61923037043871,8.731305122522787,46.93047360564753,14.571574067436101,515.5402949252034,0.0019397125886058701,0.69,42.89910081519984,10.825901533492988,0.0019397125886058701,10.666282085033588,4.484265703227528,96.04512008303611,0.2986766312003002,12.336846436193602,3.2326634542665227,68.61923037043871,0.3833928563790234,0,168.22972412991274,BW-003,2027-07-23 14:08:13.617146,31
69.62682059028612,27.245844004822484,27.967473125181495,29.391777543402398,1.0989988702988338,4.116246764888688,92.79470975285165,41.77646964845615,79.37169601466965,9.549148095474008,46.31796912763187,14.730976120754931,546.5450206410532,0.0018296754379485167,0.6799999999999999,43.51966502201994,11.466260920726922,0.0018296754379485167,0.008917307207724268,3.3684445382116026,112.55733300458147,0.3579462162642588,12.874264136074693,3.5944282276901918,79.37169601466965,0.4285358262412148,0,175.55814731010943,BW-003,2027-08-02 14:08:13.617146,32
76.38691477170076,27.86932401115935,20.17070281654678,43.17979130651477,1.001289071259665,5.856187339917009,92.13783306996402,46.9485848514684,106.7136411231769,13.48941028879275,49.255880995650884,15.022745738165376,506.842027887403,0.0019730013396248073,0.6699999999999999,44.75870787054516,10.618217809703278,0.0019730013396248073,5.0220078740011385,4.708927607769014,196.45500358119256,0.31086024281330665,13.915734537850643,4.565491348502773,106.7136411231769,0.5077647454434773,0,189.76001642523602,BW-003,2027-08-12 14:08:13.617146,33
89.23481383104641,24.52006602577398,24.940317157398482,43.98268255982715,1.7062483474758263,3.680935618414563,92.31715561906455,53.3841606210745,59.61336292841831,8.49533765772337,50.943558497868665,14.759117014453263,530.8673403445805,0.0018837097783241108,0.6599999999999999,46.00369215579383,11.254274443613244,0.0018837097783241108,3.994851034711718,3.5544492937639665,98.88770741216594,0.3952878402242165,12.107340548371333,3.311703073102887,59.61336292841831,0.3579714118647685,0,165.1000983868818,BW-003,2027-08-22 14:08:13.617146,34
94.65692734158802,22.357703952067954,26.30460663647694,27.35969704132231,1.1237278520276166,4.27131035979277,80.26397800335685,54.231014642751326,65.68706359049183,8.57080901909793,51.52299770559072,13.804021897843487,489.82882454660984,0.002041529509672301,0.6499999999999999,46.79240933315663,10.557485682215193,0.002041529509672301,0.0,4.899571911453519,120.64412615015075,0.4119393203123839,11.692838118349211,3.418612151668417,65.68706359049183,0.3659055259989557,0,159.4477925229438,BW-003,2027-09-01 14:08:13.617146,35
81.94353660218754,24.416436908480986,24.23534010963609,47.91663141116686,0.7028259705692821,4.054949617025716,97.28645419036415,46.37910966563702,64.39886513082641,9.862291754025176,50.13630486610983,15.589256344899212,518.486323696484,0.0019286911810337136,0.64,46.845876669819354,9.909207805035388,0.0019286911810337136,0.0,4.911491889988155,123.72565425631241,0.3867287537184794,11.794554018864373,3.8050527109802843,64.39886513082641,0.3702087808783665,0,160.83482752996872,BW-003,2027-09-11 14:08:13.617146,36
87.01824181345702,24.37600579831369,19.596117586887946,27.809682320983427,1.9239096593684253,5.2865237615449345,94.3542015505266,41.83698083834516,105.51679272948269,12.470143212461467,48.67933338304881,15.934408920271927,535.1982006880411,0.0018684666703184319,0.63,45.92082118097794,10.861096948411076,0.0018684666703184319,3.201840832724314,4.100664161123709,142.85574859549908,0.2708732413140124,13.624280459992516,3.1808379555833213,105.51679272948269,0.5122821026380213,0,185.7856426362616,BW-003,2027-09-21 14:08:13.617146,37
95.18405986847048,27.44225176249013,29.898393309928636,28.999569360204433,1.0331590060460927,4.089766055027431,93.81805400355555,53.81984645148874,75.64361945073196,9.592347315311796,51.69731458862784,15.004278040412174,509.3070540745484,0.0019634520904429254,0.62,46.96068987828326,10.42766773185355,0.0019634520904429254,7.260424103240968,4.824137002415931,93.1898262866989,0.29693073554188604,11.4629249248523,3.1024485928086265,75.64361945073196,0.404937514391471,0,156.31261261162228,BW-003,2027-10-01 14:08:13.617146,38
86.76876119699466,24.902815239163886,23.020674400540003,32.58746998405424,1.3906709479151784,4.869631119204021,92.24881862355667,51.1019462408227,88.18025767299994,11.230442946976977,48.44443272242329,14.694571180097467,545.4256598798414,0.0018334304261011527,0.61,46.36006820358951,11.163540474902025,0.0018334304261011527,0.0,4.27141558102998,110.14535795591851,0.25175798948607436,12.822187965384172,3.8019406533767035,88.18025767299994,0.45756189020728555,0,174.84801770978416,BW-003,2027-10-11 14:08:13.617146,39
83.02373714560328,22.968747004385442,23.66087805022127,37.2833226290364,1.3554304080970856,3.1537903775279945,82.05628813710219,48.47512459568179,57.22615459194869,6.469708298561434,49.95804382822351,14.41027016774611,504.29997629292143,0.0019829467519529537,0.6,47.51975413159955,9.808438697084018,0.0019829467519529537,0.0,5.388182451871053,75.22535021831216,0.460846939413078,11.403238170966079,4.606341023265462,57.22615459194869,0.3420438415277054,0,155.49870233135562,BW-003,2027-10-21 14:08:13.617146,40
68.40428771649407,26.45362835351372,18.302389137852835,32.515964533035906,1.6703189728034502,4.351051157342378,92.46889452581196,42.13964858937328,74.79004462989005,10.058422263617611,48.69573055669635,15.726637738021273,526.3958151044103,0.0018997111513921337,0.59,44.9075997702634,10.096883294074885,0.0018997111513921337,8.880159736917925,4.829832423992155,114.26519368405981,0.32636225090062676,11.840402444775869,3.7467063220636634,74.79004462989005,0.4072188932976233,0,161.46003333785274,BW-003,2027-10-31 14:08:13.617146,41
82.5557168422161,23.56697459506516,26.339437432116572,37.61738265974576,1.6943654141845808,5.248108309934871,86.37087906439078,39.08128777093201,93.09627285621275,11.332093203855226,49.3051268672739,15.44603379986586,506.62842833311953,0.0019738331764961236,0.5800000000000001,44.84609585893252,10.750290179663278,0.0019738331764961236,4.558418193639172,3.8809547409965974,151.4804287529742,0.31838574245047985,12.596928083787775,4.414456656670847,93.09627285621275,0.46230943802064506,0,171.77629205165147,BW-003,2027-11-10 14:08:13.617146,42
89.40100744759293,25.660647532217407,23.85813210372977,27.196371016020564,0.8919995268280756,3.875733520493422,92.45826125745498,44.65202471323042,67.24792408069247,8.958589560051413,49.82025879938333,15.012605433770041,527.9928979268938,0.001893964869463946,0.5700000000000001,47.41302124008363,11.36602333922575,0.001893964869463946,0.3548410552483834,3.4819958182915056,94.87775793302896,0.34157091054121824,11.552663101135957,3.2116100497130287,67.24792408069247,0.38255761631370966,0,157.53631501549035,BW-003,2027-11-20 14:08:13.617146,43
76.76397891668341,25.595795722038332,24.16449426258366,30.916428623028708,0.5096965366845658,5.693865648555057,85.75148020736154,49.145578238113345,84.70939833206796,12.206435186636119,46.97147860955964,16.098111571076398,545.3949580317665,0.001833533635163813,0.56,44.671013617039335,10.302310047244129,0.001833533635163813,4.319626392238169,4.52235336520074,149.92109787654394,0.26963527124710907,12.874580375214016,4.971868337249836,84.70939833206796,0.4459831485164232,0,175.56245966200933,BW-003,2027-11-30 14:08:13.617146,44
79.84956887603255,23.71375593137346,26.81529960852642,24.574710366491605,1.3772417169586864,3.75651863248659,83.40179406107922,37.4689973162071,66.42349025108098,7.832509834331337,49.47042178991934,15.537671700978448,523.1720260197296,0.0019114171826195624,0.55,46.44374521558263,10.24118128538726,0.0019114171826195624,0.0,4.767242346827137,80.96441517031738,0.34396772980166224,12.748030856829866,4.157127864558709,66.42349025108098,0.37836324197618887,0,173.83678441131636,BW-003,2027-12-10 14:08:13.617146,45
97.65896950024262,23.046455602668996,23.659793889007144,26.194127803611316,1.4385228683920288,5.517299096398835,86.51981377709693,38.06289000167912,89.5338110659023,11.93389225932431,51.859513890239505,14.45418741392045,507.4056697977837,0.0019708096687183845,0.54,48.61103105102103,10.589142318553122,0.0019708096687183845,0.0,4.660342717300999,165.81081780578205,0.3147851480914342,13.143931232111381,3.34899697279591,89.5338110659023,0.45066773782567604,0,179.23542589242794,BW-003,2027-12-20 14:08:13.617146,46
82.02126722384902,24.444193145276994,24.256524257684895,45.517791803256245,0.7944414534666006,5.184349312008499,88.00754230298749,49.6250117869475,81.95012827838887,11.406546034751301,49.537038109366954,14.581968923949988,533.5785474397727,0.001874138315339363,0.53,44.750747845750475,10.77262777902275,0.001874138315339363,0.0,4.595753425192849,178.6913285598618,0.37771573522291413,12.40500120522799,4.2884260319792356,81.95012827838887,0.43324065849322807,0,169.15910734401805,BW-003,2027-12-30 14:08:13.617146,47
60.90258046821389,27.169989308194605,24.925404988654876,45.375802931084216,1.3954178351197588,4.945393670700711,72.05322127727878,52.94794636643172,75.58752696532159,8.908288611456307,47.559882891479035,14.55611524423073,538.0568767770435,0.0018585395766893497,0.52,44.22222303189961,10.68445420594081,0.0018585395766893497,5.3863579004127216,4.591220250456689,135.88623113306028,0.38555853275016644,12.602807985025235,4.78794611492501,75.58752696532159,0.4133754862508517,0,171.8564725230714,BW-003,2028-01-09 14:08:13.617146,48
92.40644359838811,24.578040180130888,26.998319175459226,45.912995205356545,1.3581844455833094,3.3581430340145904,79.83528513657456,51.31490761252242,45.3916982597822,6.702457666248909,51.858598616678464,15.379757443743054,502.449322643139,0.0019902504689219033,0.51,47.94669214706439,10.282418227079196,0.0019902504689219033,0.0,4.658484578456509,93.14856983428982,0.5173124547247808,11.524169801631697,4.513853690254027,45.3916982597822,0.3020404576588824,0,157.14777002225043,BW-003,2028-01-19 14:08:13.617146,49
67.23140602249518,23.612785690181187,20.38373492276887,29.924568662297588,0.9596231740265546,4.420306978125064,95.6364217960654,41.80008772119784,92.07619448514112,10.568558565701498,46.79295227111574,15.246780102167145,544.6118111717802,0.0018361702399520348,0.5,43.18855387227216,10.417668083315965,0.0018361702399520348,0.2348595279340538,4.629758684280991,88.80026115141918,0.23760526876671073,13.1229729431646,4.594841107883329,92.07619448514112,0.47030419163533776,0,178.94963104315363,BW-003,2028-01-29 14:08:13.617146,50
82.20535147012754,25.527949776782997,23.117996966902332,38.77009871570005,0.6223623884170488,5.608949054436514,72.64403292930075,50.535968744172614,79.84661553506479,10.18641699523141,49.62169977810914,14.439378129952804,502.6047617984772,0.001989634949779797,0.49,45.23252761025001,10.374251680834611,0.001989634949779797,6.754814437546364,4.903692881696954,143.9426963218935,0.31491743145783974,12.525094990132724,3.9276196493487525,79.84661553506479,0.41693681365642576,0,170.79674986544623,BW-003,2028-02-08 14:08:13.617146,51
63.511529482326395,23.03097676214595,24.21692997648414,29.135872288759526,0.924926605238866,4.291039597116601,74.96499323990967,49.132082579884354,66.13206377843493,8.041943859750768,47.45613940713977,14.73813434861429,538.4919495733405,0.0018570379757623541,0.48,44.223311750089444,10.806791261935063,0.0018570379757623541,8.45388766900195,4.586716772846736,94.34187864763199,0.3417361906602102,11.634304782418429,3.0361621844113706,66.13206377843493,0.38198779746678524,0,158.6496106693422,BW-003,2028-02-18 14:08:13.617146,52
76.01251344691977,26.871196744062278,18.16634563095432,39.58509168567894,1.503314796561028,4.60604330418497,89.05970040124963,38.929739339124225,85.19331122331839,10.255320917647385,47.043303001780494,13.989100680019027,532.3691427582083,0.0018783958717422892,0.47,44.762624781043485,10.115774917076676,0.0018783958717422892,0.0,4.664245554877418,140.10456597342363,0.3707533041610367,11.589648982149745,4.239165185654174,85.19331122331839,0.4436884469051905,0,158.0406679384056,BW-003,2028-02-28 14:08:13.617146,53
91.94623121426545,27.59651763436188,18.24165418739148,27.69080893231719,1.8292569410839896,5.573804741991987,90.00782342376041,43.70792646799503,90.95361294973296,12.54215082539333,50.69065396343829,14.516706054507342,508.26362932039524,0.001967482901220201,0.45999999999999996,46.48254776216009,10.206416467564047,0.001967482901220201,0.6343150047677185,4.187605332789112,197.6876541205742,0.35348076894587144,12.997339151187434,3.4309258145514603,90.95361294973296,0.4556577986285618,0,177.23644297073773,BW-003,2028-03-09 14:08:13.617146,54
78.34074248748061,25.38754383360078,25.95632644467777,40.2975985078953,1.8976106049747623,5.859360343182413,91.57735601727495,53.603304057251,98.86965894464765,13.414618204527953,48.68298794795414,16.046598966104973,533.6098326515998,0.0018740284357783037,0.44999999999999996,46.251359481784796,11.389021666158945,0.0018740284357783037,0.0,3.2596134818278744,174.94299058595035,0.27821339461561423,13.71552428316517,4.96284284984405,98.86965894464765,0.48964847961097213,0,187.02987658861593,BW-003,2028-03-19 14:08:13.617146,55
99.87797669646679,26.320944765585644,21.44665451046181,45.114057655064244,0.5738313718111424,3.158480059094166,91.78254554451551,37.426059960110685,58.945269598823195,7.2473334968813585,50.469813084906804,15.486550780507535,527.548144921951,0.0018955615892611028,0.43999999999999995,46.915767038181244,11.774711243948355,0.0018955615892611028,0.2012825267596205,3.193543128802336,68.65347930718441,0.3749006375954937,11.581492852408509,4.276448830081223,58.945269598823195,0.35474867547266264,0,157.92944798738878,BW-003,2028-03-29 14:08:13.617146,56
69.24323411497986,27.38431430478229,21.07429817327226,29.295625430921962,0.7071879397103709,3.9083253848159014,85.97412723651692,46.28833175559495,61.452112481602306,8.40037159789678,46.607392377870276,14.771183375331193,548.7620829116236,0.0018222833376063392,0.42999999999999994,42.41073475893361,10.516992220762276,0.0018222833376063392,8.904475228819113,4.684517234384102,106.73136026034527,0.4063617726091978,11.93579777927294,3.131252176355635,61.452112481602306,0.3694689998121614,0,162.7608788082674,BW-003,2028-04-08 14:08:13.617146,57
94.36447030587667,25.00034955514652,26.098718436649857,29.73759321780071,1.6370606315168248,4.139212214464946,88.515826813509,54.396377292675695,75.01033928681723,9.159644787998506,51.340359126300235,15.302803116315657,524.3520130442987,0.001907115783143789,0.42000000000000004,47.57506540493988,10.335419245141845,0.001907115783143789,0.0,4.444690085121028,138.3404280890432,0.45610286820392865,12.947386621245839,4.3054562475544484,75.01033928681723,0.4073400682026803,0,176.5552721078978,BW-003,2028-04-18 14:08:13.617146,58
90.40022179848394,23.8755881494498,22.928191596123394,29.03256665832482,1.9648415349843564,5.182893413099066,97.67811271281873,50.244241166283544,94.87858498414815,12.656381174580408,51.06864164300603,14.257971667537833,507.0374708893837,0.001972240825211441,0.41000000000000003,47.82175829691857,11.083222308185618,0.001972240825211441,2.4224426654322677,4.096813377053365,135.01281656672842,0.2572783173496383,12.207202129626864,4.687361059329955,94.87858498414815,0.4683731912139756,0,166.4618472221845,BW-003,2028-04-28 14:08:13.617146,59
85.82410308233646,27.607263284293094,21.6406265235496,42.76538191192535,1.648787965827113,5.00005695567754,88.70138697879722,47.04938340914533,90.60014891137718,11.087799673539504,49.66514725181006,14.236416071705175,534.2857133709181,0.0018716577572153203,0.4,45.65734237655756,10.473821065962564,0.0018716577572153203,0.0,3.6519021370923532,144.18765363549522,0.3251005957863676,12.626995804563679,4.125310845805485,90.60014891137718,0.4622862103825327,0,172.18630642586834,BW-003,2028-05-08 14:08:13.617146,60
87.66622607466167,27.7938338516008,22.722664033275787,27.137215766154174,1.5075632888660913,4.469357603964722,85.85969811967827,41.68885054236208,69.68606733341065,9.593442366632491,49.09484454302255,14.50767260757637,527.9688209069128,0.0018940512401513798,0.39,46.018617011393886,10.901455697403081,0.0018940512401513798,0.0,4.096407218934417,136.92019863811421,0.399170058525524,12.687241816506424,3.4150229907697582,69.68606733341065,0.3906775373834427,0,173.00784295236033,BW-003,2028-05-18 14:08:13.617146,61
89.17239201908825,25.450363440752888,20.481814717600756,36.10694260006453,0.9682846048536942,5.41552319208113,75.57330864096123,36.69932579778933,82.30471431697066,10.23172514118577,49.58333535574803,14.317191297904925,518.6248960622478,0.0019281758503933743,0.38,46.12567853717918,10.682211522695956,0.0019281758503933743,4.359130678547713,4.356373712425533,168.37897718022222,0.3798469075401642,12.642706839326049,3.8642324736038587,82.30471431697066,0.4299365165419099,0,172.40054780899158,BW-003,2028-05-28 14:08:13.617146,62
77.09866112666757,25.871311455067982,26.942576912290015,29.573392581632234,1.10798804097043,4.308738079071472,89.74922318518185,43.754336498670824,79.55879779332751,9.66764738762693,47.59067732278377,14.346315108884518,545.759312738916,0.001832309548657004,0.37,43.434579524865384,10.615968373338454,0.001832309548657004,7.219968247112359,4.313977889386076,108.58087357268069,0.32583103483298503,12.821346369067362,3.285571273335769,79.55879779332751,0.42892378646609985,0,174.8365413963731,BW-003,2028-06-07 14:08:13.617146,63
70.76646283966517,23.191789683171216,27.40064663995006,45.82206466648782,1.055348278526865,4.041007006236599,97.98603070379899,53.45290279207144,70.68180378478131,9.899055914684157,46.01709729145494,15.365977751254922,545.2919470479679,0.0018338800076063337,0.36,43.44014997310189,12.045547363550138,0.0018338800076063337,0.0,2.8856379368932212,121.24729672782762,0.37887739682475846,12.23760846774369,3.6394416986797085,70.68180378478131,0.39919359673032806,0,166.87647910559576,BW-003,2028-06-17 14:08:13.617146,64
90.05115697495067,27.381971736186465,28.15349052636278,28.38752132494142,1.934437822270042,4.507115459916286,79.83651982054775,49.74264827913278,71.81777427904383,8.995810318727594,50.31075173824571,15.022179398757803,512.5410193100812,0.0019510633536142636,0.35,45.4539596946456,10.438397169667068,0.0019510633536142636,3.4257276893574935,5.226266215194361,105.32463581668902,0.3247139943021626,12.086841683183305,4.449115818317637,71.81777427904383,0.39315488672317045,0,164.82056840704507,BW-003,2028-06-27 14:08:13.617146,65
75.0670576171785,24.03544396704302,18.749175927333365,35.668167698517195,0.6635204234613931,4.008970182811001,97.61607655307664,35.24006054545365,75.53743303916322,9.783498506607009,46.51435120971713,15.191717515701821,552.4403381791229,0.0018101502205578634,0.33999999999999997,42.885529876249144,11.040569610313584,0.0018101502205578634,0.0,3.6771235794865023,122.21604462114728,0.3895033775614071,12.131516484916123,3.885309696520866,75.53743303916322,0.41752354491761423,0,165.42977024885622,BW-003,2028-07-07 14:08:13.617146,66
69.94159283709703,23.90165573060369,27.70591588190021,45.01172760950152,0.9536994761922045,4.658444627155047,92.21990743199878,44.70035975048083,97.87409728250472,10.740033307333263,47.081930451468835,14.43625195052348,552.911125193476,0.0018086089326744467,0.32999999999999996,43.74130786586752,10.887597433625583,0.0018086089326744467,0.0,3.9049871818209505,141.50398219405412,0.35353475062465933,13.107344436888175,3.764726662123256,97.87409728250472,0.4921203284997252,0,178.7365150484751,BW-003,2028-07-17 14:08:13.617146,67
94.34792484978296,27.143385624218745,27.175811404618482,27.520682736364357,1.5354842703510934,3.709829348122522,84.50494255320412,43.58298983916644,64.58524365776925,7.83747289863211,52.28009772072101,14.831723705060913,503.67741852292306,0.001985397723274125,0.31999999999999995,49.78639954543301,10.862169268611684,0.001985397723274125,3.8898967758493237,4.090506636418871,64.27021539112057,0.27630566152905817,11.476306913710163,3.73468103055456,64.58524365776925,0.3663873710827744,0,156.49509427786586,BW-003,2028-07-27 14:08:13.617146,68
97.80096258322274,26.09524287260294,21.979402189294007,36.01390361833995,1.4685875650265805,3.224687526005951,73.18481060642402,51.74945039237549,43.62431306794158,5.899953646391089,51.6502707521151,15.610141448208859,505.82616215548614,0.0019769637769202803,0.30999999999999994,48.09845424285216,10.20829740071224,0.0019769637769202803,8.623304154655697,4.421248885187032,77.17078090656412,0.5070218444146612,11.389946334273665,3.7235366238451317,43.62431306794158,0.29716222553978444,0,155.3174500128227,BW-003,2028-08-06 14:08:13.617146,69
80.42281634914013,22.719717650385817,21.74476853582425,43.25750473328718,1.7921270691432762,4.514734353750418,93.06241394087539,36.238930371579755,80.98091163800277,10.503801931545297,47.986743324900004,15.51815144603624,527.9087695734124,0.0018942666946185998,0.3,44.22931814225427,11.118321207378004,0.0018942666946185998,2.6854425112224147,3.565146489977861,163.383282807044,0.43066433302569307,12.68618571026725,3.5388788926073103,80.98091163800277,0.42830900299869956,0,172.9934415036443,BW-003,2028-08-16 14:08:13.617146,70
65.4920013086228,27.714320514392348,21.945871414183312,39.89552972953728,1.6277377189350217,4.7304237589147675,73.5763132852172,35.72922101651237,75.49715171539748,8.701178511443691,46.22826526110956,15.849717991504354,558.8531127449539,0.0017893789570004133,0.3,41.89780115938872,11.205656954141771,0.0017893789570004133,0.0,4.104110089564308,115.50034623741949,0.3507641286061459,12.426724363098941,4.4470691466621775,75.49715171539748,0.41931310620814444,0,169.45533222407647,BW-003,2028-08-26 14:08:13.617146,71
92.47784938551533,27.67449821335558,21.75503457634587,44.60415490923731,0.6975303551543106,3.787225129467906,82.65137852577749,35.798450651275026,61.54098240765487,7.8254844434497155,50.469882380885664,14.423153859330071,522.7674214515678,0.001912896555839882,0.3,45.79247509902963,11.395787179707604,0.001912896555839882,0.0,3.431286947391943,112.95246125023712,0.47640175971770504,12.42270158430452,3.0585988862068367,61.54098240765487,0.36196683446098654,0,169.40047614960707,BW-003,2028-09-05 14:08:13.617146,72
88.20163625414371,26.451866377083917,26.132678894415847,30.05555366724367,1.809564720522805,4.347235542404627,87.32839241911401,46.4181410750429,69.75101580325487,9.49092728463578,50.98497873618936,15.236519141080107,513.9769103376543,0.0019456126917122706,0.3,46.93080324454635,11.305401897096823,0.0019456126917122706,0.0,3.4922952168315993,122.96647306350111,0.37254171703924505,13.344492933085261,4.091499359558871,69.75101580325487,0.3866964591121459,0,181.9703581784354,BW-003,2028-09-15 14:08:13.617146,73
66.7543385348158,22.321808749124983,26.609579887342946,35.411417165585604,1.773647029938014,3.3198708568097937,81.00394961938805,36.989893377459296,48.17376413617404,6.723066290697378,46.367578708186976,15.251626032374752,532.0891296843014,0.0018793843816980796,0.3,43.52372501752787,10.288502615758716,0.0018793843816980796,0.0,4.566624432403128,68.64449798489453,0.3844387556154202,11.461257981026685,3.3866784672241046,48.17376413617404,0.3202059526925372,0,156.2898815594548,BW-003,2028-09-25 14:08:13.617146,74
75.33588564233035,23.009671531046276,28.03730630963844,37.17383115936172,0.7837936885855323,5.299787834136155,98.98822893244558,54.40148913333414,106.32598398654821,13.11541528547149,46.2369796938701,15.470590933209985,546.60240757371,0.0018294833431833151,0.3,43.22145905559368,10.691654525920303,0.0018294833431833151,1.4898811397809912,4.2201159319380075,138.75807778928618,0.2495328675873954,13.659575012983375,3.9333663116617283,106.32598398654821,0.5184006688939403,0,186.26693199522782,BW-003,2028-10-05 14:08:13.617146,75
88.81535994345782,25.066681830937004,25.251755786883837,35.06156011695796,1.7430634757270096,5.10259709173164,78.55617408041242,47.61540840345241,85.24856868829022,10.021012635006922,50.51420172739171,15.512554576290887,535.0943375928692,0.0018688293441835259,0.3,48.03520267929026,10.810889945881325,0.0018688293441835259,2.831111746203446,4.570881102997246,135.32709189700782,0.3308200898688285,13.589061519298841,4.017411968432533,85.24856868829022,0.44469019690549483,0,185.3053843540751,BW-003,2028-10-15 14:08:13.617146,76
93.182508627322,26.256332930946318,19.264816528757546,44.132492685697656,1.5065194707993648,4.3669486483196325,84.46052019330797,50.15553120750316,68.94903367625764,9.220868862363481,50.32347790577272,14.976314648727781,517.3612462186462,0.001932885401272174,0.3,47.39672473724142,10.649963330834831,0.001932885401272174,0.0,4.73565225286945,130.3739955046723,0.40471663708024525,11.71388319614706,3.3364731582169838,68.94903367625764,0.38503848611978597,0,159.73477085655082,BW-003,2028-10-25 14:08:13.617146,77
87.88096664017198,24.17789704242323,28.55135467388408,41.408918405636584,0.6688856997937918,5.77392537338591,71.68672884552917,44.71268596826681,77.0084346248744,10.347845565405914,48.59996823267967,14.71961954651007,521.2265178123741,0.0019185516581103226,0.3,44.16716265466184,10.29334227021785,0.0019185516581103226,3.174600374249856,4.6680598958765325,158.88212270178485,0.33240223980654954,11.715131782786928,3.572559724223882,77.0084346248744,0.4130627374266269,0,159.75179703800356,BW-003,2028-11-04 14:08:13.617146,78
76.3111213762465,27.31828217176085,18.566360420368547,47.07399887140919,1.5187438524793442,5.738402401223585,88.31089023454471,45.928141484242644,97.50077022164014,12.669085614402595,46.41044770358104,14.87546407767348,548.822178696889,0.0018220837983887195,0.3,42.958815909888266,11.44757826643032,0.0018220837983887195,0.0,3.699445622045129,183.5174516073953,0.3155375958817258,12.483195761898363,4.301943490437089,97.50077022164014,0.4896492210145338,0,170.2253967531595,BW-003,2028-11-14 14:08:13.617146,79
85.25503910573507,23.62335553892795,20.985501464870126,46.609397267726294,0.9474086813511842,5.556145247414079,86.77654395305375,45.2948438751356,90.27792523556526,12.053577056794463,48.11536196454868,15.35793637234548,538.5438918926806,0.0018568588652738392,0.3,45.51262794549211,10.966547345422999,0.0018568588652738392,2.3267094232110446,4.140544482357079,152.74646966329237,0.285096348816911,13.476415041363351,3.1461701820523005,90.27792523556526,0.4624895850196884,0,183.76929601859115,BW-003,2028-11-24 14:08:13.617146,80
91.02021186875997,24.358730789242475,19.671048849416447,24.257167144688616,1.3163860055228762,3.2987391406200866,70.4808446936537,54.27370377374098,53.349802516839155,5.812448026373024,50.88006625917888,15.295721075875928,509.54832357087844,0.001962522402177817,0.3,48.73048581998139,10.58838082888249,0.001962522402177817,0.10491295174251822,4.449543019947595,75.12187384403194,0.4897442766709994,12.00546127654162,3.014715659250829,53.349802516839155,0.330697172127394,0,163.71083558920392,BW-003,2028-12-04 14:08:13.617146,81
99.0311527419573,24.214817162855226,22.28630800791654,32.25819882838661,1.2808157559572877,3.239145219561855,90.4934285716914,53.651334174119214,50.45988211949942,7.328033913993909,52.53489327177029,14.58769387478262,503.29106342846575,0.001986921828470203,0.3,48.807515858403356,9.927649813236442,0.001986921828470203,3.9121727491980907,5.1058899342245745,74.4163311765577,0.39188656812119843,11.537893588389956,4.138460424182896,50.45988211949942,0.31918692609353777,0,157.33491256895397,BW-003,2028-12-14 14:08:13.617146,82
77.62659533697175,27.279487760362088,24.066249500681884,36.18618811652565,0.7075573920808349,4.726995758992259,73.78345967126232,46.634430549469535,67.24858949879928,8.719352523745835,48.920590066056945,14.701685470694136,540.0394644135991,0.0018517165242467014,0.3,46.880746455681205,11.203775922366331,0.0018517165242467014,2.8677313605942647,3.1863238569326544,85.12318473055349,0.2581596879175177,13.198704497885743,4.890034188496988,67.24858949879928,0.3861738043200773,0,179.9823340620783,BW-003,2028-12-24 14:08:13.617146,83
99.30958163641543,23.499837345212978,18.880368809515232,39.915509975405016,1.393049555235309,5.639513243824403,89.46048860072094,52.98497836578405,108.03568695417589,12.612840256569195,53.99437658459475,15.016203506670069,484.1288420043984,0.0020655658437117343,0.3,50.49747275193237,11.476819064764868,0.0020655658437117343,1.3628390730449689,3.3766381112020243,135.2484170712822,0.23767729035429896,13.272187628379989,3.931451155334995,108.03568695417589,0.5053576091152392,0,180.9843767506362,BW-003,2029-01-03 14:08:13.617146,84
76.60582615970984,24.533153403284068,27.420767052557174,28.697103362391577,1.7303799784173346,4.870515933742012,73.93863916014473,41.19383422210378,75.84235260897745,9.00298300371715,47.81838832795014,14.128889153682362,539.1207766617161,0.0018548719383290866,0.3,44.362516425764994,11.491938882450022,0.0018548719383290866,0.37495114480813446,3.6300793583883126,116.03894656105724,0.33079001500025934,11.632056303819033,3.9109311440127232,75.84235260897745,0.4145440750284397,0,158.61894959753226,BW-003,2029-01-13 14:08:13.617146,85
85.94988455580072,24.513818642677148,23.496343399006424,30.159532972466298,1.6281714990454623,3.9028989588948653,75.52134316150641,50.12902175977824,64.58730437210482,7.36880428998463,49.34644088455339,15.067669173946145,513.8009175941042,0.0019462791243786497,0.3,46.829281798237886,10.088062156867547,0.0019462791243786497,1.7466786903542242,5.199289732464933,65.81021491052425,0.28603487750720197,12.516498672766087,3.3285408989118563,64.58730437210482,0.36943128985191404,0,170.6795273559012,BW-003,2029-01-23 14:08:13.617146,86
80.51498969221072,23.92512725649906,25.152601389131405,47.897626849231756,1.1528934194848308,4.422473837637239,76.77368656451887,47.3324395633055,67.44101009216176,8.488240506263658,50.07169582934051,13.814170319570554,525.504769512297,0.0019029323005537433,0.3,46.19119711609531,10.232082951714201,0.0019029323005537433,0.4554803262237955,4.9984172459728935,129.40054597825775,0.4308867832001971,12.132503880445366,4.328024456135204,67.44101009216176,0.38245479782756164,0,165.44323473334592,BW-003,2029-02-02 14:08:13.617146,87
96.82765603114478,24.070101039547396,18.65679248309983,28.901810552842292,1.1280427149915262,4.405670983773404,74.43875002328218,54.69308955181679,64.36113443043504,8.198816026148402,53.5662180575996,14.6117504297535,495.49108159430995,0.002018199796416848,0.3,49.112751836901026,10.16525626784476,0.002018199796416848,0.3108251262472328,4.959175599391877,117.91585952880948,0.4080553083045705,11.818443295043997,4.824415142498364,64.36113443043504,0.3631844392464098,0,161.16059038696358,BW-003,2029-02-12 14:08:13.617146,88
68.78539714378276,22.00136222930953,28.980018452970327,44.253105869542296,1.6134383472304208,3.6272920937688427,73.91059390129797,39.07069747773793,51.582155743878495,6.7023828225984445,47.474937490558354,14.666575641524219,541.4230233090293,0.0018469846256043449,0.3,45.07752552153257,11.509284670699445,0.0018469846256043449,0.0,4.090376850082469,86.0525731120025,0.44244787614318354,11.982374244160699,4.93572913190271,51.582155743878495,0.3343674261389704,0,163.39601242037315,BW-003,2029-02-22 14:08:13.617146,89
66.71258382584115,22.722181457259918,18.811256993668596,41.37670053055011,1.893211941031828,4.696247819257614,70.63027470959082,35.68862617146629,73.69642245744043,8.292431839462052,47.20480424121825,14.797819003654988,535.7775446619794,0.0018664462704029473,0.3,44.93638487278709,11.692757569883925,0.0018664462704029473,5.799634674069978,3.230358182840603,111.65214540884573,0.35838033297223576,12.804751118942498,4.060104678424762,73.69642245744043,0.4063880049233952,0,174.6102425310341,BW-003,2029-03-04 14:08:13.617146,90
77.22143283652147,22.714844031976288,24.148713848785277,32.37196577900713,1.0622373865249966,4.337476649481049,94.49965729604871,52.70477757415131,82.37679401561063,10.247251422639318,47.89693578972314,15.072918235107691,521.929159983023,0.0019159688261765778,0.3,43.27263760206116,10.491687535259054,0.0019159688261765778,0.0,4.625845421445029,154.7593944702635,0.4352336776421237,12.215662788898761,4.114503666636821,82.37679401561063,0.43116806138027564,0,166.57721984861945,BW-003,2029-03-14 14:08:13.617146,91
84.85322496622828,26.312308679573214,19.32724318647793,24.854165539355435,1.9914954540285723,5.739689058837811,81.63918263193659,51.59131662856737,89.42053895451556,11.714588083124708,50.31328318145058,15.409962626317617,522.3160279885481,0.0019145497101649832,0.3,48.00978632261127,10.281149758829313,0.0019145497101649832,0.0,5.103132114170705,141.30116249851025,0.26268807622652257,13.253220398032807,4.129905215304946,89.42053895451556,0.45476327157828295,0,180.72573270044737,BW-003,2029-03-24 14:08:13.617146,92
69.30913395662208,22.322983149450753,20.27850394915104,24.934988312363142,1.0877163419257574,3.4010869631983085,98.06183469003396,50.028466350626054,67.53855051394821,8.337920688789554,47.72071030350818,15.419831932215594,532.3480223650738,0.0018784703952825425,0.3,43.8031048153383,10.329028962760638,0.0018784703952825425,3.8912879864830883,4.905323194222569,80.7622979918556,0.3559944147904517,11.74913680971046,4.500321665909202,67.53855051394821,0.38483290842268286,0,160.2155019505972,BW-003,2029-04-03 14:08:13.617146,93
92.09607137805297,24.047466698546323,23.3302008825404,40.21408256561853,1.2633411051048202,4.090211795998281,98.14543517574168,40.51133552618357,82.37409898951023,10.03589041698008,49.45689316686601,14.517899964288377,514.8467841868082,0.0019423254271258255,0.3,44.83585906318376,10.09104188629994,0.0019423254271258255,0.0,4.983822570579482,107.32291624790929,0.3268140889341308,11.629858608178502,3.6590608275479934,82.37409898951023,0.4290343652210766,0,158.58898102061596,BW-003,2029-04-13 14:08:13.617146,94
94.45782744085297,27.19621405027454,18.118928345893842,42.67311135559678,1.1911004003625107,3.9965175661851977,91.0242525400522,50.30632599050772,76.00282826672687,9.094500605629905,52.248730175267255,15.243652618522498,511.79668255053195,0.001953900902632884,0.3,48.14768650866755,9.967455320385465,0.001953900902632884,0.0,4.9112709998553665,116.91668495181278,0.40209245460435356,12.233932097047212,4.368418150376973,76.00282826672687,0.40688176565424905,0,166.82634677791654,BW-003,2029-04-23 14:08:13.617146,95
99.55362165214652,24.89939245525261,29.84275134465957,42.10966466893768,0.8729073269199594,3.1913836687607935,81.61669423630622,40.65530914120197,56.150054656111536,6.511754627099771,53.00497311303378,15.17429755993049,487.90947685812597,0.002049560517740834,0.3,49.48655355494984,10.572278714038495,0.002049560517740834,3.535372638532092,4.433535657270912,65.96171246913853,0.3967572665007791,11.779083030744246,4.746722235682876,56.150054656111536,0.3335396919111429,0,160.6238595101488,BW-003,2029-05-03 14:08:13.617146,96
81.5357991714783,27.952813836871496,28.290367293023085,26.336805450989306,1.559557995214994,3.913471273062091,99.48840638664103,47.85554826959856,83.929797522121,9.733625509921168,49.10519544733858,14.942387883723901,535.0931926582683,0.0018688333429026439,0.3,44.56058606167989,9.51530816417613,0.0018688333429026439,4.193474133017987,4.5021886456498335,78.61664723181788,0.25798101555454833,12.09750162258419,4.024177153397328,83.929797522121,0.4402939495378838,0,164.96593121705715,BW-003,2029-05-13 14:08:13.617146,97
73.82318343483252,22.04189357128209,22.841771628323997,29.634106121399313,1.7283039057807073,4.303592889913486,96.0860101544494,38.61315082622606,80.23728974539794,10.337876753021087,47.68853462681479,15.438084583595616,543.343926153427,0.0018404549160592337,0.3,44.217597158585306,10.3077560839744,0.0018404549160592337,1.671487529134811,4.779713019030192,133.14919969845218,0.37409856461594104,12.385722999684068,3.7921089548709332,80.23728974539794,0.4304608103306879,0,168.89622272296455,BW-003,2029-05-23 14:08:13.617146,98
73.49322435383061,26.965142163722902,18.007175266017544,31.38765960062686,0.861747821461643,5.843058531192838,76.56315125232639,41.52441013961863,86.53182303504393,11.184074352497833,47.35563845822779,14.470779683179174,540.016948703414,0.0018517937305505131,0.3,43.8798543861104,9.854748929713844,0.0018517937305505131,0.0,4.693660451983653,153.62463985744154,0.29385332446351903,12.08549012921419,3.7711050029833384,86.53182303504393,0.45044449472783726,0,164.80213812564804,BW-003,2029-06-02 14:08:13.617146,99
69.34269444274443,22.409119718592777,20.245491244926022,37.33318967725488,0.9370416092566167,4.82463413029934,83.33720503208285,49.84739874179564,87.50549865883961,10.051788093038521,44.90334314891872,15.304452678127316,562.8892699525672,0.0017765483433078526,0.3,40.52147789477195,11.023770360171289,0.0017765483433078526,0.0,3.9251521657899393,120.37657236812251,0.3102732085346137,12.990077882745739,4.010231111488013,87.50549865883961,0.46055177651523554,0,177.13742567380552,BW-003,2029-06-12 14:08:13.617146,100
99.53482266886284,24.79166518765554,18.698853969843302,30.294583723559636,1.1541057203289689,5.803232383713644,71.45392697427467,39.20552355803723,92.92894707379165,10.366593574015516,51.823251930470946,14.126389166517372,525.0077113481193,0.0019047339274925914,0.99,49.60612275088858,10.469843061051813,0.0019047339274925914,0.0,4.489499058254525,155.28482654817174,0.3226509887829925,12.556181178996482,3.0316761418897484,92.92894707379165,0.46726547031707466,0,171.22065244086113,BW-004,2026-09-26 14:08:13.700711,1
66.27610496584481,27.68539075794426,27.202186773813278,30.438892810266545,1.3862068002768737,3.1186725196878395,82.09116273721396,47.983079296617454,56.902966240056855,6.400386333444288,47.03603678954608,13.746714214731641,526.9702703084056,0.0018976402585571992,0.98,42.079464389780426,11.021008643762382,0.0018976402585571992,4.011449659172959,4.007048405169201,46.57473785685091,0.29166510266924794,12.311637319239214,4.013099999817094,56.902966240056855,0.34776763522604454,0,167.8859634441711,BW-004,2026-10-06 14:08:13.700711,2
88.85796628438288,27.647673573440787,28.57962419010493,36.364613427317124,1.6619789296895264,5.094211639210204,89.14419707548808,41.41126448721849,90.05201358838029,11.352985157749991,50.62615699577525,14.857581531128899,516.1407353795692,0.0019374560685751754,0.97,45.82512027737644,10.4993518261133,0.0019374560685751754,0.0,4.9945586927092,99.20569350682244,0.2144171684831767,13.074106852193104,3.5902177203685706,90.05201358838029,0.455015599241805,0,178.28327525717867,BW-004,2026-10-16 14:08:13.700711,3
82.48579015310341,25.31622334027324,19.376903500058305,27.02730379238765,1.294300422533686,3.3862633121041665,98.42870975562002,44.50341732045256,62.35654808767431,8.332638217580138,49.26667443292576,14.870912430984284,556.3333280209642,0.0017974835402316885,0.96,46.8432960780278,12.052476563464216,0.0017974835402316885,1.434837288682173,2.7321040014503044,91.02471832909555,0.40324232036077906,12.288764492638208,3.3851632649170558,62.35654808767431,0.374755158698537,0,167.5740612632483,BW-004,2026-10-26 14:08:13.700711,4
70.75446179916027,22.12622141476281,26.674070446802546,24.77967832056396,1.3929152616560818,3.9517775230706027,92.98912213356701,44.95897185164527,78.28063358624286,9.18680806843743,48.12329363112411,15.147616287520302,527.9445264800182,0.0018941383987202834,0.95,44.31202819961128,10.34579447994609,0.0018941383987202834,1.4371750036391147,4.8071985952260095,107.64027214875571,0.3706189917631017,11.446358477671934,3.719086289040007,78.28063358624286,0.41931880323148163,0,156.0867065137082,BW-004,2026-11-05 14:08:13.700711,5
81.56775176509257,27.81288814346683,23.8105576721717,25.526434473067138,1.3275319517096924,5.601456453003366,90.19024498866031,35.93928844815335,98.12491235105698,12.629918244742145,48.99692908970827,15.909449266100163,523.3751171557957,0.0019106754739016854,0.94,46.09323520532654,10.253695931790404,0.0019106754739016854,11.975740048026752,4.488077027699051,166.36429247602678,0.2939467257879263,12.539273843763278,4.050281703539259,98.12491235105698,0.4840955763169286,0,170.99009786949924,BW-004,2026-11-15 14:08:13.700711,6
93.64384682464406,27.981095705688638,23.16411808426887,31.68716981992182,1.8599799454279984,4.698968640499596,92.89884735991845,37.730060241671644,89.37065692418832,10.913219262070388,52.223761986880945,13.847894032028016,503.9244477020884,0.0019844244599761572,0.9299999999999999,49.3158409649705,10.78672616969778,0.0019844244599761572,0.0,3.9271071037782272,122.63542011961655,0.29893069280170176,11.993328767482009,4.593895008031292,89.37065692418832,0.44907952405792095,0,163.5453922838456,BW-004,2026-11-25 14:08:13.700711,7
67.64968516304485,25.69257349019756,22.868573090171374,24.985976758933326,1.0209327114585467,3.0603651655592223,92.58181413477928,44.47546585028846,55.20205870965367,7.083353973558924,46.78644355120416,14.884669166680146,572.2935801444573,0.0017473549148455969,0.92,42.722090573585106,11.088095151365172,0.0017473549148455969,0.0,3.602597266090636,59.827283852005124,0.34498253111728316,12.040880211935566,4.09604299445827,55.20205870965367,0.3556949364088494,0,164.19382107184865,BW-004,2026-12-05 14:08:13.700711,8
70.60914090010698,26.11654692366092,29.385485972303016,30.433132497087307,1.7171989087275226,4.3403164765188205,70.21289597484662,51.38796461932986,64.04768246080631,7.618654731593219,48.694588707069705,15.109481957927988,544.2973375492586,0.001837231106994898,0.91,45.90848369354908,11.132661923194169,0.001837231106994898,0.0,4.006016816142092,110.83488357704682,0.4189737294642875,12.430392633270442,4.258235157268533,64.04768246080631,0.37678147613413193,0,169.50535409005147,BW-004,2026-12-15 14:08:13.700711,9
62.21439267753638,25.228726060238877,18.846600764518733,46.416791787135345,1.6495269208360854,5.0319020590069785,91.07888729313747,54.11960117652144,81.00581811370122,11.457501012560074,45.49033726976231,15.342081604304477,531.6146882660778,0.001881061644969996,0.9,43.22718434460241,10.041785414022648,0.001881061644969996,7.933832068517555,4.724786150227538,162.00283780719363,0.35124532408850845,12.16614844289527,4.354683692163032,81.00581811370122,0.4295038001921607,0,165.90202422129911,BW-004,2026-12-25 14:08:13.700711,10
86.31799644818369,26.943378289747987,25.770237546841958,47.25466553218298,1.5709369217971574,4.594019859709827,81.99158652923282,54.074072529834154,68.46474978093961,9.41677442111031,49.13294346440401,14.375089830205319,528.1667300172256,0.0018933415210901036,0.89,46.28532087341668,11.22673872172305,0.0018933415210901036,7.774489395602437,3.526272457499637,124.47832357425418,0.3596737214493812,11.987569690407431,3.6659004939247466,68.46474978093961,0.3866658516082997,0,163.4668594146468,BW-004,2027-01-04 14:08:13.700711,11
96.98634438328986,25.10279135206383,19.404772955782352,36.67626531415241,0.69030924209464,3.3793927362107135,95.27663504395544,42.24363205588303,69.23179855493686,8.049429209953553,51.282714117023275,15.134296790522148,510.038428961019,0.001960636577987004,0.88,47.12564565572247,10.423733758445435,0.001960636577987004,9.637111582513063,4.586708503704515,67.48054689637297,0.3100879251207942,12.446761732247845,4.1817438459485174,69.23179855493686,0.3837841905380952,0,169.728569076107,BW-004,2027-01-14 14:08:13.700711,12
83.69973916705621,24.894958363165976,25.470904773993382,24.24112754531596,0.7922607374830462,4.981409164093293,84.12449258097695,38.978595595900764,80.6805806753331,10.476462956689419,48.44013868770602,14.701552607634014,543.8732991328646,0.0018386635298963383,0.87,45.437492675925675,10.318266791646733,0.0018386635298963383,0.0,4.690272242879013,158.24900261383544,0.379039174382873,12.46688785898587,3.5036294040182634,80.6805806753331,0.4320972586576364,0,170.00301625889824,BW-004,2027-01-24 14:08:13.700711,13
79.65321727648524,27.70302136953481,22.603308484261902,34.18492862528723,1.5720441335099333,4.240027379613577,86.39844818991013,43.72093948237158,73.9911033772961,9.1582946470336,47.27351313101954,15.01718765451323,540.2038700027454,0.0018511529730338991,0.86,43.71885818411176,10.711884095508589,0.0018511529730338991,0.0,4.274337255869363,107.9101642800778,0.3473674286506916,12.484880322954822,4.587074804457662,73.9911033772961,0.40869817225847727,0,170.24836804029303,BW-004,2027-02-03 14:08:13.700711,14
84.15171029144472,23.793556900589998,22.92979674680913,29.22479517257358,1.9490321886953128,5.246016525752973,94.83774863635938,50.42486148066356,103.18078509329851,12.438009915288696,49.78334597688847,14.88177558163207,534.915890742451,0.001869452781842063,0.85,46.75754249616429,10.666295248800996,0.001869452781842063,3.697040474856769,4.7319893866805955,106.90797810959187,0.20480453830427847,13.947400981807382,4.2229897054383985,103.18078509329851,0.5044107175337303,0,190.19183157010065,BW-004,2027-02-13 14:08:13.700711,15
65.22537526229439,24.231020707398518,18.310067666640133,29.322707806405113,1.6707067075702324,5.50487032515635,95.27603525055405,41.0641638751935,105.20598435001506,13.112055478733135,46.66418666497539,15.410276751443948,535.2323110206706,0.0018683475930162596,0.84,44.006225461341245,11.78075353844769,0.0018683475930162596,9.741210943117778,2.9541307193449904,120.34928402368197,0.2084182057595161,13.943323461751676,3.2159248962216713,105.20598435001506,0.5112563078062513,0,190.1362290238865,BW-004,2027-02-23 14:08:13.700711,16
68.04700929155518,22.480380415173794,23.693438158134278,24.239261633628445,0.6271492316394998,4.288343691236108,84.12117841947813,38.14743166699821,68.21407167042129,9.0185131193629,47.39136045781138,14.047662653267269,536.1378212009517,0.0018651920466271048,0.83,45.277900048155274,10.294174251203408,0.0018651920466271048,0.0,4.490608099698762,114.16388292951454,0.36898967870702354,11.839118235250728,4.041310707468223,68.21407167042129,0.3882215852616898,0,161.44252138978266,BW-004,2027-03-05 14:08:13.700711,17
92.305034782519,26.62884006915764,28.981665844858753,44.50837046185799,1.524763344859727,3.2501371613062786,97.85523255831336,46.59474229879544,59.686105191260786,7.951073194151058,52.290167412432936,14.704360995315147,489.7798431607598,0.002041733676801745,0.8200000000000001,49.96919362890907,10.276605947936481,0.002041733676801745,3.9292189451358746,4.857939688322451,82.84746202424753,0.40073915760411666,12.59991717661041,3.8448915800617582,59.686105191260786,0.3458876369190972,0,171.81705240832375,BW-004,2027-03-15 14:08:13.700711,18
62.09331429202651,26.697091707919945,28.146129730086727,43.17797149852691,1.262718552962039,5.001110571376062,97.34730661789158,41.91240337801579,95.26758581639038,12.17111610554311,46.67234165487998,14.253245110873427,534.2317579536256,0.0018718467876760068,0.81,43.98258654229508,10.5918899435599,0.0018718467876760068,0.0,3.905327750710369,131.68656346694763,0.27042984257760105,12.957491328246988,3.6711144033933145,95.26758581639038,0.4778281467740556,0,176.69306356700437,BW-004,2027-03-25 14:08:13.700711,19
69.31607354597926,27.07197985413236,26.725953716881662,47.53826818533244,0.7335388966338994,3.560317584693388,94.93737415269828,50.33536712676671,68.15505769902592,8.45018006601168,45.27346344919623,14.72740687763684,564.9893490790001,0.001769944869987583,0.8,40.451851545887386,10.879152982071451,0.001769944869987583,0.9826245647856036,4.382304333754929,96.15852407191821,0.39952420775577835,11.434425214479536,4.694593491070988,68.15505769902592,0.39668033038711975,0,155.9239801974482,BW-004,2027-04-04 14:08:13.700711,20
69.0265833220822,23.270788899289016,27.510477211456042,28.485775114802834,0.5999897447349591,4.051928074371441,81.30431883322638,45.67108867107159,62.54717075944127,8.235981301199915,50.28125759078566,14.539274488285539,507.4721398259784,0.0019705515269132184,0.79,47.045700741352164,9.911761130813053,0.0019705515269132184,0.0,4.979154880416462,98.1645143529508,0.3676947727079851,11.885635079682565,3.14902092363728,62.54717075944127,0.3607322111459311,0,162.07684199567132,BW-004,2027-04-14 14:08:13.700711,21
99.94243226342515,22.148903268670896,28.02292872190639,32.768804197215665,1.7624231896367228,5.417717527600324,78.3902156963933,38.83042644100296,81.03284661567203,10.617401139267999,51.42597186922837,14.764898330607345,511.0384811201705,0.001956799804601897,0.78,46.85578202971068,11.410746051439377,0.001956799804601897,0.0,3.720777758409617,164.37113939347486,0.35719140084931833,12.480686933110631,4.386419084437735,81.03284661567203,0.42342103305495793,0,170.1911854515086,BW-004,2027-04-24 14:08:13.700711,22
82.1848196484458,27.40978737691816,29.11431583697552,24.218356350738624,0.6131182639891823,4.5127903823790945,95.96935109118196,39.82699407675,85.51968784382096,10.827239115186217,49.940055161269385,14.309204140768209,510.2847471883678,0.001959690164187599,0.77,47.33864801797031,10.109424307568618,0.001959690164187599,0.9564392421063675,4.487638112138019,136.30855405915565,0.3487146833642433,12.836750785998332,4.2353891723771815,85.51968784382096,0.4381510503025802,0,175.04660162724997,BW-004,2027-05-04 14:08:13.700711,23
70.01434918283422,26.01589249818101,28.659266358138073,35.038606831055105,1.4104596744113982,5.242955473694933,86.52071634084383,51.33586739148695,87.5014729096293,11.340606583180845,45.70393763801603,14.740965490262472,531.9535966057302,0.0018798632181091788,0.76,41.07425616564988,10.461967796405798,0.0018798632181091788,0.0,4.174983920569955,142.0045213822386,0.2985380772390787,12.786919998782125,4.657060519163017,87.5014729096293,0.4512576553471501,0,174.36709089248353,BW-004,2027-05-14 14:08:13.700711,24
67.53999411182245,26.82980100329011,29.607937336241637,30.44637438995034,1.2422389274008194,5.878776442827702,93.7798743025485,47.07606157687507,107.37411208290851,13.782772896529128,46.830018804380146,15.62170289859358,538.5926508786695,0.0018566907631743256,0.75,43.68081069520063,11.48866343827475,0.0018566907631743256,4.662074546406729,3.569808723303962,142.29696005540848,0.21952404159723005,13.785743153256416,4.417353439931014,107.37411208290851,0.5194915022066292,0,187.98740663531476,BW-004,2027-05-24 14:08:13.700711,25
63.44464442025495,25.35481993877781,24.033401302160165,27.466475619721862,1.1630993196771127,5.952965936442124,81.50443367725127,38.04456427833733,96.99681291431632,12.129827933742076,47.744726872646375,14.103039443404018,534.1335856260062,0.001872190828120267,0.74,44.42620353130372,11.197167941779401,0.001872190828120267,0.0,3.5781921194145823,148.26306562180048,0.256658085860206,12.800499383908686,3.6754959934696947,96.99681291431632,0.48356278540218955,0,174.55226432602754,BW-004,2027-06-03 14:08:13.700711,26
73.36418608346253,25.130985251831135,25.02785202514559,24.203893886573027,1.641508974424333,5.000126566189371,78.52864867286378,46.715565418620955,71.85185317469417,9.816329560903446,47.43792280446433,14.671432518860971,533.9626251479124,0.0018727902532934607,0.73,42.94143544327697,10.878213912981119,0.0018727902532934607,6.116522478010506,3.8098973634932056,143.8161926568261,0.3662584660672414,10.954122531755404,3.953507751016656,71.85185317469417,0.3996949647933543,0,149.37439816030096,BW-004,2027-06-13 14:08:13.700711,27
88.52057167446964,24.197718317239133,18.63523122682582,42.11838095484121,1.9327627407171986,5.508355846635128,77.9490118466633,43.972651832354686,96.55230953486587,10.734272378624967,49.5803668472722,14.80672919205112,516.3495351950229,0.0019366726061296918,0.72,47.53944730976456,10.573589069802102,0.0019366726061296918,5.705500583503796,4.103496573977281,99.37355992219848,0.2100807511056184,13.745221990179022,3.5973443147750994,96.55230953486587,0.4767458923413931,0,187.43484532062303,BW-004,2027-06-23 14:08:13.700711,28
69.60606384088057,23.941147682422226,20.20575467378178,37.84646696027615,0.7322620919711824,4.6130763857729145,89.90874162301898,50.67943701011179,91.15316497580665,10.36889732139268,46.80536847731653,15.180184357952431,547.1917655381964,0.001827512881186067,0.71,43.318406714666786,10.399063774861244,0.001827512881186067,5.061812748576747,4.062138780715841,120.94391264758494,0.3160609255210951,13.214252896741167,4.7155310967448845,91.15316497580665,0.4680014129141477,0,180.1943576828341,BW-004,2027-07-03 14:08:13.700711,29
74.24775773845518,26.182078083605578,24.72139179611218,33.27510154387045,1.130374402711313,3.4518328592055574,97.97944301627436,42.66117612842007,61.73411637772373,8.455216523255858,47.226518573585786,14.509968849079693,554.3864601342827,0.001803795857059318,0.7,44.53247243398533,9.980279505857855,0.001803795857059318,0.0,4.912247180769893,74.6424726731693,0.31968446960149904,12.062080445054027,4.392442872242545,61.73411637772373,0.3720963259660306,0,164.48291515982763,BW-004,2027-07-13 14:08:13.700711,30
82.48443530492918,22.035188367322966,18.94211842144332,45.15019362631228,0.6168184836369361,5.188564265929315,70.61023245646533,39.10374285809614,78.54703485789895,9.159143223314459,47.75486468192404,14.59129593279283,541.2076691366376,0.0018477195668628488,0.69,44.68134120599944,10.429907719626884,0.0018477195668628488,0.0,4.5965630065389,120.96544582594663,0.3181773737855047,11.819808643679593,3.1300015778977768,78.54703485789895,0.42418575026732114,0,161.179208777449,BW-004,2027-07-23 14:08:13.700711,31
88.2721438484202,27.520228984654317,21.248203251620772,32.89179448942834,1.3533821087670743,4.581765449852032,97.89611446881636,44.67593793165592,89.52730181082428,11.21342587369956,50.56211304802042,15.696227970741534,491.2038042598054,0.002035814851855431,0.6799999999999999,46.93132632328655,10.942971581295643,0.002035814851855431,0.0,4.531663444095427,125.58110420131969,0.30553652922630564,12.71142377163364,4.80619501409862,89.52730181082428,0.4457854806473559,0,173.33759688591326,BW-004,2027-08-02 14:08:13.700711,32
95.26835878554338,27.65143352356252,26.87475897733522,26.078874260512656,1.5037312333022763,4.47134729020785,73.59240365501596,51.0531248830444,67.80254368964906,8.226429866568449,51.96254722587191,14.260611438076857,489.52520804881533,0.002042795720338635,0.6699999999999999,49.80040434382273,10.24789329500765,0.002042795720338635,0.9523567247093476,5.40002848319065,108.58254541722141,0.3689947854495289,12.548227452495402,4.4887364086079815,67.80254368964906,0.37286604138014146,0,171.1121925340282,BW-004,2027-08-12 14:08:13.700711,33
76.41214887490648,24.824205996946368,18.589780684142124,28.585491344312597,1.6857704113004717,5.7324726609911885,98.2993033562245,45.4046097820618,111.4388464875894,14.087451727100909,50.1340882353335,14.582907575633689,511.1853691245201,0.001956237522432707,0.6599999999999999,45.470635314326046,9.625184620344857,0.001956237522432707,0.0,4.983438546515001,199.05836305222857,0.30811724661713763,13.627905368293282,3.863610201571824,111.4388464875894,0.524818432362654,0,185.83507320399931,BW-004,2027-08-22 14:08:13.700711,34
78.15835332191439,23.80997344978689,22.6082288875795,44.505588319816326,1.6234985261074353,5.0312813543509325,93.3554764018499,37.62029237300931,91.79615956502866,11.742441693679398,46.45770090413787,14.886140192582124,544.4509322347276,0.0018367128069658126,0.6499999999999999,44.00621440992012,10.275457154314077,0.0018367128069658126,0.0,5.151017702687724,135.0037102049861,0.2856397869408731,13.667481057174717,4.881931575685588,91.79615956502866,0.4693224782205138,0,186.37474168874613,BW-004,2027-09-01 14:08:13.700711,35
70.89261588724331,22.70501104127424,21.02397865972886,46.09815482531361,1.372383256774633,4.492698250166177,74.64528044860683,38.65845851924169,67.53639534149383,8.383968021365487,48.34938547985598,14.239856603879694,518.6379786037941,0.0019281272125347677,0.64,45.02478344871929,10.601602426162875,0.0019281272125347677,6.285716946488144,4.388714505606339,65.82776505213242,0.2184551361137504,11.555721982149754,4.570143723127026,67.53639534149383,0.3807127113861176,0,157.57802702931482,BW-004,2027-09-11 14:08:13.700711,36
81.3392083497913,25.57836159815477,22.392339188958182,43.37056848766831,1.2849293739503747,4.095142700077805,82.97311500149509,47.46344849064374,67.99217035742744,8.49466865502722,49.65184388724517,14.214423824441058,532.3911521049118,0.0018783182178109192,0.63,46.87875694267763,10.618413397452985,0.0018783182178109192,9.681120479776679,4.43948905964663,104.13082065913056,0.3741741845800844,12.81376143174562,3.359595626990151,67.99217035742744,0.38635791348956505,0,174.73311043289482,BW-004,2027-09-21 14:08:13.700711,37
64.66991611075183,22.774390748974376,24.44230975803142,46.47768523370014,0.9625281825142982,3.5478753907593035,87.21925525095226,47.748092245223674,57.87456968629775,7.736076232630193,47.782001502912514,15.545902669537323,537.5566014845649,0.0018602692204659186,0.62,45.118558672580434,11.170083886074671,0.0018602692204659186,4.4256592459842,3.6404206565712354,91.0970280447203,0.41488250630772405,11.86913071165839,4.50597238607837,57.87456968629775,0.35418221273302863,0,161.8517824317053,BW-004,2027-10-01 14:08:13.700711,38
94.78164675436872,26.584573519473274,20.97374931488288,24.87217795958982,0.6527708977135741,4.670127769658562,92.14886531434922,41.71218488481803,84.15999824743534,10.758674371176722,51.14702665163769,14.924016308841981,485.5169167082719,0.002059660468228053,0.61,47.96270070132264,10.573185961110376,0.002059660468228053,0.0,4.739967671541425,175.29103241073818,0.4360960833968892,12.231985382087581,4.660065367256149,84.15999824743534,0.42618840250393275,0,166.79980066483066,BW-004,2027-10-11 14:08:13.700711,39
89.13975735389761,23.19801842824388,22.455251046064724,36.0407799841542,1.5882022526752442,4.45255349496779,89.44306381783214,35.367167679984476,87.17896088592354,9.95625066006789,51.43110742175591,14.806017515546275,499.6304962071476,0.002001479108243622,0.6,48.19237385298827,10.487479829949532,0.002001479108243622,0.0,4.528278080515063,88.06414884091038,0.2483157045103243,12.72433963944699,3.6345104328994,87.17896088592354,0.44048568514855607,0,173.51372235609534,BW-004,2027-10-21 14:08:13.700711,40
64.52924893036501,24.43819843166477,23.820874909712344,36.97984953531695,1.727540962092825,4.961982664260745,88.55755447216346,41.1969423350656,89.00629605576093,10.985526252005043,46.50325383600377,15.835673787718738,518.5892864916698,0.0019283082509574043,0.59,44.16196795959012,10.21497107911239,0.0019283082509574043,2.091454619107475,5.315136269206369,139.9764153471218,0.3209879813793058,11.848007828683313,3.1033713598222636,89.00629605576093,0.452264439466704,0,161.5637431184088,BW-004,2027-10-31 14:08:13.700711,41
66.86712780172867,26.846988710959735,26.314541132359828,37.34089954077503,1.5492918056038578,3.3813078413122213,80.7016950792672,46.84965987803193,57.08441071463102,6.821931859467852,46.128693490362124,14.956649431925896,555.7269896534278,0.0017994447248704574,0.5800000000000001,41.99247751361833,10.246512592300528,0.0017994447248704574,0.0,4.9028239005248055,74.87406176639477,0.40574139455950337,11.730969335432006,3.265207981493622,57.08441071463102,0.3569994659447984,0,159.9677636649819,BW-004,2027-11-10 14:08:13.700711,42
76.48070955806625,22.830385515808747,25.98918288318441,36.59213536045493,1.4590622008141634,5.5067151152719465,71.30982786139026,39.73266262940018,71.31879621943304,9.817072673793959,49.7297254900693,14.882537864239513,525.7745776171363,0.001901955785941765,0.5700000000000001,45.939556519750646,10.897578889495872,0.001901955785941765,3.496799542947145,3.7347745667384804,147.9939414151034,0.3421994714015074,11.470936725458664,4.034241776226661,71.31879621943304,0.3954616940165844,0,156.4218644380727,BW-004,2027-11-20 14:08:13.700711,43
73.51995124113961,27.441199464039016,25.048438422906923,26.049659622980972,1.174705986056643,3.200973283187543,70.84574021341666,39.89490159273855,48.78944044617289,5.6693830412698025,47.13447759365166,14.063279348022691,550.4026759500641,0.0018168516318963646,0.56,44.76880995741058,10.331983361979416,0.0018168516318963646,13.461936506085454,4.758578652236888,57.42691053659652,0.3955556716987383,12.437786314876625,4.579729242071077,48.78944044617289,0.3277522709389289,0,169.6061770210449,BW-004,2027-11-30 14:08:13.700711,44
90.25424218974537,26.764807370393633,23.935164633165105,45.473941699951226,0.9015026557914463,5.644457458766731,82.47740962892529,49.406667383319856,92.26311350117507,11.638505748993659,51.1840267487377,15.62614183097832,499.46586573865505,0.0020021388218814714,0.55,48.0934833766299,10.304168090969688,0.0020021388218814714,0.0,4.923515204957914,136.1776434226028,0.2591172928727,12.900347328117451,3.3126628767856774,92.26311350117507,0.45738347139218005,0,175.9138272016016,BW-004,2027-12-10 14:08:13.700711,45
76.42394788953067,27.39158146341382,28.755080597658946,40.45710645179234,1.7884708206833302,3.573832113112191,85.51353792570758,53.16167374119709,64.9654460287872,7.640275698618275,48.624891726092294,15.04099440691236,536.8734042438707,0.0018626365025631955,0.54,46.13313093995146,10.81771691597039,0.0018626365025631955,0.0,4.082877394303255,58.702885637825915,0.2687362706394811,11.475332382104536,4.487088539274589,64.9654460287872,0.3776135080357852,0,156.4818052105164,BW-004,2027-12-20 14:08:13.700711,46
63.55093067824931,27.18996985724666,21.84743887860272,28.27995629827719,0.8590547545130696,5.413123242413102,71.97489530089462,48.85145600155164,82.20677694928575,9.740224465588057,44.7802625065964,15.33619466880569,553.3138491664104,0.0018072925546803867,0.53,39.98452430880403,11.474775141682198,0.0018072925546803867,4.137293816530854,3.570534731034343,95.96171636023395,0.2275051016030721,13.34354173212288,3.3415205669007713,82.20677694928575,0.4400167445808756,0,181.95738725622107,BW-004,2027-12-30 14:08:13.700711,47
76.71874032055548,23.507152027626802,21.846811032197987,27.239483665719412,0.9442651483384978,3.367444250550892,86.0210833961397,52.58925387023785,58.69033226167358,7.241780067712236,48.674466865443165,15.201637281518586,541.8477685129959,0.0018455368059267288,0.52,46.50306870741318,10.389079462975271,0.0018455368059267288,0.6435142447796927,4.901551505729135,79.28838481565518,0.4064188458620893,11.201851843358343,3.846877609799585,58.69033226167358,0.358188771426144,0,152.75252513670466,BW-004,2028-01-09 14:08:13.700711,48
82.89135258168005,24.651122248546383,22.160625134830934,41.914851092570736,1.840264957089977,4.230071360225229,84.45984753198601,36.409213553339164,66.77200616856366,8.931779553351088,48.467000996549345,15.05145869526162,523.7292688219892,0.0019093834534954946,0.51,46.01606912909744,11.10223540532942,0.0019093834534954946,2.7562944290525486,3.6654261014932867,91.97728529927728,0.30430207288997935,12.127302000697691,4.325812504689131,66.77200616856366,0.37969213454180895,0,165.372300009514,BW-004,2028-01-19 14:08:13.700711,49
90.27156891609587,23.992004212706075,26.933306014050643,27.64752437937723,0.6954769821369364,5.83536734623466,78.48002081623477,44.21737470539304,85.67273695531621,11.448993770071821,48.226691271414275,15.220873368188778,550.3443413012258,0.0018170442120575188,0.5,44.821307560153016,10.558569457267176,0.0018170442120575188,0.0,4.466788637868122,154.12779480449925,0.28837357262968394,13.097501447832872,3.983028451663653,85.67273695531621,0.4506790922414218,0,178.60229247044825,BW-004,2028-01-29 14:08:13.700711,50
73.82508148144636,26.846214214264343,20.956178966907622,25.51808181356831,0.6975643028095326,5.013913270692839,74.86550117223632,44.72884774283749,78.13502604344377,9.38422824611365,49.30079681926583,15.622282580177627,509.2754699692333,0.0019635738592719038,0.49,44.352839584785116,11.00148524167854,0.0019635738592719038,0.0,3.6866245754740268,112.97663626831951,0.30013958201525875,12.475052830201507,4.212030004958886,78.13502604344377,0.41323272780224923,0,170.1143567754751,BW-004,2028-02-08 14:08:13.700711,51
94.3497987411832,25.802699708483726,21.03841396043972,37.32709980787635,1.2913694336380255,4.87877782398728,90.07160545950843,37.52566945169138,89.87834415412267,10.985983782169534,53.38396872220523,15.385700897451883,480.6778123830387,0.002080395587727124,0.48,48.66642055220731,10.613931557025097,0.002080395587727124,0.0,4.403090947963949,154.19480282824537,0.3596083391785503,12.962595108973893,4.408208721543273,89.87834415412267,0.4437978242286539,0,176.76266057691674,BW-004,2028-02-18 14:08:13.700711,52
86.21743913762646,23.3991253265297,28.372835846332773,31.42484548992031,1.5411974809643554,5.837329491739041,73.97722232453447,50.49345874363597,87.38922650783846,10.795735539798521,49.933725815331265,15.246441985925935,504.6756705537568,0.001981470592594145,0.47,45.73860999716181,10.58010637279706,0.001981470592594145,1.226408733402887,4.144432615347642,128.26565693012557,0.25442158716047064,13.738702504939656,4.716746759522125,87.38922650783846,0.4427001228589219,0,187.3459432491771,BW-004,2028-02-28 14:08:13.700711,53
60.644985854888596,24.235942779364883,22.2205178155057,37.043626285992346,0.6091043926657947,5.159878618108438,92.61441138935106,39.381183461197665,95.02075690066343,11.94697802641528,46.93035108307064,15.582958260127612,538.0762959717913,0.0018584725019227108,0.45999999999999996,44.29733100794806,11.010861879460505,0.0018584725019227108,0.0,4.198782821623638,141.88002942009413,0.28769593967161244,13.303397081262931,4.863070098310524,95.02075690066343,0.4781587451270821,0,181.40996019903997,BW-004,2028-03-09 14:08:13.700711,54
91.60525494904434,23.30668481060541,26.124453778584122,43.277090957858235,1.3428154343622696,4.329119929905483,88.53439583767859,50.399472364132016,75.05775314774374,9.581900437575886,49.07402483556746,15.068298697794376,511.9230957845435,0.001953418410371695,0.44999999999999996,44.72216728127393,11.284025533091576,0.001953418410371695,0.0,4.14508330664393,133.76315683446904,0.40308371396938614,13.482128863570471,3.9089654659107134,75.05775314774374,0.40376943922784214,0,183.84721177596097,BW-004,2028-03-19 14:08:13.700711,55
89.63532826887942,25.971161873290033,22.26635756582409,43.412604936805565,0.942052054828292,5.468280729096996,85.5497176911947,44.236129631240374,96.27634126660803,11.695246815761209,50.47068451830418,15.404797217985942,508.7818553512046,0.0019654788972568896,0.43999999999999995,45.95481912971001,10.42951002284885,0.0019654788972568896,0.0,4.774108397934976,149.93950529296774,0.29306630780142906,12.112184993956781,3.759919904519505,96.27634126660803,0.4735556941607215,0,165.16615900850158,BW-004,2028-03-29 14:08:13.700711,56
82.8485167100607,26.472386434849238,22.54747091775009,31.2664225828182,1.1890190152592341,3.9433023174342163,87.42905759894778,49.59778235407195,77.8148744297751,8.618980136025508,49.958171820725056,14.938431782323866,528.5107118611993,0.0018921092374427145,0.42999999999999994,47.6077594975232,10.177985389051118,0.0018921092374427145,0.0,4.560848304255036,96.62808923544733,0.3553836560584075,12.42890802261667,3.700544741338655,77.8148744297751,0.4179361283242768,0,169.48510939931822,BW-004,2028-04-08 14:08:13.700711,57
92.71853977396614,27.57953057887399,24.541000954318683,39.875188927767645,1.8549104333583712,5.097938763465911,91.33365451045857,36.0393219626236,87.01364008175666,11.640334443446747,51.51036123407326,16.026909345043297,503.5072233548316,0.0019860688260578937,0.42000000000000004,48.14437498464745,10.177622261793546,0.0019860688260578937,5.091991856247046,5.160683626561382,124.62679591972297,0.26251938001024183,12.553313881552134,3.0959154648739755,87.01364008175666,0.44109763394563833,0,171.18155293025634,BW-004,2028-04-18 14:08:13.700711,58
63.9418740565177,23.39247146719699,26.50680007501899,43.76986708589519,1.785543542495867,5.579243417055201,83.74759944295144,40.24832163392429,92.91700305128211,11.681206072156566,45.778735338355666,15.017443973544705,574.6208799370213,0.0017402778682695979,0.41000000000000003,41.50911958786975,9.899433162614699,0.0017402778682695979,5.153330708573191,5.358922198714436,158.95010389430078,0.3048651866039699,13.813710853244212,4.5214096120877905,92.91700305128211,0.4821096074853801,0,188.36878436242108,BW-004,2028-04-28 14:08:13.700711,59
76.6042870741973,22.5360394137512,23.25337772759544,29.53763016496929,0.9367946824949362,5.660494618406878,81.3504274504794,49.994514935670864,83.99895121387053,11.512091419713444,47.11513217156085,15.062950694197479,556.2623866483119,0.001797712777283707,0.4,44.99599854884411,10.241408849394977,0.001797712777283707,0.0,5.122229911875069,169.77018331092748,0.32565880057469,12.177465822401507,3.5072849486827513,83.99895121387053,0.44687522004072866,0,166.0563521236569,BW-004,2028-05-08 14:08:13.700711,60
90.89070227350024,22.45316251615532,27.930974609768427,34.264058059780055,1.3940958966508927,3.290456192961656,84.28170106453186,54.83372280785471,51.939138924099225,6.933131130528296,51.48472943940527,15.168977777072513,520.3976234486064,0.0019216075457323036,0.39,47.45350830142993,9.982194110980517,0.0019216075457323036,3.327442825534888,4.972178623175443,71.37589173695179,0.3910893887167956,11.258555686215946,3.233757521181878,51.939138924099225,0.32924975011491264,0,153.52575935749016,BW-004,2028-05-18 14:08:13.700711,61
63.58608924942716,24.024154470143678,19.07641102817815,47.077049349146634,1.7108924739893756,4.504324421093732,77.008742909457,43.19121854525019,72.66854213937867,8.671809033119898,45.94567254260126,15.000377753727298,561.9406073137998,0.0017795474948504272,0.38,42.092491770415876,11.582569607645757,0.0017795474948504272,5.0534562371952205,3.3856032017518167,102.97355911326471,0.32953106996585146,12.258279506623136,4.175406456682953,72.66854213937867,0.41081065599206884,0,167.15835690849732,BW-004,2028-05-28 14:08:13.700711,62
78.38531017425841,23.341615289942027,29.201461262998226,32.27031829744732,0.7414766475310621,5.340252071204894,93.13674445871212,39.5620075580477,100.29189730311933,12.434342312522958,49.44365434474718,15.223490858504926,502.4202306529162,0.0019903657117876362,0.37,45.03959816993643,11.128804191440915,0.0019903657117876362,0.26010987816129805,3.4433616934161533,138.18141968036952,0.26012080361941337,12.99770195270567,4.281420449454443,100.29189730311933,0.4850323935396059,0,177.24139026416822,BW-004,2028-06-07 14:08:13.700711,63
82.5265755381582,27.662644722068897,18.04596348600387,29.71499623809597,1.9076714606156115,4.139772872886043,85.05806742342583,47.10142506875488,74.15145243820672,8.803027003490257,48.7404005055787,15.311543673944547,546.0470150771382,0.0018313441377547561,0.36,45.52215410789938,10.493808678896668,0.0018313441377547561,0.0,4.691901205079891,76.99640521884629,0.26410213620163386,12.113080910106486,3.413674221233217,74.15145243820672,0.41098561265049716,0,165.17837604690664,BW-004,2028-06-17 14:08:13.700711,64
66.84343867428649,22.67946070983892,24.842246589597654,44.68425175907592,1.215664726540889,4.679671595537356,84.59215106608535,45.098656081788,81.42813837240078,9.896587163734118,47.26637354699227,14.50077957356164,546.2151764611702,0.001830780328146171,0.35,44.20594112160713,11.427095258099397,0.001830780328146171,0.8302639257044861,3.1881159123225205,101.62627798493774,0.2742933017581561,13.526944900585763,3.359318578059824,81.42813837240078,0.43529168084635367,0,184.45833955344222,BW-004,2028-06-27 14:08:13.700711,65
99.78257026738099,26.075030197227957,18.88889888652537,47.82797116036741,1.1118413551702857,4.625280959823046,73.9323958511411,50.32314203165556,66.05789151600143,8.548952571109583,53.590642230635204,15.196456755274108,512.2715718193979,0.0019520895849214751,0.33999999999999997,51.26280389453073,10.919897377595072,0.0019520895849214751,0.0,4.105330938879987,128.04326100301824,0.4047768932195261,12.935986828118983,4.717344109858992,66.05789151600143,0.3738744432658241,0,176.39982038344067,BW-004,2028-07-07 14:08:13.700711,66
71.4961013538193,25.347275101467314,21.65169110185037,26.074980170883656,0.502142514618765,5.7973319351320525,98.41920697710887,42.38035464822345,114.39666327428019,14.264220290969115,49.314818771646536,14.60144321688751,519.2795989853635,0.0019257448240869294,0.32999999999999996,46.275410910410535,10.941853473622913,0.0019257448240869294,0.0,3.9285333821036543,165.73784935312742,0.2505275593393853,13.336779689793634,4.347033573634518,114.39666327428019,0.5371060906098764,0,181.865177588095,BW-004,2028-07-17 14:08:13.700711,67
77.9833341168105,27.021180533359555,24.86778222756092,47.98097517464258,0.9302699684708,3.3378276880476623,98.01962255537852,38.67159254710292,59.830461493019826,8.179315253433089,48.7384248662505,14.80300665937844,533.8790212493856,0.001873083526788141,0.31999999999999995,46.43616633437177,11.573190267343081,0.001873083526788141,0.0,3.377285563156005,87.94412885117701,0.40265769577547506,11.587871939966771,3.883094577759661,59.830461493019826,0.3595985780182151,0,158.01643554500143,BW-004,2028-07-27 14:08:13.700711,68
71.21820259040221,22.958496761403666,19.96876305918402,30.844478304241147,1.6892600679102907,3.758297579853492,82.19909580654911,42.663289371182515,60.7303892177538,7.723216570897471,48.22049857892882,14.500846612354472,536.7233868003144,0.0018631571207685155,0.30999999999999994,43.816383972537906,10.699496662292297,0.0018631571207685155,0.6578412711822079,3.8042504056394053,73.99150769454707,0.31864162796362666,12.736883610161344,4.913629341181755,60.7303892177538,0.36345164676594033,0,173.68477650220015,BW-004,2028-08-06 14:08:13.700711,69
96.23027162545792,27.850523018246086,20.78747584915743,45.1511410947382,0.9923826339160056,3.5123047800100107,78.01629686458222,45.18226770375044,61.92217285576682,6.850425309903804,51.95333376127041,15.085734658795195,513.2349878198635,0.0019484252315841385,0.3,49.2498817409209,10.048939260590549,0.0019484252315841385,14.1920819058554,4.639663332912682,76.3170055496547,0.39648029177652166,11.868068549539892,4.802971702201498,61.92217285576682,0.36037773919851507,0,161.83729840281669,BW-004,2028-08-16 14:08:13.700711,70
64.51362178067538,27.220149553120994,25.633267615723422,27.95354150594548,1.1447468862695038,3.442361752278405,88.34967026938043,46.31494613102292,62.25330203595317,7.603288144043092,47.829691370363,15.233975211065927,524.6230110546209,0.0019061306479671086,0.3,42.98372912765403,9.946237717918224,0.0019061306479671086,3.9583033222011554,5.049762427970837,88.50982035995702,0.4227109667302792,11.65096645779486,4.991208403607012,62.25330203595317,0.36489791010289685,0,158.8768153335663,BW-004,2028-08-26 14:08:13.700711,71
71.49030779508271,26.42076741226118,23.44099476749122,47.74271868255324,0.5821174733893927,5.736763683303467,98.38226854206493,39.89431194047402,113.57913376380762,14.10989563132818,46.55326546286563,14.684534583131105,536.0329819299604,0.0018655568476393916,0.3,43.55316194851594,10.50881163284317,0.0018655568476393916,11.008958152528352,4.02770759051081,140.46595898652924,0.21691537701072489,12.757161875445275,4.040361473133519,113.57913376380762,0.5394070071250135,0,173.96129830152648,BW-004,2028-09-05 14:08:13.700711,72
74.20061064544987,24.891401002659865,24.037602656979836,31.582459737255284,1.593860373646352,3.394695919918064,79.06830101489345,52.90170345532629,52.87115553418535,6.710320971252804,47.18803141324324,14.892924844644405,536.508652424563,0.0018639028382503248,0.3,42.98986116700332,9.691561019253458,0.0018639028382503248,0.0,5.58083872760128,67.01343810532347,0.3677288811910755,11.27013787205328,3.8871994026363743,52.87115553418535,0.33718978084132006,0,153.683698255272,BW-004,2028-09-15 14:08:13.700711,73
94.98988293955898,27.63231581186718,27.661120521594313,44.413924735358385,1.3258179509299932,4.327181222244581,71.38207509026402,45.877558423222354,61.649898613336504,7.722079373386078,52.08563692726523,14.207187146615203,500.38770593682665,0.0019984503778481097,0.3,49.33575998354674,10.75514891718265,0.0019984503778481097,7.251044194237164,4.781055007146298,105.4133407833323,0.3943358350858023,11.804110504660722,4.409822265462672,61.649898613336504,0.35561597382550303,0,160.9651432453735,BW-004,2028-09-25 14:08:13.700711,74
93.03552905707258,23.821023454887712,22.781745145310573,31.605912331645065,1.2010810031718882,4.015662082311154,84.20304800782147,47.26340721486234,69.49538314501524,8.453274677500861,52.095397205056045,14.970639786447686,495.1546713491781,0.0020195709701682487,0.3,49.154050775138856,10.352605716155965,0.0020195709701682487,0.0,4.537083585978698,103.2686322666107,0.38027370606300004,11.732633447300396,4.307312952811241,69.49538314501524,0.38019767855480424,0,159.99045609955087,BW-004,2028-10-05 14:08:13.700711,75
71.42318464954545,27.76966865352668,21.754135536068016,26.353068914662558,1.2902257490756202,4.302146605434542,94.58283561011095,53.11164275146264,85.63972663171334,10.172730628810303,48.16001420437253,15.547089773760737,536.1399867748316,0.0018651845127529735,0.3,45.843473265168925,10.450624453035955,0.0018651845127529735,5.874250666566293,4.93170407497032,112.4144547328684,0.3210771658154304,12.671396529619301,4.864267830796566,85.63972663171334,0.44630775147149393,0,172.791770858445,BW-004,2028-10-15 14:08:13.700711,76
62.283963137807056,22.663258997851482,20.632672670354957,35.144405997171404,1.1498763984635418,3.3592798992965918,85.95798932658374,40.690239194848886,58.394532599020884,7.218923643218593,46.82159761406382,16.089281086995832,536.3627611899838,0.0018644098217806594,0.3,43.064008462480054,10.595976978987526,0.0018644098217806594,5.7720858535261925,4.412803716183922,84.47156030632623,0.4354134995977461,12.28575537419632,3.1829659158592944,58.394532599020884,0.3555572703537314,0,167.53302782994984,BW-004,2028-10-25 14:08:13.700711,77
91.98767448011165,26.43684792330468,23.115819527888416,32.00890098181512,0.9747031760922479,5.588312332377677,74.88707963432182,51.248273152478006,81.97014625786593,10.462309766405745,50.992484635354984,15.481962711527785,510.45162810195154,0.001959049486664135,0.3,46.27651915022672,10.767930690448638,0.001959049486664135,10.58291330848843,3.800545959512994,117.38442749532967,0.25096447734221117,12.541585341817166,3.3624360872272345,81.97014625786593,0.4263693092901386,0,171.02161829750682,BW-004,2028-11-04 14:08:13.700711,78
90.95980349176037,22.312434437327617,18.15385979412727,43.09306540623955,1.215719563983574,5.560187200610825,97.4302132799945,40.30570178172105,106.92089072506732,13.543255620805205,50.893421469694125,16.246091999300344,516.6785714643974,0.001935439275458527,0.3,46.48990695980815,10.325807407775978,0.001935439275458527,0.0,4.294123578346044,146.45589885513135,0.24311087831015207,13.408366221404485,3.9373032739927707,106.92089072506732,0.5114065405228769,0,182.8413575646066,BW-004,2028-11-14 14:08:13.700711,79
65.23524554214303,23.413395607567008,29.19004743716859,44.62807141499755,1.5646775753359587,4.657014040366509,71.51522412496847,35.87762176737487,69.81960807766376,8.326185071248394,46.51016540306641,15.058289256006232,544.3500492956834,0.0018370532000389584,0.3,43.02568003320215,10.941084227757548,0.0018370532000389584,4.488127462280866,4.285403402085041,90.82425271278288,0.29279134788531685,12.377395978492242,3.6322097758817913,69.81960807766376,0.3960370417142509,0,168.7826724339851,BW-004,2028-11-24 14:08:13.700711,80
79.28900921349306,25.121941757148313,29.702934423407505,47.178490653222894,0.8229035686787514,5.161119638196609,83.33439933933373,40.12584750738435,88.85720459916065,10.752470124188845,49.964867317605,14.017222054261747,504.8117656948336,0.0019809363964082313,0.3,45.04363957148952,9.553129498784465,0.0019809363964082313,0.2781197911072378,5.15575530669016,99.36429114226412,0.22381448015531713,12.337388521715717,3.5612711597530318,88.85720459916065,0.4476342117056522,0,168.23711620521433,BW-004,2028-12-04 14:08:13.700711,81
92.44418265221273,23.1834559970021,20.562449734607416,40.22623281994984,1.1075016478813227,3.0012046320760195,94.17673507590563,36.58499212259858,51.36005637518048,7.066091338590103,50.27951212721176,14.78758432623718,501.0900080226431,0.001995649452173495,0.3,47.4381224545978,11.369226061423557,0.001995649452173495,0.0,3.8735533480490387,77.4429550972226,0.4564750812106991,11.63471872903022,3.575868188186438,51.36005637518048,0.3215271903240612,0,158.65525539586665,BW-004,2028-12-14 14:08:13.700711,82
97.2617762842608,22.53405840937605,24.138307689713915,46.04451673063491,1.8561704907192578,3.5744688447243584,81.58709185897268,44.69717479432207,51.485733053652496,7.290762949539055,52.09176613876841,14.28658671160933,494.64550981766405,0.002021649808099177,0.3,49.221803960835985,10.531642636174412,0.002021649808099177,0.0,4.204673262851232,92.82201345883384,0.4452218847033002,10.98338760479721,4.425202814596786,51.485733053652496,0.32001276312414084,0,149.77346733814377,BW-004,2028-12-24 14:08:13.700711,83
66.26116853662965,24.199826200578737,25.429456800560356,27.825477234513652,1.952033258068608,5.891748036219566,89.24739043730183,35.46865910734776,99.6322546887693,13.14557843366735,47.0085124422098,14.152513280741694,552.0754707921744,0.0018113465511610171,0.3,43.043689128507836,10.908653014676526,0.0018113465511610171,0.0,4.242628209734989,134.19446948886386,0.21658120430856106,13.77903245364494,3.5044048043186615,99.6322546887693,0.49773015686688327,0,187.89589709515826,BW-004,2029-01-03 14:08:13.700711,84
96.58997314910641,23.001701074206814,19.453865535131825,26.049803587398365,1.8641654960549467,4.2905277253329395,96.25026099231911,41.02912372821336,83.6569819060306,10.324110333951918,52.30872837067194,15.477042551078315,510.0899445135378,0.00196043856726813,0.3,47.39601423632234,10.811174422097451,0.00196043856726813,6.978911152870021,4.633515423748422,136.27830686840838,0.38456822017702547,12.476642474607418,3.904646955268592,83.6569819060306,0.43188358970749663,0,170.1360337446466,BW-004,2029-01-13 14:08:13.700711,85
67.74495239181843,24.497709571266128,23.386216387824035,38.37626506112562,0.6076030156211374,4.818041495808243,87.10937523479512,36.07153119214816,82.26958892950796,10.492414613879346,48.38022307364445,14.821953975690473,554.4025842640558,0.0018037433958347335,0.3,46.189615906372694,10.255773437372843,0.0018037433958347335,2.4679917494177683,4.714733608390844,105.60566381257259,0.2611266781674481,12.557972789250705,3.852812112983946,82.26958892950796,0.4405527383775766,0,171.24508348978236,BW-004,2029-01-23 14:08:13.700711,86
69.07034469602064,27.588942321513557,28.900921287222836,42.750975537736615,0.5291018684273232,3.421497029386552,88.67648188639342,39.15647682917672,76.13071190858102,7.585157983768635,47.470123284480955,15.000988422377905,535.5357127566713,0.0018672891016968743,0.3,45.109310395095136,9.775803321737108,0.0018672891016968743,1.9374478469090077,5.514008917680101,66.32608088608622,0.3194578402734375,12.442262315125905,3.888226010350813,76.13071190858102,0.41442975352227146,0,169.6672133880805,BW-004,2029-02-02 14:08:13.700711,87
73.08027073984408,25.767752412057447,21.30228254128171,45.83008068129065,1.4508341927486628,3.850521570812818,98.45275466624479,51.8492821367115,77.21991881491455,9.477361388707946,49.49491396661293,14.569475163917213,510.1046784154509,0.001960381941813044,0.3,46.3730978258016,11.229185723040477,0.001960381941813044,2.751284845743967,3.7020899676830106,110.12816289356587,0.37722581504236835,12.891972995814726,4.27031397772787,77.21991881491455,0.41043113290768374,0,175.7996317611099,BW-004,2029-02-12 14:08:13.700711,88
62.876268692657824,27.45403353301422,29.49319989811467,25.86509804140141,1.2985403522919723,5.167120522898395,72.33981599228227,37.12260038618039,68.53387519643714,9.34471369591038,47.808621240403234,14.818434176591461,547.1670966252153,0.0018275952742183156,0.3,44.205960010609495,10.167319041552334,0.0018275952742183156,0.0,5.004396528140036,166.0384598879331,0.4298373180809638,12.38706193908676,4.0826707654025345,68.53387519643714,0.39259637964235505,0,168.91448098754674,BW-004,2029-02-22 14:08:13.700711,89
72.13457128856682,24.357034458888414,20.155814615464102,37.873730448297906,1.936969029873336,5.9347963905884225,74.75560702082228,44.74935670927948,88.59944320324038,11.091482668085566,48.674587694405744,15.750137304500495,533.4490672268416,0.001874593211304209,0.3,45.519711526493076,10.236960441422926,0.001874593211304209,7.045191656179258,4.6230673372162405,139.44606193304102,0.2648017422393799,12.59073882744254,4.775126143632383,88.59944320324038,0.4553661975121871,0,171.69189310148917,BW-004,2029-03-04 14:08:13.700711,90
80.12290401086436,22.497487488366886,25.4400160017289,32.165351866830164,1.7838877843869467,4.092363170524516,89.18159264362293,37.5807281777885,64.7107904089914,9.124086630587065,49.09294519545642,16.32100595524631,536.9774708675387,0.0018622755222568348,0.3,45.96400974459143,10.370552230822263,0.0018622755222568348,0.0,4.482276518711978,126.51701382161218,0.423540922353494,12.04870004302219,4.171704244866337,64.7107904089914,0.3767958759568996,0,164.3004551321208,BW-004,2029-03-14 14:08:13.700711,91
77.3871259326588,23.157037653653475,20.29326747229374,42.45034033730785,0.8983813974610398,5.663254574015064,71.21757136404085,53.274549880129186,78.10306080323424,10.083080919441215,49.20616804494629,15.36122349261049,526.3206375438572,0.0018999824986278865,0.3,45.14955218325842,10.556652630390095,0.0018999824986278865,0.0,4.358998156870538,177.48765866779934,0.38852488135176433,12.744392787182445,4.318311089200269,78.10306080323424,0.418239727273938,0,173.7871743706697,BW-004,2029-03-24 14:08:13.700711,92
90.68933576636891,23.235323864599597,21.860236424415714,35.171687338552786,1.914793774540176,5.498982415659001,78.92712149322446,50.785813093542096,77.27909175487517,10.850471330245574,50.23811950675145,15.09003551884799,541.630280705241,0.0018462778681759245,0.3,46.77894462248477,10.96081997734988,0.0018462778681759245,2.9161384298043247,4.326166866170768,168.1364498826346,0.352241848517495,11.238488625769541,4.606091049351759,77.27909175487517,0.42008605672782284,0,153.25211762413014,BW-004,2029-04-03 14:08:13.700711,93
97.26925699015298,23.241231252533726,22.298628494916873,27.585585322890537,1.2649776189702457,4.087749637784031,71.99216060381492,54.78699028084078,60.14485145195178,7.357148210788357,51.31745522829743,15.54861009580322,501.0788037460765,0.001995694075510633,0.3,48.45299882096522,9.807288111542865,0.001995694075510633,4.220086193094088,4.923303720559797,77.9453453413501,0.32397120018315473,11.028411679605682,3.1913802321160025,60.14485145195178,0.35080647929699554,0,150.38743199462294,BW-004,2029-04-13 14:08:13.700711,94
78.42330202778666,27.404560974704395,29.16006453349287,33.205617384175014,1.237606914528484,3.1178758354520775,89.64721369443578,43.854718554129164,48.111412579430414,6.987722032337247,49.630682716995736,15.288225672561211,517.5161287535379,0.0019323069261793777,0.3,46.907693943007985,10.204558042567491,0.0019323069261793777,0.0,4.805644733890832,64.48147556369673,0.3699563988249765,12.405368189997949,3.8112387805108847,48.111412579430414,0.31562621389082945,0,169.16411168179022,BW-004,2029-04-23 14:08:13.700711,95
95.84944996584532,26.840246846470368,18.043875736135792,31.68142954040598,1.1326613629041888,5.108599332150304,72.04030695857261,38.8757826004671,87.77249086276474,9.200626600411672,49.86886152666394,15.226378176038347,522.4760192712477,0.001913963441604086,0.3,46.77440723774037,10.980240751865683,0.001913963441604086,0.0,4.310811772904675,108.07192967464707,0.287411188922975,12.820543589873422,4.1874115659028694,87.77249086276474,0.4493177753239234,0,174.82559440736486,BW-004,2029-05-03 14:08:13.700711,96
69.18865134732927,23.197429695375632,18.453414079148157,39.44087340167425,0.8937654357247484,3.6436944602785495,92.14452264525069,38.7827739265348,60.09529887336698,8.393662167687783,49.085627511658615,14.360823685598838,519.0707805570687,0.001926519537329372,0.3,45.95223703993038,10.046149293804069,0.001926519537329372,0.0,5.296108402206415,102.57279386813163,0.41922653164380874,12.133983627050448,3.3410607787875506,60.09529887336698,0.3560388970783439,0,165.4634130961425,BW-004,2029-05-13 14:08:13.700711,97
62.09388713725252,23.385875863168383,27.62296743403352,44.43574035951712,1.224599367789954,5.584874850251936,98.26556363468916,45.36985949884481,111.58071771905466,13.720021874730168,45.418655109662836,15.668328678879492,543.2002426852421,0.001840941740115258,0.3,42.54990699565066,10.126230684135846,0.001840941740115258,0.0,4.911022021287538,156.95514919685712,0.2560456085959821,13.889995105910579,4.763709601641366,111.58071771905466,0.5348957985357548,0,189.40902417150787,BW-004,2029-05-23 14:08:13.700711,98
76.64282681634745,27.86712216101069,20.40677591505684,29.168622788510604,0.9378007655545997,4.056926652627535,77.02173325052497,35.99562003046088,66.74001752078559,7.811788061390581,50.045063317476156,15.610647472842574,522.4542668084488,0.001914043129762853,0.3,45.23421555575007,10.421889632111341,0.001914043129762853,0.0,5.031869578579424,130.81218059741013,0.5159535325394436,11.578055710351993,4.838076554057342,66.74001752078559,0.3792030051118199,0,157.88257786843627,BW-004,2029-06-02 14:08:13.700711,99
66.91029273124349,24.27619358922512,28.930010723877047,38.768348175085784,1.1179198229183955,4.600850793927632,98.32123834842783,42.92554524983401,84.09967396652559,11.309033687882804,47.17050229026676,14.833481190473119,541.1800216471219,0.0018478139620831256,0.3,44.40524062300257,10.140118804962444,0.0018478139620831256,0.0,4.714986017215703,129.4783303314368,0.31105949052778853,13.147584545079468,3.5488252632713637,84.09967396652559,0.4426862530492218,0,179.2852437965382,BW-004,2029-06-12 14:08:13.700711,100
75.72681738257057,24.3265859711785,21.442402499793527,30.445910503991197,1.791594404719579,5.659768788506839,92.5503930109427,43.45736818118174,93.29305722124239,13.095345643184372,49.11244008080668,14.66633330939176,527.5654098715576,0.001895499555673035,0.99,46.937936804643904,10.23984186243254,0.001895499555673035,1.2437726584591922,5.186272091975965,182.45928294319665,0.30772325745690254,12.516971426943586,4.760262706867284,93.29305722124239,0.46924648036560856,0,170.68597400377618,BW-005,2026-09-26 14:08:13.785939,1
62.79447682738647,26.065667092597565,20.073840617477426,32.268141441457516,0.5923145512022553,5.222339601482018,93.52561537696239,50.26570380406318,99.19764314486632,12.210563123402157,44.177255589599056,14.612196697698804,569.0813886339623,0.0017572178953179718,0.98,40.51283531477721,10.43423920749345,0.0017572178953179718,8.459865268006457,3.9889292608878493,167.5868018952485,0.32851032451334833,13.033971823167008,3.732506011996948,99.19764314486632,0.5013832270730765,0,177.73597940682282,BW-005,2026-10-06 14:08:13.785939,2
70.79894547421848,26.61052642670345,28.620183894567106,29.31665164565681,1.1953217588883827,5.167835174503349,76.13513016078387,41.75939958480957,68.51735236858458,9.836345091507242,46.81950641496747,15.872430703311746,540.003079490576,0.001851841291244806,0.97,44.65479174223515,10.98855148937045,0.001851841291244806,0.0,4.2277843668923065,178.90552638775475,0.4399378810453219,12.979698670762964,3.7300506080776463,68.51735236858458,0.39039209840912137,0,176.9958909649495,BW-005,2026-10-16 14:08:13.785939,3
78.81296191748825,27.241451834558404,27.153588634509667,36.3138532408332,1.50612080070766,5.264820600474987,79.88060572749865,37.764641735706746,82.29839755411255,10.513926465313878,51.22678182987721,14.767616388044136,512.3011285658464,0.001951976960892971,0.96,46.81512770367145,10.721282693439171,0.001951976960892971,0.0,4.009807042213274,145.55361631276446,0.32868849338212164,12.978564373826758,3.9295684118750014,82.29839755411255,0.4280183304167958,0,176.9804232794558,BW-005,2026-10-26 14:08:13.785939,4
93.89420215637467,22.05723372415327,22.834680372600584,45.77383601464989,1.610469546265927,4.197121356144912,99.39743298347142,39.51762825867152,77.4939404743766,10.429577218022764,49.90690390600499,15.891452800032573,525.014711928643,0.001904708529645764,0.95,45.47131880650724,10.400725718333474,0.001904708529645764,1.4570026017306923,4.892186383560371,118.61442917848524,0.3387110036200858,12.494868110106548,3.3567965038571623,77.4939404743766,0.4158175484931816,0,170.38456513781657,BW-005,2026-11-05 14:08:13.785939,5
81.71365497336299,25.177867162210802,22.173241171253252,36.492492807396346,1.4830747991951798,3.21307370294798,84.63629817994179,49.04328657296625,64.33263306828597,6.798566599920873,49.00970785897929,15.335024835907761,503.58924302912203,0.0019857453546563764,0.94,46.708983748176514,10.983383471114232,0.0019857453546563764,5.110374762964948,4.366294997429007,78.41784278564386,0.44873181290308517,11.972671111200903,4.553720653796563,64.33263306828597,0.3655188831363565,0,163.2636969709214,BW-005,2026-11-15 14:08:13.785939,6
76.73452153715172,26.284918878353043,28.33478672712463,27.71243635643667,1.1773205342261366,4.539659927483456,96.16318191239743,40.77874033315165,93.24193387205412,10.913703585675313,49.495577942022805,15.088242091831477,507.69115246394045,0.001969701451653772,0.9299999999999999,47.04921309047535,10.509039335253942,0.001969701451653772,0.0,4.736677146272268,131.92093940214812,0.332834451531558,13.30131112780408,3.5084356581333767,93.24193387205412,0.46311379197936253,0,181.38151537914655,BW-005,2026-11-25 14:08:13.785939,7
76.32080365140325,26.12478882429837,20.998409583095153,39.36602195885463,1.816233862597232,5.376009378390588,79.72940991626741,49.32329076355222,76.2680916294307,10.71565138608503,48.899346563846585,14.604614540457323,527.5218872127743,0.001895655941943226,0.92,45.72490737284454,10.694899744614295,0.001895655941943226,3.49408403850999,4.224019974076538,150.20543863670179,0.32592455183899094,12.268304093586671,4.951209937178224,76.2680916294307,0.4124835382619346,0,167.29505582163645,BW-005,2026-12-05 14:08:13.785939,8
76.72526399174491,27.46609419987532,29.91796486720174,26.54620919875085,0.8495797819772879,3.406256549453484,78.73881241616516,37.8942127227304,50.80410006971485,6.705114887218796,49.52472682232529,14.257406918650034,519.2869481718416,0.0019257175700650995,0.91,46.17023900496696,10.70529384140279,0.0019257175700650995,0.0,3.7904376337732626,76.66766166260851,0.41960306552912036,12.100379622764677,4.292803473331599,50.80410006971485,0.3251330846839353,0,165.0051766740638,BW-005,2026-12-15 14:08:13.785939,9
98.01519005928373,27.74996611888832,19.172487304641102,24.359964009051282,0.7416500348846333,5.15221066621563,98.29895191736958,45.55544418137754,104.47473247777695,12.661422713662224,49.65280402322288,15.30833198823556,534.9248241179779,0.0018694215615229133,0.9,45.04308622155192,10.424704321889058,0.0018694215615229133,8.245233714365343,5.014858829155356,120.28390449679023,0.23048433275419858,13.306210302310081,4.491006170705545,104.47473247777695,0.5087265554946498,0,181.44832230422838,BW-005,2026-12-25 14:08:13.785939,10
99.84051133528993,23.079997699664123,24.030571280664276,44.36202543433227,0.5306024160323095,4.620087576782063,83.83100704293436,41.51780286787285,89.5936372106731,9.682664854704766,52.06405024742266,14.735500792898437,499.35964191023453,0.002002564717033663,0.89,48.72899419624659,10.05102646462392,0.002002564717033663,0.6489060547014505,4.883064728111145,150.65733191734526,0.4209739061034163,12.725072475268092,4.005279609951071,89.5936372106731,0.4484533499419806,0,173.5237155718376,BW-005,2027-01-04 14:08:13.785939,11
84.17955929033837,23.662152693217745,28.348018997276778,30.8030675823379,1.5301335804228633,5.957974716511978,98.13293677954672,52.243059165862434,114.06176108448132,14.616838904740195,48.551197245109144,13.939956392439912,526.7042831674506,0.0018985985722126328,0.88,46.54183229103992,10.47353315116174,0.0018985985722126328,0.0,4.428472579881676,139.33881060763312,0.2,13.512493588368894,3.557427430282298,114.06176108448132,0.5382171552318396,0,184.26127620503038,BW-005,2027-01-14 14:08:13.785939,12
86.96878529789588,23.32896129315784,18.417590398420202,33.821989770849534,0.9337897279488045,5.667391607114575,84.03547549876129,48.148886543549295,94.08240185557963,11.906548713539056,49.30925414121587,15.30494002359521,521.9055266881908,0.0019160555864307675,0.87,44.68573825610164,11.610741367263353,0.0019160555864307675,0.0,3.0100943840144136,147.70934098475382,0.27362064208252335,12.68677263901285,4.94595476084061,94.08240185557963,0.4701796641917227,0,173.00144507744793,BW-005,2027-01-24 14:08:13.785939,13
92.35910998454835,26.80218513073207,23.484287426311504,38.55629340775725,1.4063892739803878,5.885287435036407,82.47358186207549,47.02165330786431,101.39400380674294,12.134518376382985,50.813940034308885,15.674567552556715,521.2471208156634,0.0019184758247396542,0.86,48.05343698599157,11.09024814201361,0.0019184758247396542,0.0,3.6439606378170564,142.6845637569672,0.2497449887238171,12.771155257465503,4.18117931547717,101.39400380674294,0.4943541489338421,0,174.1521171472569,BW-005,2027-02-03 14:08:13.785939,14
93.08632593710493,24.550014484739187,21.30536015748611,30.36083803537314,1.3042884189233062,5.129414139817116,98.51776039227815,39.89232548104532,101.77533929660171,12.633459829481652,52.021118984389844,15.005931339590392,508.7919985630363,0.0019654397137224356,0.85,48.48383333025988,9.118944938156591,0.0019654397137224356,3.0177279610265058,5.572246254846817,114.441592134562,0.22075158767167946,13.260007450248905,4.587434851570425,101.77533929660171,0.4918887305575833,0,180.81828341248507,BW-005,2027-02-13 14:08:13.785939,15
77.9659281092885,24.640724625909616,19.093648069076487,41.246489776564694,0.820605031972866,3.8056714218619234,93.29820519389172,46.04444560347693,79.38009685206863,8.876557830435083,47.714101207979716,15.839873691110764,545.1280237123375,0.0018344314665571057,0.84,44.96017814655325,11.513208779105643,0.0018344314665571057,0.0,3.1815157877303446,79.6901513736366,0.2948755669969731,12.932819371150293,3.5773326053509207,79.38009685206863,0.42813872995393,0,176.35662778841308,BW-005,2027-02-23 14:08:13.785939,16
67.87814520834885,24.47654992166436,20.733340099413617,38.01259841539237,1.0571950090017073,4.982921461949028,79.68703205733703,44.6254790365521,72.52696255518164,9.926855556938122,47.523827820902746,14.237214145969459,558.4380984900424,0.0017907087691615136,0.83,43.52311166085011,11.22228181164779,0.0017907087691615136,4.319906537250897,3.9212772825971816,126.3205927874899,0.31921877252973346,12.529497646757981,3.8365281618051514,72.52696255518164,0.4092879713976182,0,170.85678609215427,BW-005,2027-03-05 14:08:13.785939,17
77.9564689037116,25.223015929624175,20.44242626978166,27.738038948772715,1.8206328543104071,3.595117619543104,98.84921476945912,45.229350800852345,79.57558529113626,8.884363842392073,47.539306950777195,15.132145105076626,547.6923262059544,0.001825842634910243,0.8200000000000001,43.82723796604665,10.016012969547642,0.001825842634910243,14.59993651066635,4.713389235619399,66.91350462897302,0.2618691571470982,12.703352700728637,3.896453164216449,79.57558529113626,0.4295596488322405,0,173.2275368281178,BW-005,2027-03-15 14:08:13.785939,18
77.34894811325684,24.472561657795236,18.427345803274097,35.95143126209744,1.3312545824165,5.201761110863101,82.33141580668175,42.10263528051433,77.53482962885145,10.706708923637418,49.91612439356033,14.566012288735834,520.1026335333962,0.0019226974360932343,0.81,45.769606529696944,12.012623380864584,0.0019226974360932343,0.0,3.076546900884671,114.59773698825519,0.25720514697510055,12.889933745671534,4.561889637900975,77.53482962885145,0.4144802221561904,0,175.7718238046118,BW-005,2027-03-25 14:08:13.785939,19
82.35363483818666,26.242187015937304,20.12978201989214,30.05335522153485,1.716095697845619,4.632540347825861,86.3040960994409,44.94307631765743,71.66088517309129,9.995180184082512,49.13945198352296,14.435704663451483,511.0269965205455,0.0019568437808741004,0.8,46.73179353314018,10.322723305039176,0.0019568437808741004,0.0,4.605650914341794,123.94358834756545,0.33459869308131485,12.651396281333836,4.677314308984914,71.66088517309129,0.39217771619980124,0,172.51904020000686,BW-005,2027-04-04 14:08:13.785939,20
97.88682467373576,22.815596484203923,23.97179465406262,29.140230065750085,0.5901097525324737,3.4043573547523143,84.88226435501593,38.38207800841303,65.99043160585121,7.224239023625718,52.65546769897837,15.181502142403039,508.0410187872717,0.001968345001722632,0.79,47.8036323747497,11.182996211117198,0.001968345001722632,0.009945293102615105,3.392272484966055,69.5022550397957,0.3532495850597454,13.104742331685909,4.815781200825666,65.99043160585121,0.37238041098901886,0,178.70103179571694,BW-005,2027-04-14 14:08:13.785939,21
73.02013352504542,22.862125751105275,26.519196881210956,36.80940992811467,0.7157517064854664,4.2053810110000915,97.26942675744593,47.75860979159331,87.20459530134053,10.226375005915683,46.23194250779635,14.387500055669975,546.2334181639275,0.0018307191884402334,0.78,42.42196581086255,11.381674922146992,0.0018307191884402334,3.1972281374532088,3.537883336080479,81.89460719610831,0.23803359368336285,12.354829522129624,4.001469812288397,87.20459530134053,0.45455200978698,0,168.47494802904032,BW-005,2027-04-24 14:08:13.785939,22
60.36966353622057,26.848942294145274,20.11433287397097,38.54919941329838,1.0053828696151184,5.307509608570762,81.05687407083141,54.20023761638251,87.63389229190291,10.755253449291201,47.231982784220854,14.457126144609225,535.7941898974444,0.0018663882865012189,0.77,44.25758603807977,10.762289897143141,0.0018663882865012189,5.579709091787064,4.175434799313947,94.19109864289541,0.2062568768689465,12.482701418376912,4.387482597396657,87.63389229190291,0.45285123127557636,0,170.2186557051397,BW-005,2027-05-04 14:08:13.785939,23
83.41943753260142,23.893921761893942,19.04327472830705,29.350800205386086,0.7820878497186134,3.516582802277263,78.12889623613658,40.71253199367154,56.39060446232716,6.868668321622567,49.542711795011634,15.741871955101853,516.7780414649292,0.0019350667399978224,0.76,46.56731300981084,11.24454830872635,0.0019350667399978224,6.942421732893755,3.7192755347316098,82.83176238748146,0.42866055462959624,11.974113991760486,4.945713209420686,56.39060446232716,0.3430020939805693,0,163.28337261491572,BW-005,2027-05-14 14:08:13.785939,24
77.12077409758575,25.949702700556944,21.16567289935629,24.289678447214833,1.2784060463971354,3.8127276697406134,95.66224486312863,35.63769590417184,72.0063032101052,9.11835219847881,47.83330521710367,13.923543242121243,522.7756686520238,0.0019128663783808042,0.75,44.71238276170357,9.943815895432726,0.0019128663783808042,0.0,4.756289439273007,111.3117942402439,0.4002202391309666,11.757768681443094,3.7885164709914907,72.0063032101052,0.3968537112959578,0,160.33320929240583,BW-005,2027-05-24 14:08:13.785939,25
84.23037957435888,27.777222964010857,25.07364963711896,35.308141425075405,1.3601024388465557,3.5996189239483307,76.95578841648545,50.958863785066,53.638877963291044,6.92528780728362,49.603770433740415,14.285547696744137,517.0813347584929,0.0019339317294581099,0.74,45.78197042343595,10.327523001527696,0.0019339317294581099,5.8532612854352255,4.6511409112232025,78.43870747346445,0.39332005248986507,12.68262586785098,4.987546205535863,53.638877963291044,0.33392066030518464,0,172.9448981979679,BW-005,2027-06-03 14:08:13.785939,26
97.11602519448108,26.97026887360988,21.875744800365695,29.694104727771293,0.8939504185491105,4.6893797816761404,70.17311983878903,43.586455314083906,61.13924841426398,8.226710234728854,52.756630240427945,14.985891060531385,505.2284938896669,0.0019793024583811035,0.73,48.46778360489326,10.568939821420598,0.0019793024583811035,0.0,4.564863931797964,117.42912504596353,0.38049086171068974,12.52438749713439,3.5035769066937688,61.13924841426398,0.3553660428811133,0,170.78710223365076,BW-005,2027-06-13 14:08:13.785939,27
80.17684158860853,26.464296707371467,24.038630486195544,25.627113499874703,1.5853710506599714,5.028425365804371,91.06291565138473,49.41786438104195,90.46526593015182,11.447576873638171,50.390852482462144,14.588572049240783,523.1911578388892,0.0019113472867749394,0.72,46.203751253973664,10.765841906995515,0.0019113472867749394,0.0,4.396818995077199,136.21356618390698,0.29579089342063775,12.786416098599771,4.047986334929334,90.46526593015182,0.45850823378550615,0,174.3602195263605,BW-005,2027-06-23 14:08:13.785939,28
92.23880514683816,23.736987190718317,25.969508871400205,34.23820562530544,1.8336790335911641,5.185412836675776,70.00158480796891,54.078416076934445,74.78108606800217,9.07467791127225,49.79660060803496,15.198183478233675,529.3707489446243,0.0018890352404125877,0.71,47.775727846125086,10.477914856986217,0.0018890352404125877,0.29451339687389816,4.411346961092034,193.5511098850336,0.5141515164799726,12.69916931603855,4.9480624499441275,74.78108606800217,0.40808151157672784,0,173.17049067325294,BW-005,2027-07-03 14:08:13.785939,29
93.80902232642958,25.152591989857854,26.298066549763135,45.200392824530496,1.2435755151174133,3.2798621541659054,92.16334086755793,54.19833379284182,62.462646560014015,7.55707634282488,51.2411011169351,15.303973783502878,501.5545126639124,0.001993801221503697,0.7,48.46046701312784,10.387622160745439,0.001993801221503697,0.0,4.752684870412227,65.7553158982054,0.33161294870092806,10.935044211129192,3.7210658357032953,62.462646560014015,0.3586751756658871,0,149.1142392426708,BW-005,2027-07-13 14:08:13.785939,30
72.53002961955288,26.521996827457485,20.6407950574163,33.32474755214501,1.7985908556601906,5.035642024254482,87.11684213873819,53.912593554979935,98.26365316369684,10.967230782354344,47.12400555979898,15.72347207319349,541.489513346515,0.0018467578325197791,0.69,45.10798813388992,11.362750523139308,0.0018467578325197791,6.132523533225764,3.727020415436224,125.46092234965035,0.28396620496526453,13.82753197409435,4.14419963394325,98.26365316369684,0.48999236454961065,0,188.5572541921957,BW-005,2027-07-23 14:08:13.785939,31
88.9768936107726,24.422866031484997,20.57693402890029,32.54324137997368,0.9261562238411495,4.429014880483098,97.98538664080897,36.52169453531015,80.74668611511699,10.849468387550818,49.68569980580575,14.473726404064944,506.3287698576069,0.001975001342075084,0.6799999999999999,46.65133901984214,10.902865968611513,0.001975001342075084,0.0,4.277353935932164,134.95544303255846,0.35106280626425473,12.644780110829991,3.2644230456405996,80.74668611511699,0.4210542513410054,0,172.42881969313626,BW-005,2027-08-02 14:08:13.785939,32
67.04357151775416,26.45999748139394,21.02483864220206,34.90001928402633,1.0787891702541637,4.503359102476045,90.60857324156315,50.83813076844474,85.77677559797063,10.20107357674402,48.05083455435075,14.935561310655624,537.5666752869535,0.0018602343597028208,0.6699999999999999,43.2849676639525,10.234725710411162,0.0018602343597028208,0.9889347233254497,4.649976721531206,105.57735105024922,0.2872753185414666,13.582751966968871,3.5892978061250007,85.77677559797063,0.4471925879126548,0,185.21934500412098,BW-005,2027-08-12 14:08:13.785939,33
99.28309514542524,24.346553464889322,18.959789793561058,26.155818061730017,1.3861305820295973,5.825974340651615,71.92957669580751,43.047410790827485,84.65820065683621,10.476496704092673,51.383370466502214,14.575447574504889,513.7858481713033,0.0019463362090630923,0.6599999999999999,47.70896799211757,10.318003446123367,0.0019463362090630923,3.33328626308041,5.085777056228128,156.4955939703124,0.3204995909425554,12.270980761776254,3.710873361449063,84.65820065683621,0.43632975664084506,0,167.33155584240347,BW-005,2027-08-22 14:08:13.785939,34
83.97454206953063,24.51255394289593,23.182124307744356,25.29438198818091,1.2748197655838933,3.070377065163463,79.88249972123329,45.73736435941204,53.418543348277574,6.131734876300036,49.90184687907219,14.551170307362472,513.0562359121318,0.001949104074765138,0.6499999999999999,45.19054509487487,10.477957206719845,0.001949104074765138,7.093206265354835,4.729119572016996,67.85098811125876,0.4504961748342373,11.120919955577582,4.538970774631174,53.418543348277574,0.33197868193456476,0,151.64890848514884,BW-005,2027-09-01 14:08:13.785939,35
80.18957901521406,22.89729591134167,19.24607263333113,26.96573977438777,0.6515423697368878,3.7991329242900713,96.98359253661505,53.54732818923107,85.82167597777274,9.211338988044677,48.3909494174571,14.975585082033149,528.5427196860335,0.0018919946538929209,0.64,44.95956011527005,9.394859906538933,0.0018919946538929209,7.761090424298723,5.519752442184963,90.59153194892264,0.3235864763012128,12.982370121227465,3.6436932704026406,85.82167597777274,0.44463506916505247,0,177.03231983491997,BW-005,2027-09-11 14:08:13.785939,36
84.3883278214704,23.178895914417513,21.017161826249563,28.165731459634554,1.9367529566727546,4.207834315020488,96.70907671340561,42.67897788525946,80.51645072807216,10.173394289215423,49.893704968331676,14.596174721126618,483.5486845094707,0.0020680440915984213,0.63,47.11923046535624,9.431698909225444,0.0020680440915984213,1.750348455267209,5.594883007991981,107.23424309527243,0.3131259032530182,12.155404149634448,4.2243324414462915,80.51645072807216,0.4134527744464151,0,165.75551113137882,BW-005,2027-09-21 14:08:13.785939,37
94.18469852607342,23.382969024109126,21.930795527065513,29.03742821531993,1.2378139391912355,3.367749469521549,97.83802603711064,44.081931867550736,74.46970939022465,8.23734900713787,50.736134801554975,14.459998695808935,528.9479187000945,0.0018905452968933693,0.62,48.046250555351875,10.398580196010956,0.0018905452968933693,2.3414103903554153,4.318998853288437,78.04421208581394,0.35166040353133304,11.71862065948073,4.180232844688941,74.46970939022465,0.4069167402441105,0,159.7993726292827,BW-005,2027-10-01 14:08:13.785939,38
60.784421298970145,26.028208053380773,24.2778977978117,45.56733427922648,0.7465890264926212,5.20346112096721,81.01521443293876,35.377617571524695,84.267072072905,10.538987962715462,46.28045981294544,14.343515735026363,564.3677676642883,0.001771894245730287,0.61,42.769729123929665,11.38232235012863,0.001771894245730287,4.2936576508904105,3.7703861560917624,117.71427714141203,0.26831684004307965,13.353293525590042,4.592600371935327,84.267072072905,0.45020057054230317,0,182.09036625804603,BW-005,2027-10-11 14:08:13.785939,39
92.16436984244527,26.751766086800295,19.52617427060264,33.56542137945906,0.7552289617167753,5.069893071379087,80.04205979737837,48.90976918355301,76.42379165182446,10.14511710964098,51.218630702231195,14.747683128855384,502.16870656932116,0.0019913626375321664,0.6,48.30746784145763,11.08779060011585,0.0019913626375321664,0.0,3.495275356926349,111.52369543310975,0.2710324558528436,11.197202481325567,4.025765205019147,76.42379165182446,0.4053965841435445,0,152.68912474534864,BW-005,2027-10-21 14:08:13.785939,40
70.18882001830195,23.579477048983264,24.674836728309273,33.873862362251174,1.921599206009458,5.095906768295868,91.11807721983493,44.85043708041017,92.75350040035963,11.608230660466559,46.72521216879198,16.360956073953247,538.4457698642993,0.0018571972443056296,0.59,42.757823329092815,11.368248532308659,0.0018571972443056296,10.77561718915839,3.477313957841444,115.3255720814108,0.24369584677181327,13.408580702885681,3.243174699067054,92.75350040035963,0.47071206562715523,0,182.84428231207747,BW-005,2027-10-31 14:08:13.785939,41
65.05480567788021,27.842152809101194,20.76766368257117,42.54897447316448,1.008454889259232,4.3507955804899145,75.98142457031881,41.153101747126726,70.43031011347288,8.264491155496772,47.602676723753696,15.245996743418248,549.6454552495003,0.0018193546229652176,0.5800000000000001,43.7657428572325,10.74659008671959,0.0018193546229652176,0.0,4.744534635678233,73.83781822651117,0.2566871160966237,12.621440361285304,3.8849826273360746,70.43031011347288,0.399661336953093,0,172.11055038116325,BW-005,2027-11-10 14:08:13.785939,42
65.72325581669256,27.14733511147744,21.70633079083756,39.81252970144421,1.3496655276299399,3.12700347755491,89.00605880848511,39.970714878541855,60.80750264003484,6.958056385439744,45.25223158410193,15.536464807253672,561.90662799155,0.0017796551067111423,0.5700000000000001,42.58840181090338,10.419461199263864,0.0017796551067111423,3.9432948158816084,4.459942853395296,64.56054646147213,0.3709034754111856,13.177196454175128,4.240557634201686,60.80750264003484,0.3712636638642478,0,179.68904255693357,BW-005,2027-11-20 14:08:13.785939,43
78.87025237563498,24.974916835891236,26.786854969107452,26.106549938962573,1.5022709929368578,3.9816635494843617,77.26587676039426,38.38115498267412,57.81004807754795,7.691168127895316,47.97713838230614,15.35216810492704,545.2643907893175,0.0018339726871810082,0.56,43.43610227613888,10.194680449061341,0.0018339726871810082,0.0,5.1451609600911015,115.43377489553538,0.4711791308025821,12.068969527631554,4.41187323542324,57.81004807754795,0.35627947749528843,0,164.57685719497573,BW-005,2027-11-30 14:08:13.785939,44
95.83248405594315,22.346729182119184,19.687840070804,41.19916648084875,1.1559224723669264,5.324575206545868,73.89118773970081,44.07507520500707,88.5842692717147,9.835979655525923,53.22691265320514,14.451194508862137,490.8736557299959,0.0020371840866319543,0.55,50.50329232932107,11.253066925260791,0.0020371840866319543,3.52902662941596,3.8019750103526793,173.44369545649653,0.41396721140252934,12.809654330742536,4.747119204545226,88.5842692717147,0.4425429942913811,0,174.67710451012547,BW-005,2027-12-10 14:08:13.785939,45
76.14194483254754,22.821799807265414,24.081240488613457,27.037087468713054,1.2149306844658105,4.899850446998986,94.32162018835524,35.89502867852476,92.79835970913011,11.554045821039525,48.059663615509585,14.085797059579019,549.3042227562285,0.0018204848216573468,0.54,45.0463956541129,10.768922341975111,0.0018204848216573468,0.0,4.4479890398988475,90.58095452938767,0.2,12.227563399370698,4.52849124170476,92.79835970913011,0.47411913252396887,0,166.7395009005095,BW-005,2027-12-20 14:08:13.785939,46
90.54461195846628,23.54958614732298,23.76943401815673,47.80838326552406,1.5299756350310558,3.889322174338192,78.40402356326139,37.92033811184216,55.9486898223928,7.623462685048166,48.51331607833891,14.778705353612922,532.2146123422538,0.0018789412707010105,0.53,45.554461701814695,10.703829726531069,0.0018789412707010105,0.0,4.139314497358045,85.47882861058717,0.36036481116733377,11.87674716025624,4.784224031382163,55.9486898223928,0.3461600164439855,0,161.95564309440329,BW-005,2027-12-30 14:08:13.785939,47
93.65427085220794,24.489085639363275,27.214331077510263,24.972220150591724,0.6843667738133674,4.565653385782435,89.91113436778768,42.62201027223628,76.51628514950113,10.262576876145731,51.05586852100688,14.723715326940574,520.8916624185003,0.001919784999738716,0.52,48.948623337609284,10.238007907846614,0.001919784999738716,0.0,5.328775730804585,130.77648831597742,0.3488834137202697,12.083402884719561,3.855681141254106,76.51628514950113,0.4113217825572205,0,164.7736757007213,BW-005,2028-01-09 14:08:13.785939,48
68.12282371680249,24.41171154769132,28.14893853990916,32.31038521891033,1.4819317902731943,5.1584106939401435,80.0849601573874,40.80567354629521,80.511863554479,10.327777872490937,45.34541772658975,14.501385856280612,577.6225007059976,0.0017312344979251199,0.51,43.06278663575227,11.007198156599802,0.0017312344979251199,0.0,4.130555893600657,122.15366830325216,0.2866115723664338,12.593313411014071,4.125308239342618,80.511863554479,0.4416596287267293,0,171.72700105928277,BW-005,2028-01-19 14:08:13.785939,49
88.37257179213934,25.517094124530047,22.286903618041634,37.84928020112506,1.0133983891846192,3.239367370902001,82.53908630759581,53.85825422783513,53.65738426090879,6.684360575222251,49.1968486468088,14.80775543947924,536.9380670783221,0.001862412187389448,0.5,45.04125469244207,10.537401515141614,0.001862412187389448,6.3255150642281075,4.455312536157378,61.18832788355569,0.3532307682027188,11.731915164402233,4.224979014194167,53.65738426090879,0.33993936765985927,0,159.98066133275773,BW-005,2028-01-29 14:08:13.785939,50
63.35494954208048,27.956823869116086,19.52618944359013,25.736361212065376,1.8177961238107339,5.164535339530271,72.64379708501673,51.926360255617475,78.5456735864049,9.379286431080876,46.439852579277265,15.541791551554997,552.9333373481528,0.0018085362781632265,0.49,41.459347898090144,11.584146950540681,0.0018085362781632265,4.81139375440544,3.5990063501670226,144.4401290718371,0.3727321277255269,12.952671446639775,4.810746376524855,78.5456735864049,0.4276989131591288,0,176.6273379087242,BW-005,2028-02-08 14:08:13.785939,51
72.0733864357158,25.901781844441047,21.948068755946792,33.39490249906731,0.8931694580251948,5.460878881827532,82.12329543228871,39.43002101707705,97.04523546151646,11.21163424330672,47.4775472721756,13.932100075632597,554.8395195913893,0.0018023229504928713,0.48,44.09658310200341,10.11498852789375,0.0018023229504928713,1.9053210089244188,4.634474120914579,150.14072805199513,0.3065328794568387,13.075649354319705,4.730858810165373,97.04523546151646,0.4899359740824716,0,178.3043093770869,BW-005,2028-02-18 14:08:13.785939,52
73.72176023172041,24.46420240351926,26.644992829108116,36.27686866163501,1.9153478257354655,4.536070167326278,86.46525266780421,45.766527440198246,81.53797301760886,9.805311328418888,48.81805127171114,15.686135658303996,520.5022447514297,0.0019212213013174585,0.47,46.72248098412636,11.428967749372358,0.0019212213013174585,10.67707112118984,3.811005635134158,102.24718564028237,0.28735597008841285,12.281689032059358,3.8707787922560266,81.53797301760886,0.42794391681745847,0,167.47757770990034,BW-005,2028-02-28 14:08:13.785939,53
61.67521575355102,25.01840993579217,25.01069746598062,46.08472766578257,0.5737377854321414,5.706736869288694,96.27151109676818,51.02833621817254,110.32816118970815,13.734904545951565,46.3933268418632,15.331420546510817,541.7590314384382,0.0018458390944491954,0.45999999999999996,43.20055123393126,10.679881403039246,0.0018458390944491954,6.666159139319949,4.491264796219825,198.99234932626837,0.31734590503039484,12.541917313920957,4.166772464655496,110.32816118970815,0.5302882467305586,0,171.02614518983123,BW-005,2028-03-09 14:08:13.785939,54
82.93998339740864,27.121779571167743,20.903132737430838,45.0310163645745,0.5285651139114378,5.830284321795856,72.9548392503821,40.30246522891479,91.12299736186553,10.633686387015992,50.33418585681855,14.48515188018347,523.4240060055098,0.0019104970129884978,0.44999999999999996,45.76033002061154,10.667981634263434,0.0019104970129884978,7.776633403470412,4.599474731258315,151.13686345884435,0.30472412317034336,13.658851668472924,3.209645281881531,91.12299736186553,0.4607705263412047,0,186.25706820644896,BW-005,2028-03-19 14:08:13.785939,55
89.2981851653492,27.59867932701192,25.886371939680746,34.53670185553075,0.567321524709077,4.515497134568197,92.44104218024766,37.77919810497833,83.39708602604037,10.435431527035155,49.910710651180295,14.979370173674969,520.2588713738563,0.0019221200348958649,0.43999999999999995,47.190029151993656,10.476724733749501,0.0019221200348958649,0.0,4.506519611454656,113.87236439783138,0.30207331907436946,12.98681093045416,4.942594920613184,83.39708602604037,0.4340679481656248,0,177.0928763243749,BW-005,2028-03-29 14:08:13.785939,56
96.80455253290515,24.82177733614945,18.347960932031377,40.55570571189028,1.2227558803643872,3.7572414389296807,91.95328285113017,38.29468017775448,62.62567018048759,8.637267119347205,52.27042835537412,15.167163527276752,482.05630436007095,0.0020744464722383385,0.42999999999999994,49.583078513639926,10.22158826306925,0.0020744464722383385,7.035437126739223,4.871858250047868,99.42954659672115,0.382983459217627,11.685290171570957,3.093159884173083,62.62567018048759,0.3533691252429799,0,159.3448659759676,BW-005,2028-04-08 14:08:13.785939,57
64.97381269769643,23.28563085586156,18.773888165470154,37.78304495300576,1.433044218878014,4.049585082667436,91.2497214723391,42.35694362285602,69.81301475770731,9.238087771798572,46.45609055021782,14.6287566111152,539.5869443987198,0.0018532694506060265,0.42000000000000004,41.95434074883471,10.593868673951471,0.0018532694506060265,10.88295824681645,4.699485595444829,118.4815797616093,0.3958842618445816,12.483419980866143,3.868142163631961,69.81301475770731,0.3945861325119736,0,170.22845428453832,BW-005,2028-04-18 14:08:13.785939,58
80.22969193421778,26.90261279801569,28.332105855696163,38.774985520395035,0.5191347195611458,4.66578996782382,72.9979563116323,51.10035386469256,75.36906165696985,8.514828305761386,48.819916125614704,14.649355214604226,492.87187474485376,0.0020289248610862055,0.41000000000000003,44.07348548195971,9.271802524377751,0.0020289248610862055,0.0,5.662316847354576,114.32149765432924,0.35969701854853653,12.588800230905413,4.260014270893047,75.36906165696985,0.399091767946689,0,171.6654576941647,BW-005,2028-04-28 14:08:13.785939,59
87.80918622990943,24.507995301522108,24.786689798716644,39.57793444845323,1.025354921490615,5.1761688049854975,76.28982766335102,52.693499699067,72.6266460226137,9.87222565221893,49.29556310984012,14.59723665874474,530.4505649493412,0.0018851898104689574,0.4,46.26187738587649,10.148187846358283,0.0018851898104689574,0.0,4.810715280333534,133.7253791399322,0.32711491479263644,12.706032498492387,3.708531442655252,72.6266460226137,0.40122398956018135,0,173.2640795248962,BW-005,2028-05-08 14:08:13.785939,60
96.68394020687177,22.803849200498686,26.058141687372448,24.10462991895793,1.8869766581077712,4.848672754820859,82.86175425254444,38.64670367156439,77.26851500614255,10.044238256524341,51.287477230860276,15.497175759907712,525.0875895141879,0.001904444172685936,0.39,47.748052726320445,10.054467037990285,0.001904444172685936,0.5851929098850823,4.735179366432622,135.13543221884157,0.3468481386931032,12.332777655828561,3.819676956219188,77.26851500614255,0.4150879935413982,0,168.17424076129856,BW-005,2028-05-18 14:08:13.785939,61
64.50016532952365,22.56930538088545,21.996091596626933,32.96559086493794,0.821450108484318,5.42902277426422,90.87032989646016,50.31568585431449,93.11647411179489,12.333427262819626,47.577296199372,15.271516139644826,533.8344513119251,0.0018732399108795797,0.38,45.38279354301343,10.383096290098354,0.0018732399108795797,0.0,5.0674895994582245,157.00128844958712,0.2930945811854651,13.058917973769775,4.107672165004441,93.11647411179489,0.4705385824328938,0,178.07615418776967,BW-005,2028-05-28 14:08:13.785939,62
83.40486643708499,24.657484588251783,18.410107068493048,31.671649494127216,1.7156493703597557,4.323603306638797,91.494287879265,42.72987445727827,81.92819642146178,9.889625140333806,49.276832165109155,15.204842671873275,523.3093621513999,0.0019109155545944305,0.37,45.23888216916849,11.32222524162981,0.0019109155545944305,4.21336534824058,2.97624629829726,77.793439787505,0.22741929951830553,12.717271758009257,3.150044177785836,81.92819642146178,0.43008679671695926,0,173.4173421546717,BW-005,2028-06-07 14:08:13.785939,63
87.58806139447475,26.349225121479282,26.377403089002282,31.4633525131928,0.6494958831151638,5.928041776796382,79.31802914185988,44.219391844250794,87.9222821538446,11.755014760152457,49.54121562075028,14.919934930201032,538.1213587269237,0.0018583168718033774,0.36,46.41333589182829,10.382930410253902,0.0018583168718033774,0.0,5.293281022422434,173.3229042178452,0.31090774162575235,12.83852211589204,3.2790535611193388,87.9222821538446,0.4545106814642258,0,175.07075612580053,BW-005,2028-06-17 14:08:13.785939,64
70.89868736132384,26.990711801110955,29.765649573396853,35.852328353797475,0.5145505323845634,5.022004113209561,86.24518846367464,51.86855591418099,88.4969443640807,10.828092280227693,48.25316367045824,15.515826887287588,547.9540802790699,0.0018249704418492616,0.35,44.36196089235025,10.638600947960306,0.0018249704418492616,0.0,4.283273192093932,144.76522071754454,0.33277082043773587,13.488776999628149,3.8182875758352446,88.4969443640807,0.4593760386306567,0,183.9378681767475,BW-005,2028-06-27 14:08:13.785939,65
65.60179248536916,23.932483451897596,24.943024183115398,25.802247499327535,1.9150359480648225,5.568855384140287,73.37148924786128,41.95475671118631,86.22507649053021,10.214880323508586,45.43134977011485,15.425359697230324,560.9089154962503,0.0017828206547854115,0.33999999999999997,40.64350781505742,10.989843784471358,0.0017828206547854115,5.033304369864581,4.246878775948615,153.63667207640353,0.33760252140751545,12.621120090031164,4.400376518588106,86.22507649053021,0.45568959628397576,0,172.10618304587953,BW-005,2028-07-07 14:08:13.785939,66
74.60334693137602,27.47550530754894,27.36626163308426,42.130494540373945,1.410079369673348,5.629262830813478,76.04965633800677,36.56484197160046,88.279028723629,10.702587592992005,49.08236506186715,14.671482381491337,515.6717997230292,0.001939217929964576,0.32999999999999996,45.518561800394956,10.263748662191464,0.001939217929964576,0.0,4.576839882718443,202.7237169034463,0.4206048304416398,13.18891004615792,3.182132364164362,88.279028723629,0.44896496899567206,0,179.8487733566989,BW-005,2028-07-17 14:08:13.785939,67
85.07135268207378,25.82801941129749,25.544656644306986,37.28947755356067,1.9796210277243333,3.487956654569702,95.63037948348146,48.735355911943394,68.99392294317953,8.338865462460877,50.75526113805269,14.850151971667843,506.13228116449693,0.0019757680693656293,0.31999999999999995,47.790873704209275,10.082909145668182,0.0019757680693656293,0.0,4.770344001776553,69.21327029492134,0.29745504324203703,12.035176001016463,3.4167673580176507,68.99392294317953,0.38181942749328085,0,164.11603637749724,BW-005,2028-07-27 14:08:13.785939,68
89.29162269702785,26.661678330355127,28.46955378100409,29.17535430542038,0.6257062386425911,4.5602480496497515,94.90750578344155,43.384984986379315,83.46217150963005,10.820044203651545,51.969619214056145,14.636612931083079,503.99846342504503,0.001984133033272076,0.30999999999999994,49.88424703852438,10.251003052714248,0.001984133033272076,2.629842939192118,4.816514312863134,141.9672954768857,0.3596506260957542,12.648357721781998,3.807513220956693,83.46217150963005,0.42940677739294697,0,172.47760529702722,BW-005,2028-08-06 14:08:13.785939,69
79.31577746394395,25.084484173715637,27.95018135939901,34.65080590277606,1.356279538316469,4.515492054879944,85.93992378019527,51.11161652882467,73.20563529367823,9.701526075661492,48.01974926272869,14.333425995761395,538.5960838733112,0.001856678928685305,0.3,45.02610781885932,10.723561703292013,0.001856678928685305,1.193566480860206,3.978980184376597,132.08502877033575,0.3768933462202812,11.771737553839161,4.7423740927006355,73.20563529367823,0.4055976094742541,0,160.52369391598856,BW-005,2028-08-16 14:08:13.785939,70
81.08283754053834,22.229216702544345,25.382578759162968,43.87303885858205,0.7362508221137057,5.374058170957003,87.44099671613725,50.61570966730953,98.06370993858235,11.747825071974546,48.91508966718433,15.649574910273834,531.4605351965475,0.0018816072573106012,0.3,45.04754206194618,10.709941987937578,0.0018816072573106012,1.035253552819759,4.420539128315846,156.1240718277358,0.3091149773959706,13.259214293972294,4.073109342021599,98.06370993858235,0.4863171936875721,0,180.80746764507674,BW-005,2028-08-26 14:08:13.785939,71
83.77326935706384,25.561663266678487,19.970219568676306,26.963125769537665,1.9700779144647271,4.228343812881928,96.28941909746527,40.95959589324539,76.13611250606984,10.178619237169055,50.23353848392957,15.58920965878186,510.64553110252746,0.0019583055937861913,0.3,47.95980396001681,9.592883222069977,0.0019583055937861913,6.1158045417442795,5.684819805244183,108.9472909212304,0.3164224485194504,12.532907730987962,3.696549230726383,76.13611250606984,0.4069807010176577,0,170.90328724074493,BW-005,2028-09-05 14:08:13.785939,72
75.74876678612151,23.364530372341175,20.0558945334525,40.022441125997645,1.4141679459909182,3.035614040008078,79.01966921682232,46.56150098369663,51.125541424101556,5.996830432784499,48.06279998037075,14.913979320367265,522.5663162903111,0.0019136327176596114,0.3,43.94242846718031,10.629998275735973,0.0019136327176596114,0.0,4.190770235022263,61.87790048949532,0.4248907349306264,10.40367950049675,4.858152720513647,51.125541424101556,0.3271883663007652,0,141.86835682495567,BW-005,2028-09-15 14:08:13.785939,73
85.7420849194967,22.528036165068713,28.722415001981243,33.34239352341716,0.9700541096455368,5.629794356505056,97.37455162691106,40.31948129308224,98.43025846940466,13.704967530409851,51.299481939070205,15.006260932164894,511.225456338461,0.0019560841260962986,0.3,48.51422333195914,10.8393832464129,0.0019560841260962986,0.0,4.206826306092176,160.70465807092822,0.2603562069386312,12.465231572388303,3.5814877317813476,98.43025846940466,0.48146849846622053,0,169.98043053256777,BW-005,2028-09-25 14:08:13.785939,74
78.49445788990957,24.34039639448577,28.36292403766975,46.30226340474941,0.9551798246744093,4.386421419809702,86.47432045724354,53.98224913776494,72.0086252882269,9.482820287928535,50.41138032818929,14.357200442973614,502.0932137755132,0.0019916620511168707,0.3,46.01264439588328,10.469117196368366,0.0019916620511168707,5.979706180880242,4.962670848782275,133.09151894985305,0.3999562804304735,12.283987488286341,4.924583083345174,72.0086252882269,0.39065671509341027,0,167.50892029481375,BW-005,2028-10-05 14:08:13.785939,75
94.5574322983982,26.6891387771984,29.16969206813714,29.898007492461307,1.3654387251814686,3.02432459065864,70.27757567307707,44.21132015124512,49.68048028116621,5.313555006999009,49.567768373792894,15.083246563557562,526.7094684884919,0.0018985798809915435,0.3,46.56974941420192,10.845996417395366,0.0018985798809915435,0.0,4.387282401142316,59.765876072633326,0.4648894829777755,11.822750967605261,4.050404400461594,49.68048028116621,0.3236144414837683,0,161.21933137643538,BW-005,2028-10-15 14:08:13.785939,76
70.98178338961779,26.944566942906246,18.06389028685277,37.55565990927351,1.008805146907877,4.465004739013004,70.67709089720329,48.73854833548605,65.68288432845887,7.889338644891638,49.19000387572245,14.797921420260348,528.3896155501626,0.0018925428709623555,0.3,45.76342431084387,9.912568881485466,0.0018925428709623555,1.459557927475296,4.744537976258604,106.18183733367225,0.37678857576941355,11.35493843514504,4.110165202875303,65.68288432845887,0.3774598324265783,0,154.84006957015964,BW-005,2028-10-25 14:08:13.785939,77
72.90734828311281,25.869437943189503,28.217813391767926,38.62068939343983,1.7797594679700837,3.902757219496256,75.01402944607922,43.14347477197751,49.71931539976834,7.319038624604761,47.93789711534503,14.164119363335917,537.1035619943743,0.0018618383320467983,0.3,43.036942061260916,10.24011567709956,0.0018618383320467983,2.4810457191965876,4.603593757531112,84.73539291623837,0.3708081626707279,11.998346551089902,3.7366207641734634,49.71931539976834,0.32686211993087344,0,163.61381660577138,BW-005,2028-11-04 14:08:13.785939,78
70.5838844752412,25.117011128589887,23.406438468804915,24.279477588074307,1.3352182147111102,3.6968200943715024,86.04402930757504,38.9765706057296,57.474133030225836,7.9522324136233475,50.29791431562107,15.105004154011295,522.4851400501888,0.0019139300304386497,0.3,48.17645084263616,10.087206885872959,0.0019139300304386497,4.517681851045466,5.110919394909434,97.51680812623798,0.4146408730011609,11.755578548620344,3.887889920653438,57.474133030225836,0.3483259854491427,0,160.30334384482288,BW-005,2028-11-14 14:08:13.785939,79
86.46097296584699,25.55148642651442,26.835358785401056,37.71214868287385,0.6001253822761354,5.012924128457355,92.61813053324272,37.207884684998675,93.00826425045112,11.607191532067633,50.58430992915563,14.929723257248785,522.1630776539538,0.0019151105139278283,0.3,48.54901464605464,10.537135320891625,0.0019151105139278283,0.49674618286055666,5.253865421692051,156.8855050064917,0.33703464871464855,13.291492100406034,3.5310883696064828,93.00826425045112,0.46667647079768987,0,181.24761955099137,BW-005,2028-11-24 14:08:13.785939,80
64.65782096338846,25.578847465263713,21.29975030368368,25.91148309683438,1.1444041151728201,4.403407236112018,72.1261510196462,46.96364891084005,64.52578035607128,7.940020382820457,46.067432008267566,15.192855420265726,557.1703973309142,0.0017947830767579005,0.3,42.060191957680715,11.362603411545342,0.0017947830767579005,6.0820858024528865,3.626329902533987,115.45200407980717,0.41276324682475557,12.248780683810892,3.950395438913899,64.52578035607128,0.3822370537195119,0,167.02882750651216,BW-005,2028-12-04 14:08:13.785939,81
82.17290392334621,23.97247593009764,26.645204426709334,39.45049459442987,0.9992275416375079,4.552383028152874,97.73063038581401,45.981664451374456,80.40502653254725,11.12268157747653,48.51604548941253,15.146676018161491,545.4892632245212,0.0018332166504776905,0.3,45.32218632080853,10.435298801282364,0.0018332166504776905,0.0,4.002233579503375,141.09862168768777,0.3483248706543498,12.685160864903166,4.6538980501682214,80.40502653254725,0.4316635340758472,0,172.97946633958864,BW-005,2028-12-14 14:08:13.785939,82
90.19490115634242,25.892170255198213,25.649344544614827,37.28226481888963,0.5170845021328292,4.748995439154947,82.04959377293142,53.981592063656336,74.28260750392516,9.741328665304184,51.259054535718995,15.010944410582418,523.801369159293,0.0019091206302209768,0.3,46.32126893889307,10.040298950688747,0.0019091206302209768,0.0,5.6566811446476715,133.1084573088555,0.35966296006715504,12.906179143036889,3.7647291958334215,74.28260750392516,0.4047491024275385,0,175.99335195050304,BW-005,2028-12-24 14:08:13.785939,83
87.86028733907557,24.25625074665494,29.31131652190387,43.63163450585293,1.3815417042969682,5.5326287573286965,82.9718908055527,51.57334287067188,96.52258029931816,11.476316728018434,50.49599510784545,14.637569458099973,523.8520157351414,0.0019089360543867756,0.3,46.00544620799237,10.433731721275514,0.0019089360543867756,0.0,3.9866487311684984,142.6718866603176,0.2808758255783298,13.34487870066289,4.077638734499338,96.52258029931816,0.478897539051603,0,181.97561864540305,BW-005,2029-01-03 14:08:13.785939,84
70.08727927277077,23.222304359665998,22.08461805213059,35.43763064592044,0.9440982650584206,5.468664204880506,75.66610560288564,49.02282262767154,77.64782342727368,10.344813080830225,47.56714355376162,14.521970724158303,540.1707264653388,0.0018512665551937626,0.3,42.790555588820936,9.822419282625944,0.0018512665551937626,0.0,5.1258319070548195,198.00470287784282,0.4375035825239986,11.637138061234197,3.941010157984654,77.64782342727368,0.4208772960305139,0,158.6882462895572,BW-005,2029-01-13 14:08:13.785939,85
80.59717981569932,22.992222553079117,29.732553753906,26.590189319159855,1.897916209481558,3.8890442306417423,91.76704742679844,39.596520835850725,66.0936740298274,8.92215265895544,51.40721376102878,14.350948048156422,494.6773278838808,0.0020215197738650704,0.3,49.11124163083035,10.004811060502243,0.0020215197738650704,0.0,5.096881707598235,134.3281610074435,0.4839099476539582,11.299061522719112,3.278375605515974,66.0936740298274,0.36871544513125554,0,154.07811167344244,BW-005,2029-01-23 14:08:13.785939,86
96.5431204561078,25.152162890916987,26.698923262033013,34.46515915134211,1.4450518663136573,3.0027175057382705,91.457105604479,38.423694876702505,53.66372478137028,6.86549630056807,52.79569464411975,14.487017591259612,505.39665358022467,0.001978643888747601,0.3,49.84590559888181,10.410846516501387,0.001978643888747601,0.34952514201726814,4.534434387283846,62.86455701155932,0.3811794325472046,11.779068847430716,4.8177748807729355,53.66372478137028,0.330498078678635,0,160.62366610132796,BW-005,2029-02-02 14:08:13.785939,87
73.62303749684474,23.80695411871267,24.938757434034166,35.955112180415526,1.3693045537249717,4.139701566968112,84.27718982419603,35.89140081425262,67.8775117445189,8.722060369372334,48.65074463962841,14.984868471201507,544.9050126403466,0.0018351822369085627,0.3,43.71593618163144,11.736959533449657,0.0018351822369085627,0.0,3.5286173628101314,94.88844749482446,0.32849989266509,11.907529102408368,3.3630159232429913,67.8775117445189,0.38972987627383365,0,162.37539685102323,BW-005,2029-02-12 14:08:13.785939,88
71.46642325148092,24.20174699090197,19.00677552754691,25.254632934532935,0.8801856945095243,5.911719997882082,91.48189160258674,41.463881306486726,105.46607509854871,13.520383200777323,50.31878638779672,15.346911726929552,499.883884514495,0.0020004645698295225,0.3,45.594681758789555,10.938926499850979,0.0020004645698295225,0.0,4.144868252680773,179.2071409683623,0.280260871085303,13.635375543892465,3.3763999633597246,105.46607509854871,0.5015187490161775,0,185.93693923489724,BW-005,2029-02-22 14:08:13.785939,89
62.96987437322183,22.622648251808442,27.755140864727245,24.932968728400542,1.4884141909021142,4.878734468289099,74.39119199766904,38.778596275299044,63.08452597713932,9.073371813403503,47.61200949220428,14.897822136677176,547.4661175585579,0.0018265970585714618,0.3,44.68356475461968,10.646913895593364,0.0018265970585714618,1.6799496483370964,4.902854476513439,128.43821090096856,0.36268397814170833,11.172123808717792,4.908691903246602,63.08452597713932,0.3745215885246984,0,152.34714284615174,BW-005,2029-03-04 14:08:13.785939,90
70.90230995261602,27.229274084248758,23.819907414929993,31.333835023867817,1.2764584035341517,5.578303748500653,77.68764771667217,42.60389995950355,88.51398447608216,10.834132411752764,47.344905010881256,15.407877243326034,545.1562061202932,0.0018343366337451946,0.3,43.228117641551776,9.960641462636572,0.0018343366337451946,0.0,5.1083766586784485,167.11303688888927,0.3456400400543261,12.383145752078065,3.8788964465858404,88.51398447608216,0.45859347675636175,0,168.86107843742815,BW-005,2029-03-14 14:08:13.785939,91
75.27832076181076,25.38580638801898,19.37439441991618,47.92777206750122,1.1383338165450763,4.0251356380250645,90.51098637173862,35.39366430762827,77.05315146387616,9.107974921942152,48.89422155055398,14.490565021466633,538.6941502534171,0.0018563409302469157,0.3,46.13448546143323,10.020400389976983,0.0018563409302469157,0.0,4.759351050186713,92.92904626639555,0.31685396576562497,11.548602739417001,3.142413435082465,77.05315146387616,0.4184520832889457,0,157.48094644659548,BW-005,2029-03-24 14:08:13.785939,92
73.92922558829474,26.26125908989759,22.36679287794399,43.99858332069019,1.181406086540638,5.206927980034096,84.61048121548718,51.26364294568923,88.24499622603544,11.014017051126737,47.86161285912058,14.80694361195693,527.1399207800173,0.0018970295372816464,0.3,44.38756558831422,9.912450502129742,0.0018970295372816464,0.0,5.204076366164117,126.98569097586815,0.27678177124601355,13.126418045569356,4.450824246385941,88.24499622603544,0.4522919636541233,0,178.99660971230938,BW-005,2029-04-03 14:08:13.785939,93
88.7823365306174,22.64471929865132,28.153430226661342,41.657231682674634,0.8175751676929486,4.080426342416814,83.95105974192018,48.79792006626722,72.97918333210507,8.563902891118468,51.332571371406914,16.303429581574886,510.4000355553062,0.0019592475124184066,0.3,47.59268542980158,10.893110718232945,0.0019592475124184066,1.61266505097564,3.939249410148353,102.17471867023788,0.3654905790060578,12.144982394480287,4.618946419230869,72.97918333210507,0.3963839551069421,0,165.61339628836754,BW-005,2029-04-13 14:08:13.785939,94
65.81144038983146,23.897754092353747,29.712847032382854,30.163957789609405,1.18419081341995,5.651993330613561,76.20958909000359,53.363863169234065,84.34583361871518,10.768402231637507,47.065122425664434,15.053091459720108,543.585680161989,0.0018396363931110164,0.3,44.314952150133976,10.95155450840134,0.0018396363931110164,0.0,3.504967945498163,153.18922134028176,0.31461926460218465,12.960018074414567,4.454794587691903,84.34583361871518,0.44422848277764726,0,176.72751919656227,BW-005,2029-04-23 14:08:13.785939,95
61.200809028693456,24.383365177397394,24.85584018519723,46.87499070019116,1.2751040674100966,3.317867734032143,73.36723215974766,40.82446637156552,51.7972111833004,6.085569307951803,45.542312661444086,15.563894013555823,554.9561647100594,0.0018019441238614888,0.3,40.965870917419515,10.272292866000354,0.0018019441238614888,1.1807828476585334,4.416918555417654,55.617578282788635,0.34431964814366506,11.539317192308337,3.8861518658668976,51.7972111833004,0.3391442200240191,0,157.35432534965912,BW-005,2029-05-03 14:08:13.785939,96
92.76429304710751,25.282765855413402,18.489420161226217,31.56019860455458,1.363324261746655,4.842551171953618,94.12960978291517,52.985006139631295,91.27805530594716,11.395686304244816,51.028614625193896,14.537457689760682,503.7130705422279,0.001985257199944282,0.3,46.31338024181045,10.736539167568875,0.001985257199944282,0.0,4.110767873913914,138.8112993275176,0.3144272143326049,12.327603700123584,4.252927710508112,91.27805530594716,0.4553741055158256,0,168.10368681986705,BW-005,2029-05-13 14:08:13.785939,97
98.02375863724498,27.154782158507402,20.74026737014617,29.282635920459924,0.8017594506708512,3.1301915357356824,80.45433927386966,38.58359349250645,38.97968532740933,6.295937295206842,51.253361903920904,15.59679326773813,510.664335056507,0.001958233484015182,0.3,46.47109339447262,9.155778142311576,0.001958233484015182,0.0,6.742065028706617,86.98246735543725,0.5517094578265418,11.45167294799667,3.232361550023782,38.97968532740933,0.28313158494164986,0,156.15917656359096,BW-005,2029-05-23 14:08:13.785939,98
96.89995585210013,27.115996918610325,27.298601187035384,33.425642741381466,1.2565710564481503,4.941210498776622,83.9281710797302,44.906352938678175,85.72887112162584,10.367669002057083,50.194504736448586,15.07215500971754,514.8911753002,0.001942157970404065,0.3,47.87385461118749,11.447385361637568,0.001942157970404065,3.9046978200021023,3.4757671053959975,94.43388662134807,0.23042171163792158,12.85838344957025,4.880352126602113,85.72887112162584,0.4402302563288128,0,175.34159249413977,BW-005,2029-06-02 14:08:13.785939,99
78.57326979180611,23.520388645356235,24.060336553785206,24.731917148466106,0.6977155602461887,3.64420537536469,85.49992779531622,49.720347367306715,61.873859709026476,7.789482411624606,46.95228470114148,14.660055730131907,535.5726009810769,0.0018671604898536109,0.3,44.735239171449024,11.315549708536988,0.0018671604898536109,0.0,4.063607073191928,94.96940343294726,0.4181983139124201,11.437378705798652,3.462177844269137,61.873859709026476,0.36691797932441134,0,155.96425507907253,BW-005,2029-06-12 14:08:13.785939,100
