steam_volume,steam_pressure,injection_duration,soak_time,production_cutoff,spm,stroke_length,vfd_frequency,rod_load,motor_power,reservoir_temperature,reservoir_pressure,oil_viscosity,oil_mobility,production_potential,wellbore_temperature,wellbore_pressure_drop,fluid_mobility,estimated_flow_rate,pump_inlet_pressure,actual_production,pump_efficiency,energy_consumption,sor,rod_load_actual,failure_risk,is_anomalous,motor_current,well_id,timestamp,cycle_id
74.9816047538945,27.704285838459498,26.78392730173686,38.36780362072888,0.7340279606636548,4.560490503335981,95.5654450095562,46.03813677548971,92.29796011539197,10.895632610328947,48.67685893221676,15.135789418597687,532.0957283831196,0.0018793610748176874,0.99,46.02983347502361,11.213241608394592,0.0018793610748176874,6.217055689024554,3.4598804621170127,105.86628222331329,0.26631993024778794,13.13170884503175,4.220450298955282,92.29796011539197,0.46728858556624253,0,179.06875697770568,BW-001,2026-09-26 14:05:04.020636,1
66.2397808134481,22.348501673009196,28.394113749299223,38.42676028183701,1.5621088666940683,4.210448598637191,74.02045685351922,35.57565352626678,63.16230642841769,7.791483220734617,45.659218546196904,15.526576426666452,543.7506402474171,0.0018390782943170064,0.98,41.705519615072426,11.534316127378021,0.0018390782943170064,1.7890390703427173,3.239401117616171,103.24495235503879,0.39339635497349335,11.783152843071079,4.313910312534279,63.16230642841769,0.37366621350228413,0,160.67935695096926,BW-001,2026-10-06 14:05:04.020636,2
60.823379771832094,27.819459112971966,27.98931168960506,29.096138656278626,0.7727374508106509,5.265411767020857,88.60928654060393,49.08159536198447,91.14462436978452,11.66410950045547,46.08395181191816,15.01415918806523,557.8543345997452,0.0017925826474351762,0.97,41.471691460906385,10.75720249970223,0.0017925826474351762,1.9126994486326785,4.344977506027728,142.16150579981976,0.289339748902187,12.863919194404033,3.523411367471812,91.14462436978452,0.47117171494587196,0,175.41707992369138,BW-001,2026-10-16 14:05:04.020636,3
67.33618039413736,23.825453457757227,24.297077179586854,34.36668044741078,0.9368437102970628,3.0436339970036457,80.51762676419791,46.79835373709266,47.301694042390686,6.126654654439085,47.13018319861635,14.741977635891313,551.8419488762689,0.0018121130552621594,0.96,42.91483557086237,11.47680051897637,0.0018121130552621594,0.0,3.812425631510137,64.50058478437784,0.4323722749063259,11.515862069132545,3.499092399699012,47.301694042390686,0.3232248981375163,0,157.03448276089833,BW-001,2026-10-26 14:05:04.020636,4
84.47411578889518,22.83696316391225,21.50573578242262,32.7926842390486,1.1841049763255538,4.176732135299197,83.12424766071187,53.08317388987497,70.43821538127999,8.67969291067661,49.76723814527526,14.782751886283842,516.7977829126249,0.0019349928213006093,0.95,45.343700319451486,11.178724159025446,0.0019349928213006093,0.0,4.037715723110076,117.74635623867461,0.40599109292969215,11.778748117748728,3.89947968490108,70.43821538127999,0.38983338614472074,0,160.6192925147554,BW-001,2026-11-05 14:05:04.020636,5
91.40703845572054,23.198042692950157,24.17081326096334,38.217949652689015,0.5696756190799965,5.350959038223429,81.8962834696381,47.44173400455747,76.79040250510155,10.955591455719201,50.40188364488944,14.760625689168261,518.7016674742497,0.0019278904671144975,0.94,47.09513370045064,10.911206803478697,0.0019278904671144975,0.0,4.126466132562766,148.15309825717299,0.3159026696150807,12.371508975921252,3.125306406910709,76.79040250510155,0.4115785085926134,0,168.70239512619887,BW-001,2026-11-15 14:05:04.020636,6
84.30179407605753,23.023144742123748,18.780619115823356,46.77325289408,1.948448049611839,5.587091126240235,98.48561870972927,37.94146961858076,109.97603397790684,13.75620315888519,50.90102523698215,14.90656417791932,503.68174463886055,0.001985380670718966,0.9299999999999999,47.92726774728134,10.431872811052367,0.001985380670718966,0.3757023385151826,4.18472041391672,122.97145695962455,0.2,13.756030696073172,3.694686652517685,109.97603397790684,0.5176913033180143,0,187.58223676463416,BW-001,2026-11-25 14:05:04.020636,7
92.33589392465845,23.827682615040224,19.172065368076606,40.42159263629176,1.1602287406094018,3.774733164896875,83.77407268714784,54.60065150570954,67.22698125461332,7.90561926326646,50.41065303042459,15.098277388255788,530.8821748425834,0.0018836571416181358,0.92,46.324251410355004,9.832540516418888,0.0018836571416181358,0.0,4.521442449499998,90.26246661993882,0.37808988490057904,12.184003665966438,4.120336366923684,67.22698125461332,0.38335458996815275,0,166.14550453590599,BW-001,2026-12-05 14:05:04.020636,8
64.88152939379115,24.97106146066762,18.41266225338262,45.82368964989077,0.8881699724000254,4.477854281978608,79.86254830862525,47.668017086334515,70.90801424994292,8.940321347837527,47.76407394853731,15.13352513293463,522.4700539370601,0.0019139852944001763,0.91,45.08226506674785,10.29286939584055,0.0019139852944001763,0.0,4.7580387418650565,89.51644062913232,0.2795050972977472,11.95259430457338,4.461641929961459,70.90801424994292,0.3931010636809278,0,162.98992233509153,BW-001,2026-12-15 14:05:04.020636,9
86.50089137415928,23.870266456536466,24.24081625413373,37.12104670423871,0.7772816832882905,3.386639165731948,73.84137516873318,38.03805387024589,49.63830036581205,6.251852329948458,50.86476450174733,15.532740187532676,513.7295573188163,0.0019465494748230113,0.9,46.860126106082284,10.218589849991577,0.0019465494748230113,0.0,5.457140891611715,61.57067264030809,0.3635015551556984,11.82759499894368,4.13066050914322,49.63830036581205,0.3195798684150184,0,161.285386349232,BW-001,2026-12-25 14:05:04.020636,10
98.78338511058234,26.650796940166686,29.27398729877027,45.475856410263575,1.3968499682166278,3.41648151794823,89.22624234409643,38.637601687982894,64.70480173497405,7.620995197114381,51.30021931648698,16.149449061809626,523.6608940558841,0.0019096327630172092,0.89,47.74297396107833,11.109187213775218,0.0019096327630172092,0.0,3.754539503678803,82.86781821423816,0.3978369842062769,12.017966887124016,4.217054545392934,64.70480173497405,0.3727809406666788,0,163.88136664260023,BW-001,2027-01-04 14:05:04.020636,11
96.87496940092467,22.530955012311516,20.351794349029742,25.085454933852915,0.9879954961448965,4.421884920788617,90.02673215563081,38.4463974240326,78.1641083372167,9.95219623467149,51.16840684969904,15.72669223855885,506.12090119338933,0.001975812493896392,0.88,48.144663366820566,10.520636808344042,0.001975812493896392,0.0,3.9857435675688904,105.91512175999512,0.3008441813478905,12.211774432769285,3.302493657469869,78.1641083372167,0.4123832981487392,0,166.52419681049025,BW-001,2027-01-14 14:05:04.020636,12
75.54709158757927,23.628094190643374,27.94485010982315,32.56207984064614,0.9214017645310711,3.5768670564260123,71.22605848799437,38.37870126144329,46.87573306651345,6.369153554119484,49.9116358838676,14.789906591452072,515.0637785506926,0.0019415071329881527,0.87,46.08792060548727,11.086604108758284,0.0019415071329881527,12.489988101644588,4.117387813896743,71.00710444691477,0.38960749057086,11.061400887690985,4.701232115682275,46.87573306651345,0.3107715771202526,0,150.83728483214978,BW-001,2027-01-24 14:05:04.020636,13
81.70784332632994,22.845545349848575,27.626363769048474,25.7892154483145,1.980330404900776,3.266107601271167,73.61907613301803,44.21557536065451,45.2944373651529,6.011195603915273,48.97439189008898,14.540674026757902,514.2141459501329,0.0019447150722628648,0.86,44.820022661409496,10.85880506349788,0.0019447150722628648,4.086350209773255,4.225552363692934,75.68388186209071,0.4818613174023619,12.74728087981503,3.229537743738435,45.2944373651529,0.3052457016688829,0,173.8265574520231,BW-001,2027-02-03 14:05:04.020636,14
90.8897907718663,23.192294089205035,18.06626540548323,43.571074282916015,1.5602860157714256,3.6190011552173775,80.92809583144226,45.068345417097134,58.06602689830715,7.321971807588305,49.629327849027874,14.98265755630661,514.8223154923505,0.0019424177427966572,0.85,47.44852567815919,10.626212129437691,0.0019424177427966572,0.0,4.317118864226966,88.33141095534837,0.41668551787429714,12.14782287255019,3.135336723800003,58.06602689830715,0.3480001176420623,0,165.65213008022988,BW-001,2027-02-13 14:05:04.020636,15
89.1602867216395,26.627622080115675,18.888535820809086,32.603177485062545,0.6738035892876946,5.398231196727128,88.83701168472723,36.63518063897744,96.12321598881103,11.989068197512672,50.60825774078245,14.500822979630605,530.3889843844687,0.0018854086895498557,0.84,48.3039952554348,10.928481560142583,0.0018854086895498557,0.0,4.0420165518189926,158.02428913028044,0.3052087267011978,13.911004823498962,3.1634506914935567,96.12321598881103,0.479527415278044,0,189.69552032044038,BW-001,2027-02-23 14:05:04.020636,16
94.52413703502374,25.739788760965347,21.97077629823179,25.525400406864566,0.9664734825734933,5.620735872320331,97.6261720159544,36.22155919709728,114.00295674848059,13.718273178184754,52.162942953730145,14.975268145173784,500.87577742522313,0.0019965030154593414,0.83,47.75386526023215,10.010083333550657,0.0019965030154593414,0.0,4.416285718123885,123.37086425426062,0.2,11.962916570408007,3.3315490803265515,114.00295674848059,0.5302725890558355,0,163.13068050556373,BW-001,2027-03-05 14:05:04.020636,17
73.00733288106989,26.377637070028385,25.650689656262557,45.29310582183184,1.2083223877429239,5.244779071150975,75.53563058069132,39.186986466734204,76.13172026648252,9.904192359895035,48.62591942432709,15.191204873092026,519.1967695497525,0.0019260520454840275,0.8200000000000001,44.79491807439433,10.794403180673164,0.0019260520454840275,0.0,4.4878281757233,133.60415228138035,0.3215020180092577,13.365743330843484,3.823531083169017,76.13172026648252,0.40953143175320084,0,182.2601363296839,BW-001,2027-03-15 14:05:04.020636,18
64.78376983753206,26.27946872333797,27.12942058340277,37.470652741667905,1.6564507699318414,4.111416308374146,84.53568955573064,47.36509543060592,66.37966162237427,8.689035316977122,46.88401768384286,15.144584321953909,549.3903469663561,0.001820199436560611,0.81,44.34056963523882,10.255708038062625,0.001820199436560611,0.0,4.453532078843245,112.71448302037986,0.39439074934814566,13.217698971392503,3.1245462117637715,66.37966162237427,0.3860826428311544,0,180.24134960989778,BW-001,2027-03-25 14:05:04.020636,19
79.75182385457563,25.136396976291962,23.130492220302596,24.610059041858285,0.6618371404899567,5.24241281440127,71.10049608671794,40.048738886880415,63.58698007784959,9.318453794882437,51.41807371809724,14.734501522499091,502.2899941359643,0.0019908817847749346,0.8,47.84258356709606,10.78696862180109,0.0019908817847749346,0.0,4.308965958441671,177.01214616796884,0.45293721775456564,11.945275947064872,3.918479755193916,63.58698007784959,0.36264359850028793,0,162.89012655088462,BW-001,2027-04-04 14:05:04.020636,20
61.25716742746937,25.818462467582684,21.77227177291592,36.205696587952865,1.8613497108891395,5.140048757653657,96.85620513061598,45.233548842313326,94.70778063191372,12.44614042131676,45.56543458769564,14.681306436346741,549.7871176242909,0.001818885834068182,0.79,40.6766539619829,9.95243872135562,0.001818885834068182,2.475206564912222,5.466785689562492,129.99830097673177,0.25400704030913795,12.640785886129448,3.329412706864592,94.70778063191372,0.4806287373936663,0,172.3743529926743,BW-001,2027-04-14 14:05:04.020636,21
69.971689165955,24.46229753821378,27.066613662516584,29.49115597179894,0.6154698647431895,4.3422371004703635,85.9785179936507,39.849410072694596,75.06523439418544,9.333477766887219,48.6847699060008,14.714626853125262,544.1610032443234,0.0018376914075759468,0.78,45.034090279532016,10.683232932816608,0.0018376914075759468,0.9017762243759284,4.187945404845816,129.40836595528722,0.3991308853343198,12.04441857114582,4.038771719007874,75.06523439418544,0.41346574895391514,0,164.24207142471576,BW-001,2027-04-24 14:05:04.020636,22
71.59005811655072,22.967327723524026,29.156371828110878,43.39488910954601,1.4501056347656351,3.807729692848143,81.31852489313869,35.40142395555453,56.621479198110066,7.740974045355377,46.90615314437838,14.723888477859514,548.9992398693565,0.0018214961467669182,0.77,42.44858656609801,10.806144950862924,0.0018214961467669182,2.9897145671969776,4.108672505872315,95.7915696647403,0.4062333561619569,11.768464584357586,4.759163709903058,56.621479198110066,0.3534380359545072,0,160.47906251396708,BW-001,2027-05-04 14:05:04.020636,23
94.85842360750871,26.822032461394688,20.23884070663243,45.421415963759465,1.3090133628734761,3.982492056533744,73.59286395457754,52.8105456147979,55.34473249276963,7.327074902916839,51.86169535888182,14.242127942501384,507.3230231946806,0.0019711307279193973,0.76,49.22556083915714,10.737211224136848,0.0019711307279193973,0.0,4.787661798819234,90.30236308450932,0.3868330561303778,11.945341818026789,3.902478688361976,55.34473249276963,0.3366793486009696,0,162.8910247912744,BW-001,2027-05-14 14:05:04.020636,24
92.2976062065625,27.37654779954096,21.816041699662367,26.64124618866424,0.8419027438129125,4.780777360662146,90.37306957433469,50.783424772146766,82.04083440947937,10.801338125863106,52.39214613231444,14.693605654757807,519.2480202177952,0.0019258619408516117,0.75,48.05056958658285,9.974308483393335,0.0019258619408516117,0.0,5.266562002050371,153.535966537834,0.3716584913228961,12.499298514649162,4.0774035959054284,82.04083440947937,0.42924385409693644,0,170.44497974521582,BW-001,2027-05-24 14:05:04.020636,25
77.08431154505026,26.90808859553496,28.328766999076123,24.166851132748576,1.2661209538663485,4.611319625455643,87.60523354062637,49.908789483686604,80.77866694206628,10.099393317962882,48.174945171821555,15.167228394993513,536.8829206195478,0.0018626034868943645,0.74,44.90373041087527,10.404190527352977,0.0018626034868943645,0.0,4.679507721314163,103.7214506154575,0.2783928540992165,12.568193002559411,4.313560209448588,80.77866694206628,0.43032709932608526,0,171.38445003490105,BW-001,2027-06-03 14:05:04.020636,26
76.69644012595116,23.332646862824383,19.438384408004193,32.10276411368707,1.9143645558687787,4.294978638689038,73.82740908386691,40.67551811597449,70.39608867263591,7.927178624124136,49.163010291565506,14.911526386252975,546.2699143902314,0.0018305968783147073,0.73,45.40318490203909,10.313676045321278,0.0018305968783147073,11.000335170614148,4.8436327788545945,90.41516011278814,0.3319491922696413,12.87118517233838,4.551223701850655,70.39608867263591,0.39853460322585577,0,175.51616144097792,BW-001,2027-06-13 14:05:04.020636,27
72.92811728083021,25.112743730460195,26.436227506742135,32.72711045710305,1.957673124081441,4.712334914006735,80.68290177693538,54.730304975859596,69.49272455130624,9.505121375170717,47.140920347586075,14.63453498002904,528.5785586072847,0.0018918663720201426,0.72,42.552529114956386,10.275437585797524,0.0018918663720201426,0.0,4.685616204282447,96.218941965827,0.26852008386704374,12.29942187294617,4.585708838067679,69.49272455130624,0.3902159827532062,0,167.71938917653867,BW-001,2027-06-23 14:05:04.020636,28
98.49789179768445,23.510693774952184,23.966982070708625,31.221079435602473,0.9272607415662014,4.817324458070662,77.11680375207983,37.03564945240807,72.00878345446903,9.287416621078238,51.741556796778866,14.741194350481914,524.1507716277795,0.0019078479974272368,0.71,47.92027468851252,10.642659594128451,0.0019078479974272368,0.0,3.8962560178636525,160.29425555219433,0.44784439789302166,12.796890623002513,4.595828319231789,72.00878345446903,0.39727450966989725,0,174.50305395003426,BW-001,2027-07-03 14:05:04.020636,29
61.47547789418131,25.65738600387938,24.032148278746337,25.235490029999745,0.9179696963549171,3.482044119778667,75.59701072153918,40.701903373876945,49.51646067988407,6.580803166394508,46.445109635766094,15.594196636724043,547.8979875323123,0.0018251572788283421,0.7,43.27239164804955,10.873365549843793,0.0018251572788283421,0.0,4.900547251452502,82.12421206979171,0.44798973000227316,11.581175041422451,4.06605773449228,49.51646067988407,0.32942426519264056,0,157.92511420121525,BW-001,2027-07-13 14:05:04.020636,30
96.33063543866615,23.437371344001836,19.738738465094677,35.74686624666151,1.978475681165901,3.5201207858842647,96.90296273879275,36.60467491323284,55.70822906180747,8.527753333764819,53.97652774167354,14.755280278740889,484.20750553678107,0.00206523027537837,0.69,50.6919288968967,10.01920024369904,0.00206523027537837,8.505368568527095,5.273714942339591,104.30421771770447,0.43432985974144545,11.184898566505911,4.586522700876509,55.70822906180747,0.3309563485337259,0,152.52134408871697,BW-001,2027-07-23 14:05:04.020636,31
69.68221086046002,26.03281328443527,27.139435383944612,29.70330105581759,1.5923245229177894,5.947135850725819,73.36116706504157,42.95711198091483,90.68097634849482,10.907220667589874,48.496492506138075,15.923353662868017,538.2736720406597,0.0018577910307388448,0.6799999999999999,43.52272452503151,11.243392928444976,0.0018577910307388448,3.1235840505372034,4.245126058493585,177.11471873567027,0.34130504511712123,12.659646135094109,4.812286509531533,90.68097634849482,0.4637520227738473,0,172.63153820582875,BW-001,2027-08-02 14:05:04.020636,32
74.71132530877013,25.793834983561478,25.602356529130738,36.8585924177942,0.6354346550816125,5.908411299826106,95.96521377681941,51.341441418985596,109.78038171081607,14.175048836729692,48.79062698164148,15.295327415346154,525.5222137652785,0.0019028691343704917,0.6699999999999999,46.53365223285219,10.438047198332649,0.0019028691343704917,0.0,4.231719016816346,155.90373066721727,0.23268652661338074,13.193676074764598,3.3684496784760523,109.78038171081607,0.5235912698323038,0,179.91376465588087,BW-001,2027-08-12 14:05:04.020636,33
93.41209982356952,23.924680389830414,20.238222124798252,24.978603397314334,1.3863394147823627,5.005929659773293,97.88127967382758,46.1352578602786,95.33445870005363,12.249670026394456,52.120518554118334,15.253637015553648,511.5406916163908,0.001954878695652055,0.6599999999999999,49.05552963662252,10.202054145701686,0.001954878695652055,0.46364914564393855,4.566953884980721,150.60734040254445,0.30700611034683684,13.286648899045627,3.3042085664445455,95.33445870005363,0.471243736485096,0,181.18157589607674,BW-001,2027-08-22 14:05:04.020636,34
87.1025744736913,22.099526973567137,24.14511669959137,29.435898604750513,1.4677591856141747,4.7148380684096995,78.39937280980853,50.38985866383874,71.10528447627803,9.241008686578239,51.13206086064285,15.691079495518764,522.5473190108896,0.001913702288039412,0.6499999999999999,46.49182359795848,10.729629550949822,0.001913702288039412,0.0,4.409158349664509,160.40451240743135,0.4601934516168793,11.689581353204764,3.1669281699787666,71.10528447627803,0.3937818106241936,0,159.40338208915585,BW-001,2027-09-01 14:05:04.020636,35
66.97465716019965,26.145626428614797,22.64082415560645,46.48151972968163,0.7062814162189899,4.27630931584925,85.22831136053365,39.84819464830161,67.88229075088644,9.111565546128764,47.69490846161959,15.073356843216661,536.212232005966,0.0018649332117229168,0.64,44.721907202273464,11.739989134842777,0.0018649332117229168,6.418084944124899,2.897118559549862,116.01464578659724,0.3721865858200071,12.30193671937813,4.010413547153276,67.88229075088644,0.3871379721047446,0,167.7536825369745,BW-001,2027-09-11 14:05:04.020636,36
73.64265404201034,22.680841127443536,29.096323419342752,45.05614448114355,0.8869124415727334,3.3445104742176106,88.31860127324897,40.77261106480512,53.38078876237659,7.3845621756657485,49.252907072809904,15.18433665443645,517.2894784818004,0.0019331535660360093,0.63,45.85729023595875,11.422733585827855,0.0019331535660360093,2.3850680817356276,3.6061965298101923,79.75028367313969,0.4036313938603211,11.896767474923365,4.968220638072996,53.38078876237659,0.3331228060857954,0,162.22864738531862,BW-001,2027-09-21 14:05:04.020636,37
86.39936184136715,26.903333201207296,24.66240973919355,36.71161388054416,0.8627784363506775,4.4434203055644526,85.97768297654758,36.036470736448535,77.74570980119125,9.550874559084367,49.56656546387771,15.639225931303649,523.2798714594759,0.0019110232488226762,0.62,44.69368961036157,10.275955716277839,0.0019110232488226762,2.9804334495552474,4.447842205798351,134.42512380940948,0.39594049502837586,13.141661795482392,3.33190979059157,77.74570980119125,0.4161363274418136,0,179.20447902930533,BW-001,2027-10-01 14:05:04.020636,38
63.72411071223597,27.38329454771996,28.805016685959966,39.19443497455843,1.008544686573051,4.009812834581762,74.03244030816923,36.267499409455354,56.3614024701391,7.421405733077628,46.749715674855295,14.320071929510041,546.0281481921963,0.0018314074161026772,0.61,44.459686325915136,10.814821152979022,0.0018314074161026772,0.0,4.660218354636206,90.99655639677817,0.38222993232771185,12.36781966471289,3.3244668115649585,56.3614024701391,0.3516797860247892,0,168.65208633699393,BW-001,2027-10-11 14:05:04.020636,39
73.96838298450643,26.355734073221434,28.765323119430924,45.290074182362815,1.669813318786436,5.044508166671788,92.80683579669059,46.91277481215688,97.43422369305146,11.704121027484332,48.84151101370318,16.08162736165273,535.1662778955923,0.0018685781247881502,0.6,45.79879644098624,10.522441193042276,0.0018685781247881502,5.736837321689567,4.660300243229877,133.83044402630244,0.28333961432997684,12.930234466366752,4.054799244245353,97.43422369305146,0.4853306290121826,0,176.32137908681935,BW-001,2027-10-21 14:05:04.020636,40
85.68126584617151,22.504839789970294,19.939544569135364,45.5653005246499,1.4096435894893848,4.414728565650475,82.35522742441806,41.977365330859904,73.56384143019584,9.089399376030496,49.54441164197273,15.124691841855377,525.35774960154,0.0019034648308861048,0.59,44.56696113549761,10.080632365671411,0.0019034648308861048,0.0,4.941266661120596,121.5283204255389,0.37857184879526473,12.471244399603119,3.1588131692860593,73.56384143019584,0.40282012964778147,0,170.06242363095163,BW-001,2027-10-31 14:05:04.020636,41
60.36788206466519,22.60882925719619,25.96202122929667,24.121478012309247,0.741212077126248,3.5436991984969803,71.99488802100332,49.82241298580118,51.47261499091011,6.378205674397733,47.632635589463256,15.13951076288517,537.4331253930364,0.0018606966201956353,0.5800000000000001,43.10653570633399,11.077204716823474,0.0018606966201956353,11.875752192937817,4.040790634994838,66.36799824761809,0.3670399710592761,11.992132121079784,4.716354106314328,51.47261499091011,0.3328053209209446,0,163.52907437836072,BW-001,2027-11-10 14:05:04.020636,42
81.94935157466344,26.15137118615616,25.823535114031205,29.382463427053434,1.5682688320213038,4.723419339539736,95.25486330274816,37.79544753252579,87.01315243826166,11.248216587735364,49.90029924591605,14.776783192724736,522.24695307174,0.0019148029378021705,0.5700000000000001,47.517158795010346,10.707259323603717,0.0019148029378021705,0.0,4.443861490260011,136.64432351844752,0.32148553302693883,13.358181153238789,4.420485597246623,87.01315243826166,0.4467179273823942,0,182.15701572598348,BW-001,2027-11-20 14:05:04.020636,43
69.489963499872,23.952398188955605,26.957896861416287,39.59118957713315,1.7738351157412668,3.4909678285971135,74.92797393792979,51.29149440462764,55.25587188815839,6.539278661981897,47.61758451787911,14.48674235029447,549.2439612490034,0.0018206845601469314,0.56,43.49135042465018,11.037417786237048,0.0018206845601469314,0.0,3.5632123276956182,69.13268592398094,0.37854520742880415,10.877013788485716,4.643273795420943,55.25587188815839,0.34895942800189567,0,148.3229152975325,BW-001,2027-11-30 14:05:04.020636,44
86.30451569201374,25.40985162001283,19.12409721393711,32.8251792734264,0.8978035515225882,4.9955916620886,85.69196274307357,42.17660968247005,84.26539432407337,10.702051364682633,50.07864702794894,15.597523314462421,511.9893825703977,0.0019531655031195918,0.55,46.88770247672609,9.64184422630034,0.0019531655031195918,2.8329314600306574,6.004878722661697,92.73025937821234,0.21680910889295862,12.272008366456577,3.9884248945006,84.26539432407337,0.43448146251803055,0,167.34556863349877,BW-001,2027-12-10 14:05:04.020636,45
69.75958573516334,27.83806332851467,22.717172696001125,45.409117324250715,1.4467079389958943,5.449798318414731,83.17404725710655,42.53888858849815,95.39444126381238,11.332044571938168,45.94075095549073,15.18860593753226,546.6350208551058,0.0018293741927395933,0.54,42.393712672401236,10.167448593949315,0.0018293741927395933,0.2440515712114724,5.084098638386178,128.52359963402535,0.2601382348111139,13.54471759079119,3.347523186271488,95.39444126381238,0.48197197713590634,0,184.70069441987988,BW-001,2027-12-20 14:05:04.020636,46
91.79245214166593,25.015822558631154,24.92284661551631,35.82042465165273,0.7928644816970667,4.38803935700882,79.04133622492427,49.95218760352502,61.466039153389296,8.670912354638364,52.33439185048423,14.722400236653401,501.0662030430182,0.001995744262787859,0.53,49.19252197005449,10.546245694488874,0.001995744262787859,0.0,4.6242866073879725,131.3064705644899,0.4313808187114152,12.12161277087444,3.2012749570470667,61.466039153389296,0.35520665809086976,0,165.29471960283328,BW-001,2027-12-30 14:05:04.020636,47
88.89808461046022,23.684634174645133,18.291791597177447,39.49133510177202,0.7656660191105734,5.698723719823706,81.51673664119635,45.871057222279774,92.98853922518123,11.613534016495196,52.21586976100962,13.90059702168996,488.13634014378283,0.002048607976422008,0.52,49.301832343715496,10.74047875735966,0.002048607976422008,0.0,4.032797694792486,145.64658643115555,0.2750858963055037,12.536847207779358,3.6958828231643333,92.98853922518123,0.45640269946040557,0,170.95700737880944,BW-001,2028-01-09 14:05:04.020636,48
97.61834337411656,27.723571462015524,28.978372682645382,32.883808806130666,0.5231849247933011,5.7194163328936405,88.72713987741976,37.33796081416728,102.31946249777353,12.68668632464633,52.08276595617082,14.489383591434644,498.6004418326846,0.0020056139467593374,0.51,49.044466776557464,10.761257130948625,0.0020056139467593374,0.0,4.253903613729577,206.50795928141542,0.3557516266873259,12.902825407658273,4.302295169763348,102.31946249777353,0.4906450075423838,0,175.94761919534008,BW-001,2028-01-19 14:05:04.020636,49
97.13274250350901,24.569104889903887,29.599857828524037,47.12687945014207,1.7795141832010402,4.004716843971258,74.17816217990162,50.88050378540592,62.25719047968496,7.426563388417094,52.278267822825704,14.717960684631636,504.58427196141815,0.0019818295090982597,0.5,47.810826131922624,10.608169977327305,0.0019818295090982597,0.17213963263901935,4.6371599124327805,73.82862838286152,0.31029523489095345,12.507979268529379,4.68289510616952,62.25719047968496,0.358899249854042,0,170.56335366176427,BW-001,2028-01-29 14:05:04.020636,50
71.77795568278343,24.310586371611553,28.213640058202284,31.606128123750665,0.7542391200291387,4.860218267785541,86.00383275928965,52.87785166101915,81.16250469564869,10.449934976906803,46.48638895374662,15.32510058897933,556.4475402989669,0.0017971146021469016,0.49,43.961873071965385,11.47734147600349,0.0017971146021469016,3.0586187220813463,2.764942933915764,138.89331440413056,0.3418393019880298,12.648567498869872,4.268284276591474,81.16250469564869,0.437475944408519,0,172.48046589368005,BW-001,2028-02-08 14:05:04.020636,51
82.27205049833401,27.616928644964688,26.352357560099676,37.68146808214476,0.6457647406561529,3.9351662033866446,77.45467419443398,49.87892585145354,62.97850603024859,7.619925404606506,49.24163171097072,14.464957616836923,544.0140837454505,0.0018381877048387403,0.48,46.802509734483976,10.75204881218272,0.0018381877048387403,0.0,4.191859796921647,94.19982178714953,0.3926867925568276,11.67037835332162,3.650208030863398,62.97850603024859,0.37313257855779713,0,159.14152299984028,BW-001,2028-02-18 14:05:04.020636,52
84.6002890679668,27.94032310062558,19.681008182838287,36.43991165672968,1.816059607891933,3.100597304207338,87.0966905461395,50.24917371481381,52.2727191136834,6.751294097818521,48.16451818927028,14.977206991822252,527.1887164712602,0.0018968539514531038,0.47,43.26705170581062,10.664268544804855,0.0018968539514531038,2.9329918645016195,3.7950087829468795,64.42707839539712,0.38472114671205515,11.777516267231963,3.349762874351919,52.2727191136834,0.3323990119869894,0,160.60249455316313,BW-001,2028-02-28 14:05:04.020636,53
89.63074471016817,26.182094445971607,26.42980900784531,32.627787629274124,0.94038776639674,5.463771914016038,73.31895210865622,51.92904583469036,84.26529968219891,10.014950782409072,50.68795115584792,15.176027698257148,511.85649367144714,0.0019536725866799,0.45999999999999996,47.169525567327184,10.236017707761016,0.0019536725866799,0.0,4.720756025522499,132.5643809265615,0.30282761790194795,12.83751730397334,4.67408225048588,84.26529968219891,0.4344412803754305,0,175.057054145091,BW-001,2028-03-09 14:05:04.020636,54
92.37444621914054,26.860680368075084,28.404867822961243,45.91777326135531,1.2670135982914066,3.382465986995947,81.91861871681101,50.94590731559107,53.28034859001318,6.92717353778257,49.604627508680636,14.958924410803716,537.1315620767566,0.0018617412764456002,0.44999999999999996,45.74586364398715,10.08081043896323,0.0018617412764456002,3.2789048414478628,4.629234453256272,83.60136978793177,0.44599901600555636,11.073946865884048,4.3883011470196625,53.28034859001318,0.3387406305897376,0,151.00836635296432,BW-001,2028-03-19 14:05:04.020636,55
80.06065178748798,26.78977107380065,25.79956716933318,40.84720505418488,1.6936890041541517,5.166757705179199,91.60109609638224,47.82295265770595,91.8929049450336,11.832016726471078,50.12639359971133,15.228376609576891,522.0462769351592,0.0019155389937283377,0.43999999999999995,47.942344718379324,10.818826616867078,0.0019155389937283377,0.0,4.628391224187908,99.17102058708845,0.20277664111521676,12.907895740901324,3.4252887527421922,91.8929049450336,0.4629235662306598,0,176.01676010319989,BW-001,2028-03-29 14:05:04.020636,56
95.60021367270265,24.027970941109213,22.50699543167933,26.255566556180856,1.3674202114942609,5.0818453334013,86.28173330042789,40.03598117813905,82.40215773187576,10.961760593263875,51.9097993311376,15.321361379933771,509.4064105158863,0.001963069131751364,0.42999999999999994,46.958762555347356,10.621365781180488,0.001963069131751364,0.0,4.209539510591609,157.9220846047794,0.3543652483992519,12.599481264989617,4.7424089645261045,82.40215773187576,0.4274957822610184,0,171.81110815894934,BW-001,2028-04-08 14:05:04.020636,57
61.43769095186968,24.79358810879476,24.51173561649092,30.876990051078828,1.3862498908535161,5.725351684000885,87.50175384298362,43.0170283352728,97.63109086873436,12.52445784294893,47.544806172912885,15.354501878794256,541.0610518746809,0.0018482202637487522,0.42000000000000004,45.1806513546456,10.499839681223811,0.0018482202637487522,0.0,4.409419412829751,181.3965845514185,0.31621175800276574,13.42690732438041,4.329969806951991,97.63109086873436,0.4877552851248521,0,183.0941907870056,BW-001,2028-04-18 14:05:04.020636,58
61.220009997561974,22.224089132495287,27.871206727915897,32.64457539387031,0.6905907689778272,4.386017410932398,98.41850018835446,38.067028062321604,87.23570528582238,10.791631384599404,46.093265805347066,14.661803848970365,565.3635195079435,0.0017687734802385845,0.41000000000000003,42.5649994208977,10.632729188269103,0.0017687734802385845,1.1173971339132263,3.9069812238155595,122.61730999297382,0.3238205032725197,12.757896409297173,4.341464623811668,87.23570528582238,0.4603947401384576,0,173.97131467223417,BW-001,2028-04-28 14:05:04.020636,59
80.88973040219217,26.619961318591663,20.589852329962117,38.949371419656,0.628021197490652,4.834362706303944,70.54330551462522,52.44247817888303,81.42424298885466,8.525798133982738,50.934399993239644,14.284612448940976,511.96966995475043,0.0019532407067949617,0.4,47.06271248436473,11.016065974403334,0.0019532407067949617,0.0,4.264229998968448,93.15573496962583,0.28251748603798066,12.565674027670335,3.894111087612851,81.42424298885466,0.4250050442826073,0,171.35010037732275,BW-001,2028-05-08 14:05:04.020636,60
62.067268846744305,25.188127789408888,24.48762145932128,39.298317635956955,1.5891370005839924,5.7963548474508375,86.95399550767627,48.93301647753785,101.88754785814223,12.600405334153441,46.43819474192244,15.420321774494361,541.3085497472705,0.0018473752178251872,0.39,43.334916689290566,10.023103399528642,0.0018473752178251872,0.0,5.339239393009659,189.1328646850391,0.3236961492818325,13.16167005275655,4.0932964403755765,101.88754785814223,0.5020177244513219,0,179.4773189012257,BW-001,2028-05-18 14:05:04.020636,61
99.03408317850139,25.09780208980717,21.875477675294952,43.084468674448885,0.9062483768931113,3.457617128742784,87.2886508050044,47.13430092765712,62.572730160213524,7.54526835420577,51.202488497472814,14.055229634527235,505.853139750288,0.001976858343695653,0.38,47.00164535578861,10.370940684120825,0.001976858343695653,0.0,3.851746628235702,82.99379965505791,0.397652822732892,11.868871431835485,3.2214411866526316,62.572730160213524,0.36033170912579815,0,161.84824679775662,BW-001,2028-05-28 14:05:04.020636,62
77.55885682822544,22.470738288053596,18.30420892098549,47.1035619522702,1.7539701807683088,4.272392013907158,92.09332706874169,53.687340295380295,78.24062070024533,9.836469877565797,48.18152220498474,14.208048588257139,509.7327916150464,0.001961812181695398,0.37,44.57559181062696,10.27554173394899,0.001961812181695398,2.2532918542670424,4.426226396138353,105.3858452623986,0.3134598599842978,12.340883146315466,4.479808241533861,78.24062070024533,0.4137219064853317,0,168.2847701770291,BW-001,2028-06-07 14:05:04.020636,63
87.83896824374793,24.45371766648562,20.079531840850148,27.754489024106064,0.875364347246893,3.339714137522266,99.54523596887003,51.77796172891868,70.3958927157273,8.31131579720563,50.93625989270649,15.212728780892482,520.2149568618908,0.0019222822927513115,0.36,47.29238142578541,10.585605285731642,0.0019222822927513115,6.271199852235154,4.366835842360267,77.3890420007048,0.34850611635123513,12.403578843051605,4.716683353598242,70.3958927157273,0.39071746277765823,0,169.13971149615824,BW-001,2028-06-17 14:05:04.020636,64
81.96906658824481,26.287575536200375,25.922368520612775,30.718413526702626,1.9322979209947913,3.3739880436098004,97.62525647852117,52.39792724124257,78.57074513126156,8.234661202821766,48.32838384510751,14.998198730454716,532.3194668771732,0.0018785711630394664,0.35,45.87823785102556,10.647945064630902,0.0018785711630394664,0.0,4.702520251914158,79.97613840001294,0.35981657776341214,12.35662688265458,4.507923807193568,78.57074513126156,0.42159832383402385,0,168.49945749074428,BW-001,2028-06-27 14:05:04.020636,65
89.51587666783074,25.326124315068405,25.340648954812227,34.07040149826696,0.8715964842517362,4.197008111610391,71.64284916466094,41.70394483291802,62.75688715213131,7.517140477074043,49.269016810982066,15.438681145287836,540.3658584857935,0.0018505980425968945,0.33999999999999997,45.84096242287577,10.27037662305372,0.0018505980425968945,0.0,4.245554957583258,106.01692228492713,0.4200420124283659,11.780792332179619,3.56304239682986,62.75688715213131,0.3712993813861758,0,160.6471681660857,BW-001,2028-07-07 14:05:04.020636,66
74.23890714605047,26.547076662786214,18.172721863557072,26.78574337216599,0.5690039630326291,5.408560345794035,70.13896069013809,41.669983433822885,80.13139274192883,9.483770037097187,47.914871898077905,15.104191403973775,536.3804755250072,0.001864348248360837,0.32999999999999996,43.2386178312572,11.417487541371841,0.001864348248360837,0.0,3.9252103949896644,142.52143848433357,0.3473181793348254,13.468555522755455,3.193068940390882,80.13139274192883,0.4280187851305983,0,183.66212076484712,BW-001,2028-07-17 14:05:04.020636,67
61.62915209275881,27.13276350406604,26.443894312560282,35.3801718980958,0.6467512409765022,5.759566849238281,80.39037983097884,41.93906403792455,80.99906646454524,11.575344166804486,44.20263794548953,14.6590078760011,564.3392118784631,0.0017719839042752207,0.31999999999999995,40.88982857332335,10.261284876632123,0.0017719839042752207,3.6554269423376287,4.592341700924166,120.57713578003614,0.22607432369902464,12.53919511969577,4.196714968595518,80.99906646454524,0.43929865177868965,0,170.9890243594878,BW-001,2028-07-27 14:05:04.020636,68
79.6646350046733,24.840830624683395,20.07842243892018,34.412439581711354,1.09775710159606,5.212503744329245,83.56653822669422,39.49209645879964,81.4910836427209,10.889772335181917,47.94807524080608,15.89884326342476,533.0336702210008,0.0018760540953921179,0.30999999999999994,43.970013474188725,11.743822457737757,0.0018760540953921179,0.0,3.3391406423300434,124.09839695907145,0.27328198543279003,12.042965729376032,4.486386397463207,81.4910836427209,0.43154704654203657,0,164.22225994603681,BW-001,2028-08-06 14:05:04.020636,69
84.63400392208865,25.810561905205862,18.543648117264535,32.99070275103531,1.4387898735713547,3.52916095951867,84.95103318218439,43.37850899009096,59.215990621820396,7.495146744433505,50.335943449580306,15.286291390678079,511.2796447933727,0.001955876808677055,0.3,46.49414269530012,10.956147850718937,0.001955876808677055,0.4534022666303914,3.817826788177208,87.69083378683577,0.41439318646535606,12.27116615467185,4.186443140214768,59.215990621820396,0.3507705288440798,0,167.33408392734339,BW-001,2028-08-16 14:05:04.020636,70
80.12545034320351,27.138939047129934,25.90432357942734,27.910426249954313,0.6058531211006448,5.7445377032043,80.871816973499,46.61176700556087,87.82827949345352,11.614280043272561,50.41817298806653,15.029815184960087,525.6004851232321,0.0019025857629593706,0.3,46.8815072256285,10.857988497085719,0.0019025857629593706,0.0,4.073316644467207,162.7274534498538,0.3048761583813975,12.652839463701529,4.589156557400381,87.82827949345352,0.4504410771818147,0,172.5387199595663,BW-001,2028-08-26 14:05:04.020636,71
85.69677112825262,22.15906786324973,25.02930697528156,46.56552579419898,1.3632112668138183,5.883210952408366,74.4598818325934,43.29248247454048,90.19598500574983,10.951579807813653,49.20757889153232,15.196742692710874,532.7984612138438,0.001876882297523454,0.3,46.95320284339491,10.709013724895861,0.001876882297523454,0.0,4.346390366863611,157.8429048389031,0.3062272853412003,12.603521691632482,4.99087503238262,90.19598500574983,0.4604928217166526,0,171.86620488589747,BW-001,2028-09-05 14:05:04.020636,72
75.52679704826087,25.859729310654117,23.4990346858982,37.09480294358244,1.9121972131647877,3.2560490042359316,99.90622755537842,45.043900206624855,61.67208348606312,8.132489318716457,49.224212777266864,15.524776357659668,532.0367669545212,0.001879569349547379,0.3,46.17510308802932,9.986620690007758,0.001879569349547379,0.0,5.217458923780886,81.39687716067972,0.38424066230486625,12.559248723704075,3.1272818185732847,61.67208348606312,0.3651846417065667,0,171.26248259596466,BW-001,2028-09-15 14:05:04.020636,73
75.44410551203097,27.767143382943487,28.864207703472765,28.698987234943115,0.6040419513127482,5.249881411197533,76.29716779286757,52.96108578881427,80.85664940192132,10.013777073069864,47.781380615244075,15.0987998023462,550.3601266869213,0.001816992095738908,0.3,45.225793911641674,11.33070805444661,0.001816992095738908,6.20106958767582,3.8849779387529098,143.50536155108227,0.3412170531837059,13.208894372782819,3.229865994119134,80.85664940192132,0.4346302026791474,0,180.1212869015839,BW-001,2028-09-25 14:05:04.020636,74
64.03112005509706,22.1093309539093,19.13331552907114,40.39216256199256,0.6067829726903435,3.6154189214460217,75.72063161991,35.730993356961896,67.60199505894498,6.844045107561664,48.679928880889825,15.867981901582624,523.1025669324965,0.00191167098617783,0.3,44.80593817432703,11.11353667756539,0.00191167098617783,0.0,3.510686618724961,82.22840139065323,0.4153941445654392,12.371017204468258,4.757957800564535,67.60199505894498,0.38227075360956553,0,168.69568915183987,BW-001,2028-10-05 14:05:04.020636,75
72.75902521175045,27.069251865816728,18.27926322882991,43.547243582134456,0.9227821621600999,3.197125918285057,93.26582850085032,44.065776694960554,54.10099724507944,7.454564939759943,48.111764565225215,14.758057082972838,528.0164262261769,0.001893880474793502,0.3,45.747605310747,10.388850887675577,0.001893880474793502,6.9250527804643145,4.77801811514462,83.00447634599557,0.43534091269727343,13.078862805105572,3.8608548206419804,54.10099724507944,0.3387415853514512,0,178.34812916053053,BW-001,2028-10-15 14:05:04.020636,76
64.72659310486625,26.180422992184905,25.547314161358607,45.05932832464927,1.6026065657058286,4.57317080798274,83.22288240814684,43.01526121750652,70.2308494506488,9.514811409627935,46.388641657535615,15.26141774401775,552.7682920937433,0.001809076269936285,0.3,44.262787987240706,10.99178534650952,0.001809076269936285,11.096373164995862,4.444900260514815,111.19537483571429,0.3194325209369069,11.40268220346621,4.547759311460313,70.2308494506488,0.3999333191302857,0,155.4911209563574,BW-001,2028-10-25 14:05:04.020636,77
92.13923721539393,23.69220743542784,20.129274525356674,42.0147540393806,1.710252108900896,3.5457843914858134,95.85356863040552,53.922309242672654,68.99372649427546,8.49690218794765,50.24718557837051,16.071135179305934,517.4366530538935,0.001932603718924885,0.3,46.002966040081915,11.486819052778966,0.001932603718924885,2.9813709530868975,3.834933148413975,98.44979614830606,0.408462218104306,12.254563168925257,3.8867600287583755,68.99372649427546,0.3852100842304196,0,167.1076795762535,BW-001,2028-11-04 14:05:04.020636,78
99.62020568002694,24.475706061468557,22.4642170295134,42.63391105780792,1.0112053103795269,4.119927948839258,78.12234019430662,47.87999086478031,62.562227702885465,8.046460319881312,53.67057402210475,15.0190017390841,496.13113238794,0.002015596149322211,0.3,48.88632310112661,10.298179297168257,0.002015596149322211,0.0,4.523387826465044,124.15774400123684,0.4681546385086556,12.518848587430348,4.183394324612651,62.562227702885465,0.3573800987260002,0,170.71157164677746,BW-001,2028-11-14 14:05:04.020636,79
97.23029302414258,27.15047651105807,23.14792832850022,42.02090562699594,1.6318143111270236,3.468457792098571,91.47916686542193,48.17847883820303,63.110376711246566,7.9322907282264525,51.70457528033965,14.488603717400798,512.6212541533573,0.0019507579755966126,0.3,48.408344631507056,9.92245743402836,0.0019507579755966126,10.573649346041103,4.7465800562551355,72.86310272687277,0.3310416490290603,12.335231439741499,4.024727555091581,63.110376711246566,0.3641542986168291,0,168.20770145102045,BW-001,2028-11-24 14:05:04.020636,80
64.12495475343731,27.415317440077402,24.063028469374288,43.8349791865858,0.9800744015459176,3.0812879775104505,76.65916485798849,39.62149593176143,47.73552149676898,5.9052240760727885,46.36136667559225,15.199611561302639,532.0652536142446,0.0018794687178069612,0.3,41.70059197496444,10.549699456278338,0.0018794687178069612,0.0,4.048134589720513,59.21406744823006,0.40678622303450207,11.138703361701952,3.9753341372425286,47.73552149676898,0.3187379810735033,0,151.89140947775388,BW-001,2028-12-04 14:05:04.020636,81
95.82092913984802,24.33521007240498,18.13005181776358,45.729167434062326,0.6369300151792003,3.535633986163001,89.58238323555624,39.76365562093453,62.694378015886215,7.918262968227782,52.02033531067995,15.786993381645017,499.2609610958517,0.0020029605315125226,0.3,47.572494493774094,10.952804915616408,0.0020029605315125226,0.0,4.131969069530082,91.28380209679871,0.4075740389341734,11.94954476866311,4.2013021330967115,62.694378015886215,0.35875954838170954,0,162.94833775449698,BW-001,2028-12-14 14:05:04.020636,82
72.7725455036166,27.70037180230483,29.407285763250673,37.76250931495886,1.447755818254699,3.2983241782780355,77.29516572998362,49.44533863711318,52.162162824018,6.37361284978032,46.69011616254015,15.112225909279987,531.4079820178539,0.001881793337395528,0.3,42.16412050386997,10.532694346997495,0.001881793337395528,8.318996880709292,4.733885317101768,68.82982426445767,0.40926787412935645,12.538022333007332,4.268208062752663,52.162162824018,0.3332962706854161,0,170.97303181373636,BW-001,2028-12-24 14:05:04.020636,83
77.93782087913279,23.759264630188387,21.94397454443899,40.14044294584892,1.62856179415652,4.191550588855364,90.04255409711939,39.09968590831642,76.74736166725377,9.435448016195544,49.73777143448207,14.77055786856553,538.490331877263,0.0018570435545496998,0.3,45.76928592143886,11.059676176130141,0.0018570435545496998,1.1836643267009896,3.5512742394831047,105.19331698676002,0.332476477171654,12.364203852168117,3.7237061864102774,76.74736166725377,0.4173716384540248,0,168.6027798022925,BW-001,2029-01-03 14:05:04.020636,84
91.66316174903395,26.737708856767323,19.094473236584285,35.86608731286196,0.5863381400249664,3.87944319078304,96.89007455563359,35.260038470214724,66.82701213752075,9.396988499732844,51.828155095786386,14.91368635002959,505.1629875516054,0.0019795591217930315,0.3,47.37479910621555,10.725658913634348,0.0019795591217930315,0.0,4.283484741445352,99.93690868988777,0.3426713791706885,12.006943915807838,3.2800481951066356,66.82701213752075,0.37430560339055075,0,163.7310533973796,BW-001,2029-01-13 14:05:04.020636,85
81.98115529294942,24.64918300824026,28.652450193099597,32.42196030124989,0.6756005246414087,5.678015133230924,94.52330685215323,41.83634703395752,116.16438802122487,13.41761916873891,50.180833231429084,14.211803921507876,524.718923693329,0.0019057822290099989,0.3,45.65872414739548,9.877626545230957,0.0019057822290099989,1.8300323973463186,5.633037938159615,134.63023453400217,0.2208923159112443,12.549879972192064,3.392195425476786,116.16438802122487,0.5446303038454149,0,171.13472689352815,BW-001,2029-01-23 14:05:04.020636,86
65.71966728211343,26.56906379030483,25.418616759795132,26.426944226946965,0.6261602091724962,3.7782703002938773,81.39077224501801,46.80589885029615,65.28502534470387,7.687908437283371,48.33449044204291,14.687218649245235,546.5486926056994,0.00182966314535023,0.3,45.44184508808645,10.85312005277278,0.00182966314535023,13.282865042704508,4.690292455826714,67.82870640198058,0.291892086370319,12.524773512608714,3.4139851568768536,65.28502534470387,0.38158135893072276,0,170.79236608102792,BW-001,2029-02-02 14:05:04.020636,87
88.0387652583648,22.43657803818516,27.862320711484273,40.94981345175591,0.6220231709628496,4.228234956573721,86.5614154255594,43.722530582706334,66.13527879186111,9.150050064821249,50.60161832219213,15.130336882911953,519.8755618266345,0.0019235372335764363,0.3,45.981649574609705,10.911152237583991,0.0019235372335764363,6.737294355450193,4.290802167796996,111.8127541085902,0.3612590829895204,12.06699473853189,3.0153280652984504,66.13527879186111,0.37641359785419404,0,164.5499282527076,BW-001,2029-02-12 14:05:04.020636,88
63.39350856340768,27.919837471007053,22.491249549073444,32.89541152960538,1.719199350886254,3.883397278625753,98.4535992088647,50.27211588319521,81.32600129858683,9.558360980965395,45.95872113066573,14.987222964504276,545.3591722138151,0.0018336539494524851,0.3,43.93072627118445,10.657567869077187,0.0018336539494524851,0.0,4.590968485631344,91.52547815754511,0.3082171280994823,12.245138525017573,4.605171359159626,81.32600129858683,0.434694422659434,0,166.97916170478507,BW-001,2029-02-22 14:05:04.020636,89
97.88994309535434,27.916006382937226,27.040538223107298,33.03023005274198,0.6252510750480031,5.3995657678419455,82.756405134077,35.44938616640235,89.21493919314145,11.17121630579054,52.85622048356252,14.814692833956947,503.2478302107251,0.001987092521752691,0.3,47.88079062951443,10.052882599807534,0.001987092521752691,0.0,4.691961263929676,161.61613560069452,0.3349156445790603,14.054873113248927,3.5869776464162433,89.21493919314145,0.4483574797070224,0,191.65736063521265,BW-001,2029-03-04 14:05:04.020636,90
91.08587663709747,25.35042549841483,23.090664110963715,45.752505242273664,0.6667962234592271,3.8060320781548382,86.24902643982601,47.669564396522944,62.53903975241411,8.206664033490064,51.434580206212964,15.574382850186051,480.0560386782698,0.002083090138295694,0.3,47.769325358306105,10.110018468488988,0.002083090138295694,3.255355542847402,5.105932718772429,95.88908183908943,0.38374265355755155,12.132065385510735,3.174185533591543,62.53903975241411,0.3524802774448613,0,165.4372552569646,BW-001,2029-03-14 14:05:04.020636,91
79.70500417163436,22.068121868604514,23.623927703929517,25.351278616364098,0.6782268744021078,5.504790710397897,99.53206542110657,45.51380364605372,107.48992265331826,13.697579727920578,47.21603684696706,14.440165052686929,538.1365696214949,0.001858264344873203,0.3,44.65196264312081,11.413934816080763,0.001858264344873203,6.2618970849592355,3.4031303126234222,126.22861991946783,0.2092585434719065,13.511574671427415,3.690446285603384,107.48992265331826,0.519740713064176,0,184.24874551946473,BW-001,2029-03-24 14:05:04.020636,92
64.7010498710842,25.895261812696383,26.95253855118508,38.00085036233183,1.9432588227118128,3.5150378575449106,78.16921979558107,35.367813530949334,46.80558844536165,6.869194171905413,45.41047600494172,14.766149399344055,568.242482916163,0.001759812104980432,0.3,41.12750372485744,10.774203831244355,0.001759812104980432,0.33741278939305025,3.7908391991113732,89.83232234124567,0.4650577012772833,11.687793409361474,3.9870931606802373,46.80558844536165,0.3264913730260544,0,159.37900103674738,BW-001,2029-04-03 14:05:04.020636,93
74.99482318094816,23.714272517691164,28.423189538273522,29.366300124466864,1.944833809160917,4.6625340075473805,89.54261165055593,51.594836074144034,86.25841266561255,10.437386798633131,48.59572735887294,15.23852041361156,530.1950573173518,0.0018860983070263578,0.3,46.14906320787561,10.097821195972587,0.0018860983070263578,3.8948215351928104,4.790328858399882,114.26583799252661,0.29350305848858643,12.382084223032003,3.789152151195293,86.25841266561255,0.4465865594139141,0,168.84660304134547,BW-001,2029-04-13 14:05:04.020636,94
60.48617898759265,27.819272960245833,18.51791894340691,45.3874347287537,1.2915516636294497,3.6192638152818097,70.32987485975441,37.737712601376145,59.01114146847078,6.363559280330175,46.149748739199154,15.49813340972357,537.6658232549796,0.001859891324217135,0.3,41.49116139780393,11.5518110418916,0.001859891324217135,0.0,2.9385341981673063,54.61519966317517,0.2964170656326851,11.128929565571296,4.81522200511311,59.01114146847078,0.3580035518713965,0,151.75813043960858,BW-001,2029-04-23 14:05:04.020636,95
99.71859184477202,22.442779388412394,24.64625141281585,47.26326085485837,1.2846467662552232,4.995110023638766,75.26113835870349,53.2882389184992,83.04000649751046,9.398441665150594,51.46403219355449,14.785942419517044,492.7510321647361,0.0020294224359243573,0.3,48.22616667100861,11.192353040801803,0.0020294224359243573,0.0,4.186422190226351,138.63819512288578,0.3691407583838834,13.227866195873993,3.618745435725564,83.04000649751046,0.424625331307789,0,180.3799935800999,BW-001,2029-05-03 14:05:04.020636,96
85.1759455254105,26.174492133907705,23.45449277721328,39.06139392201752,1.3764714678846504,4.25631157467622,81.49415584748492,45.378354105656754,67.63283832893936,8.671612970052946,51.27715161944589,14.82567393279607,518.2459857859723,0.0019295856165357445,0.3,47.3501750417302,10.315300855983638,0.0019295856165357445,13.080434270821623,4.7226338508634,101.4560361012731,0.3436011470837242,12.175365599004845,3.5152144406674437,67.63283832893936,0.38091659016558954,0,166.02771271370244,BW-001,2029-05-13 14:05:04.020636,97
96.04632041963956,22.272678282048748,21.371558275106764,46.809875617837406,1.8353956758363745,4.809456328399165,77.36047329043963,42.78591228083953,75.40515538141335,9.301545445866486,51.057690358627504,16.03837399178042,508.2082180152153,0.0019676974211583114,0.3,47.37323659474893,10.197072396344163,0.0019676974211583114,10.602672496355735,5.16543747283378,127.31645885745161,0.3557488181322754,11.987601100924802,4.373179826985213,75.40515538141335,0.4038129833426091,0,163.4672877398837,BW-001,2029-05-23 14:05:04.020636,98
78.22627011142852,25.72079558680922,21.32857419577359,28.514907833370273,1.1955476074099733,3.8660812103120996,80.67018149394848,49.380918103684905,65.2453293772526,7.796936822655526,49.11587596894583,15.515141727015921,530.8404255045838,0.0018838052867760824,0.3,46.30641380856119,11.16623339042865,0.0018838052867760824,3.2452055390223276,3.8316537698939297,86.27787401575375,0.35777868239230626,11.635125470628267,3.912473017911084,65.2453293772526,0.3767365589088838,0,158.66080187220365,BW-001,2029-06-02 14:05:04.020636,99
74.13408912104211,25.501936671105234,18.93281564357982,47.385475383987995,1.9793161167194042,4.428151206597299,89.91013496087945,53.73659478649516,70.85926593292542,9.953391815308606,48.35890252718283,14.901825075457511,529.9623110572853,0.0018869266344713838,0.3,46.12772768977983,11.306015866157743,0.0018869266344713838,0.0,3.558015719044074,109.85138608746773,0.31154587944424617,12.092186647873216,3.837895580374951,70.85926593292542,0.395186246426937,0,164.89345428918023,BW-001,2029-06-12 14:05:04.020636,100
87.9264685607898,25.216578198064724,21.714331395435934,43.531080472966764,1.5270967588308189,5.197716291630751,76.4482113577227,35.62366270122569,82.50905704967006,9.93390284100166,50.1173690247044,15.36381477181849,518.3170106024181,0.0019293212060274502,0.3,45.75152413068718,10.939778776740448,0.0019293212060274502,5.065924223756672,3.228152364385517,132.11812534775584,0.31984527335373275,12.586965695379158,3.160360028163807,82.50905704967006,0.4305252933462923,0,171.6404413006249,BW-001,2029-06-22 14:05:04.020636,101
66.50467757379565,27.465563106963053,27.870446915078027,46.79519791900618,1.58857926258254,3.154277440452751,84.89098741603709,46.93685697833779,45.958045385901954,6.694243162604105,47.027647521876645,14.959641709945709,550.620474705849,0.001816132973504513,0.3,44.58528994175779,11.153570693343976,0.001816132973504513,0.0,3.2864683215341057,75.03917632464925,0.4442185577776474,11.497069143419418,4.337145293445828,45.958045385901954,0.31837962703142786,0,156.778215592083,BW-001,2029-07-02 14:05:04.020636,102
84.5366078374316,24.509458217743713,29.192741800248157,44.7855333480098,0.5678280051592841,4.002731672450882,93.12736611237466,37.131965062675434,75.45199867562648,9.319096447748276,49.75912636593083,15.458163837351242,501.5019775393638,0.001994010083283287,0.3,45.96445048373962,10.46616954477547,0.001994010083283287,0.0,4.590784806088269,88.15784568442486,0.29542054678910473,12.975034060299386,4.187321582417077,75.45199867562648,0.4019572555138974,0,176.93228264044615,BW-001,2029-07-12 14:05:04.020636,103
61.05467897989008,24.258780201268298,27.726639969381996,47.694627103558666,0.7256253366552923,4.486473948618595,90.65207189283208,43.696546772074925,79.66737042521767,10.16770397338728,46.5046903228815,13.551872310903155,557.5527275484475,0.0017935523414924141,0.3,43.240946162999286,11.076142670838774,0.0017935523414924141,6.374201328850627,4.098486640201811,122.54094270791622,0.3357864648317518,12.999701323011294,4.74739718693269,79.66737042521767,0.43282371968192646,0,177.26865440469948,BW-001,2029-07-22 14:05:04.020636,104
83.7652286140854,24.28534513978613,29.638972773775237,44.21085415525701,1.7574930570667067,3.7392060997173204,94.573069530226,50.98831757937958,65.28673501497344,8.840704961410282,51.65315899689354,15.554091408368759,505.48095329013677,0.001978313907756715,0.3,47.13375213998668,10.414162717025768,0.001978313907756715,0.0,4.945429694571548,91.73371875076936,0.34687476945159396,12.1612776262128,4.804906614571683,65.28673501497344,0.3692667360369525,0,165.83560399381093,BW-001,2029-08-01 14:05:04.020636,105
78.7477263917988,24.48891701402599,21.280884863168474,25.35301191962225,1.7970835643825798,4.770692000607261,80.8292169082008,36.83164146653268,81.7696722405844,9.640282462982569,47.77225303164429,14.473292218413173,543.3874782936366,0.0018403074048379494,0.3,44.00894494905769,9.748256233229952,0.0018403074048379494,0.0,4.915858536783344,119.87861135191001,0.32582212995142174,12.254247977028815,3.2842742475869153,81.7696722405844,0.43558181762337234,0,167.10338150493837,BW-001,2029-08-11 14:05:04.020636,106
92.51604036520311,27.998306039716784,29.959642044886863,37.33036093446306,1.6534811227707658,5.751940726386728,74.10455892756885,54.00474707641605,78.65226665559467,10.656125762660212,50.25363709408466,14.904658799618327,536.7704176100418,0.0018629938744621536,0.3,47.35746037331834,10.754295211505811,0.0018629938744621536,0.0,4.555593972640031,162.433765854622,0.33126273769059356,12.402591241471738,3.5900814153083127,78.65226665559467,0.4232053474683281,0,169.12624420188735,BW-001,2029-08-21 14:05:04.020636,107
97.79062919529713,27.097884344064468,20.96817722091837,34.81305924744224,0.6937391227272425,4.625702842135075,96.18837507629225,49.644497728191226,87.85654189910855,11.123470999268992,51.88602725247429,15.247840943986303,513.8100826218028,0.0019462444078507195,0.3,47.360226552098865,10.471577808894535,0.0019462444078507195,2.8599371940261906,4.368611939206891,183.75418037440213,0.44640513754967437,12.44811099941513,3.0874781446178945,87.85654189910855,0.446998164450236,0,169.7469681738427,BW-001,2029-08-31 14:05:04.020636,108
98.1620410903489,25.63704780670528,20.743713666041554,40.12081642574056,1.4271923606868437,5.419683443584349,89.76350100132152,48.84553129035705,95.02923050032365,12.162244005375733,51.87472506869591,16.20170779261914,508.8446551886581,0.001965236324687821,0.3,49.47428515144808,9.959264858088146,0.001965236324687821,0.0,5.102441054400059,158.97888354359443,0.3014823020781233,12.372417965301363,3.6863347063453165,95.02923050032365,0.46941749822434287,0,168.71479043592768,BW-001,2029-09-10 14:05:04.020636,109
74.32650872131362,22.681345553197772,26.058878347113595,36.48738482169104,1.658477587603459,4.468274890929422,76.63628325458807,54.75336015993294,71.65110420909348,8.56079950501577,48.09135751116346,15.525327198003806,536.7052446996854,0.0018632201005592038,0.3,44.60197405409756,10.494299197575197,0.0018632201005592038,8.58577908782323,4.368571925448921,120.85216181652139,0.394920999295545,12.940016300147615,4.691208725979814,71.65110420909348,0.3998485874402172,0,176.45476772928566,BW-001,2029-09-20 14:05:04.020636,110
87.69971306676901,24.57958646434089,26.075599468733188,30.609148182130046,0.959470248167319,5.450338399516908,75.44841903269808,42.4188201631553,89.54254246254104,10.280485385918917,49.82550917366826,15.167529014542058,528.2836863019783,0.0018929223557896857,0.99,45.40836559666361,9.997836647217765,0.0018929223557896857,0.0,4.678744707793121,181.266833105274,0.40438149428677084,12.383380366659217,3.76190369004695,89.54254246254104,0.45696024743239694,0,168.86427772717113,BW-002,2026-09-26 14:05:04.139548,1
91.55940639683173,24.678517098409493,27.580564086220228,43.73813696803868,1.7863435064919257,4.983042762741961,72.35367448951372,45.8899391820773,63.50777804981272,9.013536350568975,51.050066916707536,14.232213938396447,516.1757300017904,0.0019373247169070338,0.98,48.796001891081616,10.262543602506096,0.0019373247169070338,0.0,3.887809718060734,138.81446473718447,0.3863268625878459,11.675152569505343,4.80480655222135,63.50777804981272,0.36654531249991285,0,159.20662594780012,BW-002,2026-10-06 14:05:04.139548,2
96.66540943364829,24.585911323079777,21.826401819853665,37.972769918258734,1.0567586351564413,5.127962485417829,75.01963912003181,50.61263434851114,79.78198014179436,9.617447376927673,52.25660009503422,14.491658435711752,508.43418481757874,0.001966822904244313,0.97,49.11362627402902,10.316591494883395,0.001966822904244313,3.0537274351912487,4.8287424867002855,107.15036800451449,0.2715807741225512,12.161111861960551,3.8851546918656306,79.78198014179436,0.4184701892512548,0,165.83334357218934,BW-002,2026-10-16 14:05:04.139548,3
84.04296667200931,26.233515175862948,26.26086022190564,32.989269288482916,0.7502903025481292,3.127266894620675,77.959784126664,47.031077585996485,49.286757006613584,6.095026300277269,49.3623645271272,14.932751607799133,524.2037393735901,0.0019076552204586982,0.96,46.208531299190895,10.851851844223633,0.0019076552204586982,0.0,4.031591923221464,66.0773551162186,0.4333333684258696,12.17959157647955,3.7062057778767787,49.286757006613584,0.3215503118341223,0,166.0853396792666,BW-002,2026-10-26 14:05:04.139548,4
77.2211735384883,22.855564864491452,28.6811644222057,32.30105905770858,0.7316896208349857,3.889679736617792,91.43272492213727,50.18010565043862,71.2954431070062,8.891100434834648,48.91703599734178,15.540883363836414,542.4264792115194,0.0018435678166995413,0.95,45.32231953928159,10.807344341020126,0.0018435678166995413,2.5226287789301027,4.1846061058671555,100.81006034122372,0.36437160629741044,13.000835233853216,4.651864617100032,71.2954431070062,0.40037942078680977,0,177.28411682527116,BW-002,2026-11-05 14:05:04.139548,5
61.017910396230036,25.874934317718907,25.642827809456918,32.174499997951,0.6075678332714765,4.526671666773168,81.07842310646623,53.65849725139344,68.62219571678929,9.17538501656719,44.8404673660031,15.664466659767704,567.6346140200368,0.00176169665362356,0.94,41.6172230509949,10.581253761678798,0.00176169665362356,2.531798060815871,4.124058028044797,137.85843429122372,0.41489677845891354,12.6160478425851,4.19712598643552,68.62219571678929,0.3990310365953087,0,172.03701603525138,BW-002,2026-11-15 14:05:04.139548,6
76.38515579580928,23.86730497038036,26.125447676820112,38.53870198686457,1.04689059229631,5.4825189596196635,90.9162814572891,49.28653271469995,103.77041158251028,12.46125592069263,48.844581890060596,16.006135222850382,539.5968867852116,0.0018532353030384578,0.9299999999999999,44.70032206072876,10.727476544720856,0.0018532353030384578,2.512347799469259,4.2320831938269805,158.28914840428993,0.2896137640039135,13.222542271394701,4.082227649757689,103.77041158251028,0.5077804379772644,0,180.30739460992774,BW-002,2026-11-25 14:05:04.139548,7
68.7157021701996,27.92821579693355,23.44801945435338,40.518581658725694,0.7108294513675412,5.083786281759856,91.8694318496745,52.2338180757469,93.0378565773425,11.676113933761181,48.331064871636926,15.522544237042377,535.2682401993405,0.0018682221826342388,0.92,45.981989416143435,10.323060911579967,0.0018682221826342388,3.3313141753412485,4.724030976710563,107.5846759297973,0.2265556096405072,13.184871908156671,4.251301578854553,93.0378565773425,0.4707066606509438,0,179.79370783850004,BW-002,2026-12-05 14:05:04.139548,8
79.4235879863759,22.165220319216793,24.0654614149254,47.136417770824856,1.0763100694787004,3.822214768026573,94.21212711600108,38.90481205912984,65.52421349648988,9.0024745897494,49.05842603105328,14.824292882143133,527.2329803912688,0.001896694700809275,0.91,45.994427416098034,10.342899267174378,0.001896694700809275,1.4055862265753563,4.001511678625151,84.49052281170911,0.3069311878111631,12.221016067530698,3.1191741947062877,65.52421349648988,0.3765839391056802,0,166.65021910269132,BW-002,2026-12-15 14:05:04.139548,9
61.559840502996465,22.18573474551606,22.655841119362435,27.840598475116657,0.5350281444922789,5.935576405167422,95.6961167124378,49.02339723180519,107.49126344153412,14.20029031061234,47.79738943428158,15.766183862339059,528.8729191113159,0.001890813395551309,0.9,43.29645740285606,11.216282958766776,0.001890813395551309,2.4110716755338477,4.1428911183267925,219.2758920180678,0.325192691433432,13.617341931664306,4.046802741844017,107.49126344153412,0.5169660872051751,0,185.69102634087693,BW-002,2026-12-25 14:05:04.139548,10
90.24854455800707,24.751138053291342,21.470937263671853,45.601996392395534,0.6742084403007884,5.1811702848461705,86.86218383207714,53.94181334217038,78.05318099439995,11.251194143690087,51.03714580744143,15.183824646495712,497.58913588965606,0.0020096901798550464,0.89,48.719522852802044,9.802108830833047,0.0020096901798550464,0.0,4.877105112541305,176.42053545335645,0.3782967969482236,11.761447718514253,3.1602114532192047,78.05318099439995,0.40945401074822996,0,160.3833779797398,BW-002,2027-01-04 14:05:04.139548,11
98.23675315821276,23.883800304264117,28.660844067704176,38.47062903550707,1.7400610396122311,3.489106010794773,93.58616956783175,49.68887864151183,64.93203366224367,8.163301669159516,49.63548646608029,15.442615741494496,528.7071053530792,0.001891406394722431,0.88,45.608017690768065,9.750062661095471,0.001891406394722431,0.0,5.311254048385422,71.04528668654162,0.311792219298652,11.957705977383675,3.3689181021197667,64.93203366224367,0.37505224381340263,0,163.05962696432286,BW-002,2027-01-14 14:05:04.139548,12
99.36052652841857,23.730432626912474,29.533625824891118,33.34756547765809,1.0782678571053834,4.153065115572405,70.75580241877688,51.779946554360215,58.46924599299311,7.346336368743896,51.31172302361073,15.977078716875143,510.7149754841115,0.0019580393135174676,0.87,48.84128490766032,9.952500114382513,0.0019580393135174676,0.0,4.6875419689636075,90.6335574842126,0.37132953171557004,11.169369595739541,3.1023004112407953,58.46924599299311,0.34811197928854376,0,152.30958539644828,BW-002,2027-01-24 14:05:04.139548,13
73.61548417018022,25.24844564408551,19.849740518141846,37.28907564859227,1.312557218615006,3.704920214987858,91.14613030130145,51.3425628403117,69.81180398245372,8.44222851678023,47.5365759212651,15.740831701231299,528.5733218318085,0.0018918851154546145,0.86,42.898585274229674,10.496739001437122,0.0018918851154546145,0.0,4.59973896196465,93.455315843061,0.37348920945766517,10.95940061286512,3.96658856993265,69.81180398245372,0.3912780098243883,0,149.44637199361526,BW-002,2027-02-03 14:05:04.139548,14
90.4760725041948,27.001899771625514,23.285296203749088,31.25599798443585,0.8890023459756418,4.639290948233542,99.01105825768438,36.033374433159224,100.96433718647842,11.483527658747477,52.53399806616002,15.505731517704177,500.26070145118916,0.001998957737633866,0.85,47.65964403940171,11.378770043079566,0.001998957737633866,0.39185181456227053,3.727294315880037,141.89499440655632,0.3329278742344601,12.841822558936611,3.2906533848410082,100.96433718647842,0.4866260010569515,0,175.11576216731743,BW-002,2027-02-13 14:05:04.139548,15
67.78495346819487,22.34588549319415,22.10937574601656,30.485944611138798,1.9496260787996111,5.587921413447537,75.3776683572337,51.00006963527363,84.44057940790007,10.530112177728327,48.50921893576011,14.757347082316066,523.9284716784268,0.0019086574867681041,0.84,43.70630659325764,10.491677077557258,0.0019086574867681041,1.4126192092529632,4.7161397489778,133.4253536025478,0.28344257706719456,12.633663865962049,3.1423113577558195,84.44057940790007,0.43864713952986156,0,172.27723453584613,BW-002,2027-02-23 14:05:04.139548,16
82.30835305000176,24.083662234183045,24.96561121192435,27.340720832296693,1.1660656238033043,4.658121227155636,81.89661045969889,37.634300571581875,70.71116128850139,9.537108490360492,50.577127470655,15.281440430087178,531.9746055468413,0.0018797889778442596,0.83,46.31993382374364,10.025207779460857,0.0018797889778442596,8.794541637324667,5.571748742540411,156.61052949780495,0.4406598284802406,13.19787760822896,4.756067025688914,70.71116128850139,0.39529625262572365,0,179.97105829403128,BW-002,2027-03-05 14:05:04.139548,17
85.04937285684255,24.93338699075471,22.82134560785189,47.852361333592754,1.8204721432233906,5.614242102572563,90.18108982626694,50.933627943827446,96.19921984271332,12.65746178396265,48.877591575024326,14.734514551094017,548.2959815378689,0.0018238324439204985,0.8200000000000001,45.59221786347794,10.916951160137197,0.0018238324439204985,4.14935233676199,4.2489608656185105,176.17026589971778,0.30988807291160947,13.1135833870748,3.0973896967998593,96.19921984271332,0.4851528606037384,0,178.8215916419291,BW-002,2027-03-15 14:05:04.139548,18
84.9362383263776,25.416264167093697,25.447925757895007,28.831490587738397,1.092706614896478,3.751403696377497,88.74622298820996,46.434919662874975,66.93331603570773,8.32307272393781,49.40529796778519,15.777080210357386,527.682458164928,0.0018950791039702298,0.81,45.78440837241427,10.755424518001213,0.0018950791039702298,0.0,4.1749366864342505,93.94628327089208,0.37610761338629217,11.45036659429298,4.2911443628548565,66.93331603570773,0.3814157909018375,0,156.14136264944975,BW-002,2027-03-25 14:05:04.139548,19
61.57838131563597,24.85327622492096,24.51629500749196,29.46599366647703,1.9460432707482707,3.8628981871310346,79.20329798566424,42.059170069047134,57.99203260350363,7.648856905090537,47.09073317389762,15.231644265059053,546.928861194871,0.0018283913520586719,0.8,43.953611717748515,11.316951801129532,0.0018283913520586719,0.0,3.7760478938201345,85.68611848845904,0.3625022321350674,12.337959865068791,3.154375060452936,57.99203260350363,0.3573854337034734,0,168.24490725093807,BW-002,2027-04-04 14:05:04.139548,20
96.37818443748968,26.332859412735434,24.40063954518435,44.87925983154444,0.6959785157351943,4.86387734714883,80.02149897006308,49.65398101180561,74.41692023577961,9.73036890313458,51.500242334266915,13.735219961152849,513.6222278926934,0.001946956236888021,0.79,47.95795600661314,10.53981689501352,0.001946956236888021,6.386897384501519,4.662066066334992,130.78425472922262,0.3454248314638869,12.246557269711431,3.246567558597894,74.41692023577961,0.4021430691537401,0,166.9985082233377,BW-002,2027-04-14 14:05:04.139548,21
91.6203917709954,22.748924883801088,27.530527950592866,30.618421638032565,1.8156358715272833,5.351279527452322,78.57274973778118,43.65533759198525,83.33517214243474,10.51161867718558,50.44645130657951,14.424492958190246,518.548389682955,0.0019284603325282889,0.78,47.470817717750876,9.71044399377625,0.0019284603325282889,0.0,5.415438997830985,108.98316529784492,0.24218218618394943,12.634048854338415,3.716279433058289,83.33517214243474,0.43334842404633556,0,172.28248437734203,BW-002,2027-04-24 14:05:04.139548,22
97.76168375301592,22.892775816430692,23.552107260784723,47.54369707590445,1.22511115395972,5.0563316496657045,79.97368471446136,36.131713122934315,83.57997844988664,10.109336829052932,52.050575880763944,15.877737849157745,501.8195045460196,0.001992748370561381,0.77,48.03729640950601,10.077156042435215,0.001992748370561381,6.696236913872962,5.326844874691245,153.7267032710952,0.3759249129218949,11.461853900760515,3.153516123777476,83.57997844988664,0.4291457795300947,0,156.2980077376434,BW-002,2027-05-04 14:05:04.139548,23
94.54190090058181,25.53238913278792,22.503958895035222,30.858805332620886,0.8048346366291309,4.925203191895674,90.14437446001621,47.6456430727528,88.02845076960286,11.099484020547768,52.75430486030213,14.924581144216653,493.9153770121734,0.0020246383217490983,0.76,49.95651950840577,10.23240416410913,0.0020246383217490983,8.55110021988197,5.088779003884626,113.93586249425114,0.26052146683114835,13.501598838960417,3.9792881520640653,88.02845076960286,0.4416027823356615,0,184.11271144036934,BW-002,2027-05-14 14:05:04.139548,24
90.47192765510789,24.31924304093817,24.135305546409015,35.81581152002836,1.3659185438496968,3.5969764168783103,82.5500159230684,50.018795967266364,57.914767738673426,7.423261512205151,50.496841582657794,15.097512492014063,511.2286000671553,0.0019560720974308547,0.75,45.6812522322384,10.191341765432071,0.0019560720974308547,2.1004974009801427,4.941708750743286,80.8638681618218,0.37855777842065774,11.750265351784416,3.6707432124349246,57.914767738673426,0.3464178058157247,0,160.2308911606966,BW-002,2027-05-24 14:05:04.139548,25
94.6230858249821,27.884436061500576,22.891010502885806,43.860454130551275,1.6467916919820764,3.828957325397561,82.96056782783518,54.6073748188437,60.89030979144136,7.941311847588269,50.435180804859726,15.311355611950134,504.91628089538784,0.0019805263522631135,0.74,47.76715256749047,9.948647212183552,0.0019805263522631135,2.550096017152161,4.490407885956799,96.20347708524167,0.39548316883132667,12.100084881241436,4.457312568473205,60.89030979144136,0.3544425835734209,0,165.0011574714741,BW-002,2027-06-03 14:05:04.139548,26
82.94115805822292,27.736282861671597,20.405694186340835,26.622341047430915,1.780942950433133,3.202507640051466,85.56102983141786,38.58729364024421,62.369960218421305,6.850246293144677,50.07070329295525,15.4476777153813,511.00927766344455,0.001956911632940272,0.73,47.55789408569271,9.97415446636104,0.001956911632940272,0.0,5.474676203666627,59.3229397994857,0.3380152674365608,11.1163363324087,3.473847987793447,62.369960218421305,0.361202650693771,0,151.58640453284593,BW-002,2027-06-13 14:05:04.139548,27
77.56599266534994,27.081813125242363,28.71708246234498,25.498982246857715,1.825197144479091,5.113663284082335,82.68185910681797,41.930483359054364,81.49463337224933,10.570179679355093,48.00332117063716,15.410172006306228,537.9324609102956,0.0018589694295595924,0.72,43.30942723009379,10.451668003358293,0.0018589694295595924,0.0,4.3215945465941985,153.90007936750672,0.3559052210533936,13.116663127205038,4.093857751970954,81.49463337224933,0.4330285161805864,0,178.86358809825055,BW-002,2027-06-23 14:05:04.139548,28
77.93276221477689,25.062594934025395,25.519110133118524,46.233182561522085,0.5286741416446461,4.192837135658612,77.92828789475918,39.106658774135994,56.610858457213034,8.168515485086045,48.65630176751282,14.741785178056213,534.7297211061344,0.0018701036440080681,0.71,46.167244426068166,11.198002168738954,0.0018701036440080681,8.557551112042686,3.689899207781795,119.11062492928328,0.4347197650323721,11.813200384475543,3.145469895557337,56.610858457213034,0.3491217778558838,0,161.0890961519392,BW-002,2027-07-03 14:05:04.139548,29
79.07373873271268,26.126332254583364,26.672483492378742,40.62077835689059,0.7016526941121828,3.8623849946917503,89.70268190423671,54.37074663399784,68.65304998273315,8.661657314263277,48.664594226478805,14.62671082672988,528.0577740512663,0.0018937321807195198,0.7,44.059365654638,10.386653164959425,0.0018937321807195198,0.0,4.8352427805579765,85.00928944315501,0.3176287755541261,11.515731356923169,4.564851624425575,68.65304998273315,0.3872608321578237,0,157.03270032167958,BW-002,2027-07-13 14:05:04.139548,30
71.97582353486725,24.152293152502082,27.65324649215406,30.690236937949273,0.8160574458008047,4.810911601678125,72.30938401194899,36.51167227708134,69.15788951428537,8.696851361332103,47.619599367114304,14.754423126428948,523.0051858319937,0.001912026930305109,0.69,45.53364208438134,9.66034788540632,0.001912026930305109,6.878315663809113,5.2849266739318175,122.04187189356117,0.36461073294162,12.19235637969708,3.4493147952835335,69.15788951428537,0.38742785413054937,0,166.25940517768743,BW-002,2027-07-23 14:05:04.139548,31
98.29792076152384,22.053179710680812,29.97385026818374,40.24371117257749,1.7427039491736755,3.2762009582474265,87.97133761451144,47.47297556580532,58.57081906689935,7.205294514774256,51.459812620858905,14.879251277064611,505.7872278431673,0.00197711595894643,0.6799999999999999,47.09769674641109,10.544474122653344,0.00197711595894643,0.0,4.444254683852811,60.40681613927346,0.31987013142720694,10.929206283392297,4.956441337053117,58.57081906689935,0.3469722319092814,0,149.03463113716768,BW-002,2027-08-02 14:05:04.139548,32
71.78477585384772,22.08589166600236,26.854434222738362,44.01947032801622,1.6107141979302786,4.945514460356065,78.02206083572624,35.3022136842895,83.12140300417877,9.646480752246617,47.70595217821703,15.437258537066262,542.5887318902365,0.0018430165265619558,0.6699999999999999,42.784550938145586,9.84734300772872,0.0018430165265619558,7.751143616250473,4.632509085926181,131.44175304424957,0.3443998689641468,12.397196864466727,3.6683854283462196,83.12140300417877,0.4398479629143336,0,169.05268451545535,BW-002,2027-08-12 14:05:04.139548,33
65.71401149203355,26.520567533541815,27.227073385291693,39.80497237608132,1.6491738991933793,4.830022251238457,79.38722182640944,40.421925075281315,81.75678827983151,9.586051197139025,46.20733649695676,14.478977793878448,537.9884150333785,0.0018587760852395992,0.6599999999999999,42.07901990305484,10.860418420277707,0.0018587760852395992,2.6461759079620824,4.059289252452655,109.8011499521401,0.29643400791413704,13.404235650792767,4.15671952623308,81.75678827983151,0.43391915210945187,0,182.78503160171957,BW-002,2027-08-22 14:05:04.139548,34
93.83685758710928,25.68162468542475,19.06325656763615,35.70306743201306,0.6164740020074075,4.79300484810811,95.98286900835075,53.93467457846791,90.93471952271976,11.50115891230877,50.588325716871466,14.615001966901271,511.51872948985255,0.001954962628635943,0.6499999999999999,48.43660640539878,10.98097903505751,0.001954962628635943,0.0,4.382094015094553,143.82320106246954,0.32612905432790884,13.011831844904316,4.7328463670794,90.93471952271976,0.45657135058935494,0,177.4340706123316,BW-002,2027-09-01 14:05:04.139548,35
76.30172124129723,24.442638934753766,18.792118129682898,32.37169281526751,0.6664971481869723,4.762757613328206,91.03418783252421,48.602237708939455,88.09872148112737,10.839344279312614,47.14914152194469,15.090713310056985,537.7436627455371,0.001859622101159386,0.64,42.732195105854665,10.554210040520275,0.001859622101159386,0.0,4.232137800226912,130.00830429181661,0.31478904954866416,12.61081544667688,3.2799747534435255,88.09872148112737,0.4549855037607523,0,171.96566518195743,BW-002,2027-09-11 14:05:04.139548,36
92.32940840036889,27.686128155786825,18.867797703095263,46.92276497500083,1.2838648990051178,4.224455072600094,70.46184675073926,46.65852113608526,57.896990203242126,7.441572648273271,51.4444407258909,14.793501088928283,502.8920226689986,0.0019884984348980134,0.63,48.432077888998215,10.45912742906633,0.0019884984348980134,0.0,4.744080427439597,116.40845516167808,0.4628700889307673,10.640068377096226,3.8054789694936613,57.896990203242126,0.34385757414484,0,145.09184150585762,BW-002,2027-09-21 14:05:04.139548,37
71.98262711815495,22.46117245165698,24.007491216845015,43.06837306777797,1.5606297159000473,5.872743045251452,81.97105952927305,51.796032133288534,88.16121776237054,12.034874244060777,46.87069575887593,14.575785682904593,544.2602534888205,0.0018373562897341736,0.62,44.71681421193229,10.33378417273224,0.0018373562897341736,0.0,4.553769210281217,177.0495208965199,0.31312822278562563,12.824983224637291,3.2704346274257095,88.16121776237054,0.4571488019212146,0,174.8861348814176,BW-002,2027-10-01 14:05:04.139548,38
62.00904045855895,22.43741101220742,22.834479391591646,31.086971857150637,0.8485764845840718,3.565621817247753,90.17381494075087,54.54013908877887,59.983189024869645,8.038143047430069,46.87448388202504,14.820185163773768,526.6850374150528,0.0018986679494598071,0.61,43.28466212123434,10.114153276653278,0.0018986679494598071,0.0,4.961496928489395,77.61584981959676,0.3385083772421292,12.720819002856775,3.2660195978146573,59.983189024869645,0.357949474640748,0,173.46571367531965,BW-002,2027-10-11 14:05:04.139548,39
71.24017995634854,26.82089645978131,29.15073664358225,33.722464668661594,1.8591665031987457,5.245153049028694,97.43645991545677,43.68041945417518,101.50918939103593,12.776728620303004,47.987134332644025,16.346516831990247,537.3691661684197,0.0018609180856621473,0.6,43.570837344744064,10.093811215142392,0.0018609180856621473,0.0,5.0429600434088195,181.48406471996424,0.33850935492394824,12.610381832158192,3.9676050797212943,101.50918939103593,0.4995747144873123,0,171.95975225670261,BW-002,2027-10-21 14:05:04.139548,40
72.85982804991528,24.85862191806275,20.712347973791996,39.37142501222026,1.9684716727622134,3.776134926466323,83.0320995701983,49.468956357000025,62.78711996153023,7.838510280121379,48.2787742320552,14.952267876455464,523.1526595078473,0.001911487941093034,0.59,45.195550053032086,10.386218142429739,0.001911487941093034,0.0,5.123209729470381,68.28446351164207,0.28837053195110407,11.450569281057625,4.187561263886904,62.78711996153023,0.36623619772412164,0,156.1441265598767,BW-002,2027-10-31 14:05:04.139548,41
84.13972384173515,24.146884504681292,25.773809351886342,26.9500962831693,1.832988620398098,4.839875054662137,89.13064740687807,39.84044159961754,85.84246064534243,10.784529924760893,47.84471224279382,14.583471971499621,535.8701177212038,0.001866123836597786,0.5800000000000001,45.67467094629631,10.246814875020455,0.001866123836597786,0.0,4.628395046595338,106.21885206804609,0.2543760660399286,12.850527660534171,3.943479675036878,85.84246064534243,0.44690257080083584,0,175.23446809819325,BW-002,2027-11-10 14:05:04.139548,42
80.12335803119345,24.69609845223785,25.030377461442228,38.99481270694566,0.6076637093397695,5.14215817013438,72.7417445899533,38.98540672933601,76.60582649657172,9.351238906326417,49.933893980239176,14.941617042102378,514.6232943029373,0.0019431689374934155,0.5700000000000001,46.009380536470424,10.100243441166297,0.0019431689374934155,3.332706299048855,5.056775063904308,172.5136344631105,0.44845498310433435,13.1538891679835,3.4202143858247034,76.60582649657172,0.4097397432794536,0,179.37121592704776,BW-002,2027-11-20 14:05:04.139548,43
87.3046888489361,23.451590081893176,26.567431590079078,43.74083506522072,1.7059377613287805,3.0412366620340356,77.451287811094,39.28812965986329,49.94924791794545,5.888692400321223,49.46014548593601,14.839378616941044,541.2164560730082,0.001847689568155155,0.56,44.77307565313616,10.54328860178848,0.001847689568155155,0.0,4.230980827005609,67.43139281686773,0.470655411795629,11.351293905667541,4.1277858421108045,49.94924791794545,0.32886242988172065,0,154.79037144092104,BW-002,2027-11-30 14:05:04.139548,44
82.10003869631556,25.121019353864508,19.71451153607294,42.60830760967525,0.9071140706700715,3.8124189841109177,77.4267931083966,36.250525914856915,67.56174592109107,7.379584398131989,51.14756284792654,15.241033363667693,518.8771056699111,0.0019272386256258532,0.55,47.13041131805143,9.860992933041716,0.0019272386256258532,0.0,5.293962252277657,92.67718539422545,0.41176584618445256,11.563672761819996,4.134781888312147,67.56174592109107,0.3808689514379435,0,157.68644675209086,BW-002,2027-12-10 14:05:04.139548,45
79.86781691271787,23.7056445575651,19.605940355996317,39.10938472540168,0.5814980522343558,4.8201951741523095,90.1861500579424,36.622983570724784,85.43895249584935,10.867871132116749,49.3489056842252,14.036163710327195,528.6407029143844,0.001891643973850334,0.54,44.875854342477155,11.129701787238423,0.001891643973850334,0.0,3.7710614454633102,146.21699274287883,0.34889822248327446,13.091764424719207,4.220215844072469,85.43895249584935,0.4433887191938131,0,178.52406033708007,BW-002,2027-12-20 14:05:04.139548,46
89.945809365048,23.9055207715667,18.001616316053823,36.267099341693516,0.5702778627914047,5.854472130530361,95.15475501529075,51.101806369913255,104.41407446323895,13.927021533111594,50.212988010606445,14.975551408262946,526.3973978642647,0.0018997054393833784,0.53,46.19917553491905,10.241887424762592,0.0018997054393833784,6.937830336102708,4.645102446266339,136.0175254270787,0.20852536614655445,13.220099036000997,3.5226660357707678,104.41407446323895,0.5059661342367425,0,180.27407776364998,BW-002,2027-12-30 14:05:04.139548,47
71.04678231283597,26.241858924734295,18.75227545946239,44.14412381654405,0.5057298839878747,4.850350823557624,92.28644481003818,49.75834786708051,90.55820061668686,11.190540839689346,46.25182750012182,15.852052758127746,549.1294371311302,0.001821064274434815,0.52,41.27408211365853,10.642489783845987,0.001821064274434815,4.737928991709068,4.90639627666884,168.56559645384576,0.3881992804371481,12.176145127577422,4.02741571043061,90.55820061668686,0.46659949986162863,0,166.03834264878304,BW-002,2028-01-09 14:05:04.139548,48
69.87295476807608,26.445424336912428,21.795241796751682,26.445417313584326,1.0403508782006419,4.56434707250064,72.05376158000735,42.42225876860256,66.54483472646442,8.22195939325914,48.727834930746134,15.475724638529043,528.9936927196151,0.0018903817073108932,0.51,45.324791293291504,10.440125167283327,0.0018903817073108932,3.845168053997444,4.165631076380108,82.88668513819495,0.27608371875568183,12.096179507147658,4.469216601421071,66.54483472646442,0.3805142235707659,0,164.94790237019532,BW-002,2028-01-19 14:05:04.139548,49
70.81573145538103,27.05627141296333,21.76017501102172,42.934379322624174,1.837808217216102,4.614995829767141,78.0656054314658,42.36897839833158,75.88682554345033,9.006811087861543,47.255852697939105,14.537767005935223,524.3987996531306,0.001906945631190348,0.5,43.9733933356683,11.50532174291137,0.001906945631190348,3.849601988985209,2.929733194671055,115.25488975595975,0.3465987610442558,12.19414698859694,4.882948475012131,75.88682554345033,0.4102757250407736,0,166.28382257177645,BW-002,2028-01-29 14:05:04.139548,50
77.35269678306118,27.45965886312635,22.527816647558314,47.1378819957626,0.6339342867883594,5.686038267459508,89.99389142580507,50.74774053504666,113.04865768950015,12.792717762118095,50.165793285967375,14.878308010312491,515.5726818035249,0.001939590741118982,0.49,45.36249416970705,10.391703882548663,0.001939590741118982,2.477504546362651,4.886709638753045,137.53969789554068,0.2363553746483861,12.80414227617619,3.1828439836342763,113.04865768950015,0.531500663506058,0,174.6019401296753,BW-002,2028-02-08 14:05:04.139548,51
87.4807706601297,24.962884242741573,22.651785665467763,39.18508508996642,1.5557856374514967,3.7451508262296227,91.16382490850458,43.552026674066745,64.53144034776165,8.535556854458465,49.822277402744575,15.812979457681031,540.0316003590467,0.001851743489334953,0.48,46.15370532485454,10.971572177430572,0.001851743489334953,0.0,3.825329281031869,105.73821015777033,0.41346694560939906,13.156353672084288,3.8147310484256645,64.53144034776165,0.3771142812669195,0,179.40482280114938,BW-002,2028-02-18 14:05:04.139548,52
60.17453078601236,23.001718532483192,26.556552607611824,39.99324992587695,1.9490712576930158,4.327636544444237,89.47966973730645,53.72561242937853,75.05184246118493,9.680887218499212,48.24495985134999,15.147812244373547,531.8732659411709,0.0018801471403727358,0.47,43.64827270183338,10.273036607070441,0.0018801471403727358,4.432981130368961,4.591031632535345,131.33987486661883,0.3918687855935933,12.40487882602577,3.392588604622134,75.05184246118493,0.40973478798630103,0,169.15743853671503,BW-002,2028-02-28 14:05:04.139548,53
90.44151161003131,27.704636246388027,26.43048601841768,31.153253007346635,0.6580473833762848,3.0657399863250268,79.03138233502939,45.052624852602605,39.59041213006012,6.057241724976024,49.049584192083906,14.416110224366033,541.8331927893893,0.0018455864522657628,0.45999999999999996,45.02013294352209,11.156527721270514,0.0018455864522657628,8.612958525595548,4.300443865243164,72.10782311461772,0.48538033158577276,11.447450286304232,4.193890446826345,39.59041213006012,0.2945179982703505,0,156.10159481323953,BW-002,2028-03-09 14:05:04.139548,54
91.27295453379742,25.864895328855496,18.578232148719554,32.641211181623476,1.9351997232264293,3.168528232042317,84.73287188149496,53.54221257716854,54.95600106123466,6.711962418463534,50.90771874383224,14.705566586630653,501.60332580132393,0.0019936071962889696,0.44999999999999996,47.620531635924245,10.875827627629493,0.0019936071962889696,9.208035623298645,4.399562673570416,66.79996746121341,0.39262610049816177,12.31108520432931,4.499719862576537,54.95600106123466,0.3336676679445127,0,167.87843460449056,BW-002,2028-03-19 14:05:04.139548,55
80.01604582840805,24.596374816118228,23.492395261911525,29.01318537612393,1.0530607562971928,4.229013160127978,89.65521143573014,40.20473195970459,73.94995190228114,9.478826725893978,48.16514444321151,14.73043864842551,528.024027280185,0.0018938532118527452,0.43999999999999995,45.48632715320195,10.257190091357774,0.0018938532118527452,0.0,4.970058453443471,113.87963189369789,0.35510962741487073,12.743915433884123,3.3615703011247593,73.94995190228114,0.404907047858326,0,173.78066500751078,BW-002,2028-03-29 14:05:04.139548,56
74.79253023948706,22.314130121124833,27.21081154221502,33.996106365693095,1.733269830224635,3.478476787624075,74.81387842813679,36.409838912862895,54.76118989076429,6.5059584876100836,47.67061074099798,14.44756860346874,546.4128277696091,0.001830118088702051,0.42999999999999994,45.01446907427836,11.417332210846402,0.001830118088702051,3.7505322137253043,3.9045338120514663,64.13524150040506,0.35424713778426,11.509345644537119,3.493714055191466,54.76118989076429,0.3464611479667637,0,156.94562242550617,BW-002,2028-04-08 14:05:04.139548,57
94.01392004479581,23.27196432819195,25.888241786041544,35.33476329991156,1.8202351068822276,5.6450718355305245,94.42377056773486,48.70268619748968,101.41149461836882,13.325724195912903,51.32262943373324,14.743401817743303,521.5757479796192,0.0019172670582817731,0.42000000000000004,49.18763897002697,10.770597169615002,0.0019172670582817731,0.0,4.604288501973999,180.19011582875555,0.29941991603122636,12.211243815652265,4.1759832589276655,101.41149461836882,0.4945110397884485,0,166.5169611225309,BW-002,2028-04-18 14:05:04.139548,58
68.62962716705816,26.066879201860267,25.29302546703267,31.087235461723985,0.7049013554767589,3.331295590233308,78.67562338887849,41.19613750644938,52.91638023345268,6.5522939313556865,46.57652518431112,15.589862604180356,544.6776759088941,0.0018359482024507751,0.41000000000000003,43.58061067010359,11.113062881497136,0.0018359482024507751,0.08029463347989571,3.79190758672217,86.8512174351171,0.4973697663966833,11.154754600861374,3.163149851222732,52.91638023345268,0.3397912368841772,0,152.11029001174603,BW-002,2028-04-28 14:05:04.139548,59
86.06559041909107,26.431584748793984,21.7875281251602,39.47598249653553,1.092696361417255,4.606661444639018,80.7065792551333,42.07578317472872,66.05879946927483,9.294697174583144,50.103946193817016,15.24193832559402,513.481534703521,0.0019474897000481036,0.4,47.8591500338025,10.556118702970396,0.0019474897000481036,0.0,5.01730702317152,102.37380546842446,0.2988665563292339,12.082752256786968,3.5665688069851544,66.05879946927483,0.3742404586419724,0,164.76480350164044,BW-002,2028-05-08 14:05:04.139548,60
88.52827533130471,23.195291649364318,28.682580031634092,30.897830315173913,1.0516789816342293,5.485666793718244,93.67878544959056,41.155916633614915,97.05042943334038,12.847265065416869,49.17694914985928,15.204303653850884,532.8714629166093,0.001876625170592956,0.39,46.289153061549435,10.024129529081813,0.001876625170592956,1.2288928816943465,5.04160365092851,194.61455200906113,0.345179674432378,12.844883895615768,3.0277242718257202,97.05042943334038,0.48336287031945074,0,175.15750766748775,BW-002,2028-05-18 14:05:04.139548,61
62.32367808321399,22.66907327392766,24.190342832547937,30.422224241471316,1.7532203386132916,4.516902460265877,98.2336243760102,52.52638866284623,81.9254768013611,11.092792490620862,46.040743241343215,14.556659538858272,543.0107297294329,0.0018415842362788522,0.38,43.88949292053659,10.753626041588728,0.0018415842362788522,1.1997900093472442,4.527748619664469,156.09068911024355,0.3894084844896046,13.221090086489001,4.597311560713273,81.9254768013611,0.4359881415900335,0,180.28759208848638,BW-002,2028-05-28 14:05:04.139548,62
60.587735546198154,24.274564292031616,22.04814656122911,24.463863142022426,0.6865525985007653,3.3077038877507694,81.78192229814249,46.067423794995435,47.09870651106664,6.76275955833243,46.62297766827563,14.681346126485602,558.891729206963,0.0017892553203801133,0.37,44.41479541056308,10.80070830698844,0.0017892553203801133,14.610403576390858,4.258183018088866,94.54714670948347,0.5283331600962183,10.908806000589989,4.3260544074462945,47.09870651106664,0.324663207132311,0,148.75644546259076,BW-002,2028-06-07 14:05:04.139548,63
76.54570699674541,24.95718750668468,22.85147696705843,36.74250428189025,1.3926975123585223,5.5764503135044645,90.30822348990512,51.75816749703607,100.79152453768329,12.589983029807817,48.940242753063295,14.7076911346714,507.05873642527706,0.0019721581114052365,0.36,45.91736703875662,10.136386807957717,0.0019721581114052365,0.0,5.095189238493286,169.44968850016812,0.30169478706431,13.151455530073262,4.993898834823339,100.79152453768329,0.4880893693865274,0,179.3380299555445,BW-002,2028-06-17 14:05:04.139548,64
60.396952845113425,24.784570956721023,29.56199089065106,36.45677472310917,1.5163134011884298,5.576292838048417,92.4506756099722,43.784212024994346,97.59129077797259,12.888301006915635,46.02848399389611,14.531746812605203,542.4011584755663,0.0018436538793732082,0.35,43.14842372957308,10.932659368227453,0.0018436538793732082,0.0,4.637808408306648,132.93674868682092,0.23121383795622286,13.600910025478024,4.759504804588687,97.59129077797259,0.4880246501359118,0,185.46695489288214,BW-002,2028-06-27 14:05:04.139548,65
72.47455431667532,26.643948268916574,27.27505778251338,36.51110514369934,1.9640207349188203,5.020936252424724,75.37759767217842,48.87899181020313,77.48832331736492,9.461652819323154,47.20340359103241,14.906335490796813,544.7855791232248,0.0018355845644985594,0.33999999999999997,42.5026112574262,10.846337582563395,0.0018355845644985594,3.468638527890296,4.47109791496275,121.7852520800546,0.3204446289813593,12.729237703620104,3.441302119243497,77.48832331736492,0.42173008479485047,0,173.58051414027415,BW-002,2028-07-07 14:05:04.139548,66
65.02200859050613,22.101685989337486,27.241898541085153,43.37173289675718,0.6803108436808644,3.688794482261906,73.5265390045066,38.30568980285915,54.805383010050356,6.780607284490969,44.515070055250945,14.696567411071412,542.9538496496717,0.0018417771614387239,0.32999999999999996,41.62759776276134,10.898579168353214,0.0018417771614387239,1.0167136732071895,4.29721475379991,99.88032680378163,0.4991567130457898,11.816318298378938,3.4781327681500596,54.805383010050356,0.3455707649284027,0,161.13161315971277,BW-002,2028-07-17 14:05:04.139548,67
70.62331331834424,22.105314180199773,21.519703329366777,42.555404974048116,1.2769407915688684,3.484088403166151,72.5066301253207,35.38257932874574,59.24709770075087,6.315487729307183,48.05118358380519,14.750134911924185,507.5415144304809,0.001970282177059178,0.31999999999999995,44.150048784508606,9.968863843877038,0.001970282177059178,0.0,5.044936980298944,76.30309486802525,0.43346706452464573,12.200484993392854,3.6251960498166005,59.24709770075087,0.34975277999831383,0,166.37024990990253,BW-002,2028-07-27 14:05:04.139548,68
73.92382372673153,24.23043576943798,18.016243508585617,31.195212661565662,1.4696881124568957,3.497244530895662,96.72566604949441,39.83073683403364,63.75637991546336,8.456832664720864,47.56232570249231,14.807489094143568,552.8375659903628,0.001808849581718606,0.30999999999999994,43.56715773547241,10.31188064245493,0.001808849581718606,6.135111663595016,4.097119220919407,71.50404711251967,0.30220865603459024,11.916434777472716,4.953122046645809,63.75637991546336,0.37837253618198674,0,162.49683787462794,BW-002,2028-08-06 14:05:04.139548,69
98.96777775265429,27.082364961903398,18.28313957574635,45.56545451219614,1.6747976199479389,3.667083914244511,85.57673712340616,47.15505366191305,61.3239501955483,7.845426903469345,52.22815564763907,13.9347167600964,503.9364327470571,0.0019843772647053963,0.3,49.824426846326745,10.874041500494252,0.0019843772647053963,1.454886202333671,4.319905360823479,95.9733908486117,0.41698787192618625,11.94923362906166,3.6067710872582666,61.3239501955483,0.3555940971426115,0,162.94409494174988,BW-002,2028-08-16 14:05:04.139548,70
91.21504494283921,24.74797455402143,22.776063515454034,31.269977491996624,0.5985422884315487,3.7360569424986334,71.73196477675351,42.82065738254797,49.9140100985677,6.699867625081437,51.45046395805762,15.254134319837295,510.5742811754692,0.001958578872593721,0.3,47.26364635774215,10.44503758710353,0.001958578872593721,0.0,4.441696015973783,90.86963665994332,0.45378391290545067,11.907036200388573,4.383311303733083,49.9140100985677,0.3195523180145331,0,162.36867545984418,BW-002,2028-08-26 14:05:04.139548,71
69.12941453974797,23.47962180986815,23.80892483652242,41.93866575832065,1.2107147425969198,5.879588408140366,88.48901457777173,46.13756886344191,100.56335289322763,13.006974608980764,51.295649887398525,15.862348324880553,488.7612179388738,0.002045988845467407,0.3,49.29555773086238,10.582167575988528,0.002045988845467407,0.0,4.824465264343121,169.4672934206504,0.2769954841960588,13.180410210184734,3.261434647179515,100.56335289322763,0.48183954169242094,0,179.7328665025191,BW-002,2028-09-05 14:05:04.139548,72
62.313777977886424,27.746738805929223,29.31269182912935,42.8445490355618,1.9869918523463308,4.247325310569966,82.86833000290433,45.81810007676162,75.82338457481401,8.799218886650001,46.059619177282606,14.977243877349379,554.1137769579485,0.001804683517327326,0.3,41.18672423846484,11.355668239388045,0.001804683517327326,0.9421850138380634,3.8268540867517227,118.51338267884152,0.39638550084497354,12.93848023886315,4.15012114691763,75.82338457481401,0.4189787483367646,0,176.43382143904296,BW-002,2028-09-15 14:05:04.139548,73
81.77929331201051,27.776610101519235,18.90726048740101,32.77633795827291,0.8380719020101488,3.5150817231163485,85.00338256229881,43.239161900682035,65.03486154621592,7.469845911195088,48.842657663403536,15.164754367786504,523.0040131778518,0.0019120312173588271,0.3,46.58748850693581,11.998009873108892,0.0019120312173588271,0.0,3.264926820541989,78.7457844841616,0.3748782614592593,11.312599429772057,3.6243794731382586,65.03486154621592,0.37368407577407525,0,154.26271949689166,BW-002,2028-09-25 14:05:04.139548,74
67.8333233653708,22.844817693356056,25.46896369879196,42.75172453793532,1.367447599130541,5.611580898808152,88.94256763655129,45.65008132831964,101.08086648116277,12.477710341005585,45.65782480813394,14.791902797557373,562.078591143816,0.0017791106364058891,0.3,42.936927437782835,10.029646344498149,0.0017791106364058891,7.783965737605879,4.885487639345963,202.54424407743136,0.3615844880227478,12.806794000375653,4.490429485381669,101.08086648116277,0.5055597989470207,0,174.63810000512257,BW-002,2028-10-05 14:05:04.139548,75
65.87850838352838,26.866742619600824,25.63145648596474,33.31597694704789,1.5111954433040944,3.3516117170407003,80.11619726697256,37.85683929628664,49.11925363835306,6.712959637118235,45.7517069184889,15.628574608431286,549.2922535504181,0.0018205244904445255,0.3,43.461772415625646,10.436924899493487,0.0018205244904445255,7.365735399306861,3.816732503545989,69.35862103451196,0.3853387880483637,10.961716662367797,3.538323141983258,49.11925363835306,0.3285185215263023,0,149.4779544868336,BW-002,2028-10-15 14:05:04.139548,76
70.39619916971331,24.071153250965263,29.00983011758388,30.972108136114088,1.204982402236905,5.076220941073107,76.18756341508458,42.83718746376052,76.68854594380181,9.66862262142469,47.02409478844078,14.634521862142263,546.9075635725916,0.0018284625531006557,0.3,44.04327171543075,11.37302051090705,0.0018284625531006557,1.9643867884736392,3.3816648463739103,143.62400283999855,0.3657900716552016,12.17114370875972,4.818505388873985,76.68854594380181,0.41970075555111686,0,165.97014148308708,BW-002,2028-10-25 14:05:04.139548,77
95.60564549584058,26.246328101605165,18.74643871397643,27.53527306269529,0.5117623861578753,4.523415191876337,82.57814983498066,35.3624808209146,75.59082546262864,9.3383814370148,52.098768674299706,15.924304416648205,510.35518640238524,0.0019594196877849666,0.3,48.081246886278755,9.735474559168265,0.0019594196877849666,0.0,5.605719803541153,140.09162477303232,0.414556876794102,11.96276808063938,4.793990578728822,75.59082546262864,0.4050759741294777,0,163.12865564508246,BW-002,2028-11-04 14:05:04.139548,78
85.23687160916654,24.686040552462508,19.611298210827307,46.99041890536249,1.2944895859184298,5.378274340718439,72.071377189438,44.48510041953907,87.66707234898827,9.690490965954863,49.60996679587576,15.049033769769473,529.3386035659224,0.0018891499566882858,0.3,47.22498920930947,10.815969455972569,0.0018891499566882858,0.0,4.703645331437856,122.08182529823408,0.29280082399543267,12.932397142367817,4.912583763026722,87.66707234898827,0.4510251555664043,0,176.3508701231975,BW-002,2028-11-14 14:05:04.139548,79
69.67573176451558,25.003621426928245,26.155443992821294,25.829741231365546,0.912055722571838,5.065894887923626,77.59817150568145,35.19957553316899,83.41321870659425,9.82760450857131,48.74723154654035,15.372502656438641,522.2713406398809,0.0019147135256834338,0.3,44.645397057356995,10.962797602496966,0.0019147135256834338,2.9472380229622304,4.145700715877139,98.62426463386747,0.24762240981945832,12.012992686186204,3.1248626545555607,83.41321870659425,0.43472546454727845,0,163.81353662981186,BW-002,2028-11-24 14:05:04.139548,80
92.27861963535975,24.75798922241597,24.55892570438754,34.38758405302726,0.5658499139645077,5.170330987064736,86.06969798042735,51.72235406414498,90.80897548783796,11.125220662887665,50.64709564918728,15.045876242224187,513.9422297880396,0.0019457439806268122,0.3,46.78957744308977,11.450305211373886,0.0019457439806268122,0.2902932340351483,3.4118301062775873,117.22676436135164,0.25474742989809246,12.76253437878418,3.497079641854852,90.80897548783796,0.4568792538958717,0,174.03455971069337,BW-002,2028-12-04 14:05:04.139548,81
66.62999119280624,24.673249832451347,20.510225584895135,25.19949668783229,1.7654744960777355,4.455283979938621,80.00885187510598,50.8311640518274,72.9841645370963,8.911553900311041,47.24673907534761,15.107356591585264,540.3492470072216,0.0018506549338943288,0.3,43.395421242061644,9.832690415263414,0.0018506549338943288,0.0,5.292243396167022,126.14107849401904,0.3971345974516982,12.057439080595614,4.750977300791793,72.9841645370963,0.40538532255915416,0,164.41962382630382,BW-002,2028-12-14 14:05:04.139548,82
99.24770116656464,26.758857243980437,28.245419060456005,29.807451127609088,1.9409404632697997,4.353882339087765,75.50326589210303,52.09948039122949,65.29584347725995,8.218308397776875,53.46527323254688,15.434577296248449,503.1391318159388,0.0019875218140771164,0.3,49.708582046166974,10.488743234576823,0.0019875218140771164,0.0,4.255265773375277,119.4262902883469,0.41720627552361045,11.755869046794006,4.714461874739582,65.29584347725995,0.36859455113564815,0,160.30730518355463,BW-002,2028-12-24 14:05:04.139548,83
67.87702817813714,27.708578862170995,29.937831527591413,41.08134733790517,1.9717155976877327,3.227099181929362,81.63478269750794,51.070753189252066,57.805636000158835,6.586088511502728,46.7260147006967,15.477650279118876,536.8653648062538,0.001862664395124249,0.3,44.554933958685844,10.726968940777944,0.001862664395124249,1.260056954388174,4.001810572301256,61.52489719224343,0.3618437148812356,12.09323672645829,4.380645693801458,57.805636000158835,0.3537450627757389,0,164.90777354261303,BW-002,2029-01-03 14:05:04.139548,84
82.78159118268414,23.557250699056542,23.243950627987452,38.245462449090866,0.6096223430405225,5.705322085638686,76.10418227492788,36.33947224050543,85.46126342391933,10.854971798565456,50.293285469932414,14.698009687015386,532.0490544595114,0.0018795259414864714,0.3,46.37996304439564,9.88576500977082,0.0018795259414864714,1.571808797328875,5.70549427144452,159.89399414946828,0.32272551159706675,12.874104268582956,3.663233698215668,85.46126342391933,0.4444855944175845,0,175.5559672988585,BW-002,2029-01-13 14:05:04.139548,85
84.89373058468985,27.887067020573767,20.28129179740473,43.022282790921196,1.861848190669429,4.62528289280269,99.04197436152276,36.331294558284455,96.32291065586419,11.452428742093847,49.50451093234313,14.803764446969563,507.08461898857865,0.0019720574487046777,0.3,46.74757515113407,10.525688745404343,0.0019720574487046777,4.86466672423363,4.0105923185884365,170.03550823733366,0.4012487923423225,12.922439864763936,4.021140817457007,96.32291065586419,0.47320175454945423,0,176.21508906496274,BW-002,2029-01-23 14:05:04.139548,86
97.74806371280883,27.760813626432682,24.257515664657664,47.45538979179609,1.6359653107016583,4.944954022356287,72.22316267724601,42.50937856933001,69.9541473361293,8.928505469703502,52.65878006750077,15.320239897600413,494.6233828294515,0.0020217402466490447,0.3,49.56431265687738,11.2680364032376,0.0020217402466490447,3.1736171414673633,3.576216399924293,123.29198452086416,0.3490630098625207,11.713079402474024,4.604792061107265,69.9541473361293,0.3815675059692665,0,159.7238100337367,BW-002,2029-02-02 14:05:04.139548,87
66.46685744947848,24.86140063880782,26.61997410446405,29.936167579658,1.460922775323331,5.991547061708851,86.77177854839806,41.42324305271907,110.7103302783142,12.997429870022636,46.77952551142396,14.426154305092167,548.5604600169814,0.0018229531161780119,0.3,44.20971710205128,11.824805987041085,0.0018229531161780119,2.7873651019026724,3.714102259837004,147.3715613789862,0.23655233544298915,13.685878816623424,4.32462747746144,110.7103302783142,0.5336025722661417,0,186.62562022668305,BW-002,2029-02-12 14:05:04.139548,88
86.66401916186477,22.976198462851396,24.781023749433075,42.51904586348658,1.2483434968039129,3.6603339777142594,80.51561602858486,42.450665475191016,58.00894944622834,7.3678511271506,50.08481232391362,14.906551920919007,489.03123727111347,0.0020448591496530747,0.3,48.022009970433416,10.798195643263133,0.0020448591496530747,0.0,4.089550273939811,94.67969482733744,0.43883909132963805,11.991604463097037,4.89149940445186,58.00894944622834,0.3400725360020952,0,163.5218790422323,BW-002,2029-02-22 14:05:04.139548,89
60.4841246710443,22.05423081447575,22.284352127640148,46.22865764236277,0.8430151694054131,4.392715559217675,91.68213256716413,48.13458969443216,77.45866013700393,10.068338255750984,44.4421454569415,15.388703676382256,576.838252039547,0.0017335882224597022,0.3,40.14256350827662,10.806408412936817,0.0017335882224597022,0.0,4.562591758878929,130.14734256438996,0.36783617492068327,12.417978533930093,3.263373806872414,77.45866013700393,0.4312470094018772,0,169.33607091722854,BW-002,2029-03-04 14:05:04.139548,90
85.37454755486749,23.332455224159922,21.860039875914584,44.353010150435615,1.5932921634049202,5.126296965687462,70.25091045630572,39.35334799161072,70.98063504566825,9.00317572772354,50.272853115196206,14.525541739587581,532.6909859787812,0.0018772609755402041,0.3,46.0040917409289,10.181102217018548,0.0018772609755402041,8.42393192019264,4.142022802556983,150.06411637343913,0.40643151879388845,12.696340685299395,4.355446482402641,70.98063504566825,0.3964094126125285,0,173.13191843590084,BW-002,2029-03-14 14:05:04.139548,91
63.81597109252843,24.5722121259186,18.350037163743174,35.54136351847222,1.4936510175516022,3.015940427005038,94.13483927295468,50.45619146580675,67.33169138101323,7.097626683823139,48.319758861794824,14.881722356390528,542.1874309645473,0.00184438063829884,0.3,43.515569115329924,10.121716981392714,0.00184438063829884,0.0,4.7760106554034625,66.83876125968732,0.39030354309631876,12.004995171891178,3.3377169267407902,67.33169138101323,0.38709520055940827,0,163.70447961669788,BW-002,2029-03-24 14:05:04.139548,92
64.74010494392606,23.733309633454994,22.774039506025883,46.068744591745194,1.9898825231344461,4.645257488980688,71.99389977328816,50.33030099065169,73.86902487446469,8.360755052069797,47.84663588877185,14.587742919236163,525.5976946907113,0.0019025958639115636,0.3,44.71311824759029,10.842146819641174,0.0019025958639115636,0.6711718606753183,4.10343755942604,109.47599685215957,0.3523494754800807,12.243340030597654,3.9509514304654676,73.86902487446469,0.40390939132209563,0,166.95463678087708,BW-002,2029-04-03 14:05:04.139548,93
61.79645195982464,26.566047540972352,22.46068879682812,33.41899646950752,1.631397460020534,5.255240977187521,94.09006215873512,45.360161328092495,100.96642996606505,12.361648755067643,45.66087807073399,14.471721178619873,549.2576241237548,0.0018206392703156856,0.3,42.14308310777532,10.499110951690415,0.0018206392703156856,2.5639364644908462,4.206972680894543,130.8882653742336,0.2518498465485826,13.751020479202253,3.3365571770154254,100.96642996606505,0.5013320537906766,0,187.51391562548528,BW-002,2029-04-13 14:05:04.139548,94
96.73705728581635,27.70557156701529,24.92547103245985,32.57090782321207,1.681323628788169,3.420973554580545,90.13472420139067,47.40947570103941,58.066503209313964,7.708712696059212,52.73364165996777,15.17625248417844,496.1394444913691,0.0020155623809051857,0.3,50.38820312478217,9.904031020853973,0.0020155623809051857,0.0,5.031970039353246,86.31856497201832,0.4091500870822555,12.34116026639342,3.3783915847807098,58.066503209313964,0.34239684404512394,0,168.288549087183,BW-002,2029-04-23 14:05:04.139548,95
70.04005533049201,25.384444173001107,22.302941538298477,39.75914576898903,0.8605983693402603,3.5849255997008678,96.71228551657985,49.99955596904142,71.9854261398584,8.667658703849165,46.93565693316012,15.135028679195711,525.8382275105783,0.001901725564408272,0.3,43.773833698885596,11.109169474769764,0.001901725564408272,0.0,4.476808266488206,89.09079827226074,0.35839415165432675,13.166183029967733,4.20862596448064,71.9854261398584,0.3977028887193682,0,179.53885949955998,BW-002,2029-05-03 14:05:04.139548,96
67.66371782939304,27.509434520052622,19.221644195394443,36.14298978563836,0.8312791744445134,5.7246854661009685,92.76145963491763,46.94310611980604,110.12667391158841,13.275754494658115,45.237302698989176,14.315842480583594,557.3956669682711,0.0017940577210423909,0.3,40.79613266782249,10.524038496893754,0.0017940577210423909,1.1578591894965153,4.527719537983173,186.5735777283611,0.30686637997329336,13.457525668432124,4.6591254313661,110.12667391158841,0.5343076131291093,0,183.51171366043806,BW-002,2029-05-13 14:05:04.139548,97
61.5571985330267,22.21611290974856,20.10266126526993,44.80248850814401,0.92371811596554,4.7364202635358215,88.97173972985162,38.12953432007201,85.83446648206439,10.535188773462608,48.22085577918482,15.052876895635741,542.7702598593804,0.0018424001349283167,0.3,43.357157992608386,10.969282793871061,0.0018424001349283167,0.0,3.6721290770491657,112.68471612791771,0.28228153841843195,12.903468187676689,4.677707723808138,85.83446648206439,0.44894596623136207,0,175.9563843774094,BW-002,2029-05-23 14:05:04.139548,98
98.01836682301183,25.489733757935163,23.23937027722519,37.92213203206691,1.2750475778394017,4.421763660348308,91.49191335874298,40.418853966327305,77.75956114482022,10.113890442635642,52.96646170110644,15.271739689335046,488.5261584052329,0.0020469732946633724,0.3,49.76207636383931,11.16809456616577,0.0020469732946633724,9.343029212388931,3.581893366195599,145.73425755267462,0.4073407838027169,12.81557562065465,3.725965680807743,77.75956114482022,0.40575638467097064,0,174.7578493725634,BW-002,2029-06-02 14:05:04.139548,99
90.351050150293,23.694976395837113,22.236604699203628,45.45826326079802,1.9196847697256083,3.7245018839785002,76.44737911109188,43.49701685736174,51.90540411933633,7.118210188112009,50.75246795626266,15.636176750053384,516.4116110879354,0.001936439806016907,0.3,47.57724060457583,10.401263765151882,0.001936439806016907,2.8202937381818622,4.380254574126135,91.20684611973344,0.430029694143306,11.926923015585489,3.2251809330583887,51.90540411933633,0.32794149705750175,0,162.63985930343847,BW-002,2029-06-12 14:05:04.139548,100
95.70232909945898,24.51668796374388,27.36438603608258,35.43205759922637,1.2463097782191532,5.7235155416506025,85.21178940216154,38.758407616306464,98.65353085726714,12.192775024378243,52.08784146769865,14.172556281885852,506.46988015230875,0.0019744510763389797,0.3,47.47210228385713,11.614877434664844,0.0019744510763389797,6.248910633168827,2.831308090201939,184.49281310555156,0.330463911501215,12.874125095938947,3.0943934033947578,98.65353085726714,0.48078606690324976,0,175.55625130825837,BW-002,2029-06-22 14:05:04.139548,101
68.18720436229135,25.5467818195511,20.233630773040176,31.95755277761265,1.7825453024299027,4.148396293309164,94.65492839756078,48.1902153728154,76.13654651437282,9.816653852697135,46.26803435906424,15.046686187138326,548.292786194959,0.001823843072858568,0.3,41.858998714485274,11.201315588016946,0.001823843072858568,0.0,3.822127330873948,111.02379441169667,0.3407864856549584,12.57091531512263,4.262751955286753,76.13654651437282,0.41827632423973043,0,171.42157247894497,BW-002,2029-07-02 14:05:04.139548,102
68.2830323684342,22.426949711040596,18.828091111353796,46.57882849207459,1.2603806569427518,5.388724351624106,78.15838118255346,48.84717844922116,84.72634535357953,10.529349299048626,46.112251130591204,15.758197027626787,574.9222334580927,0.0017393656773110203,0.3,42.92331325409654,11.305429229539437,0.0017393656773110203,0.9562068448637413,3.463349652550305,119.01621431905522,0.2621975583675365,12.423018942541617,4.884116438977191,84.72634535357953,0.4548978212160263,0,169.40480376193113,BW-002,2029-07-12 14:05:04.139548,103
76.37648287268073,26.86527148604751,28.02991113492619,31.972584794774512,1.5404270862106928,4.909122844600123,79.73535400526026,40.390237245845455,78.02198955102638,9.785766196737526,49.058590751294595,14.893895515049424,527.7130164743062,0.0018949693655105984,0.3,46.60425418548852,10.418416688817752,0.0018949693655105984,10.14695628877563,4.165786928462548,148.5578896142728,0.38655117618305074,12.086679440517454,3.7862435964141583,78.02198955102638,0.4183872034457131,0,164.8183560070562,BW-002,2029-07-22 14:05:04.139548,104
90.84491263407546,25.927904121195727,19.819140897601194,45.02119400440937,1.3086418291040132,3.5727797552149303,90.83922876681183,39.37431225995854,57.28006290961763,8.113713937935076,49.67481843508908,15.128876270071375,522.9186852755981,0.0019123432154140021,0.3,45.189502422272106,10.867388047295927,0.0019123432154140021,7.732417023953548,4.118853574893366,96.58279756865545,0.41647012866625865,11.829800152511291,3.7382723876184087,57.28006290961763,0.3478091486147382,0,161.31545662515398,BW-002,2029-08-01 14:05:04.139548,105
71.29889705480015,24.551369112626162,18.45085308478689,27.068803229338023,1.6483201257737914,4.9859068343816055,94.44819185621617,50.56050486289306,97.2713510565015,11.772747131772334,46.453073982738395,14.922370475587625,551.3385102114688,0.0018137677333956677,0.3,42.5627946021534,10.341057164081189,0.0018137677333956677,2.729212423610349,4.829870943078405,98.90453533988564,0.21062224860581522,12.496846758889287,4.041087674609717,97.2713510565015,0.4896393899184457,0,170.41154671212664,BW-002,2029-08-11 14:05:04.139548,106
60.00046539021464,24.499394970893754,24.27012217302706,25.311226080023335,1.9596172444584994,5.282553992792345,75.63167217076756,36.767698939690376,75.15855672782115,9.988209795181247,44.092262250654805,14.793197233289177,559.1463452215005,0.0017884405550462098,0.3,41.71922472636219,10.893472591884148,0.0017884405550462098,0.0,4.274400526568992,163.73645566424761,0.38790358886946913,12.412265160534474,4.01104158344698,75.15855672782115,0.4182724259925207,0,169.25816128001557,BW-002,2029-08-21 14:05:04.139548,107
69.04501324998688,23.825192317817685,21.647310147060328,29.5299998908164,0.5022107331294672,4.297038679210042,70.93447278380174,40.19152898550098,68.13530954659532,7.620204331034203,49.244439644838224,14.332259215450055,531.0911099481007,0.0018829160971979406,0.3,47.123583088504226,10.248690375057386,0.0018829160971979406,2.462314362079921,3.9916357993767084,80.23545384198154,0.30629538037995774,12.180627395956845,4.965479081820772,68.13530954659532,0.3864450314730813,0,166.09946449032063,BW-002,2029-08-31 14:05:04.139548,108
89.17379176351986,27.80107299879571,20.691521799420542,39.913132603282136,1.6128444904380728,3.101029211623392,96.37557317803743,39.86793366437061,57.082507326721284,7.471586692801048,50.86210505394561,15.541345526943537,497.45413867442284,0.0020102355619449107,0.3,46.84535299206303,10.82830543840343,0.0020102355619449107,0.9324248526015726,4.5854433380558195,72.95001494931256,0.39356520990124305,11.649123273233673,4.326292497950417,57.082507326721284,0.33951126602473114,0,158.851680998641,BW-002,2029-09-10 14:05:04.139548,109
93.937015163621,24.535775182081654,21.63517086768515,31.807083216552748,1.5689319996477693,5.000542173916974,79.69082037262282,52.95838373915332,80.03404025065534,9.962432703683561,50.61942762272527,15.662898323771095,513.8613568965777,0.0019460502070819561,0.3,45.76782915986204,10.527616712263656,0.0019460502070819561,0.0,4.351460491016835,102.27145589525696,0.2566149512775807,13.32940230317355,3.844384467761356,80.03404025065534,0.4209385412378244,0,181.7645768614575,BW-002,2029-09-20 14:05:04.139548,110
91.40255684185725,23.174275840597893,27.84303982733868,39.56993073348043,1.1284546606692865,3.2062617192674625,86.49151765489933,43.343285579514045,54.2138389212287,6.932861052456239,50.222678153329845,15.24820005886697,528.6138691377296,0.0018917399984816733,0.99,46.34740349527026,9.330660817501592,0.0018917399984816733,13.028809543360863,5.702419438073806,81.23338107141112,0.45680734322966576,11.466917992084312,3.492696494484604,54.2138389212287,0.3392969571454145,0,156.36706352842242,BW-003,2026-09-26 14:05:04.229375,1
78.32114466335474,23.539883243116574,27.0253719923637,36.308993815326424,0.9812818141247655,5.479393828476549,86.73066073556359,36.092206064269384,96.64027289062277,11.880786179353512,50.823236738851755,15.57214653427997,525.0275967226627,0.0019046617858608178,0.98,47.2025849385159,10.933518530199803,0.0019046617858608178,4.639432490821139,4.351125398741683,158.2700004922038,0.3039001543132775,13.483369905497604,3.5064023267399533,96.64027289062277,0.47964252198554136,0,183.86413507496735,BW-003,2026-10-06 14:05:04.229375,2
83.84200463043801,27.97440671230794,23.223147355878645,46.09659361868687,1.0175252598868492,5.915535903976454,85.378457323096,40.81753708463165,106.74275724770347,12.626483243022395,48.188432144109896,14.973446599151545,541.5548455986436,0.0018465350428073146,0.97,45.72407403957156,10.773119240225409,0.0018465350428073146,0.0,3.912919555828911,190.9483188077623,0.31955774709034246,14.66245658659102,4.310871956881322,106.74275724770347,0.5182756445052713,0,199.94258981715026,BW-003,2026-10-16 14:05:04.229375,3
62.189308276999434,23.225452638210573,23.02434171993221,29.271238286269657,0.5003405573273834,3.9147093731551905,75.780291894601,37.58142493861763,58.841631562442714,7.416445474505773,45.77741443801167,15.472605767305742,555.2590272769776,0.001800961264698492,0.96,42.66049314229252,10.361836919381785,0.001800961264698492,0.0,4.132762807450299,94.79139521641005,0.4081159749527952,11.797866216232912,3.6187371241600257,58.841631562442714,0.36271648005790236,0,160.8799938577215,BW-003,2026-10-26 14:05:04.229375,4
96.60006150990108,27.063276467385574,26.907506777843366,28.02755029550469,0.680545364314979,3.8935781951706336,93.4014426112013,44.43252730390523,69.74634024200353,9.091645508711368,51.99084081748937,15.37122945679631,495.53115648277407,0.002018036579370489,0.95,49.82306176710469,10.573114044485726,0.002018036579370489,0.12105244669386467,4.2666138739253965,83.23171981181298,0.2939053465509359,11.44312994534192,4.086968857166029,69.74634024200353,0.3811471477515106,0,156.04268107284437,BW-003,2026-11-05 14:05:04.229375,5
62.70418997889533,26.344175132637528,29.145695528254624,34.33285970191289,0.6787110079940722,3.998188429531137,98.19773118657126,41.86053425180049,76.08423665587662,9.815325815908952,45.768040954758334,14.848324966261433,555.8235449679543,0.0017991321329463553,0.94,41.258721742629966,10.854573206652306,0.0017991321329463553,15.65417167084447,4.553461563401788,115.9735092829327,0.369403353246708,11.9660460737284,4.606424246488187,76.08423665587662,0.4203611856766417,0,163.1733555508418,BW-003,2026-11-15 14:05:04.229375,6
80.49571282928426,24.09299144475178,22.497899092199972,38.91193497973698,1.5780771698933036,5.964372227863906,84.55691367296069,38.58327836580302,100.37132435499389,12.608222689622314,48.85549067265701,14.479903140092052,536.2630093745873,0.0018647566259814236,0.9299999999999999,46.26241976331355,10.059043796830576,0.0018647566259814236,1.4440539310317049,5.201555115876139,213.18995060392157,0.3543709654866995,13.364105082875836,4.3237206244300115,100.37132435499389,0.4954499839956892,0,182.2377965846705,BW-003,2026-11-25 14:05:04.229375,7
64.42414395492644,22.21354138483886,29.93196363222858,29.585480373973244,0.5807457873626887,5.129014030513574,99.51134749627455,36.00350700639948,106.95741122793154,12.759877437592598,48.608816667515896,14.70116615837257,512.3492222160005,0.0019517937309923574,0.92,45.97846333969525,9.720073763793586,0.0019517937309923574,0.0,5.570274043413975,165.22148795827405,0.31557032134577373,12.995977854247009,3.5894027397710557,106.95741122793154,0.5102294707579054,0,177.217879830641,BW-003,2026-12-05 14:05:04.229375,8
67.5950131638368,22.233747078090786,22.70173073540606,43.257642826831784,1.011866674636581,3.2900836793627013,91.61370224388268,40.63650006590944,59.79419525121879,7.535418663964812,47.50946386451726,14.949762139714148,545.2248509814642,0.0018341056872222367,0.91,43.161226841763096,11.22301536217254,0.0018341056872222367,7.1446877791405825,3.828437502285914,91.45858048227159,0.4611265617590152,12.20306926682762,3.757911819625015,59.79419525121879,0.36288143946516854,0,166.40549000219482,BW-003,2026-12-15 14:05:04.229375,9
77.76733627513465,26.05352064140463,24.106728840838564,44.67469646451178,1.7990535125686349,4.8176904455384495,82.85055401706539,35.542133046724665,74.28995614454165,9.978708062389579,48.60770973826865,14.88446526127116,534.674393222455,0.0018702971615548137,0.9,46.140155128614325,10.868842265252734,0.0018702971615548137,3.442815657444726,3.988904282216076,125.42964229592165,0.32613468417343516,11.433395313890697,4.635926988698307,74.28995614454165,0.4080355051152087,0,155.90993609850952,BW-003,2026-12-25 14:05:04.229375,10
60.39642781964615,26.668277838899193,23.528803202900086,47.73217299128791,1.2248481138131528,5.350504507763727,70.31539673624961,50.23779788754968,74.44498932632249,9.40557118006246,47.45264543088183,15.436412175502817,548.235098769676,0.0018240349847066595,0.89,42.69252527324412,10.355289515151943,0.0018240349847066595,8.321208576585864,4.436717261171307,139.19643882333082,0.34574684737769024,12.805702282950184,4.3229324106473035,74.44498932632249,0.41262049405197776,0,174.62321294932067,BW-003,2027-01-04 14:05:04.229375,11
99.4758378155319,26.52741616723442,20.983258615359677,36.92147950288698,1.9882034592178741,4.606627419293394,84.30950177852961,42.784172372468774,82.35901310364036,9.709561564998491,50.95521894895937,14.849767025639649,511.4173846828255,0.0019553500329680565,0.88,46.111649247198386,10.684257678063387,0.0019553500329680565,0.0,3.9499569819799545,131.16879649828152,0.36657077590780796,12.026205164379563,4.647488923824599,82.35901310364036,0.42795525908364884,0,163.99370678699404,BW-003,2027-01-14 14:05:04.229375,12
94.30122431007695,22.584201362747326,26.47646396171995,32.29391006089951,0.5104733928205222,5.66227360611108,96.81800532009972,41.71632729283069,113.0279156576898,13.705250903008071,50.139582270822075,14.731177121110091,522.1180770227134,0.0019152755746407488,0.87,46.65003600413026,10.325865497867511,0.0019152755746407488,0.0,4.597888196331534,141.6327896262486,0.22813713356877835,14.020365934318118,3.1786798045837337,113.0279156576898,0.5333951419657801,0,191.18680819524707,BW-003,2027-01-24 14:05:04.229375,13
76.13923876107998,23.408526530349828,27.826431246245658,32.09593461229837,1.7412855409307255,5.8861754968240545,85.26877121266142,44.056496105686534,101.29403675324,12.5476737939066,49.076289644012235,15.85952030642091,516.1508430074177,0.0019374181279514615,0.86,46.02416028003598,10.097387755964863,0.0019374181279514615,3.6451689605770943,5.083749400118505,118.17249604453497,0.2,12.93006970818887,3.5823929099932483,101.29403675324,0.492492042079692,0,176.3191323843937,BW-003,2027-02-03 14:05:04.229375,14
60.02391755339181,23.846914900156715,20.893982571693144,29.605616665646664,0.602279929648194,3.8360829477855773,98.7661561957123,37.85628608945735,67.54071422867553,9.47187919001747,45.10725497441671,15.395929655194033,561.3647527523874,0.0017813729755866777,0.85,41.987195491321216,10.610885381068504,0.0017813729755866777,0.0,4.503400469639519,99.90084660111931,0.34368061917457493,12.888542577037912,4.19212786220119,67.54071422867553,0.3935451399213013,0,175.75285332324424,BW-003,2027-02-13 14:05:04.229375,15
67.48497081642007,25.33329741931372,21.496332874052932,34.01747477589955,1.0653003205207827,3.83702487104339,82.14905762128565,54.97585871631309,66.06455716864244,7.880199430641239,46.5521051922629,14.385408201099793,555.7080050745338,0.0017995061990619982,0.84,42.43042020725663,10.556066210141584,0.0017995061990619982,0.0,4.097886062062981,84.58842719475894,0.3496947723567087,11.876553753550345,3.1794018380296913,66.06455716864244,0.3869275920845016,0,161.95300573023198,BW-003,2027-02-23 14:05:04.229375,16
95.03619699999578,27.431793994063092,23.91548365987032,31.923742807574506,0.6602010560035454,3.164898920519466,87.35625454610594,36.65144316070554,54.26860122993983,6.911842892839861,52.70754724918193,14.70179429601556,499.06472954895554,0.0020037480927649997,0.83,50.34343147553607,10.629245466677945,0.0020037480927649997,0.0,4.770377391137087,58.55979565644897,0.33462305769976725,11.51404784051575,4.866910210499705,54.26860122993983,0.33061475629781945,0,157.00974327976022,BW-003,2027-03-05 14:05:04.229375,17
98.1361151752838,22.361361669401784,21.571803330819364,31.1535888280801,0.9806019292103223,4.531380394039324,77.76377225093572,41.32914261748832,64.609663793722,8.809430823610734,51.421235503865134,14.70777235407478,516.7324627845653,0.0019352374236586666,0.8200000000000001,46.68721005521591,9.653142349256768,0.0019352374236586666,0.0,5.41027662098443,104.52835765358348,0.32731489495327454,11.779584499485155,4.12632877690791,64.609663793722,0.37038528481444294,0,160.6306977202521,BW-003,2027-03-15 14:05:04.229375,18
66.57147373089637,26.698968585542183,19.469974343591872,39.23775981967591,0.6857690400587262,3.2609010607677993,79.09659351532751,54.33116878761088,50.78680720200868,6.448154142431273,46.23636337021168,14.411518943615016,547.5656291423174,0.0018262651028085085,0.81,42.30372432224282,11.26915679110535,0.0018262651028085085,0.0,3.9979998621882897,77.47352977703011,0.4605643555869583,11.819018252740527,3.9542196353878523,50.78680720200868,0.3335590460827242,0,161.16843071918902,BW-003,2027-03-25 14:05:04.229375,19
62.82142550371826,27.45657702211526,20.281545195824467,43.710003709432904,1.3169463066607037,4.712561808836284,97.28786173332833,35.12367645281793,93.8453407694422,11.461876541695702,48.24375773349956,15.415808393090202,527.8093915136214,0.0018946233547157193,0.8,43.56183856111204,10.822001626525521,0.0018946233547157193,8.602857663924725,4.269571311433884,91.84622815626707,0.21254874903276172,12.577943213788238,4.115758367155771,93.8453407694422,0.4711606200188938,0,171.51740746074873,BW-003,2027-04-04 14:05:04.229375,20
63.11426078435078,27.732689148628403,20.96353400390271,44.631488288462556,0.7532150086768463,5.432050711012776,98.45108658366757,36.82651468667114,105.35594622656015,13.369782371919797,46.67660920130039,14.997022645393635,536.3170340166517,0.0018645687840840642,0.79,44.17624719574936,10.975281019986266,0.0018645687840840642,7.350621759268059,4.22056614266967,135.25953197681176,0.23280362564481263,13.178473037661615,3.0028566861583537,105.35594622656015,0.5120815976268627,0,179.7064505135675,BW-003,2027-04-14 14:05:04.229375,21
94.15771528567412,22.079372877431766,24.14136547883377,42.46662190611737,1.9021932762391751,3.7728959962905875,83.49831022806579,48.858178220495354,63.12990576177877,7.875761008912471,51.90766007216187,15.596556472925514,503.0629144436714,0.00198782293683064,0.78,49.64925275751476,10.95637145825611,0.00198782293683064,0.0,4.000650867134633,105.88667834261413,0.44543462720719146,11.814443836982027,4.144630371260153,63.12990576177877,0.36135189353903063,0,161.10605232248218,BW-003,2027-04-24 14:05:04.229375,22
96.36808544825948,26.91774921728587,28.658296195935648,28.781272460089838,0.9262764435675932,5.199481134410399,99.86264538776368,40.750223987675184,113.78845811310154,12.98084851814982,52.47672821002079,14.770171613863502,509.84279403398824,0.0019613889059562463,0.77,48.61798043153953,11.097487529285068,0.0019613889059562463,0.0,4.193376890781661,109.22737499970548,0.20229186623304035,13.20404399612008,3.3281271765306704,113.78845811310154,0.5322476985872017,0,180.05514540163745,BW-003,2027-05-04 14:05:04.229375,23
71.55874099684235,24.262323586010194,22.719848044622264,37.06932779171221,0.7398196450496621,4.216935778341712,75.07485681527261,54.549131263676855,74.71966648402888,7.914646243955106,46.653968701744866,15.09812047033336,540.2120108017137,0.0018511250768303495,0.76,44.00757997991768,10.936736299422433,0.0018511250768303495,0.2934073960561856,4.432260811109171,103.73034369544811,0.38849670045573753,12.068000020506215,4.811513581272896,74.71966648402888,0.411129158187277,0,164.56363664326656,BW-003,2027-05-14 14:05:04.229375,24
87.64986655143957,23.00539923582704,21.72370178525457,36.0802831345477,1.694660842285216,5.559951559999758,84.94999084882711,47.064908453680594,95.68462134111407,11.807945853547539,50.693266696248294,14.995943399194125,492.51213758398944,0.0020304068137396254,0.75,47.64324609082876,10.953902259304916,0.0020304068137396254,0.0,4.707756611174708,145.74249115129376,0.27749223872863815,13.225988300563365,3.2256810890337686,95.68462134111407,0.46670237907891043,0,180.35438591677314,BW-003,2027-05-24 14:05:04.229375,25
89.57876932954909,25.873206138463132,19.86927912696204,37.129088294773865,0.6311697526998281,5.084910399364428,85.45501085159766,54.80570341169883,79.30056491294489,10.863276833927223,50.59490462475555,15.64563691950794,512.2116768048927,0.0019523178507719016,0.74,46.636720253423874,11.16072677448859,0.0019523178507719016,0.0,3.438890043438341,156.22874717686614,0.353530438103736,12.88533034954877,3.3294617921621237,79.30056491294489,0.41799871941795075,0,175.70905022111958,BW-003,2027-06-03 14:05:04.229375,26
75.09452707186603,24.481099181739754,18.477737273349046,30.575714387279323,1.933474200899734,4.834024968743178,81.12921137776507,50.44304055231676,76.45454486606982,9.804515837363988,48.68595913503077,14.892019739824883,543.0484263443548,0.0018414563996285032,0.73,44.20535559351069,10.52240581623285,0.0018414563996285032,2.4487316904008045,4.936272882211273,95.70221043919979,0.2524044108904253,12.18516105313841,4.473589137420394,76.45454486606982,0.41776301079020584,0,166.16128708825104,BW-003,2027-06-13 14:05:04.229375,27
98.14530431318758,24.113962325515235,18.51720130737989,28.298278543876357,1.0883266901503101,4.040876851132758,82.95421285323332,50.63559651857453,61.38705022204269,8.38019396056425,52.659273139485066,15.65584672463633,515.6353078043015,0.0019393551699518777,0.72,48.51845104069465,10.760862000129164,0.0019393551699518777,1.9251802785449683,3.822348380807539,108.04474580709622,0.3988264743804305,11.89173640402661,3.1094899645191902,61.38705022204269,0.35931409308143275,0,162.1600418730901,BW-003,2027-06-23 14:05:04.229375,28
97.9111879187692,22.847194381223108,27.162190124018547,26.60838094499261,1.9718863660869153,4.452519096490223,93.82043350797889,46.52977806279732,88.91370137168344,10.44343179588168,50.594536594386646,14.827417647275102,512.4532015639645,0.0019513977021669163,0.71,45.694764283716694,10.464416742246371,0.0019513977021669163,5.593158354868365,4.195299121809759,110.14681341595966,0.2960962620273562,11.616602110680901,4.0062671094966396,88.91370137168344,0.45011496504146753,0,158.4082106001941,BW-003,2027-07-03 14:05:04.229375,29
75.26465996436539,26.651407233394337,22.111092993733582,39.06405305181141,0.7880241271100551,3.7148690116592746,76.73148939399387,45.09005848109672,54.27544598577887,7.126185804205252,48.77895352973113,14.580553662987132,536.0713273364651,0.0018654234035769463,0.7,45.610649489498115,10.604489757472072,0.0018654234035769463,0.0,4.4882244754377245,96.7461701850414,0.45681793716683505,11.316294801722208,4.749494146977949,54.27544598577887,0.3417395514868691,0,154.31311093257557,BW-003,2027-07-13 14:05:04.229375,30
65.8408407718785,27.628384837408788,29.011767334853204,45.29925456510918,1.4381501752498902,3.782547737886267,70.27261104853649,47.96595054597603,38.6395792085152,6.64523764892508,46.94396462969871,15.720972502900945,523.7771950992621,0.0019092087424892332,0.69,42.77029090222226,10.291042115765588,0.0019092087424892332,0.0,5.019099497036999,91.49696799405929,0.4550108796289915,11.835425955405338,4.651776452853629,38.6395792085152,0.285931755891496,0,161.39217211916372,BW-003,2027-07-23 14:05:04.229375,31
92.33072844865113,22.41422162146825,22.01746850268815,31.52887499417175,1.4534679829289199,5.900905543854946,87.1359755188874,52.26863155578769,105.79330974815424,12.854529025215289,50.337235026620974,14.845175143005969,517.5400581726593,0.0019322175824047704,0.6799999999999999,47.00927048183967,10.243332431888032,0.0019322175824047704,7.933571890065258,4.732353778695445,133.74623977038038,0.22040262450048065,12.441582031179781,3.6338260276370886,105.79330974815424,0.5079063832789785,0,169.6579367888152,BW-003,2027-08-02 14:05:04.229375,32
74.23831093882562,22.891040689862084,25.157604904962525,43.545214096057954,1.0731852416899597,3.4183507086154803,87.07619389388283,52.35959253461806,67.68925250841245,7.4414242275173335,49.28177421583726,14.991694828837046,496.85629260083425,0.0020126543930145666,0.6699999999999999,46.153202809528395,9.980057096730496,0.0020126543930145666,0.0,5.151663470036555,57.49906163533945,0.28255180684077125,11.880680095320814,4.923222884508894,67.68925250841245,0.37468772947495843,0,162.009274027102,BW-003,2027-08-12 14:05:04.229375,33
65.29074860393926,23.18012918387694,20.84979966203261,31.19754223186887,1.4641926057594636,4.116130703436622,72.773485511112,44.15800590254143,63.0187646764387,7.488629452709707,46.68779353309319,15.863113272817817,541.5343914128778,0.0018466047879082492,0.6599999999999999,42.26139519958974,9.585238570118024,0.0018466047879082492,2.2250133386461766,4.748635127201438,84.62291030866959,0.3431677535742004,11.91038519577957,4.053634332100827,63.0187646764387,0.37252286634532567,0,162.41434357881232,BW-003,2027-08-22 14:05:04.229375,34
84.03781938150877,26.176479169402235,22.350023814378158,43.77594364511948,0.8061314917336404,4.183438172516572,96.01180547136842,39.879906047049445,76.58008526152257,10.041486300528954,48.71834344837055,15.178126394353042,537.4071022446461,0.0018607867216923488,0.6499999999999999,45.88577503366337,10.0880522966146,0.0018607867216923488,4.714516890485287,4.955420094184671,110.54808824726774,0.3289500029132176,11.698307632521388,3.866501864618056,76.58008526152257,0.41648908154513575,0,159.52237680710985,BW-003,2027-09-01 14:05:04.229375,35
78.76162990072615,26.80563232924858,20.16190377279143,26.63671472977879,1.8255259515319846,5.686667222621655,98.99866662688322,43.86878205672088,106.36317444839689,14.07431181475863,50.075763737644436,14.633515550438121,512.3411463654843,0.001951824496419889,0.64,46.34420370897451,10.702187392409972,0.001951824496419889,0.0,4.318623548387449,187.8089048505036,0.2933196851391307,13.642387955387568,3.8526365879814026,106.36317444839689,0.508246258737635,0,186.03256302801228,BW-003,2027-09-11 14:05:04.229375,36
73.71718651036784,26.10322074945419,18.304183251167263,40.56112532182679,0.9741519673204557,3.9629911369226933,85.78282039754626,48.7553841273147,72.6892084489173,8.498913923392676,49.15364788403257,14.227531326661621,530.4949802450379,0.0018850319743611817,0.63,45.516398844694265,10.748773360590842,0.0018850319743611817,12.243302972524141,4.050601125335894,77.78180208905091,0.2886698869224641,11.739862617431687,4.547990174588018,72.6892084489173,0.40144585556990237,0,160.08903569225026,BW-003,2027-09-21 14:05:04.229375,37
62.22963414349767,25.6588765692887,20.889645792878078,33.28337380924512,0.6208712184297704,3.154972071343923,71.4788347829325,42.725754102910905,40.60247432315048,5.637843185808965,45.79514010706138,15.418882110773295,557.2955316373196,0.0017943800788461847,0.62,43.21512240622522,10.674166196390859,0.0017943800788461847,0.0,4.495865321464395,60.56299263295323,0.42560706540614296,12.168159020751748,3.261762277107152,40.60247432315048,0.30253024056836414,0,165.92944119206928,BW-003,2027-10-01 14:05:04.229375,38
65.88653004379782,23.787863412975064,19.077114006721885,45.85983035247156,0.5090705647759677,4.060419576182162,79.46899646101457,44.8203952533782,59.50254170392206,8.066936723246362,46.203748853376716,15.261611592868517,520.9074636441727,0.0019197267649117256,0.61,44.09105016474477,10.2758510412235,0.0019197267649117256,0.043133860444507566,4.817944256138697,107.757353946586,0.4112229726244293,12.23854383975327,3.9644504606746533,59.50254170392206,0.354614044772992,0,166.88923417845365,BW-003,2027-10-11 14:05:04.229375,39
79.35440875457246,22.73948474879531,21.692149073735383,46.225429435638375,0.7425418299109803,3.928408647265803,99.24712818430704,43.22226833989697,75.04485188524941,9.747081914388234,47.682840623241894,13.58383703750793,517.80739999233,0.0019312199864559918,0.6,44.1567226705931,11.480264108240307,0.0019312199864559918,4.329863944978756,3.26531621235054,113.20955003709736,0.3695743340679971,12.332115970416687,4.931540887768574,75.04485188524941,0.4054917262818637,0,168.16521777840936,BW-003,2027-10-21 14:05:04.229375,40
98.63329278873331,23.23476626193653,26.898793301601955,37.12025435753548,1.8267180913951386,4.334138330575007,87.2963496985342,54.66681536828453,79.56604040769005,9.458861383692426,52.608974778507736,14.887171809643874,500.9476584922154,0.001996216536893025,0.59,49.22683826446291,10.292858451449726,0.001996216536893025,0.0,4.412810434365353,121.00163548415576,0.36894329656354485,12.112206559913448,3.3944853323340336,79.56604040769005,0.41550443223996475,0,165.16645308972883,BW-003,2027-10-31 14:05:04.229375,41
82.15973022012524,25.207355314937853,20.3454960044208,27.98950468923981,1.8747337266732713,5.147954080625173,88.21973250379197,36.771566792732884,85.2780976406492,11.353778298363927,50.71298389598155,15.808150021360959,520.4490339511952,0.0019214177273192408,0.5800000000000001,46.77727096232156,10.187094903763873,0.0019214177273192408,5.530625914350849,4.959237542561429,164.23703845665221,0.35124167873916634,12.103549810286523,3.8100021971750966,85.2780976406492,0.4403950356541892,0,165.04840650390713,BW-003,2027-11-10 14:05:04.229375,42
73.11352795400137,24.232493529777376,27.11788390114066,32.13176357814738,1.928093669958504,5.03061682748273,71.92284133108527,46.92285299099794,68.24183338771182,9.045406397013197,46.574293720933206,14.191643312525994,546.6557248129596,0.0018293049072927094,0.5700000000000001,43.75329456616883,10.36616196307928,0.0018293049072927094,0.0,4.650973389086072,146.03447321312612,0.40115857351652495,12.245475890161881,4.80822732095901,68.24183338771182,0.3914694954029273,0,166.9837621385711,BW-003,2027-11-20 14:05:04.229375,43
89.517110759952,25.584575455440522,28.570741926537032,25.190541800387585,0.8855940382838131,5.524866022628322,70.91061416599013,51.87625727316612,81.77063051739371,9.794291071234634,50.19818428213733,15.313306818631535,515.5746853241568,0.0019395832038791255,0.56,46.06897302773427,10.720286065932601,0.0019395832038791255,0.33485575507260795,4.208408938979104,133.79483625757777,0.3090684029800752,12.000346524207025,4.238242800093392,81.77063051739371,0.42724117398855943,0,163.64108896645945,BW-003,2027-11-30 14:05:04.229375,44
78.6014533688364,23.361871236829128,26.926862247625824,46.060992745289404,1.1356551798963852,4.380987151928295,76.52763819794933,37.67556289987936,64.22076496636926,8.381664992815825,48.83578188646736,15.351720066569447,534.9909452456692,0.0018691905141325288,0.55,44.07346933755913,10.713259261454176,0.0018691905141325288,0.0,4.29957560918312,90.01845033400011,0.306435634880739,10.97760286387641,4.198022088427135,64.22076496636926,0.374566500128265,0,149.69458450740558,BW-003,2027-12-10 14:05:04.229375,45
73.6853040044758,27.769304392825397,23.338229193930488,35.7371616107828,1.027474808512858,4.860704546883362,86.34403255828295,37.51286984824628,78.33764913702217,10.492320791307275,50.20772427805451,14.52948864966681,514.8337481379994,0.0019423746085347022,0.54,46.83310986229787,10.821258847830395,0.0019423746085347022,1.0679811872772127,4.2981853317063665,160.50607052496463,0.39339668109575743,11.671232645851763,3.5503804235469514,78.33764913702217,0.415575621564807,0,159.15317244343314,BW-003,2027-12-20 14:05:04.229375,46
96.38193892048554,25.413732899691105,27.146095046179738,43.483361240421274,1.0127735628758874,3.869183951214644,77.16255313258073,39.270857089806825,67.96014087426973,7.463902805383214,51.70337445338924,15.740980384218268,498.4723972687447,0.002006129136696938,0.53,48.98263939799632,10.46340811140527,0.002006129136696938,0.0,3.7951239161004517,88.65263984683935,0.383721675545757,12.39922095603607,3.143813434632891,67.96014087426973,0.37607552209485584,0,169.08028576412823,BW-003,2027-12-30 14:05:04.229375,47
77.3477732528152,27.09083064643759,22.359064220109722,43.05444320284443,1.9114884838616557,3.6523587966517077,81.00036639108944,42.818348536823244,55.576077545301914,7.396060018012672,48.31894794897705,14.764342139424441,527.2162332947718,0.0018967549495785161,0.52,44.572513540532825,9.798185274755609,0.0018967549495785161,0.0,5.069736963928471,86.86002574372478,0.4019352587824179,11.36991466769712,3.606728564428341,55.576077545301914,0.3434184618061046,0,155.04429092314254,BW-003,2028-01-09 14:05:04.229375,48
84.92841492272028,26.44976372471133,27.661167744493618,44.28095157351942,1.092580006785194,5.929369588306231,98.63999070637206,51.00275165504152,111.28869833802155,14.621824027129293,50.45767966187968,14.679166589934809,514.470777585557,0.0019437449969326955,0.51,46.46564297767687,11.216391750353974,0.0019437449969326955,0.36410674585317504,3.936153916490238,138.71711793924123,0.2,13.197882434207193,4.156144204024825,111.28869833802155,0.5253035610690723,0,179.97112410282534,BW-003,2028-01-19 14:05:04.229375,49
62.05053836703993,24.411257627420436,26.085074757409078,34.808409258739026,1.6234447262905978,4.517777400439181,93.33183730203379,52.16645877757716,79.86634507432856,10.54131163261487,47.97293267267952,15.017783037016496,527.0832161498357,0.001897233623382397,0.5,43.23630995893197,10.541061016502885,0.001897233623382397,3.939588177434766,4.620469470662051,126.47763165546019,0.33197414153576926,12.800562208889557,3.1658291627889623,79.86634507432856,0.4243461150927126,0,174.55312103031216,BW-003,2028-01-29 14:05:04.229375,50
74.27929717874656,25.808464846624176,20.237037658247694,41.98486647947897,1.3185439532195389,5.534592256231526,80.79026683669204,48.74468686921366,87.4462594417646,11.178529630330859,48.79420072842221,15.240130250702963,512.7734204765665,0.0019501790850832519,0.49,46.71067757463445,10.921734222968253,0.0019501790850832519,12.264336365674742,4.001107863649818,117.44390750295621,0.2372849490809285,13.249615163108352,4.711850379182596,87.4462594417646,0.44531955761551856,0,180.67657040602296,BW-003,2028-02-08 14:05:04.229375,51
68.16257554186402,23.751467040986842,26.983304502981987,35.582429655876496,0.8240471605896083,5.1046957968088265,70.29482657709363,43.18365174916977,70.9219151197865,8.970842644137383,46.169278655799154,14.518674494040512,558.5623298844145,0.0017903104926659376,0.48,42.28376695554845,9.986103723095828,0.0017903104926659376,8.387971537955652,5.128846733831842,103.3651842352504,0.2821507381735943,12.220043020904614,3.38221124538229,70.9219151197865,0.403975082697946,0,166.6369502850629,BW-003,2028-02-18 14:05:04.229375,52
98.6908476148119,26.29075011890133,29.485617990477554,34.25052108864824,1.2126505110375807,3.9881378079062273,90.80132615556558,50.324909455207575,77.1109747453173,9.053205046225893,52.49639617407065,15.430718262816402,511.5642953672625,0.001954788496883035,0.47,50.23196944389827,10.807369384905188,0.001954788496883035,0.0,4.645034297231745,88.02545114741413,0.30475143484920253,12.797673389675106,4.534466788318446,77.1109747453173,0.4105058710945697,0,174.5137280410242,BW-003,2028-02-28 14:05:04.229375,53
95.91820864740077,25.15029604147231,26.487346942868008,30.05214905989272,1.1700897030539608,3.881750281514801,83.38979079959684,49.54037054028268,61.79421766970207,8.092458597794886,51.63904794534822,14.711790211832579,504.67113997811384,0.001981488380816401,0.45999999999999996,47.55884538506108,10.263136207194513,0.001981488380816401,0.0,4.730253333604206,89.4093265645572,0.3557826433289686,11.349471582076891,3.9309739448793986,61.79421766970207,0.35738206755910773,0,154.76552157377577,BW-003,2028-03-09 14:05:04.229375,54
64.9379946324142,23.23588021526177,18.011320983211572,24.942361239567845,1.965925734765394,5.078760687674366,99.621054169366,39.50322048431864,106.60990354868898,12.648787339501366,48.21173388567924,14.481466963215002,526.7347048163194,0.0018984889183421387,0.44999999999999996,44.15910666011378,11.194604276478724,0.0018984889183421387,0.0,3.738905257550034,117.92568125265197,0.22946252413987633,12.715681818544523,3.2987987769075446,106.60990354868898,0.5133867566071925,0,173.39566116197076,BW-003,2028-03-19 14:05:04.229375,55
69.6941478054705,25.979864257024012,28.06919638559534,37.215851021677544,0.7297167501259343,5.74529536347009,74.69086424934625,50.03596327173866,93.84467148045478,10.728026901633573,48.119491105853406,14.524968251266936,526.5072907336302,0.0018993089318983783,0.43999999999999995,43.49940775232909,10.775479937296547,0.0018993089318983783,0.0,3.8880610184759448,98.61709314742042,0.2,13.310355489081484,4.801520324901465,93.84467148045478,0.47076775882160493,0,181.50484757838387,BW-003,2028-03-29 14:05:04.229375,56
89.12465749344665,25.601508460597497,26.7750070721685,42.47391894857009,1.9631155515271177,4.704805848806306,78.23997609363717,44.48869828294348,77.92440281336252,9.202597428395244,48.92509436184723,14.958642488051753,523.2198809735302,0.0019112423597882938,0.42999999999999994,46.78175026780301,10.97077566209531,0.0019112423597882938,0.3839776315626597,4.311218583332536,114.005738426351,0.3291429782811441,12.758557677188788,3.983475886037979,77.92440281336252,0.4167139736699341,0,173.98033196166529,BW-003,2028-04-08 14:05:04.229375,57
82.94253120106839,24.04984667614361,25.781574682802844,25.642577021823026,1.8460959774823795,5.667001832443997,87.07914953236606,47.63444836653168,89.67609436347318,12.336942499189583,49.68447140782096,15.263448961832896,531.5813443970876,0.001881179636080319,0.42000000000000004,46.496307975514554,10.46313532469386,0.001881179636080319,0.0,4.134545261315669,129.154844095955,0.23091908017564208,12.605811177213745,3.3991432317918777,89.67609436347318,0.4583947178640369,0,171.89742514382382,BW-003,2028-04-18 14:05:04.229375,58
64.77524045352787,23.967057027314908,27.78894456751345,38.335497079937085,1.090453280416163,4.556243541344129,71.53496519336427,39.657171137521885,55.35649965777371,8.148268078563575,46.525413848476,15.25507873445759,545.4204816090654,0.0018334478328534023,0.41000000000000003,42.239610721246706,11.098928295815414,0.0018334478328534023,0.0,3.9930033544611367,118.75536180541769,0.399844384648692,11.66980347560046,3.5250205809663315,55.35649965777371,0.348147810008632,0,159.13368375818808,BW-003,2028-04-28 14:05:04.229375,59
78.93742637500085,27.127284359213082,22.080052632718704,44.87159243549211,0.6322016464650373,3.5452907932835824,85.12398525755314,41.45619586895701,59.94355288156254,7.544732030530264,50.1131841191787,14.765434572894796,519.9849359658808,0.0019231326348762067,0.4,46.71735152535093,10.601529613711152,0.0019231326348762067,0.0,4.3325695505835595,87.64642559133893,0.4095892409565305,12.058014302069335,3.966132490386605,59.94355288156254,0.35580732372830604,0,164.42746775549094,BW-003,2028-05-08 14:05:04.229375,60
91.07193748834523,27.085285798328417,20.181811834048066,34.32831677693281,0.7482496619954835,3.774322929520244,83.91956252321143,37.66568516164347,60.33308131257213,7.918488226666616,49.66792462216624,15.333134836021761,507.7458236714604,0.0019694893653070303,0.39,45.50357715083752,10.843492140961603,0.0019694893653070303,0.0,4.619617187336122,97.52130393039974,0.4078760282719723,11.810956963218722,3.40112931917614,60.33308131257213,0.35343401814334524,0,161.05850404389167,BW-003,2028-05-18 14:05:04.229375,61
88.26416515976871,25.21208660836994,25.62388016049985,28.715687206949067,0.8176187930786293,5.327631763409079,94.23871984327057,50.35529235428675,102.00338135648195,12.551729929500443,50.81760329760486,14.935670276823972,519.0433205230953,0.0019266214600203184,0.38,47.13116903612211,10.637910907682956,0.0019266214600203184,0.0,4.402866462482549,126.91343330910601,0.23723557799380157,12.659247495734547,3.3455146365621746,102.00338135648195,0.4957242673452018,0,172.626102214562,BW-003,2028-05-28 14:05:04.229375,62
61.659893020396254,23.932405211174377,24.7169359360041,44.590437935935896,1.5003911711880211,3.3418976613577236,89.31723871203295,51.68649591498797,68.99270270635158,7.462226779266812,47.65591869895119,15.477634618603602,533.3568990706152,0.0018749171553654213,0.37,44.84933406401417,10.709017888548049,0.0018749171553654213,0.0,4.316911168178214,79.41207691114053,0.39804757083809256,12.092264541826875,4.230695681257148,68.99270270635158,0.38998274540902317,0,164.8945164794574,BW-003,2028-06-07 14:05:04.229375,63
77.41585293599006,27.718720686364826,26.63094240690998,46.3239648687012,1.2913819599082486,4.375090438278919,85.86121959652158,35.687537167034506,80.04101510897507,9.391265021892703,48.57363504540896,15.296265153658881,524.7566386189051,0.0019056452580226084,0.36,44.95605366302702,10.411731285302475,0.0019056452580226084,0.20081641628423627,4.739775041179655,120.25051784734251,0.3658354921058703,12.431301381889135,3.0969284649516444,80.04101510897507,0.4242303752822551,0,169.51774611667,BW-003,2028-06-17 14:05:04.229375,64
70.35617099172558,22.316960118188334,26.713018217806205,26.911271952132818,0.9541626924079507,4.916889065919854,72.44341638673478,43.700291886804465,73.22024538788398,8.904906048245385,47.96306176744283,15.040639211028099,539.2939575237182,0.0018542762922687112,0.35,43.439773255594524,10.738729025526254,0.0018542762922687112,0.0,4.4493573989505855,127.22904734798766,0.36322567260521704,11.65031149147481,4.231105246386358,73.22024538788398,0.4058556718833954,0,158.8678839746565,BW-003,2028-06-27 14:05:04.229375,65
81.2988363153559,25.386499526678485,25.20699836384563,27.990127928392816,1.0696061072324732,3.4002490065696214,90.74930205919955,50.900230738569405,52.672262672648884,7.714255604341995,49.156932365586556,15.592128322598086,550.0995612584356,0.0018178527496229035,0.33999999999999997,46.583205978358194,10.611971256152632,0.0018178527496229035,0.0,4.8992593672651035,82.98075625053903,0.395441872922113,11.539430020112452,4.298307929661745,52.672262672648884,0.3406040772863603,0,157.35586391062432,BW-003,2028-07-07 14:05:04.229375,66
84.68776908467866,27.818913187802707,26.731573652396264,46.14249017025499,1.6433180874712656,3.4900633492294695,73.12939262055646,37.910309655747184,51.43913122661489,6.380655323410403,50.42599225768731,15.503578600298335,517.4115807430894,0.001932697367468724,0.32999999999999996,47.63030669017929,10.529503056753828,0.001932697367468724,0.0,4.564430473818339,82.26653189871377,0.46177945521435926,12.312563473256974,3.641126448721849,51.43913122661489,0.3266872449783098,0,167.89859281714055,BW-003,2028-07-17 14:05:04.229375,67
83.66867875569602,23.15214021481807,26.00022782271016,38.96110958303777,1.4037037556858998,4.401782988022507,73.20135457307063,47.991120135139234,69.71290000902145,8.055411931498647,50.068296589745856,14.848217837367043,519.3332212034431,0.0019255459869921567,0.31999999999999995,47.264155027609945,10.661582064161232,0.0019255459869921567,0.0,4.358839616613355,100.41497422135622,0.35399091200577937,11.738264119787736,3.2575088747361107,69.71290000902145,0.3881762997244378,0,160.0672379971055,BW-003,2028-07-27 14:05:04.229375,68
79.59143471952963,25.171939623935653,22.01331032541725,36.463504623415275,0.7963338585177173,5.60399877568527,94.84557607970359,47.52109417961603,104.27168620161694,13.287862305745573,48.85779787026676,15.10530041964882,496.8780287920462,0.002012566348387525,0.30999999999999994,44.915238483556266,10.998774639671971,0.002012566348387525,2.8103101781020694,4.0109753191943875,159.6335030626687,0.26796674828980177,13.445487700257878,3.634518348713735,104.27168620161694,0.496635695976337,0,183.34755954897105,BW-003,2028-08-06 14:05:04.229375,69
92.20697589441508,23.114661728192246,19.019595478673597,34.469904632571776,1.4874611592590927,4.1551741671568845,98.28948352213408,47.207521195633845,78.5978301812614,10.210248070859095,50.342570304051904,15.009672035405877,532.866746823109,0.0018766417795103305,0.3,47.99137706510631,11.067130651613132,0.0018766417795103305,0.0,3.957194111257115,113.14021774413162,0.33335079639318993,13.283065719785387,3.6200680480249003,78.5978301812614,0.42185279131780407,0,181.13271436070983,BW-003,2028-08-16 14:05:04.229375,70
77.50867299734165,23.66052479170785,24.69805420668529,32.328056049892794,1.8993015351899496,5.504921357048887,91.31054502136996,37.25006261053264,96.01797556127002,12.566434235297836,47.43733753006629,14.476939457468747,539.466777945436,0.0018536822671611196,0.3,43.569611336567945,10.457009918983058,0.0018536822671611196,12.974960453988476,4.736501437651642,165.71081047768766,0.2994316287282846,13.163115222462366,4.346016332577354,96.01797556127002,0.4818999519211975,0,179.49702576085045,BW-003,2028-08-26 14:05:04.229375,71
96.90580558414288,25.014230919832574,21.9346079282191,41.69117793495934,0.5550694152246,4.917323540984119,80.22885920928965,54.95344526529318,83.63689395301338,9.862781451403514,52.009278253333896,15.478919815554134,507.0859130451838,0.001972052416117691,0.3,48.85845113226842,10.529222955463121,0.001972052416117691,8.662627593180272,4.293941324555264,128.04496727155671,0.3300230948121673,12.243873391255535,4.526589823994563,83.63689395301338,0.43091542042359976,0,166.9619098807573,BW-003,2028-09-05 14:05:04.229375,72
78.99076024174605,24.017940365622003,29.046430621230655,24.28807265454438,1.3292223135775236,3.7906544384903333,78.37391412322809,53.61344511124797,63.23435584128434,7.42721063582687,48.05773224456734,14.317489102286682,535.3040917715642,0.0018680970599170017,0.3,44.82528305786506,9.885306471846,0.0018680970599170017,4.364399616142457,5.017144708427512,80.39241535263116,0.3569317275976529,11.78814813377679,4.764990210136273,63.23435584128434,0.3713724136690837,0,160.74747455150168,BW-003,2028-09-15 14:05:04.229375,73
89.62654324266504,24.910107925144246,19.02483636195266,47.33907336066965,1.277015647064147,5.923317931915426,99.26805757469957,36.30553515132928,120.15588632053795,14.699906637465771,51.14547626832447,15.247902510513786,515.9402854601938,0.001938208796989071,0.3,49.06795935166444,10.111142904681602,0.001938208796989071,3.7365536049200387,4.683766810632482,139.31555293309376,0.2,13.023176367811269,3.014193064989774,120.15588632053795,0.555301706706518,0,177.58876865197186,BW-003,2028-09-25 14:05:04.229375,74
84.56744977276045,23.419658696245044,23.801977021281644,34.299587806999725,0.6123437630029755,5.465517968258707,89.38929800972144,47.946842687461825,99.4732151092644,12.21397036105412,49.686736497271006,15.802169554154299,526.198273192948,0.0019004243285179253,0.3,47.43243803399201,10.49412673988136,0.0019004243285179253,0.21371188453074627,4.682423495996999,135.47548840793172,0.25367785113254837,13.638481224770707,4.081531262601086,99.4732151092644,0.48943686565543243,0,185.9792894286915,BW-003,2028-10-05 14:05:04.229375,75
64.24641414189868,27.024835117712648,20.877839426479085,28.678998515967134,1.2573671768752088,5.947447741803743,97.3545570861834,43.78261321609701,111.44337469909713,14.475278517413129,46.35186786424279,14.456936850409296,550.2157390073763,0.001817468911020362,0.3,41.6064514030281,11.084514867574777,0.001817468911020362,2.452649212765953,4.168636985317744,206.57461288862447,0.29993655375811723,14.06224282757167,4.911960117652145,111.44337469909713,0.53654263736587,0,191.75785673961366,BW-003,2028-10-15 14:05:04.229375,76
90.74988525450053,22.371679111473927,24.92169503565907,26.86105062817376,0.5546915762384277,3.1198439198582832,80.86880470000614,51.5278062320111,48.59490712775354,6.307451216238028,49.74422182657675,15.551966773350953,522.5787175276923,0.001913587305527819,0.3,46.21878472065267,10.809210645463946,0.001913587305527819,2.5549657133752652,4.3655935984406105,47.25959037429449,0.30020173521849997,11.920737516085783,4.907407252983416,48.59490712775354,0.3187566390174862,0,162.55551158298795,BW-003,2028-10-25 14:05:04.229375,77
62.1097580864887,27.00498464925065,19.415669803536737,25.083632745895006,1.1568498307143684,3.1653046054764933,82.80684183469907,44.38049879435767,61.663528711204435,6.552721945608413,46.060182888721734,14.796557377747813,548.8766615319723,0.0018219029339103163,0.3,41.87869445950132,10.519043799410994,0.0018219029339103163,0.0,4.283244418122412,51.05680103855003,0.307699197961478,12.529048994994865,3.2529284908071423,61.663528711204435,0.37020809416360645,0,170.85066811356634,BW-003,2028-11-04 14:05:04.229375,78
93.75973887768099,23.574450258935812,23.060551410310996,24.95814078153003,1.1736177712023137,5.785666598682408,89.23258310746479,41.23305833309298,99.51879851630585,12.906749389975278,50.52920416080782,14.251371177410677,518.4446074812699,0.0019288463715694591,0.3,48.329224671337904,10.30517269976455,0.0019288463715694591,2.9713964551921355,4.567357573474609,154.47221480085497,0.2585771267465815,13.570153877450775,4.3209394427288625,99.51879851630585,0.48726271063206716,0,185.04755287432874,BW-003,2028-11-14 14:05:04.229375,79
83.10452322548535,25.42544232251287,21.98912030609238,31.572796335915253,0.6599354284048968,5.917704706949211,80.80179705792177,44.55734709826272,95.85016294787158,11.954029369490465,50.74661806048953,15.36095174271907,507.16227190934734,0.0019717555019130935,0.3,46.22177168121608,11.064822553604643,0.0019717555019130935,4.8355748934222085,3.9722213891447358,125.04642467346049,0.22096001122759829,12.835755523694868,4.20337321724093,95.85016294787158,0.47164922473237614,0,175.0330298685664,BW-003,2028-11-24 14:05:04.229375,80
74.67193282585073,22.596968013237788,27.19915133654462,47.19058314595646,1.9551116850000603,4.065851922710768,90.475351903486,48.24464316659186,68.61542479074276,9.196484587368047,46.930791326483735,15.33597230390725,550.7723698513288,0.0018156321099947919,0.3,42.922845077393234,10.691718960675425,0.0018156321099947919,0.0,4.277641121852365,104.87108648539625,0.35058422890353036,11.93571466204939,4.0932298793273425,68.61542479074276,0.39394979359120785,0,162.7597453915826,BW-003,2028-12-04 14:05:04.229375,81
94.60284397501576,25.604752896037716,26.41038836692656,30.844939264329938,1.446155630258931,3.947005443492198,73.75753693288624,48.11019943692225,62.82727116809484,7.278034994316972,51.574628668258256,15.124774094799038,497.5299942409665,0.002009929072769981,0.3,47.75370931943546,10.982624491189105,0.002009929072769981,2.8919978710653758,3.8586152058674412,106.9766284445477,0.46549718010231067,11.671603891068251,4.655849909090625,62.82727116809484,0.3586832354992727,0,159.15823487820344,BW-003,2028-12-14 14:05:04.229375,82
78.2259819775951,24.892104038661596,27.093318724501895,30.76604053433404,0.9770594175417798,3.119391382006958,87.93047006570377,52.39391769703268,54.227251306136196,6.857238763469428,47.55084111190487,15.514706550477664,536.5194086778832,0.0018638654703363813,0.3,43.87343114251597,10.247953549895094,0.0018638654703363813,0.2252441353755965,4.401750915469979,69.86526132358694,0.40827441137213416,11.0818863895494,4.8696440808876025,54.227251306136196,0.3417133269571523,0,151.11663258476455,BW-003,2028-12-24 14:05:04.229375,83
96.98567164514546,22.337345769105834,23.827611580960085,45.90721920978868,1.4155445117272354,4.377911064639221,72.30907549024052,48.41530050886071,68.14909649770242,7.914067541563917,52.34455267384256,14.51259671203858,501.7990720170405,0.0019928295123790925,0.3,49.01835403448833,10.513565697996519,0.0019928295123790925,1.6639780143287923,3.8640422907395706,106.75845551893246,0.38516392880658834,12.196180208301936,3.60641638751935,68.14909649770242,0.3777033765974535,0,166.3115482950264,BW-003,2029-01-03 14:05:04.229375,84
81.85628296848529,23.49846507537613,22.11930586877338,44.449161979312635,1.3388271976526873,5.463778261118536,77.33965163814139,43.426017632667296,86.06763242256557,10.564167683573936,49.924030157446985,13.839842200884789,520.3894704990894,0.0019216376515860919,0.3,45.64101220859832,10.555968961193313,0.0019216376515860919,0.3683720592137159,4.179603566956481,121.68269509175892,0.2635181186081377,11.397702196547916,3.314743166699821,86.06763242256557,0.4430089492249453,0,155.42321177110793,BW-003,2029-01-13 14:05:04.229375,85
80.5896877502712,22.597478281240175,18.192337877461476,47.12844452848918,1.0654792509302624,3.577479451907481,73.0563629241867,53.222410027839146,44.378151428959754,6.533940929809336,49.8710829888572,15.601225623991535,520.3666371957705,0.0019217219716255243,0.3,47.71227518215074,11.30391615602905,0.0019217219716255243,0.0,3.3576650775286416,73.37954373883048,0.3924033155182661,11.020563055457108,3.166758107537519,44.378151428959754,0.304037162588597,0,150.28040530168784,BW-003,2029-01-23 14:05:04.229375,86
84.12852248398018,22.47829043912371,26.197371428676558,46.381601008943065,1.3634978794961294,5.461522512696328,92.80104705409522,35.97532637626281,100.30449471409064,12.670875192193307,48.52400785375422,15.139541929172593,499.46841683609057,0.002002128595706919,0.3,46.059483669811854,10.65228947387077,0.002002128595706919,0.0,4.758299412758369,159.03852452843358,0.28727114778509444,13.371267830524351,4.3340737142507075,100.30449471409064,0.48418884076446256,0,182.33547041624115,BW-003,2029-02-02 14:05:04.229375,87
65.04461289501643,25.49032916484086,27.19616655725583,33.753996877776444,1.8197566219122017,4.0271853698875795,86.39429083076129,36.82706485447112,75.47990681127423,8.698145601886365,47.04825561093444,14.510750227066698,526.2194398225555,0.0019003478859260811,0.3,43.36790766190639,10.131594082832848,0.0019003478859260811,0.0,4.312500372297881,92.89348878675939,0.33148737550392854,12.705292436456169,4.243014622276168,75.47990681127423,0.40946552131768077,0,173.25398776985688,BW-003,2029-02-12 14:05:04.229375,88
85.94731813429458,27.395493509735214,25.482063734968047,27.150911328115782,0.9645375666577837,5.269939648057196,87.47305230664888,38.73180193746335,89.73685205352433,11.524442662184748,52.64731546386409,15.365479488188107,496.3181000066312,0.002014836855610624,0.3,50.41178585850326,10.419147057358122,0.002014836855610624,0.38071450813038554,4.718869245075811,163.3018308735609,0.33610540285525664,12.990647143300723,3.7012853829142935,89.73685205352433,0.4480182701804038,0,177.14518831773714,BW-003,2029-02-22 14:05:04.229375,89
68.07179793009828,27.452958986301173,27.12480080744979,40.233560853840146,0.9514494794474325,3.171007162655802,87.63395348115054,51.80696355177017,53.14990864291726,6.947197354514342,46.56010986214636,14.914870876602047,526.214593268364,0.0019003653885554831,0.3,43.74805904924117,10.744325642399465,0.0019003653885554831,5.487209271507517,3.66915972650505,76.92802417503427,0.436503501396048,10.572050193214615,3.000482009370269,53.14990864291726,0.3350307401235667,0,144.16432081656293,BW-003,2029-03-04 14:05:04.229375,90
67.36179088200853,26.53870652793347,23.689895350548955,29.4189492516151,1.4249329672479125,3.052494641962166,71.47013934913821,46.45540553373891,40.94013618159404,5.4540554355883435,46.83866407201518,14.942679582246804,540.8375803428628,0.0018489839396257416,0.3,42.83120160541063,10.519718182198583,0.0018489839396257416,1.346391560649178,4.23970905646643,52.9926916852731,0.39787947322546985,11.060783685561626,3.5009658934995267,40.94013618159404,0.2987183947081723,0,150.82886843947674,BW-003,2029-03-14 14:05:04.229375,91
61.61335408553808,23.95702152476952,23.622683935093615,27.55100001862574,1.9769817163862593,4.048843196423166,87.89039492490328,40.48425778248294,76.13553435100562,8.896360688065995,46.50627138447635,14.367996916026318,546.0584709005504,0.0018313057177756383,0.3,44.35882621344082,9.50280558386578,0.0018313057177756383,3.0548063418777995,5.3198089794936525,88.35410789097224,0.3066150154096023,12.899501058511818,3.3830426441002963,76.13553435100562,0.4176026557735172,0,175.90228716152478,BW-003,2029-03-24 14:05:04.229375,92
68.36389458358457,22.782118780259594,20.442418486642758,42.45746719583338,1.1382584889077643,3.0798250982330524,92.05685554304787,47.512998258829064,64.49068692019654,7.087975354147333,47.74076897909963,13.9748212713579,518.0198083197138,0.0019304281109320351,0.3,44.588711757204756,9.66681251769636,0.0019304281109320351,0.0,5.46388685224074,75.52614645987524,0.4324730875310939,12.013321528073227,3.4826994076749997,64.49068692019654,0.37037489889656927,0,163.8180208373622,BW-003,2029-04-03 14:05:04.229375,93
82.61663759010152,22.126054941918163,18.413175702879776,34.69981319584839,1.7249828648024352,5.0256925126861125,76.17645964534964,42.04962093886702,79.16979120593949,9.570986572064237,50.13167613321679,14.971302317462982,523.6481334852884,0.0019096792980893807,0.3,47.31472994167355,10.92828066664961,0.0019096792980893807,0.0,3.9186710892553256,124.48306522380209,0.32349506975670017,12.147348294537593,4.495303649129956,79.16979120593949,0.4209937440653848,0,165.64565856187627,BW-003,2029-04-13 14:05:04.229375,94
95.40955514830262,22.52023940557384,24.460357225212274,45.91751247070249,1.0819591315968295,3.378330425035875,73.89571040253644,48.52391492713078,44.19682381291685,6.241103168313222,49.91598476749032,14.868626626156749,513.1793301574014,0.0019486365510732512,0.3,46.31554414125597,10.640624695618662,0.0019486365510732512,4.146046530754925,3.8466262378242013,84.35857241385769,0.5001217572634115,11.483870184477864,4.919184295218468,44.19682381291685,0.30127654509027657,0,156.59822978833452,BW-003,2029-04-23 14:05:04.229375,95
93.18263325713474,22.802173926396616,29.224733876013584,42.03415962075127,1.9120015891803526,3.3169510363467922,94.38552914610273,46.575129527199984,64.94330233591529,7.826804467932645,49.381501019996094,15.32616516908834,517.0559631326098,0.0019340266263277368,0.3,44.96017995903755,11.20015738094204,0.0019340266263277368,0.0,3.818542023943697,82.78465546152016,0.3985990999728442,12.666993679123747,3.986683176104761,64.94330233591529,0.3715944633928339,0,172.7317319880511,BW-003,2029-05-03 14:05:04.229375,96
87.06468934210025,24.18042359199656,29.25817407029667,30.613602631420285,0.9982587830925989,4.8548550630411595,93.44386266264128,49.06554455464903,93.91987943747894,11.341410243946171,51.48700876560425,15.378244177158049,503.9473431295712,0.0019843343032426453,0.3,46.677298111391735,10.573321673277654,0.0019843343032426453,0.0,4.654685209454656,107.82388850654168,0.2447832371513734,12.656542875859149,4.333417710792913,93.91987943747894,0.46425046773046785,0,172.58922103444294,BW-003,2029-05-13 14:05:04.229375,97
88.03233672006961,26.591897797152317,29.152841806189848,28.91525781734903,1.696997052828836,3.858405127374943,89.21341821979759,41.283241276739446,71.09380320502942,8.605537757247804,48.29079043742297,14.598025792636259,539.6916221620929,0.0018529099932917922,0.3,43.99850367768633,10.501380225218066,0.0018529099932917922,1.7327601496809835,4.346517177000917,102.35274653403441,0.3853218826536443,11.477637615321646,4.173535815689182,71.09380320502942,0.39888683066539254,0,156.51324020893153,BW-003,2029-05-23 14:05:04.229375,98
89.54184213587854,22.38276733752159,22.646677694522484,30.786370969442366,0.9567356365310455,5.873913199447362,71.00270717306512,46.5958568766591,86.01518699594376,10.426593471509078,50.73862193708975,15.660207004891918,511.4006025057567,0.001955414199944638,0.3,47.23352443907048,10.300052699204361,0.001955414199944638,0.0,4.527632565656757,185.8626913672553,0.37934317008479795,12.527247786003358,3.529934123110886,86.01518699594376,0.4401374707382062,0,170.82610617277305,BW-003,2029-06-02 14:05:04.229375,99
99.31787518218803,25.856664480879566,26.612113893521993,47.43882329556022,1.065802673686458,3.527670850255986,77.06149785695072,44.88741622091516,50.279879884967805,6.79618999167573,51.023245628988285,14.860246268351734,517.9649379917761,0.0019306326097614688,0.3,47.8041464131559,10.757243787471191,0.0019306326097614688,14.967884403103112,3.92075780286194,96.08284740497862,0.5009591461811487,10.4230281091269,4.327249441534599,50.279879884967805,0.3229890810140922,0,142.1322014880941,BW-003,2029-06-12 14:05:04.229375,100
92.07360673811223,24.60718577982697,28.43440406177976,28.335780991471275,1.9215292655964193,5.744504849990634,76.35143116443912,37.88480042236207,87.73963640897136,10.965029165696164,50.65273553270717,14.577163447752943,512.7020415521292,0.0019504505910931203,0.3,46.2292411772273,10.34908624495761,0.0019504505910931203,2.3717517700942707,4.810360661486388,145.35808032699683,0.288460797725687,13.347025702971141,4.292093888193192,87.73963640897136,0.44627606716221,0,182.00489594960646,BW-003,2029-06-22 14:05:04.229375,101
68.75086833643519,23.95732304188559,27.074306809281367,33.45012339756976,1.41231706514967,5.7353553371453145,74.39843671479527,47.91855786046079,93.45116881184306,10.667536777186724,47.29853128455861,15.120620124203365,540.4645274062988,0.0018502601915411953,0.3,43.19994767335089,11.619732709324845,0.0018502601915411953,0.0,3.3031837531386206,178.23444004464002,0.3641473553774427,12.595685958179141,3.0406821637643553,93.45116881184306,0.4736432542613665,0,171.75935397517011,BW-003,2029-07-02 14:05:04.229375,102
77.78294004277714,26.45421962253869,20.73997502842333,25.40299169368505,0.9498940962095994,3.698637438455445,74.70281285954918,48.66858830314541,62.594090530825326,6.907465510006487,48.75194615210943,15.461754308023684,537.4021684337793,0.0018608038053036324,0.3,44.83382175048111,10.840927028425838,0.0018608038053036324,10.620250778324664,4.362016572206074,76.3665230703079,0.3736392953544426,11.301967444104266,4.756504935464693,62.594090530825326,0.3698676189662182,0,154.11773787414907,BW-003,2029-07-12 14:05:04.229375,103
78.97234659473722,23.00812031315607,22.257567475876662,33.599592439045644,0.5860877655324104,3.928387729338547,83.4391496914657,43.10943352660837,68.2526686132826,8.194533294859902,47.79522866738278,14.406831786445073,545.7623378902323,0.0018322993921964753,0.3,44.03311906165605,10.594135637087783,0.0018322993921964753,0.0,4.153134573874319,102.43873283294846,0.3977733112936708,12.255064001611983,3.9675937931655927,68.2526686132826,0.39123759674467834,0,167.1145091128907,BW-003,2029-07-22 14:05:04.229375,104
83.33228992736818,27.306060567827725,19.820914955436628,38.347392321636335,1.4971088073662693,5.952268391899542,78.76746870218163,40.896344766935336,98.11157218878395,11.721127856648303,50.08769937724296,14.044341554168748,525.1175120894676,0.0019043356524541572,0.3,46.60390821895169,11.001023950148003,0.0019043356524541572,3.5578054833962294,3.908877996110725,128.0850914797354,0.22948625927785796,13.030686817386462,4.60531248830444,98.11157218878395,0.48457382758945344,0,177.69118387345176,BW-003,2029-08-01 14:05:04.229375,105
76.77338721677154,26.20658552418562,22.928778521892145,36.11129491145844,0.5110295668316405,3.7569682327912357,97.45869821137822,40.31371129732527,63.45137210126222,9.1537308297334,48.60898732904514,14.620617371032312,525.8737635841541,0.001901597054746339,0.3,45.377191237330344,10.884506973505331,0.001901597054746339,4.382105898908983,4.242659871227865,109.31420713487272,0.3973296380687287,11.880959484452696,4.821648440660792,63.45137210126222,0.3692667027461203,0,162.01308387890037,BW-003,2029-08-11 14:05:04.229375,106
87.66880456538755,25.968056073668347,18.460810527916134,32.838002577483195,1.968547761187501,5.687447194680584,73.10425190939753,48.131254047993046,82.9092899073983,10.394414311033144,51.501173015507135,14.596811535440976,501.4969490295549,0.0019940300772219983,0.3,48.78306350648099,10.024593428715795,0.0019940300772219983,0.0,4.517294253038068,156.33720915547025,0.33056355245196145,12.838303331508476,4.354187569567289,82.9092899073983,0.4268133844001941,0,175.06777270238828,BW-003,2029-08-21 14:05:04.229375,107
76.82946250274468,25.01167243079105,28.919161897916624,41.21428502077815,1.3731051966863355,5.837145325323073,90.30460130890141,41.03173739747103,107.86963566783727,13.178027034635441,48.600114315416796,14.929175706994936,537.4852417021228,0.0018605162010275349,0.3,45.6384115573673,10.435695036560084,0.0018605162010275349,0.0,4.342695713941048,141.71744535683212,0.23029389647676987,13.554711570017043,4.201914389994995,107.86963566783727,0.5208110247367611,0,184.83697595477787,BW-003,2029-08-31 14:05:04.229375,108
91.9121872536429,27.186197598735838,23.4826568608472,35.402600758364045,1.0790764034777536,3.5649075747513193,79.11205138675298,36.8603481852535,63.1983445966394,7.0506787810687825,51.95319863371569,13.910894340134284,509.91048479519026,0.0019611285310237505,0.3,48.913042350007956,9.736049963542577,0.0019611285310237505,10.40712043250097,5.40231918453342,76.82735078895486,0.3820732801776719,11.669047076072026,3.3096853632404546,63.1983445966394,0.36363429409402176,0,159.12336921916398,BW-003,2029-09-10 14:05:04.229375,109
98.66824560073843,26.182997525742103,18.998676794496866,44.71103095951244,1.2208399112544022,3.4241506626490206,73.90961299517008,47.86857899034661,48.844636285030354,6.326941257838607,51.27076987660376,15.23968047671471,504.1741455115883,0.00198344165186276,0.3,47.00040220789657,10.665303201067784,0.00198344165186276,6.252945521646798,4.089115290934192,69.33454152503047,0.4000488197409622,10.920667357912922,3.864874333433006,48.844636285030354,0.31406769793691103,0,148.91819124426712,BW-003,2029-09-20 14:05:04.229375,110
84.92689698128748,22.446570510631094,24.044301134849334,28.383003126074428,1.3609627625476128,3.4717069952827004,90.71868226244024,45.2686899425164,66.94334185537052,7.87371709533356,50.17848723765111,14.987800716381921,530.8935353592183,0.0018836168335019758,0.99,47.76973554237518,9.672823102876604,0.0018836168335019758,2.586666852044623,5.304523905353354,74.92534287958011,0.3426225011718862,12.109571131006488,3.7944550591324653,66.94334185537052,0.3824125334590005,0,165.13051542281576,BW-004,2026-09-26 14:05:04.296315,1
85.49618449044735,25.340255539317123,26.85954612573969,32.054621861781634,1.6476598874496964,4.321303711968138,97.03532869652066,50.0133802856331,85.39181585352885,10.482978152208078,48.402198024060894,15.377479383070982,540.6321267336032,0.0018496865993551112,0.98,43.76785243310379,11.20362697326585,0.0018496865993551112,9.00037234027951,4.054323095174388,124.16139731482426,0.3426077108728011,12.769933568070114,4.033472089880129,85.39181585352885,0.44682902419851045,0,174.13545774641065,BW-004,2026-10-06 14:05:04.296315,2
77.31068326832775,24.905106989935582,25.777225527132856,24.440601215981374,1.4809913321303725,4.4658147776339545,88.0966640697389,41.51162265038023,78.13071947413997,9.835584606572356,46.654743830869755,14.20492908465985,546.3034932031713,0.0018304843597770992,0.97,43.46057930883294,11.01565415459225,0.0018304843597770992,5.706476209995754,4.40806004673556,120.12279989011328,0.3418492050988751,13.184068141753652,3.081570026871036,78.13071947413997,0.42432677954141795,0,179.78274738754982,BW-004,2026-10-16 14:05:04.296315,3
84.74340596288462,23.85908270051968,19.029531418793873,26.18245079791299,1.884835620477843,4.869943301277172,71.6899983339772,35.47768382638286,68.36779832475801,8.728155678878098,49.04685979693063,15.404632349120993,518.057298651605,0.0019302884113452145,0.96,45.92590890781168,10.622056518509194,0.0019302884113452145,0.0,4.310901729919725,136.68693118171373,0.4019672005470673,11.236659440454636,4.901187931862249,68.36779832475801,0.38330985067800816,0,153.22717418801776,BW-004,2026-10-26 14:05:04.296315,4
87.57117284903349,22.762615682624443,22.280678031706877,38.21959185363831,1.753357557635973,4.350072718583408,79.9807053907801,43.76597216066332,65.96535818493953,8.698047113337235,50.2525061015272,15.440032981478671,504.78297567523134,0.00198104937802693,0.95,47.035647930760874,10.00149672142462,0.00198104937802693,9.216770382712884,4.857508506576377,107.83582959650496,0.35624995988188446,12.2561646680423,3.440219660038327,65.96535818493953,0.37131941998570117,0,167.12951820057683,BW-004,2026-11-05 14:05:04.296315,5
61.74643714852034,23.419798788820053,28.676987883544562,24.219973204411595,0.802098654190831,5.067430070941013,85.43713348803402,39.00308422498733,84.02786415114815,10.823667485306625,44.828159748349634,14.592994665354222,564.8187066064531,0.001770479603992236,0.94,41.04704239949533,10.921558319937754,0.001770479603992236,3.3402951357557256,4.231346603234945,145.95164253351547,0.3326264600035638,13.043754020806233,3.785470228448455,84.02786415114815,0.44953849248576316,0,177.86937301099408,BW-004,2026-11-15 14:05:04.296315,6
98.36096703891863,25.680411079133027,21.140056399650078,25.607786265500344,0.5422870106708333,3.9587682787799947,87.75423722989979,36.44458696544956,72.42291543383372,8.684967266856543,51.38846797330727,15.260724699529764,513.9360437798148,0.0019457674006387246,0.9299999999999999,47.93262582197668,10.975533004705706,0.0019457674006387246,1.9514573486352453,4.271802535362539,55.01083666923885,0.2,12.426231055515743,3.5067962151187455,72.42291543383372,0.3955905312467235,0,169.4486053024874,BW-004,2026-11-25 14:05:04.296315,7
69.7898031854771,27.28891491753346,22.990963851570115,41.28800085998383,1.8774275530699367,5.259938795637771,91.48976030428085,48.38770847339738,99.88783399096519,12.030763490702183,48.805439551377525,15.15322543148167,528.175047413618,0.0018933117058384853,0.92,44.10571092131351,10.682225238887376,0.0018933117058384853,0.0,4.199847700902185,127.17130232309029,0.25120324881251566,13.112020398801429,3.2636207469949183,99.88783399096519,0.491411960860636,0,178.80027816547403,BW-004,2026-12-05 14:05:04.296315,8
76.32161846411266,23.147664226224382,24.205415170283032,45.79400848943651,1.7065616212065509,4.430975746134525,89.26834490521345,35.76723109575949,85.58830959337791,9.888646779314307,48.01050544721257,15.219743024004256,537.1630134525591,0.0018616322698255126,0.91,45.14990482226419,9.901820934482663,0.0018616322698255126,0.0,5.296074755150512,115.42872949606524,0.32929693724471604,12.95417733752734,3.845736818118174,85.58830959337791,0.4464432693470275,0,176.64787278446374,BW-004,2026-12-15 14:05:04.296315,9
62.63319373452615,26.15543680046549,24.862770269507443,45.77911623231421,0.6837221252754458,4.501075081153171,80.7253998528171,40.54853469601958,75.502342278667,9.083777142341022,46.296669212724545,15.165735448165448,531.2463900548626,0.0018823657322108646,0.9,44.08708345067056,10.444832522969381,0.0018823657322108646,0.0,4.710633162164242,74.62934618309679,0.22815864114752754,12.541369644344368,4.481559734321345,75.502342278667,0.4110483912786821,0,171.0186769683323,BW-004,2026-12-25 14:05:04.296315,10
81.36144452818627,27.276776161071353,22.920285440900916,35.56787802558881,0.6056910165004374,4.928406150486247,90.78403595889726,52.41935199725085,95.40372265641564,11.185515029644847,49.5687781565834,14.357806481963744,516.1733304319094,0.0019373337230795076,0.89,46.758857246017016,10.327772121616878,0.0019373337230795076,0.0,4.796027385337669,143.47667277588084,0.32533353582506713,13.29734189176125,4.445223449668899,95.40372265641564,0.47286440798429163,0,181.32738943310795,BW-004,2027-01-04 14:05:04.296315,11
71.12574561795643,23.947039895013685,29.34146938493864,30.784016652987816,1.191303102904478,4.684067472568014,96.48509472034237,45.556242165912415,86.9288821417467,11.298567344179986,49.14474099319743,14.885459484539146,531.2265346371555,0.0018824360885568933,0.88,46.48015953749033,10.799981476691636,0.0018824360885568933,0.0,3.484546870623189,119.05328456667006,0.28119323868673374,12.182030724312545,3.93969086996735,86.9288821417467,0.44913090086363566,0,166.11860078608015,BW-004,2027-01-14 14:05:04.296315,12
86.85217694257119,22.973100234447266,23.837308645702493,41.72493694742178,1.800282819540599,4.5528894851939015,87.33631244322727,49.986307102848684,91.13153569998478,9.94081446495947,48.890793658238195,15.651295198393116,520.1025877617516,0.0019226976053002829,0.87,45.35156200313405,10.77357160320762,0.0019226976053002829,2.7484760436295352,4.498895034771166,130.5195573124037,0.3604761436362852,12.426833940538431,3.6587070484999096,91.13153569998478,0.4598025619951414,0,169.4568264618877,BW-004,2027-01-24 14:05:04.296315,13
85.05037098649707,26.014321091901685,19.51540167101483,46.69863593391233,0.6988611162267235,4.4472708047841865,72.80972357822424,50.36178756837333,67.7783018031086,8.095113949346086,49.895217588842605,15.254844615612328,514.9146586382856,0.0019420693958189963,0.86,47.866600726765974,10.797797892599792,0.0019420693958189963,4.390008995663323,4.143560314324415,101.89713071150398,0.35379804287148575,11.57780482003262,4.959828865564761,67.7783018031086,0.38040207026851436,0,157.87915663680846,BW-004,2027-02-03 14:05:04.296315,14
90.98691748727194,23.588897930669912,29.20311772441502,41.279028944867505,1.6307205694675535,5.24167393526576,79.35109964478436,41.12478490456801,81.4799689174992,10.398314768568557,49.833639435644464,15.676400267448363,535.9098797094083,0.001865985379001111,0.85,46.24470585453906,10.828163009339585,0.001865985379001111,8.616182015597836,4.258915232281479,153.8166467640114,0.35276085854365213,11.918293903098279,3.8659460996794124,81.4799689174992,0.4323728603044865,0,162.5221895877038,BW-004,2027-02-13 14:05:04.296315,15
68.76236692239533,24.658239859810966,25.413758335071435,42.47936683695842,0.6559390638685844,4.778954243266481,98.07982537005333,48.56245003073293,96.41651759349132,11.717974940776296,46.847780967156524,13.69093340065386,538.4751571138114,0.001857095887877036,0.84,42.881631368766165,9.615737749547241,0.001857095887877036,8.531429199345794,5.195498605593926,126.67197077431442,0.2827516208437528,12.655643924623014,4.404328657296625,96.41651759349132,0.4829309391124478,0,172.57696260849562,BW-004,2027-02-23 14:05:04.296315,16
98.49461265818113,27.341324023327335,21.24418308594701,43.74624583277597,1.2774858845597352,4.24328943740111,90.68602626716245,41.8795927263274,80.65552789311783,9.620176434483248,50.2926111271758,15.067595170493693,503.9328827675593,0.0019843912437467457,0.83,46.93797005872353,10.50364066675594,0.0019843912437467457,0.46528219850494945,4.999696259667711,127.04775874233367,0.3890373763254015,12.45467495225593,3.5778740333151653,80.65552789311783,0.4200316244739939,0,169.83647662167178,BW-004,2027-03-05 14:05:04.296315,17
78.47225926248075,23.886604634868434,24.971623039579107,41.517338824886345,1.1163993574441373,4.065868929657956,71.47482487465145,35.621137520703115,64.52311546147642,7.265181742764723,48.44460518493075,14.859417978767722,518.4151997360373,0.0019289557877723734,0.8200000000000001,45.69500278915696,10.180470872943143,0.0019289557877723734,4.650108896586131,4.9167400598688165,102.95595310233425,0.43567397609037695,11.063642316863488,4.584006252260392,64.52311546147642,0.3706016114590659,0,150.8678497754112,BW-004,2027-03-15 14:05:04.296315,18
85.16876772033169,26.195877526931824,26.533461804183432,25.247186355148326,1.7896217085276005,4.6625437663463964,92.86098163117154,45.7475838088771,80.10950897240537,10.824209776030653,50.2806523056971,14.05016485957056,522.6987817627996,0.0019131477533341553,0.81,45.30116108889667,11.025545357241851,0.0019131477533341553,0.0,3.8995463910181103,158.04399545128985,0.391443324781066,12.011685527408515,3.2708376996356563,80.10950897240537,0.4238413311035244,0,163.79571173738884,BW-004,2027-03-25 14:05:04.296315,19
78.33013259060192,23.574496490177285,20.90117408975618,35.592338708254815,1.8302473092034388,4.341818904471366,72.17129179582368,54.08263283142145,59.384877274789844,7.833866976980662,48.621256408106454,15.450864348570137,516.6276839282174,0.001935629915138161,0.8,43.77011715366017,10.398913481958072,0.001935629915138161,6.30000283496844,4.603723050831549,96.10017081995655,0.3531720080530337,11.625281102200601,4.622461116802715,59.384877274789844,0.3529378960944314,0,158.52656048455364,BW-004,2027-04-04 14:05:04.296315,20
75.13390326730588,26.49835448070126,19.161824771846625,35.425360851625484,1.9875292105891034,3.669766203208083,97.66923326450754,43.517863100733635,71.85326578007415,8.960581283183409,49.05423190644938,14.6169773987998,518.0468329124665,0.0019303274076167712,0.79,46.22315555984051,10.619166188275711,0.0019303274076167712,0.0,4.254170834038948,103.27050238307922,0.39256513178135377,11.762284449235871,4.886596794491306,71.85326578007415,0.39492493580732047,0,160.39478794412554,BW-004,2027-04-14 14:05:04.296315,21
90.81751211169347,23.26317093064368,24.017297684374928,29.606994327565598,1.1143413908937638,5.792498592527423,70.16046966082669,49.964776123618,82.79530073587684,10.160110544035039,50.161359766255714,15.167984086720288,495.81914905845315,0.002016864419010384,0.78,46.10109260540999,10.832338125582995,0.002016864419010384,0.0,4.373889900954957,214.66152020586983,0.4559317574056734,13.336984321870151,3.922067136195624,82.79530073587684,0.4247300805037921,0,181.86796802550205,BW-004,2027-04-24 14:05:04.296315,22
91.20336094939859,26.62734889174242,20.73720453482862,46.133359635716644,1.3888522741472402,5.709151959307546,74.19161700936863,36.92251703464303,88.23080842993434,10.589280390330797,50.40765959606966,14.450795391018724,526.1373350444262,0.0019006444389953084,0.77,47.540080140172044,10.586414567930625,0.0019006444389953084,0.0,4.574861024182517,142.53822655741615,0.2947157280323569,11.738953636237648,4.205615064533519,88.23080842993434,0.45194389527977563,0,160.07664049414976,BW-004,2027-05-04 14:05:04.296315,23
75.19697163848058,25.011613484685164,25.260855041252924,37.43737276429885,1.2296075533042674,4.627159680571316,85.82369391165196,37.82252236598644,78.81237031047425,9.927998402642247,47.66042279752215,14.497854718252874,523.0964712060448,0.0019116932631841545,0.76,44.289350940944274,10.89198319198205,0.0019116932631841545,7.982465718530875,4.579736271099049,161.69570586519896,0.43997937042119906,12.243593586704275,4.790133445872428,78.81237031047425,0.4196368423967276,0,166.95809436414922,BW-004,2027-05-14 14:05:04.296315,24
80.197312163576,23.05847146256732,27.75279485165615,37.00224767858437,0.6966197925570546,3.0023685332796566,94.30420272236384,36.751491259724766,60.15834903576553,7.078399270241273,47.84761482846818,14.650869075624303,546.6124862852403,0.001829449610264057,0.75,45.02127478909665,10.591999542959247,0.001829449610264057,6.42793196646196,4.48675886073775,68.61672150619498,0.4035904868385998,11.939021191494883,3.831572124138366,60.15834903576553,0.3645115760047905,0,162.80483442947568,BW-004,2027-05-24 14:05:04.296315,25
90.64628406331111,27.594663870264107,29.367682790843546,32.856425577868144,0.7032753103411311,3.625955739475293,89.95818508710732,36.57397153415019,66.37683532442081,8.154609938234438,50.72111829424128,14.365267366993594,510.2054314511229,0.001959994814551085,0.74,47.37367368604464,9.698843803107481,0.001959994814551085,0.0,5.2631964229684005,106.9201530284887,0.45200568177661327,12.411527252525001,4.901184026151877,66.37683532442081,0.3743177471834062,0,169.2480988980682,BW-004,2027-06-03 14:05:04.296315,26
80.73598506532261,22.675655376095325,29.207849022151407,28.405911056523504,0.879148789926746,4.8112654315128385,74.91795162859609,49.71907121030356,70.3661429472886,9.011253771760384,48.94209733662675,14.396120303728324,533.9053538073344,0.0018729911450950927,0.73,46.351236446000584,10.21436459807253,0.0018729911450950927,3.7567749134149664,4.358398678430088,137.7034496245494,0.39701808991001497,11.824678764935546,4.041631172288165,70.3661429472886,0.3947254159664957,0,161.24561952184834,BW-004,2027-06-13 14:05:04.296315,27
76.26546107539882,24.298986811354755,27.535954708774668,34.95160369322309,0.7561523900050053,4.7982916260828645,75.13820231998719,49.83275637235242,62.74714687056767,9.013375174772866,49.248931952041204,14.75850803696358,516.9929583459442,0.0019342623218687113,0.72,45.49735715011716,10.356763200309667,0.0019342623218687113,0.0,4.011170065302509,147.21369991502104,0.4254849006901138,11.583614657952133,4.104444560347693,62.74714687056767,0.36425504373900885,0,157.95838169934729,BW-004,2027-06-23 14:05:04.296315,28
70.68839581944296,25.054680311125132,19.76944700911362,38.679736215504334,1.348620959826719,3.9079210219104437,89.87115579738261,38.165661013987474,66.43249765593724,8.780234475099503,48.13394249592649,15.018787429667933,527.7184525235829,0.0018949498453539706,0.71,45.6666876273299,9.92661320651911,0.0018949498453539706,1.176888325405485,5.021041441495782,83.77695654325706,0.3051987146406395,12.681195623130808,3.96254790365521,66.43249765593724,0.37975719461019897,0,172.92539486087466,BW-004,2027-07-03 14:05:04.296315,29
88.58809265529031,27.626227692276206,28.947054733213868,46.70581483365196,0.8670733955355514,4.27606948880995,77.4161822121663,49.96750498856365,68.13474381468681,8.275924367439899,49.973523069505454,13.809630447238252,521.1032915367662,0.0019190053416299434,0.7,46.737242240607834,11.10628166987103,0.0019190053416299434,0.27600622058045127,3.7306362613010533,84.01905806243438,0.29677448099636805,12.978522935787637,3.3967450796954024,68.13474381468681,0.38344680017665256,0,176.97985821528596,BW-004,2027-07-13 14:05:04.296315,30
65.26261226557419,23.813660202978692,28.741022073195776,47.32928339096372,1.788987426605714,3.786105013520624,96.45151919186189,52.83640422813225,75.3464283970688,9.129389509349723,44.959710024628045,15.518590702824525,566.5703143734845,0.0017650059924262068,0.69,40.83861651665939,11.828869889847077,0.0017650059924262068,9.434233628985808,3.0050174122301683,92.83538641015653,0.3357292420342165,12.80856804690946,4.467840740575401,75.3464283970688,0.421125855635608,0,174.66229154876535,BW-004,2027-07-23 14:05:04.296315,31
64.40070884510175,27.684567988358758,23.080296328209432,24.223446978296487,1.1635906111222905,3.263152925159893,81.74611298804888,49.26643459002545,47.18713327040316,6.668751692935071,45.74961962323374,15.14735962645115,551.3694378032772,0.0018136659949527154,0.6799999999999999,41.31742822754251,10.39648019542867,0.0018136659949527154,0.0,4.599830269778914,56.849784811420264,0.3265553956538296,11.0776041224999,3.81432859693425,47.18713327040316,0.3227012755756603,0,151.05823803408956,BW-004,2027-08-02 14:05:04.296315,32
61.842766787018704,25.263267526966704,22.062648329244617,35.36243840625717,1.4197555411146756,4.978269740549749,88.74102008219825,40.65081727324887,84.23886665785648,11.044418375518127,46.96963261971151,14.55697987651081,523.4902942801749,0.0019102550915008835,0.6699999999999999,44.53856974415887,10.53102863399382,0.0019102550915008835,0.0,4.556974428584349,165.3048044383476,0.37581509044836914,11.483816661253295,4.086939739962727,84.23886665785648,0.4378433104769074,0,156.5974999261813,BW-004,2027-08-12 14:05:04.296315,33
94.75204383271281,25.971409458831573,23.20858642173817,43.66626848808876,1.8583732063596983,5.157068461300803,85.1166639037382,49.17531264691309,86.52590872622514,10.973811573727717,50.880227195057046,16.249215241860746,519.8191694045896,0.0019237459079191293,0.6599999999999999,48.44872378208611,11.512094452893471,0.0019237459079191293,2.2184123490322487,3.134912063936513,117.2087827172347,0.2588867198329881,12.670686451456312,3.992150957001062,86.52590872622514,0.44436544657546073,0,172.78208797440428,BW-004,2027-08-22 14:05:04.296315,34
64.7903986572879,25.191597865316748,21.41414351690933,25.129468749046737,1.5028200426709781,3.7468305743906183,79.73314685905198,41.68430674520229,59.891635730870426,7.468664811096833,46.490554071783464,15.20113403860065,533.6189735019431,0.0018739963338210625,0.6499999999999999,43.54359319083649,11.132140173005256,0.0018739963338210625,0.0,3.843582341010203,85.59760545932144,0.3823530899692788,11.90582457162412,4.8652914346823355,59.891635730870426,0.35972447782015105,0,162.3521532494198,BW-004,2027-09-01 14:05:04.296315,35
94.51083109836902,22.977415926864364,27.748963891486806,44.4814976048866,1.8715106639997252,4.554654946907783,83.66505085657661,35.616492373987406,76.32173500838819,9.526635944179947,52.49762045429606,14.546675727422853,501.57691460517685,0.0019937121723139187,0.64,49.93344475485883,10.44755810165599,0.0019937121723139187,9.654429237387657,4.297176671632341,149.07067462630968,0.42944463309034764,12.835319234073863,3.8035873406667275,76.32173500838819,0.404878857742847,0,175.02708046464357,BW-004,2027-09-11 14:05:04.296315,36
70.6114035634421,27.423718391139335,21.847953056837188,37.25611232293207,0.5757612062484232,5.637613012756148,70.39030640277618,53.89500160420424,68.67109084748243,9.920832683704585,48.549704475996336,14.486959577902187,537.6661862589876,0.0018598900685160653,0.63,43.661092993990906,11.908941792530896,0.0018598900685160653,2.464617408932669,2.8531787424871395,166.60072980133646,0.37234328529759586,12.574194493661325,4.538339739047175,68.67109084748243,0.39020349203597104,0,171.46628854992716,BW-004,2027-09-21 14:05:04.296315,37
61.755243534749745,26.32223927639322,23.333759735733494,30.15101700886122,0.7856202440373653,5.77265530452798,70.7317297933029,46.62849789738174,80.93229185738346,10.207747379743745,46.6447121477468,15.590945021279447,556.3964072794006,0.001797279757591675,0.62,42.92450727005369,12.012480149318295,0.001797279757591675,0.0,2.761059991710129,161.44874464913335,0.34248310016270284,12.595849715739215,4.64092258031663,80.93229185738346,0.43669322837509833,0,171.76158703280748,BW-004,2027-10-01 14:05:04.296315,38
86.79813963436872,22.00240926415204,27.67069403036225,25.90199054711829,0.7872344223621792,4.646797573498013,76.57961203634146,43.57774862700421,77.62273220681793,8.896248884747267,49.95327196984585,15.613636911040631,516.3867417365294,0.001936533065580176,0.61,45.721123616160114,10.598005282164928,0.001936533065580176,0.0,4.172989961820538,108.33262727411595,0.32757338644939205,12.533005189897422,3.541926415742439,77.62273220681793,0.41365846321035193,0,170.90461622587392,BW-004,2027-10-11 14:05:04.296315,39
75.44945581196359,24.909152438296623,22.259941389767302,31.69709195962305,1.9458740181097827,3.0021505761197393,98.10560290273045,38.29050744785625,63.23134120560263,7.363194806875166,47.107257868813655,14.314986686317786,547.0314766135172,0.001828048371531844,0.6,42.93651576749371,10.738000232087424,0.001828048371531844,0.0,4.531553279278045,57.077200332986045,0.3227556948848153,11.618634586725351,4.710816324208576,63.23134120560263,0.3748805803360639,0,158.43592618261843,BW-004,2027-10-21 14:05:04.296315,40
85.66318724973577,22.14059773220433,23.162110901331758,45.000208793855286,0.9521842796160019,3.7007413026670775,77.90420337081545,35.75640273104071,54.07369979485335,7.207582576643813,50.91485435971997,15.634291617823735,509.94103563824115,0.0019610110387535337,0.59,46.24749629253764,10.136788791572181,0.0019610110387535337,9.52613125880927,4.889941438438981,77.88772784233063,0.365006580168826,11.34038346538505,3.4637192277656967,54.07369979485335,0.3332279766743168,0,154.64159270979613,BW-004,2027-10-31 14:05:04.296315,41
63.78225379097553,26.550308629539508,25.272165983232973,37.68750018783609,0.5803648394111118,3.32097378352387,91.58379903009916,52.09137328065282,59.10654643622246,7.603684889361953,47.05875082500186,15.712313866038622,530.8084571488616,0.001883918740427221,0.5800000000000001,42.98423418756107,11.258789532566698,0.001883918740427221,0.22501237068085767,4.05040840990577,81.35431546796309,0.40271800834142496,12.585233945269273,3.011541322585936,59.10654643622246,0.35626435859873334,0,171.61682652639917,BW-004,2027-11-10 14:05:04.296315,42
65.6199603918207,25.735296377278683,20.493886097506028,36.097681913962184,1.3173225290440902,3.77085689852541,70.62728537005705,39.46180036890712,45.85300654706611,6.6581346565450605,48.394239325200836,14.61920606748189,541.0933916148264,0.0018481098004461366,0.5700000000000001,45.73404056084676,11.252866209187793,0.0018481098004461366,0.0,4.044421246922905,65.43733502079299,0.3257939320954688,10.804400560184531,3.227890538889087,45.85300654706611,0.31517137264133493,0,147.33273491160725,BW-004,2027-11-20 14:05:04.296315,43
71.34028761083758,27.690550933248957,28.109569282026904,41.33696418318716,0.6169907996141136,4.54783763557627,77.6048125977157,53.81074602205895,68.7071388871791,8.823352185843374,47.39502918726823,14.648144800334283,541.7626361516393,0.0018458268128333977,0.56,43.22176216646028,10.557797669366815,0.0018458268128333977,0.0,4.305642659188337,134.34484759901792,0.4184971089328477,12.746995262976416,4.441786438104195,68.7071388871791,0.39155258713608876,0,173.82266267695113,BW-004,2027-11-30 14:05:04.296315,44
64.24520077236077,24.956688075189735,19.92856019029183,47.47837112470738,0.7377803510411142,5.7178319037787935,87.00418315031398,42.08847983974772,92.9218718568557,12.436882354476966,48.329126688317324,13.648325976446321,534.2339084240989,0.001871839252865535,0.55,45.800858824485765,9.997542583329821,0.001871839252865535,0.0,4.744048500785315,187.87363073393772,0.3302424759083471,13.834477683058365,4.8912593554979935,92.9218718568557,0.47000974538341533,0,188.65196840534134,BW-004,2027-12-10 14:05:04.296315,45
79.49871341855896,24.184726341049032,25.672637057449176,27.0968738133462,1.1454746420635864,5.182737966404832,83.54916986556513,52.134598930117946,77.73979811796691,10.825336368096771,49.26416282554006,14.962536721940776,521.8885521915804,0.0019161179064010382,0.54,45.90166041503677,11.03213845259694,0.0019161179064010382,1.222368734583477,3.954579551449666,199.32816799469813,0.44409720157337385,11.814842053776372,3.9526765869887326,77.73979811796691,0.4156992260506971,0,161.11148255149598,BW-004,2027-12-20 14:05:04.296315,46
70.98820131228575,27.326509148030127,18.48702854561634,45.92945985615502,1.7494912078295006,5.832284357791094,80.07838460136801,46.2138896275136,86.69235564332487,11.675997747693447,47.27961083105716,15.55984388927669,549.315060896401,0.0018204489029813745,0.53,45.01013357334091,10.382095679465422,0.0018204489029813745,0.0,5.1254547717919525,221.93453959964472,0.40738235728468014,12.803971130144244,4.583813076844474,86.69235564332487,0.4537690370800032,0,174.5996063201488,BW-004,2027-12-30 14:05:04.296315,47
71.90282865763263,26.73574392806263,18.374562724064972,47.20477320704145,1.289892413884684,5.629681472366153,74.74858768177295,44.11321643106184,82.18414596529425,10.52026847894035,48.068477460903544,14.979331397595415,531.4846813258661,0.0018815217731306087,0.52,44.81220048945558,11.430042263011174,0.0018815217731306087,0.0,3.540929706032759,173.45275284924276,0.36608384440138675,12.676085806671775,4.883982893767744,82.18414596529425,0.4333925576154073,0,172.85571554552422,BW-004,2028-01-09 14:05:04.296315,48
72.13124104261782,24.17549927556806,18.796864241525967,47.74438833700894,0.5589379177260387,4.817097721379627,90.75591724482533,42.66138739453014,88.41056045866509,10.929503054044151,47.8392857729703,15.289464324285618,528.6955004446027,0.0018914479112439148,0.51,45.390637817299464,11.14889736973317,0.0018914479112439148,17.92899312453901,3.9203118257671603,126.56036801709037,0.3004843581968528,12.43878678013851,3.046918043442309,88.41056045866509,0.4533105183289311,0,169.61981972916152,BW-004,2028-01-19 14:05:04.296315,49
86.19628492591437,24.65641556623875,29.38699461826458,29.903993767363083,1.298130235907017,4.318523341342655,72.0172190215611,44.293789368903305,67.4666084011333,7.775201033079949,50.389485062747625,15.627674890144238,531.9808054451638,0.001879767070097944,0.5,47.80003710553887,10.24041980740373,0.001879767070097944,0.0,4.597943101223256,103.81489133667448,0.3864762127276364,11.149133387354782,4.8215898610198975,67.4666084011333,0.38448293630399344,0,152.03363710029248,BW-004,2028-01-29 14:05:04.296315,50
79.29424834331012,26.217198664300607,18.816122783429044,28.650939120560516,0.8218472301392747,5.462207522447191,88.43623054663946,51.64324907458237,91.41326335765105,12.076426093718203,48.20846233390639,14.524523308452764,541.958833268841,0.0018451585962137936,0.49,45.578783806991396,10.34968815584081,0.0018451585962137936,0.0,4.53052720123354,161.48348275765454,0.30600709533014975,12.493097562270913,4.064235944917566,91.41326335765105,0.4672985278394891,0,170.36042130369427,BW-004,2028-02-08 14:05:04.296315,51
89.5260301936676,23.13483217796044,24.88190116669172,29.16585169202289,1.7924374251259676,3.0409195375076434,79.09658640155774,48.959809429955854,48.02368492600156,6.013158873466458,51.12483662999099,14.488373388312208,505.74358206455827,0.0019772865844738486,0.48,47.1107326033006,10.525341707745222,0.0019772865844738486,5.030630820230429,4.491159173064791,65.80063026995785,0.4498134726729882,11.323221563934393,4.854732818923107,48.02368492600156,0.311802024372706,0,154.40756678092353,BW-004,2028-02-18 14:05:04.296315,52
97.68741817958553,25.110957849653442,22.22770661051014,29.61738660041998,0.5746715022845656,5.370779711825081,78.87258503860988,44.91307841766494,75.7414985018643,10.590181988614109,51.93315806963523,14.124512212797386,478.0067669439485,0.0020920205929161268,0.47,47.55727502623509,10.601251321170462,0.0020920205929161268,0.0,4.318764774845676,181.93950454299116,0.3998492241306746,12.071368648293701,3.7678977885259455,75.7414985018643,0.39587369175606557,0,164.6095724767323,BW-004,2028-02-28 14:05:04.296315,53
70.74000304789982,25.925414679671906,24.40340317571053,46.65699067874226,1.0944158937375508,3.6940461396004514,74.09113315088375,38.93377116462426,46.82268493079345,6.842401609866128,47.43350857341069,14.815340614920906,540.8210106156666,0.001849040588977132,0.45999999999999996,44.92305064997714,10.214172155229617,0.001849040588977132,0.0,4.518657201593078,82.98261537022393,0.4103800637671573,12.425056323698639,3.2451663130143658,46.82268493079345,0.31832191962067813,0,169.43258623225418,BW-004,2028-03-09 14:05:04.296315,54
87.75453369313578,24.93593648485073,24.15091459109054,30.42658355049882,1.1824261652629995,3.165997161490038,75.94392225470732,35.18401795250759,40.710591452694594,6.010956057270588,48.58374375525277,15.195604663618697,522.5807423113237,0.001913579891170688,0.44999999999999996,43.740545343233855,9.557984591243798,0.001913579891170688,6.983669931075601,5.662019878562913,66.55066275644994,0.43712769573298843,11.696625078493742,4.4689740806448075,40.710591452694594,0.2924761942023791,0,159.499432888551,BW-004,2028-03-19 14:05:04.296315,55
78.83139988050829,26.239855130493602,29.287679990233364,31.903710659580103,0.5633007028719477,5.919434134280726,75.81151152328894,41.91657140619188,94.8648137849547,11.21903122705933,49.4064917527046,15.578416890518495,524.087460939374,0.0019080784688257962,0.43999999999999995,46.38958197418614,10.258483210119733,0.0019080784688257962,5.630173377295331,4.355716877925318,152.42134280634693,0.28689319497167104,12.931109826366965,3.2010607173836716,94.8648137849547,0.47344228423166124,0,176.333315814095,BW-004,2028-03-29 14:05:04.296315,56
79.85180502002558,25.266767992895012,20.021286613582983,42.2511505506256,1.9773936626622375,4.073523475924599,70.25354488187382,51.78415906078918,57.67707163807684,7.154486608580886,49.37516777646307,14.859748973294192,517.0215172271228,0.0019341554784086659,0.42999999999999994,45.887709358517455,10.04090196829919,0.0019341554784086659,13.09263811853972,4.836271259791564,115.19720340847611,0.4940867988115835,11.778826204566625,3.669470653158558,57.67707163807684,0.3473633606283929,0,160.62035733499945,BW-004,2028-04-08 14:05:04.296315,57
97.83098868033844,23.182636232941913,28.50435887880913,40.907847273880435,1.1807698457103672,4.630786724733876,89.6133376886847,42.74100023869774,87.86557650553715,10.374506363196376,50.27178214484291,15.556050309610669,516.4078469709619,0.0019364539208023127,0.42000000000000004,46.267240158969194,10.697368197458989,0.0019364539208023127,2.4522316591220465,4.08747723232427,140.82785791228036,0.36641763342424605,13.237859040138598,4.407871814655662,87.86557650553715,0.4478076091097457,0,180.51625963825362,BW-004,2028-04-18 14:05:04.296315,58
81.62443977298916,27.09760104989475,23.76161927566048,32.95697685852305,1.2398712395389788,4.941666850193567,71.34305166065461,36.08095254699453,81.30941497992579,8.8138398345776,49.928956050659345,14.848557378100503,534.1773163773465,0.0018720375600778845,0.41000000000000003,47.518056147026634,9.65470969973754,0.0018720375600778845,0.0,5.021317348004218,128.7080420443076,0.3693831487373712,12.568210170472012,3.978393035961231,81.30941497992579,0.4312845781796233,0,171.38468414280018,BW-004,2028-04-28 14:05:04.296315,59
83.16519216140196,23.134465922670092,28.81089276320389,40.180486771910736,1.4499033760062334,5.6634529210074565,73.13981901723689,51.452958543877784,73.53736207824795,10.355598041378174,50.82087861872455,15.735792541284948,511.3114267813844,0.0019557552356981815,0.4,47.39101724979293,10.566345514952008,0.0019557552356981815,0.0,4.689604076971949,133.04419321729625,0.2835629317979922,12.136498903724052,3.615310174712673,73.53736207824795,0.39851796829524183,0,165.49771232350977,BW-004,2028-05-08 14:05:04.296315,60
63.97984904722553,25.625043629035552,19.45152794686191,25.888744204689576,1.29096634346359,3.6301420118762087,81.82250945530096,41.332048696548256,53.97585317171709,7.4256832272706585,46.57512060964171,15.737556182154927,554.0667601954955,0.0018048366583968377,0.39,42.5151693395796,10.89407407479753,0.0018048366583968377,0.22240339219278973,4.019828269465171,86.69180816457792,0.4020018396894303,11.626060913172877,3.4970714878541855,53.97585317171709,0.34613953863103897,0,158.53719427053923,BW-004,2028-05-18 14:05:04.296315,61
76.1114213618598,25.53286162093734,19.070666016686864,34.3435935083342,0.762180072567737,4.510710223210665,94.04927769494103,43.83068020757794,83.29470264058118,10.605725959603731,48.223285575697766,15.64443171260315,535.8210727121436,0.0018662946474619613,0.38,43.9197028063202,11.254348888577395,0.0018662946474619613,0.0,3.3553183315052015,142.30322165020928,0.37182571012115173,12.270195675504553,3.6544423663229075,83.29470264058118,0.43839533061558034,0,167.32085012051664,BW-004,2028-05-28 14:05:04.296315,62
99.48400343696466,25.366901274611045,26.249242331290407,31.810038736382587,0.6421083721690162,4.471840727694597,95.46302755843942,49.121162292760616,76.87899208592115,10.672386365621529,51.78959735161463,16.071503527292457,492.6316258911878,0.0020299143364800524,0.37,47.82573377106824,10.24866777076973,0.0020299143364800524,5.128336621984237,4.954688421682579,120.23988614302343,0.3149275851150314,12.01942691292575,4.549716804363912,76.87899208592115,0.4040527947204269,0,163.90127608535116,BW-004,2028-06-07 14:05:04.296315,63
99.03483451134147,23.7175542122991,23.08569822208289,39.5967341208618,0.5370459465291669,5.6547802405349,87.31061205071674,39.422952202213864,98.40960296406766,12.343058095335033,51.385460712364086,15.578003334725564,510.5038529523834,0.001958849074726325,0.36,48.31373480785368,11.375683868609645,0.001958849074726325,0.0,3.8937513286270593,154.68134726558156,0.2770189343220415,12.457573128380215,4.013860232154389,98.40960296406766,0.48118316576594056,0,169.87599720518475,BW-004,2028-06-17 14:05:04.296315,64
92.41036522069147,25.21946914017172,21.338606244825865,25.47859164701926,0.7437476232116622,3.807359257914031,94.09399266808738,35.882911241749106,69.36744032744568,8.956240852473437,50.25306087937252,15.126868648387417,507.55589894970876,0.0019702263377675473,0.35,46.302169957151996,10.353887231463018,0.0019702263377675473,3.8082005203344105,4.3404317674191875,113.65681666148255,0.4166351227321377,12.829430822744083,4.62144134589035,69.36744032744568,0.3834915707763982,0,174.94678394651024,BW-004,2028-06-27 14:05:04.296315,65
95.80135435413747,26.116145343615347,20.99882065964268,25.57441835868071,1.5359229685799545,4.4766485498624,96.41951732393733,43.25822379178426,92.74944374521424,10.790907310165915,49.57712675520823,15.122519332157703,520.0305168936121,0.001922964071365412,0.33999999999999997,46.790787839157844,9.797576869378066,0.001922964071365412,0.0,4.676137674775185,114.20577204145901,0.29552015407037385,12.815774217486236,3.5602682375507593,92.74944374521424,0.46517396755213114,0,174.76055751117596,BW-004,2028-07-07 14:05:04.296315,66
82.8963090387106,24.42711714674941,22.363337390280766,29.2035426222986,1.5044168848062764,4.6124812610197035,71.4789898722751,35.04694947734906,69.89737129896484,8.24238753356215,49.16449445898142,15.797088978102007,510.721645883002,0.001958013740089418,0.32999999999999996,44.33379880751049,10.600872013209244,0.001958013740089418,9.324147650198219,4.400316371068132,103.64748098919809,0.34078550949516007,11.76180571277265,3.6195306282858066,69.89737129896484,0.3862077314281167,0,160.38825971962706,BW-004,2028-07-17 14:05:04.296315,67
98.82672111175482,23.054291475020953,25.16539944018604,34.18044133790343,1.1700330826169973,3.36379468007741,73.41285876413649,43.219212160718065,43.79532593794608,6.173644594001915,51.927546320712395,14.869981874909778,519.1064493506768,0.0019263871624998067,0.31999999999999995,48.17487195421724,10.299810336983665,0.0019263871624998067,5.872364449712583,4.7698180543948965,89.38866959916814,0.5380484478771461,11.529741758082062,3.762201027223628,43.79532593794608,0.30171635459835666,0,157.22375124657358,BW-004,2028-07-27 14:05:04.296315,68
70.16589120511257,26.950809253968515,23.823067249766893,37.04174045275834,0.9571413691959887,4.94351111582468,91.36215976743792,38.569013481967495,93.6247411491211,11.291246309401991,46.64487169907612,14.89210643683589,549.1142530673892,0.0018211146303595885,0.30999999999999994,44.587741471253246,10.995012862721051,0.0018211146303595885,0.0,4.0740038207425995,108.49909555480451,0.24297340205698761,13.626913385794653,3.5805673546295207,93.6247411491211,0.4768167464172871,0,185.82154616992707,BW-004,2028-08-06 14:05:04.296315,69
67.27233862667799,22.515462329216923,26.56942969109899,28.709622760508534,1.5351130312831966,5.590474351388455,93.17567775287634,38.3766721330514,101.94758693630229,13.022405916267275,45.913089336010344,14.688864888553002,567.1512607099751,0.001763198055397379,0.3,41.94149635109016,10.897492460804145,0.001763198055397379,0.0,4.079259249227959,141.13178152439482,0.24232317407551027,13.34528261684205,3.1595782472680005,101.94758693630229,0.5099706680006668,0,181.9811265933007,BW-004,2028-08-16 14:05:04.296315,70
75.61505784187815,24.49464880593791,23.63012995311326,32.82500419506104,0.6509299658338852,5.465404377762601,93.07751677724761,46.934459802124344,95.61381113703408,12.717656691641027,46.501992291486154,14.747850992093689,560.8764479599147,0.001782923857183372,0.3,44.41500205847831,10.775167180300828,0.001782923857183372,4.39945516523013,4.168722731036755,174.289215925589,0.313437627699058,13.053086474854256,4.443023559686847,95.61381113703408,0.486975638178088,0,177.99663374801258,BW-004,2028-08-26 14:05:04.296315,71
72.38527240011383,25.98240616416363,25.98941281762645,30.869383373759867,1.190153939836532,3.365667636241077,85.29271200702614,46.70521751019693,53.21308390414669,7.176673010231964,47.24996696740145,15.870470743298496,523.8314430910433,0.0019090110248043994,0.3,44.87693101507422,11.59651281408586,0.0019090110248043994,9.846378998984147,3.7527052316899208,85.2922982460586,0.44139300282695115,12.426934440994842,4.640585921218355,53.21308390414669,0.33452637927446865,0,169.45819692265692,BW-004,2028-09-05 14:05:04.296315,72
67.7378891204775,23.262232489179013,18.27656506087929,45.52191719778587,0.8160599976123593,4.0780169715473615,84.26077203042605,42.270289147385334,72.5180932739455,8.590421459394017,45.871202780861935,15.45631016127022,553.3851275533948,0.00180705976761819,0.3,41.28817631693789,11.441515162211326,0.00180705976761819,0.3932181660328993,3.3431133699159106,77.63082064281477,0.2770005872564845,12.152260579606347,4.024046778217519,72.5180932739455,0.40774251584583676,0,165.71264426735928,BW-004,2028-09-15 14:05:04.296315,73
69.10135507745854,23.67760859587079,19.52889686034515,39.34230919635271,0.6127144297663798,3.4917607861408344,81.4422642970937,37.817372079017225,58.20887990893227,7.109422620177737,47.78692019462188,14.149167070856292,536.5450079823496,0.0018637765427367398,0.3,44.090247744942715,11.53732861708823,0.0018637765427367398,0.0,3.8555046133325646,94.97524106789848,0.4782352702467554,13.028714650147212,4.130147582960211,58.20887990893227,0.35499310209114576,0,177.6642906838256,BW-004,2028-09-25 14:05:04.296315,74
65.36809705305402,25.868540359540557,22.075927445777314,40.99074784082853,1.336137117005213,4.874831311223496,91.86611528465787,53.63825465194912,90.3215275912992,11.195795380752939,45.99548972219082,14.606412965006502,553.649007698111,0.0018061984869397103,0.3,42.874790864073574,10.629800360606152,0.0018061984869397103,0.0,4.493401831376287,135.14641588065012,0.309528042457437,13.074945393421979,4.886856214530571,90.3215275912992,0.4671664609470973,0,178.29470991029973,BW-004,2028-10-05 14:05:04.296315,75
70.24084692246052,25.90496770293597,19.395284163514567,36.873849193920734,1.155722157567552,3.17139815802999,96.81322563285835,45.59618114140108,58.20506329310068,7.67583213612472,47.739486498367846,15.481251442900051,544.341300321649,0.0018370827262401443,0.3,44.41074420424196,10.032519265447903,0.0018370827262401443,0.16338214903315418,4.950095572023282,72.72539868795559,0.373439184218786,11.691543115337412,3.9901118913091698,58.20506329310068,0.35731926774016365,0,159.4301333909647,BW-004,2028-10-15 14:05:04.296315,76
70.71494331269763,25.624029986437,28.45600310808339,47.97371279431384,1.4116441531151367,5.008045052288388,94.94721777731357,38.006212449679374,91.22768062402311,11.887498605455582,46.38106213909196,15.383739672277065,570.5554602407216,0.0017526779948404886,0.3,42.20644957835232,11.146815638787523,0.0017526779948404886,5.07462754555892,3.5317918629111853,139.27649643328814,0.2924348588901784,13.624389535954679,4.496069478683177,91.22768062402311,0.4752589068189602,0,185.7871300357456,BW-004,2028-10-25 14:05:04.296315,77
76.1882349731668,23.35124260129721,21.085153072741342,35.50691947559437,1.050916551921064,4.40538371126126,87.94918227088056,35.6194120684502,75.55845650658743,9.68624737487212,48.426521092305954,16.182703885999988,542.9082154139855,0.0018419319723085546,0.3,46.127529326075624,11.275953824012566,0.0018419319723085546,4.12144807305766,3.565829457495548,109.02187407720034,0.31936282286405715,12.137736324597698,4.463552190075345,75.55845650658743,0.41473398631282044,0,165.51458624451408,BW-004,2028-11-04 14:05:04.296315,78
96.55258090499777,24.209772805934257,22.481335093745226,33.20482829841545,1.754930315551487,3.824686974771263,70.98399622830688,43.40670778390998,49.10014344419965,6.787289144790446,50.0441670346928,13.810784170063336,517.0064556017496,0.0019342118249492432,0.3,48.01506596992367,10.582478961995136,0.0019342118249492432,2.283950595866458,4.293007657873574,82.45260917672827,0.3970289438882054,11.032074380494407,3.529732515627143,49.10014344419965,0.3187690814945237,0,150.43737791583283,BW-004,2028-11-14 14:05:04.296315,79
86.03153283387607,25.685013101913356,22.009716268606347,43.62970024397855,0.5575457920335517,5.717548169997917,85.48743469600181,38.07498624205836,99.86113011188735,12.21946314509854,50.09738145772943,14.98041894227862,522.4987087378494,0.001913880327887518,0.3,46.361625411950584,10.192647713508624,0.001913880327887518,3.860810298627853,4.737235069135859,192.06847182445455,0.34364033672683897,12.608554082895779,3.735694362285602,99.86113011188735,0.48962004632764594,0,171.93482840312427,BW-004,2028-11-24 14:05:04.296315,80
94.83188689352453,25.076499398763577,22.779002818360954,35.932014737224456,1.5011232958007465,5.765180008354984,92.72407152169309,49.63410545446303,102.32317582177356,13.364274085753566,50.57024946303037,15.186766841705884,494.68246578921566,0.0020214987778161926,0.3,46.75009072368368,10.82714118437827,0.0020214987778161926,4.187883278446573,4.610565520109296,141.7155806205054,0.22991609127331314,13.111654747340413,4.610035386469256,102.32317582177356,0.4894819924760099,0,178.79529200918745,BW-004,2028-12-04 14:05:04.296315,81
60.510617060715894,27.229311138749487,23.360874303736715,32.23119647280188,0.7073683484510856,3.633020075122578,90.64878995281765,39.394455002207934,69.07057873284677,8.23322184210391,47.53202704302271,15.220029964511573,533.2890031616761,0.0018751558612147721,0.3,43.64586288194596,11.336648225865488,0.0018751558612147721,1.7381683032619457,3.6730073002455637,103.51067642013984,0.4325711433254335,11.570157455118334,4.450779203323665,69.07057873284677,0.39022196339132537,0,157.7748743879773,BW-004,2028-12-14 14:05:04.296315,82
77.57861497433768,24.977936627706274,22.843760333921733,40.28784225184553,1.131344793138839,4.316015090409147,93.46005476781824,50.67905036195682,87.82681534126554,10.084375168209222,47.0686479327306,14.803308851127671,547.5321780916313,0.0018263766770482788,0.3,42.451259487479575,11.174069432047324,0.0018263766770482788,3.9343612587223538,4.499106950603592,111.69962524868396,0.3207966174010077,12.709403404184043,4.232448503213906,87.82681534126554,0.45701570456504126,0,173.3100464206915,BW-004,2028-12-24 14:05:04.296315,83
98.45670311386294,25.595665106941553,27.689735227822908,26.624541674627494,1.0959369394188585,5.51586538859417,89.64327253852781,39.5685170461684,97.74805232404422,12.361505607889494,51.006087516476526,14.803194208983495,504.21694978196166,0.001983273272412658,0.3,46.518542176626774,9.15810032386007,0.001983273272412658,10.541032279356152,5.35425199507998,121.5656889418194,0.22286198763488946,12.805906664182404,4.884601875802414,97.74805232404422,0.47709192601473593,0,174.6259999661237,BW-004,2029-01-03 14:05:04.296315,84
73.4739080578861,25.416894328819552,28.33336224073711,25.88011722628816,0.6088621970670662,3.8220353411566426,79.44523466226207,37.33608215467904,56.3757271348989,7.591062364141209,48.403519524375454,14.801442334216073,519.0748061861316,0.001926504596413444,0.3,44.55787483458471,10.316984644508976,0.001926504596413444,0.45216987291637367,4.583389931488766,83.7493192611318,0.3608228568544832,12.099394212307914,3.675421549448449,56.3757271348989,0.3436415323055025,0,164.99173925874427,BW-004,2029-01-13 14:05:04.296315,85
94.01270832630397,23.277100516230146,26.025039053397762,37.029075176659326,1.7493403923308442,4.365986249425807,97.25312643616795,37.08960633507916,81.52202399698962,10.615145318349468,51.06043447094645,15.89833260083751,500.4131256184334,0.001998348861781262,0.3,47.27743926916666,10.66109970952279,0.001998348861781262,0.0,4.435651688564181,134.55879089478518,0.3629224061461594,12.91883894568682,4.531568585431449,81.52202399698962,0.4218640176754954,0,176.1659856230021,BW-004,2029-01-23 14:05:04.296315,86
65.00355639345614,22.778697794335667,24.681820323339693,46.7130876806009,1.1224966375561314,5.160803771842186,90.61849013239383,36.91508397326715,94.16316077479742,11.69160614184755,45.89703797895708,14.510846025088751,545.8920794060571,0.0018318639117974062,0.3,43.38306434559396,10.047407400121106,0.0018318639117974062,0.0,5.266469763910046,180.99363934912805,0.3749572909090784,12.773789907654796,3.7729874457278276,94.16316077479742,0.47764482640447514,0,174.1880441952927,BW-004,2029-02-02 14:05:04.296315,87
73.0776840101878,25.640135939187314,29.165383206540373,44.08626798827097,1.99322541609983,4.0911765634070525,92.6961575048592,40.14730916803268,79.73720281189408,9.480908677544218,49.76013268866629,14.531703996878178,527.0051650122455,0.0018975146097036147,0.3,45.829476319704035,11.436131519427065,0.0018975146097036147,0.0,3.2841571076183396,111.79082165723028,0.36026160129902557,11.888353151668298,4.952027851197588,79.73720281189408,0.4238922255433206,0,162.1139066136586,BW-004,2029-02-12 14:05:04.296315,88
60.902743328095085,22.677148868276575,25.313613160399463,43.69383454401239,0.9278665134601498,5.080529511138961,71.19133622716741,51.78816075218544,82.70683034192446,9.042242115988506,47.24164305807423,15.128626710555752,543.5599192456549,0.0018397235789345662,0.3,42.65091204865679,9.5749109739808,0.0018397235789345662,0.0,5.365255911252785,110.4879683389036,0.3006352429776612,11.700845857751732,4.348002742139707,82.70683034192446,0.438757410246778,0,159.5569889693418,BW-004,2029-02-22 14:05:04.296315,89
69.56844352136875,26.721854796287204,18.67658224623878,32.86518354198204,1.2587138338884947,3.663713459420051,90.31221137975344,50.44480551786553,62.24409261070663,8.271951609549784,47.09078931945286,15.1688830495273,535.2855892014339,0.0018681616321706894,0.3,42.498981897072994,10.89422190435309,0.0018681616321706894,2.5842104629054408,3.6490778001623867,106.33314796016894,0.4385803795914676,12.081289696091751,4.523485412939031,62.24409261070663,0.3680659854627856,0,164.74485949216023,BW-004,2029-03-04 14:05:04.296315,90
82.41394697401293,26.37169094075666,22.2581486811679,38.70442427219057,1.3780631341864344,4.419639560653196,88.53180772185382,44.12651847644797,78.22935797118423,9.781966994591182,48.81700481610635,14.365354447378447,547.073378709133,0.0018279083554743362,0.3,46.801032244393156,11.134354520836618,0.0018279083554743362,0.0,3.2929285740580414,124.6329477868629,0.36035440436153054,12.733697588913259,4.302395424190693,78.22935797118423,0.42488654018335403,0,173.64133075790807,BW-004,2029-03-14 14:05:04.296315,91
81.90464402614988,25.842899758853275,21.113390052816914,26.031570086031095,0.6789075080596152,5.525426127086456,94.04056174810745,43.21009642696713,108.80139806768935,12.990354422222003,50.821853376777426,15.149542867010553,512.1237762750582,0.0019526529451015116,0.3,47.85380225554397,10.945401453265795,0.0019526529451015116,5.131870286782357,4.174296193984714,170.3793621761075,0.2967154931960262,13.141463765569183,3.4033104225337842,108.80139806768935,0.5163084597748152,0,179.20177862139795,BW-004,2029-03-24 14:05:04.296315,92
68.98329530615604,25.00118761313671,28.08531300655224,40.831040210121216,1.6835609063030708,3.6902534755724252,82.18246397679313,51.5243475155044,61.34898507788236,7.5818530830366635,48.18065206255284,15.432124192349319,527.6760614467767,0.0018951020769413162,0.3,45.386860726909745,11.163404828010597,0.0018951020769413162,1.907556489053789,3.000973410171699,82.1365712655169,0.3669568676461025,12.108343139689293,4.708691965565431,61.34898507788236,0.36279943536030757,0,165.1137700866722,BW-004,2029-04-03 14:05:04.296315,93
74.03902495704365,24.4279224498913,22.724182631887352,28.604956425708036,0.591824987215358,5.418290243882242,80.60432425385136,47.84419274005395,79.61041410202695,10.91844059298409,45.39830988817537,14.537968596329467,549.5359101324287,0.001819717295197355,0.3,43.36337518966608,11.296777609783849,0.001819717295197355,10.038493585642474,3.9093093798457543,159.9629960741632,0.33799218754540733,13.570226436688452,4.66050038556277,79.61041410202695,0.4302288200464851,0,185.0485423184789,BW-004,2029-04-13 14:05:04.296315,94
83.63664371308907,27.935300100523516,20.001956459403154,25.12043567758257,1.6692975227358995,3.7368947221464435,73.2783833610448,50.88768450185712,53.36709809425238,6.845840100732802,48.2919905445916,15.192874984090848,530.9379648515992,0.0018834592103043656,0.3,44.577971959232364,11.42272041511276,0.0018834592103043656,3.270207411019296,3.111294609129146,69.27864653479895,0.33851022666769215,11.552212753824374,3.5697053532212273,53.36709809425238,0.337171716436321,0,157.53017391578692,BW-004,2029-04-23 14:05:04.296315,95
70.10344026738898,26.97786283211757,26.447240004414184,46.69616488921931,1.113390853635008,5.565328265992321,80.39407861236002,54.46090699028322,87.02873913356525,11.185485952994398,48.21817603860765,14.667153267553227,536.0868515607561,0.0018653693838761635,0.3,45.97924065150335,11.013408676720813,0.0018653693838761635,8.307904570407015,3.3623691656618937,236.00944177609006,0.47390768133965055,13.025221678744604,4.611161652882467,87.02873913356525,0.45092185258011097,0,177.61665925560823,BW-004,2029-05-03 14:05:04.296315,96
86.47879357802537,24.789128684879625,25.56706436770252,34.7903737441857,0.7829483696361123,5.939203004321579,78.0482806136067,35.81956444499781,90.54869746926943,11.588614567561665,50.34083547452897,15.468028083968008,518.1963560066403,0.001929770420823233,0.3,46.40952365022524,11.193890990391223,0.001929770420823233,0.0,4.1590561408992865,177.94025106702315,0.32316515222249464,13.472009579367777,4.561570966730953,90.54869746926943,0.4572878983662235,0,183.70922153683333,BW-004,2029-05-13 14:05:04.296315,97
80.31589664013524,25.171505208624655,27.727246179121934,41.652496939045946,1.4956874359121661,3.3022585318787288,91.22568456934128,35.62349818223842,69.28811065007854,7.531269879889624,49.8243211989518,14.551373496919371,521.2790268793683,0.0019183584000808359,0.3,45.878236071352696,10.220540290867657,0.0019183584000808359,4.291263497740009,5.397413209653564,80.22591712227103,0.40322311653651993,11.634475287891568,3.8188958752546185,69.28811065007854,0.3873440768974056,0,158.6519357439759,BW-004,2029-05-23 14:05:04.296315,98
64.5354838221029,26.32369774398229,24.003661876254178,45.45838886654782,1.8798064011958142,5.610590071476727,74.1595758733991,37.5462375749345,88.08262578247168,10.401974502505452,46.027372417483356,14.842366833041872,546.0092946080704,0.0018314706542089318,0.3,41.57341810425174,11.009408391512594,0.0018314706542089318,0.0,3.5370554646967256,133.68816984168336,0.28633778902901497,13.17624807535428,3.0237426933387184,88.08262578247168,0.45741154099066006,0,179.67611011846745,BW-004,2029-06-02 14:05:04.296315,99
62.20626362407142,26.923849362126873,18.45236868507205,32.81207101668055,1.3134499634316188,4.192904957198259,80.08938182514866,39.6896801356634,70.28091293010488,8.39517915184025,46.59898997120047,14.97444065349231,553.9503792917669,0.0018052158413150896,0.3,43.98783779136747,11.03723723264072,0.0018052158413150896,0.0,3.33138792772968,108.50107946517133,0.3853000678396688,11.466668927722866,3.751876750806587,70.28091293010488,0.4004548235545463,0,156.3636671962209,BW-004,2029-06-12 14:05:04.296315,100
65.92403194508509,26.477882875414462,18.100256450065665,28.046377162416885,1.3711952447802136,4.4419440849372265,86.55486200602505,47.635496873055104,76.82770722686185,9.611796432755522,46.90472957966323,14.74204734343383,545.7297698551972,0.0018324087400717352,0.3,44.408618303123674,10.797688053484759,0.0018324087400717352,0.0,4.733113143535428,132.68649530890758,0.38847143009533047,12.536467351375295,4.824970108460737,76.82770722686185,0.419811288379432,0,170.95182751875402,BW-004,2029-06-22 14:05:04.296315,101
88.5755024814917,27.499858616163497,26.465959823215485,40.12270248611678,1.0915117195259965,4.000103514349688,83.47370241790752,46.41329157961578,65.06715731146407,8.347586259941298,49.360933114580796,14.652425320961564,507.0536971145658,0.0019721777115334904,0.3,46.05278822066303,10.635022148792272,0.0019721777115334904,0.0,4.7223560556972775,97.21336786675113,0.36391826765882546,11.127453712352382,4.098288030482903,65.06715731146407,0.36900663350591667,0,151.73800516844156,BW-004,2029-07-02 14:05:04.296315,102
60.05137702107206,22.72095555241373,24.41465453707247,40.20311726026607,1.1261724258446937,4.306767474038127,82.44540550904784,49.65446830826613,75.5546339469625,8.876829770756277,46.4808520064286,14.881096481287031,540.7393452231178,0.0018493198411286013,0.3,42.986462983876656,11.041265254319049,0.0018493198411286013,0.0,3.460100331615519,116.09760714800366,0.37959804378590195,11.973787748224394,3.75606212446639,75.5546339469625,0.4140705833901436,0,163.27892383942356,BW-004,2029-07-12 14:05:04.296315,103
89.22716046113561,25.131173771993073,18.890114347131746,28.608390023230772,1.7599973348659144,3.749876943718487,88.2858552926219,46.70389570785708,68.74432251863908,8.27652733045674,50.85050535658266,14.46023357391698,518.2233282933785,0.0019296699808810543,0.3,47.749631861131675,10.900948200548106,0.0019296699808810543,0.0,4.060829737734906,79.41193848543041,0.3198384270100723,10.619626072487643,3.0451393931468855,68.74432251863908,0.38461474021681047,0,144.81308280664967,BW-004,2029-07-22 14:05:04.296315,104
88.99650986497758,27.36857192207497,19.41068698945124,47.76534083076177,0.8141100709249004,4.109213432618066,84.58172625708043,41.27564286611457,67.67436150683488,8.689109142240477,51.346535836200275,14.43507507139072,520.4870226551434,0.0019212774891076683,0.3,48.52886258975407,10.65375787754555,0.0019212774891076683,0.0,4.333064582567914,88.65630507829887,0.310374254085014,12.626769153889603,4.119786203071898,67.67436150683488,0.38172731181932595,0,172.1832157348582,BW-004,2029-08-01 14:05:04.296315,105
60.47119505146568,27.984537634321324,21.37288662534136,40.03246686030144,0.7650234712644578,3.316540939203603,90.49208725570372,48.21454786218303,57.723387603123165,7.5030178014381494,45.2468423880787,14.926573239372349,569.9130610414758,0.0017546535925542237,0.3,42.33011301009522,11.393292080554462,0.0017546535925542237,0.0,3.7128391087129553,67.33665554469287,0.33825187742702917,11.752680585789959,3.8143474771977504,57.723387603123165,0.36338521032285326,0,160.26382616986308,BW-004,2029-08-11 14:05:04.296315,106
83.20914128796566,27.424209918727357,21.842174009141264,40.08609542506462,0.7818553831976247,5.851819114739619,91.89035240941723,36.04091677512263,118.03880590816962,13.44314301723969,47.261593245743,14.87531518741376,527.3940802621813,0.001896115328982976,0.3,42.27062173730535,10.147320286169588,0.001896115328982976,1.1012190739264487,4.2917089089554885,148.79057704529873,0.23642518029570303,12.872264954940576,3.3976570605729597,118.03880590816962,0.5516809104392197,0,175.53088574918968,BW-004,2029-08-21 14:05:04.296315,107
84.99181594874901,24.01870211090506,20.53449910305542,31.51636921688724,0.7682616027616991,5.928234997417556,85.96913091544499,53.1064365675218,95.00199515901187,12.741130264762814,48.58572974202775,15.01619810684179,526.6096120368451,0.0018989398923657196,0.3,44.455100197078956,10.174446720118407,0.0018989398923657196,5.591122276415447,4.695536409875746,138.15238601039096,0.2286309580024294,12.971571502308745,4.34194941897157,95.00199515901187,0.4746562008077597,0,176.8850659405738,BW-004,2029-08-31 14:05:04.296315,108
96.07664431351532,24.383121317902773,20.943351659692407,34.76178818438239,0.9808042502097434,3.2491162734305594,75.73155606126049,43.815098868826354,55.49764014544802,6.151515780271505,52.873751251062025,15.536270899786379,494.77640136112643,0.002021114986990097,0.3,50.55139160173636,11.350479407838424,0.002021114986990097,0.0,3.7917332856152375,61.60445679952041,0.3852784781086812,11.791009503779527,3.9356048240746784,55.49764014544802,0.33342505422649793,0,160.78649323335716,BW-004,2029-09-10 14:05:04.296315,109
89.77677015253303,27.82731947131297,23.256403880371764,44.66480159933377,1.3487946103394293,5.964786345429561,81.66554489422349,35.948312722801695,99.10817706614606,12.177938176928226,51.895275684916726,15.142377296692784,519.3824348154698,0.0019253635336267923,0.3,49.26012534953083,10.944944882615875,0.0019253635336267923,0.0,3.8026202631454225,167.38913431211574,0.2880504905824132,12.702915489012717,3.5288085958592905,99.10817706614606,0.4861753206651278,0,173.2215748501734,BW-004,2029-09-20 14:05:04.296315,110
81.10497827354831,25.10476605630575,29.092252154325607,37.177997341649345,1.3744977195774735,5.248877256447071,74.07658450382783,36.33255996820749,77.31921697296698,9.720472490935537,49.17212828199556,13.977685498099365,507.61332471889347,0.0019700034481044816,0.99,46.785689060706595,10.337462020322128,0.0019700034481044816,3.8434979141335046,4.74263125663937,171.23421366017908,0.41951429512316385,12.127556612616956,4.210142970361534,77.31921697296698,0.41001472065889133,0,165.37577199023121,BW-005,2026-09-26 14:05:04.385040,1
76.06612503057521,27.6944776190969,27.326230913275317,30.849726967268197,1.766314378664348,3.5587348148993243,84.56034691403255,51.60354485999174,56.74194932196508,7.523196263073306,47.830934534646374,15.394145828318003,547.3480516958384,0.001826991065194657,0.98,43.163657339899494,11.27932918256535,0.001826991065194657,0.0,3.726146555691484,71.55281305467868,0.33407094586580116,12.378005882903395,3.962870691915211,56.74194932196508,0.3533442465819685,0,168.79098931231903,BW-005,2026-10-06 14:05:04.385040,2
77.2958544074036,26.972002861201563,27.874656819522023,28.532884482308503,1.5517116970753655,5.851835324228671,89.02757960354612,42.07811334423634,96.13339835102514,13.024368378865276,49.50845532533457,15.807936245061157,513.5780276099645,0.0019471237986050437,0.97,46.66668467741147,11.18312016192981,0.0019471237986050437,2.9294727349294085,4.346817012031458,175.91647880412685,0.28851458270238206,12.989129087737323,3.0219273062630867,96.13339835102514,0.4745180694530732,0,177.1244875600544,BW-005,2026-10-16 14:05:04.385040,3
71.62571877226125,23.78495601995601,21.55617692256697,41.41363794143876,0.844739062688804,5.729470922496181,96.11201389317512,46.16463500559322,114.56488854816982,13.766774722587394,46.7789645156528,14.994823855046132,547.452722573054,0.0018266417514556366,0.96,44.3756712671456,10.977604244975467,0.0018266417514556366,2.3259126466528057,4.386795789064404,161.7525803693128,0.25633889335479715,13.114666226513444,4.224158636407719,114.56488854816982,0.5461187785991489,0,178.83635763427424,BW-005,2026-10-26 14:05:04.385040,4
60.03623340984361,26.291421120895798,20.054216926021503,26.507577487388033,0.8562741808910902,3.974396746141082,78.80169026748935,35.66835989410119,61.5999145521902,7.829729534738177,45.83156119116195,14.64744473991702,566.515360315644,0.001765177204450083,0.95,43.50712336415036,10.760143424005173,0.001765177204450083,2.2938970140365837,3.979622776990648,84.07960024409144,0.33774013470613334,12.514649759822372,4.5272638310942686,61.5999145521902,0.3752876566019938,0,170.65431490666873,BW-005,2026-11-05 14:05:04.385040,5
75.19602089290817,24.855437964839204,18.53484048855157,47.29375998305665,1.5740945801293371,3.9753987852007935,84.13331064993261,51.374759809093035,73.49927320454964,8.361586523816577,46.9297978782243,14.800086632856736,544.2920312574141,0.0018372490181232622,0.94,42.02121830825228,10.728267963477485,0.0018372490181232622,0.0,4.4010349441615375,76.99570195075326,0.28953902453788616,12.973503037103347,4.090976296113924,73.49927320454964,0.408285186725723,0,176.91140505140928,BW-005,2026-11-15 14:05:04.385040,6
72.92776261297345,23.912183543712384,23.38251059242151,39.02987574631279,0.7195595998834516,3.3738426231225636,95.72967964725481,52.950176702167084,63.93548648819644,8.074421837294423,51.316547311028664,14.795329712390688,516.2077064898755,0.0019372047093210402,0.9299999999999999,47.5608863228558,10.668012136655783,0.0019372047093210402,0.0,4.474401156563816,80.80479835724296,0.3707753969405214,11.405041633146938,4.7623946791112814,63.93548648819644,0.36798060024095075,0,155.52329499745824,BW-005,2026-11-25 14:05:04.385040,7
67.55719255059809,27.156607497001303,21.075059086668873,33.12467995140426,1.8069077764251755,3.6514212121130156,81.20922455400095,41.658241924628065,62.18135613609449,7.4132271288932055,46.07746731340263,14.487390457131283,532.2900443326266,0.0018786750018099205,0.92,43.165137291374116,10.534668635939031,0.0018786750018099205,9.60204390233028,3.8229020999650576,94.80034252804712,0.4377747200432883,11.858821709516423,4.180506730519388,62.18135613609449,0.36695820042010296,0,161.7112051297694,BW-005,2026-12-05 14:05:04.385040,8
86.5259131759929,24.05027127605013,26.204394548695447,24.47239716915393,1.603463990017048,3.52846173750858,88.21800010304463,44.53248321017258,68.53029466753961,7.781845948078023,50.09382874815807,15.56084457119396,533.1457031428008,0.0018756598695350533,0.91,46.93195522713208,10.315928111362823,0.0018756598695350533,0.0,4.786475166440774,83.18124068767354,0.37867563761093204,11.53932868276294,4.011966658314127,68.53029466753961,0.3883780265013056,0,157.35448203767646,BW-005,2026-12-15 14:05:04.385040,9
79.48064162064958,26.879092883706768,29.45565182407762,46.218925187869644,1.8638975651830112,5.278459707564921,96.58221901286575,49.58067485658988,105.39461632706731,12.745133788165564,49.151191074743814,15.134406178206078,523.029483996981,0.001911938104058723,0.9,45.06756515263199,11.867780042721636,0.001911938104058723,0.0,3.0728020283126924,115.57095515705657,0.21473711108198965,13.128032873135268,3.83341732769446,105.39461632706731,0.5082242329559853,0,179.0186300882082,BW-005,2026-12-25 14:05:04.385040,10
80.48679823735549,24.16085268483363,23.580423896768075,40.557504079520655,1.82599666530678,5.783430184943089,79.97969799462675,45.06418833503086,90.66576354758884,11.563924989118915,48.55438173811875,14.90540490936246,548.1771147897572,0.001824227923822633,0.89,44.7177545483471,10.522754057858771,0.001824227923822633,5.514217984919168,4.354927836960643,113.74527424813185,0.21259478742730323,12.54530975885034,4.851088651724447,90.66576354758884,0.4666723462622233,0,171.07240580250465,BW-005,2027-01-04 14:05:04.385040,11
68.27945212000478,27.509158950770217,27.782162783638668,47.492544364277634,1.8203776599225308,3.7806341038072606,75.31129883585191,35.57040049677296,55.74338893042712,7.118111619521045,47.15557995975399,14.902282576738617,520.0942753562525,0.0019227283348101133,0.88,44.2183622667151,10.444860928026987,0.0019227283348101133,13.218285128640996,4.680854292399051,100.6601260623397,0.4675607444058851,11.428400207693498,4.0604950527324855,55.74338893042712,0.34183957904163287,0,155.84182101400225,BW-005,2027-01-14 14:05:04.385040,12
71.19749318767626,22.635735468064286,19.346892863899065,30.989359645878626,1.421275585976809,5.727912439218148,70.24669394166675,49.721642886741705,81.97712749438858,10.059172801060576,48.51610811611638,14.624639832753594,520.6211822382078,0.0019207823924890838,0.87,44.68983314072772,10.90973868352161,0.0019207823924890838,5.977001262216675,3.8680921829772728,127.03436735257418,0.27559580519060933,12.982327999813204,4.883809945676658,81.97712749438858,0.4294434463194243,0,177.03174545199826,BW-005,2027-01-24 14:05:04.385040,13
92.1728130438869,27.395501841889388,25.485040612430794,24.13515150595329,0.7794751647778002,5.016702449401816,70.16017425909065,54.69743132227204,74.23249399595747,8.799317951400957,51.6186329743167,15.52890050377096,492.3728519463458,0.0020309811884367877,0.86,48.37507048614615,9.214687259370331,0.0020309811884367877,0.0,5.959829750120821,147.99971480441235,0.41908637146930905,12.25419296047554,3.730091386952227,74.23249399595747,0.39515350223709533,0,167.10263127921192,BW-005,2027-02-03 14:05:04.385040,14
63.98904815413472,24.17994685341406,24.01621192360495,25.04153228588546,1.022716963693483,5.633497810727443,96.85318677190276,48.18489074101744,112.9249832823715,13.640555391037257,46.06621333294711,14.438060797437203,547.3002839217013,0.0018271505229897954,0.85,41.48907434382714,10.84586055267925,0.0018271505229897954,0.0,4.8932065269604275,154.87898251968815,0.2519372105357847,13.237228141699074,3.015519296674849,112.9249832823715,0.5406066961177487,0,180.50765647771465,BW-005,2027-02-13 14:05:04.385040,15
67.1671869850129,25.882420997553243,23.57126843189208,35.88762352641381,1.1415376820501917,3.874550784453577,86.88134630026609,36.99461944687765,65.8267097247765,8.415654711551971,47.45312430817982,15.390748619730315,564.4364497232251,0.0017716786371439269,0.84,44.6283992957331,10.76772900104696,0.0017716786371439269,3.7342823582525155,4.7076193115001566,76.12099292628517,0.2918133737202709,12.176780282539442,4.254751008870724,65.8267097247765,0.3887533006662226,0,166.04700385281058,BW-005,2027-02-23 14:05:04.385040,16
98.24078841946269,23.28841075072938,24.19997111812649,41.66441684076806,1.335266619701844,5.76586689039825,74.2231137331364,39.497936114608144,93.24875280680212,10.69901484940387,50.87183300097887,14.841660227032875,524.2085439528098,0.0019076377360419785,0.83,46.36841177059098,10.226034171356444,0.0019076377360419785,3.75022171191091,5.285831621051175,145.05561555504167,0.2939247496381585,13.091950386339967,4.634996513051333,93.24875280680212,0.46809173920851666,0,178.52659617736316,BW-005,2027-03-05 14:05:04.385040,17
97.16083542867204,24.267810133847703,23.564109669278135,26.124535565153483,1.4134986665778928,4.858053917808897,76.96401738400469,35.01886085054981,76.46450570020362,9.347383654566901,52.948610295728365,13.528429217264133,505.18917938733824,0.001979456490364139,0.8200000000000001,48.32976410450136,9.64370141210824,0.001979456490364139,0.0,5.644578241474239,91.3803422819683,0.25154193337489433,14.086724394035352,4.860846986357556,76.46450570020362,0.40643843948354685,0,192.09169628230026,BW-005,2027-03-15 14:05:04.385040,18
71.52847873792425,22.961854237093412,24.534375514854098,36.775446321117855,0.6138074618360714,5.271451740922318,99.55621977733281,51.19826240612181,109.51007833847902,13.12014520162165,46.72519217773361,15.075828636072508,555.2083588329391,0.0018011256208426388,0.81,43.42595156692722,11.099494055792979,0.0018011256208426388,0.0,3.9152653255502496,141.62774149272485,0.25597023442443556,13.653968561227126,3.592511506633568,109.51007833847902,0.5315961021114785,0,186.1904803803699,BW-005,2027-03-25 14:05:04.385040,19
87.9286181397789,25.742633143905117,20.268207392957965,35.26643669169705,1.5804843747178399,4.2295430193550505,85.74802252730403,44.54259534791366,72.0866704130735,9.06687375259646,49.165536773258985,14.04688168995531,519.8120339231351,0.0019237723152593857,0.8,45.180511591106395,10.502583174815792,0.0019237723152593857,0.0,4.147089600414232,85.83742152625538,0.2797922373641197,12.364454334818923,3.8878333960930798,72.0866704130735,0.3962325115538522,0,168.6061954748035,BW-005,2027-04-04 14:05:04.385040,20
81.17742962165106,24.372934457101422,21.868061496971322,38.649452799457286,1.9086630474653608,4.342871617996575,93.25572307881717,45.53537814538984,75.36738815053488,10.124940824368583,49.08824115572126,15.402466695366163,548.8652140584854,0.0018219409326484352,0.79,46.91383978264078,11.38166799513217,0.0018219409326484352,0.0,3.402289224819737,141.77202304025147,0.4030241445932971,12.426057740748522,4.792056730649986,75.36738815053488,0.41588419138599525,0,169.44624191929802,BW-005,2027-04-14 14:05:04.385040,21
86.86979361909934,22.448475421817893,23.528219681785608,45.37977915625506,0.6416936387016303,3.1132419509023004,87.49585485649138,39.599228308020685,50.21076613241785,6.809894146732194,52.22088604405332,15.513739671676346,511.4026324708128,0.0019554064381103334,0.78,49.97834563912356,10.910521913832866,0.0019554064381103334,8.378535588324963,3.85835064642577,68.51083524618672,0.4039392362844286,11.526900834740538,4.72354767957871,50.21076613241785,0.3207900101826367,0,157.18501138282554,BW-005,2027-04-24 14:05:04.385040,22
99.55502848550174,27.694416361872527,18.93929376875851,46.40191969078932,1.0446988853891934,3.4444017660491495,89.61489891483033,48.624185156430975,61.85128982877459,7.716742902163941,53.90733296057029,14.90638633924656,493.7971691116143,0.0020251229908812363,0.77,50.962165052614324,11.040666610660985,0.0020251229908812363,1.2280617189340088,3.4232900227949106,87.45020643177068,0.41126619926651653,11.266410114120092,3.0499418008682624,61.85128982877459,0.3543101168293996,0,153.63286519254672,BW-005,2027-05-04 14:05:04.385040,23
93.7883666830345,24.51030002627963,23.290261352430193,39.22183418346103,1.661716128913975,5.682163815611659,98.09028260194684,51.14741879584979,119.74541226237906,13.934126361597606,52.100912519077184,14.760017678643896,518.0223202548505,0.0019304187501187823,0.76,49.03919504030661,12.035940947812199,0.0019304187501187823,1.524093129600876,2.6264997038664846,146.64006044318637,0.23150967706578293,13.646862604505557,3.201387202207606,119.74541226237906,0.5545580702843854,0,186.09358097053033,BW-005,2027-05-14 14:05:04.385040,24
61.35156603792994,25.558935973162804,20.240795929168453,32.302788428716866,1.0219529992328247,4.906780446024562,79.11162860773567,54.65889843240443,73.33394559837579,9.704584807639867,45.481165823349464,15.41574943346583,557.4328626044404,0.001793938009552927,0.75,42.30901349658559,10.242817607784032,0.001793938009552927,3.076453850563604,5.116013782868343,97.28655543438975,0.25538139463846216,12.08461170175043,4.810176246776528,73.33394559837579,0.41167634410925136,0,164.79015956932406,BW-005,2027-05-24 14:05:04.385040,25
78.76241360884615,24.00481847125704,19.288333421408012,27.495089724610835,0.5501569783416465,4.326462341359749,71.70521712137166,54.569889293435814,58.77759904218746,7.75574803886597,49.612453089988485,15.95580303353166,508.39088787900465,0.0019669904080538846,0.74,46.268066991593,10.961228902551836,0.0019669904080538846,0.6366592109071705,4.076664851824264,101.1413025992475,0.37677487641812624,12.053038678033772,3.1623755741008623,58.77759904218746,0.3484425965043263,0,164.35961833682416,BW-005,2027-06-03 14:05:04.385040,26
78.80996341315017,27.726686169117933,19.388102683777397,46.710347832073964,1.6000422720981402,4.7653006692492745,86.70856274992525,48.1159255979944,80.06451592287402,10.329809302546538,48.18032958257567,14.54867282000609,531.3304873950627,0.0018820677972059697,0.73,44.10248925230037,11.809625729959183,0.0018820677972059697,0.0,3.4813265294927893,100.87563947848797,0.25616140808536547,13.103090218790209,4.344168781212126,80.06451592287402,0.4262808659614322,0,178.67850298350285,BW-005,2027-06-13 14:05:04.385040,27
85.49995211736652,25.87166653194138,27.920731780755386,26.566076745115712,1.2571314853483126,4.83693386652119,91.48521630869291,43.33498121248106,88.48521631462756,11.062698526238336,52.52332165354206,14.574512459659218,502.7245667770034,0.0019891607971559027,0.72,49.452655666700856,10.631671915970372,0.0019891607971559027,0.0,4.162308365359422,111.93850195122376,0.26149192165437174,12.999631740468569,4.715175351524803,88.48521631462756,0.44576809108185955,0,177.26770555184413,BW-005,2027-06-23 14:05:04.385040,28
87.88364553043034,25.520922670441383,27.993348852279535,25.734521016272435,1.536051559248749,5.2718867162135785,76.81003898015261,39.42553182132368,78.97683237858207,10.123345604282843,51.046470379526994,14.906136488210057,519.2020061584466,0.0019260326195558396,0.71,47.06487313321754,10.78849323881605,0.0019260326195558396,4.281738258486326,4.527744863676835,124.32492505112403,0.2911910926341636,12.732836742668947,4.219737469971076,78.97683237858207,0.4190167097761409,0,173.62959194548566,BW-005,2027-07-03 14:05:04.385040,29
81.36110921538871,24.27496518387966,22.083299786808368,38.89998318658063,1.8364930619663973,5.541036106167251,94.83736186447193,42.65648415927008,99.78303421208516,13.137431157617202,50.04477309509169,14.753540862525373,511.0014419043157,0.0019569416404645852,0.7,46.60397231809481,10.728033364565094,0.0019569416404645852,0.0,4.5425940289113855,135.89000320405225,0.23334370461102802,13.60359588984016,4.657794223951756,99.78303421208516,0.48591054661157856,0,185.50358031600217,BW-005,2027-07-13 14:05:04.385040,30
79.84703704404461,26.94833898446152,22.82587658212761,26.457467107036237,0.5922586046879579,4.7673562079407095,91.62448949424747,39.82413549256046,88.27868135151763,10.920164469744975,46.96683890204063,15.903815402835344,530.550343607106,0.001884835269733687,0.69,44.19530749396735,10.756496116961621,0.001884835269733687,2.5111148258696727,4.626041204436722,94.93119665078156,0.22793561347865227,13.515630576023874,4.115284786686317,88.27868135151763,0.45342737425385726,0,184.30405330941647,BW-005,2027-07-23 14:05:04.385040,31
62.0533748529471,24.28090085174602,22.046853010030105,41.230488566941666,1.6142322523772987,4.0132679613966875,91.09095099922395,39.45207273082475,73.3384913256079,9.139309880458526,47.94943485566438,15.831465723594919,536.4916316120942,0.0018639619727061122,0.6799999999999999,45.53573839047338,11.91943754826883,0.0018639619727061122,0.0,3.329925782691097,84.44017546935288,0.2877713665552396,12.483359167005517,3.8054647397339325,73.3384913256079,0.4054091272356546,0,170.22762500462068,BW-005,2027-08-02 14:05:04.385040,32
62.034158753349594,23.326739577334088,21.291142201906798,37.14268761942743,0.7167728358604254,3.783600513821739,85.35706363808872,41.392362510161426,61.97714303269603,8.073925745984683,46.14504932639414,15.028255324232779,548.1004489402596,0.0018244830886993038,0.6699999999999999,42.116881311354376,11.17628022784537,0.0018244830886993038,1.9095252276938468,3.882946686462405,78.80466996854398,0.32245709773429304,11.209849802934896,4.522221176970516,61.97714303269603,0.37102061145773135,0,152.8615882218395,BW-005,2027-08-12 14:05:04.385040,33
65.35764877600002,27.662733335247747,27.650434887573372,28.335717650188087,1.1098517118582365,3.107245183397594,91.1327086443246,44.84233314171723,52.96982995455188,7.079291749626347,46.67872572107644,15.571699053574775,543.9930721091122,0.0018382587045142067,0.6599999999999999,42.65148544003491,9.607317409157174,0.0018382587045142067,2.8284156979333126,5.4532041872816395,76.88586663360756,0.43690920304695374,11.750983051996835,3.5873528267168724,52.96982995455188,0.33976402148123985,0,160.24067798177504,BW-005,2027-08-22 14:05:04.385040,34
74.22487997030262,26.746024444392443,24.122554997737467,27.06839368784321,1.6084880947343658,3.282729199213577,75.15081979385474,37.05069076225288,45.34726052363112,6.167494762053114,48.283867649501595,15.515690262638666,540.2772880431048,0.0018509014206797773,0.6499999999999999,44.17551901800367,10.966571034714924,0.0018509014206797773,0.0,3.1566163255679753,79.69903417083557,0.4920613162402261,11.319479311965154,4.092049186641501,45.34726052363112,0.31324072149170185,0,154.35653607225208,BW-005,2027-09-01 14:05:04.385040,35
75.87551912899676,23.577545485792882,22.505983464248644,35.946157526565514,1.014673274625514,5.262846999105648,70.61532757961173,39.98751575991784,75.43537060668557,9.290941621080547,48.76951366500425,14.32356705551798,519.5800185822951,0.0019246313642479157,0.64,45.07011384706534,10.025956450498713,0.0019246313642479157,0.0,4.6199054039316625,122.51135876963477,0.31318856288375074,12.37568036964418,3.7971993254369116,75.43537060668557,0.4073252409303071,0,168.75927776787515,BW-005,2027-09-11 14:05:04.385040,36
69.67623090367032,24.39101217282388,18.23007492899878,42.53994830631153,0.7564173403513788,5.672000027675722,91.55593954366738,36.45936665851375,103.71680972444027,12.982632290638952,47.60021527035785,15.04369571446006,536.9354010691525,0.0018624214346991976,0.63,43.203899783013966,11.480689454633804,0.0018624214346991976,0.0,3.561278572407291,176.1352169756959,0.29899039075256745,13.08548342475039,4.3524674700809545,103.71680972444027,0.5068033194022133,0,178.43841033750533,BW-005,2027-09-21 14:05:04.385040,37
61.75618454522549,25.922192157430477,27.287233545884067,43.531899158228235,1.2402637739909,5.540349081506488,88.0221932335118,48.636660640657176,104.18553226346839,12.191841935836841,46.24737364253524,14.33488687217933,575.5259406401672,0.00173754114173843,0.62,43.48349304257655,11.164618053616675,0.00173754114173843,8.98218674497632,4.034461306951554,153.3087160624791,0.28370723212676985,12.411894075091103,4.681071759898387,104.18553226346839,0.5199428897369447,0,169.25310102396958,BW-005,2027-10-01 14:05:04.385040,38
68.21472738759941,26.42336606349896,26.396556925852046,29.910497618476157,1.8551116337941895,5.980504681187124,76.97006637772054,47.47891149522776,89.27264407762004,11.507996057081034,45.24226283831879,14.811788722705902,561.3642548412498,0.0017813745556043527,0.61,42.13713931556458,10.909220212847208,0.0017813745556043527,2.3129107972206224,3.6686652278531087,129.6842920333576,0.23553738518268713,12.308873216084908,3.0840895921518894,89.27264407762004,0.4659847567111084,0,167.84827112843055,BW-005,2027-10-11 14:05:04.385040,39
64.17485832331316,27.896129437547955,28.322973731729576,40.509567491497805,1.9081248324197493,3.043411924508595,73.57685733453576,47.98183481077096,44.544449880745475,5.598117124494845,46.942296618226926,15.642052347589448,549.8289091987776,0.0018187475836023632,0.6,44.44178191496442,9.896113005694836,0.0018187475836023632,5.811417617452597,5.273867638822981,64.87999779053195,0.4760122408489058,11.683267651564238,3.7631487756510356,44.544449880745475,0.3134301723621182,0,159.31728615769416,BW-005,2027-10-21 14:05:04.385040,40
88.89244673294832,23.142741982180276,23.305873657353743,25.71607258395925,1.0844861334321731,4.701489263740177,86.60288683491183,35.6371352505652,85.43206494109063,10.179063566581087,48.82664118955831,15.214380629440383,523.2621979494874,0.0019110877948353801,0.59,46.32551584554385,10.938466239801537,0.0019110877948353801,1.019041227491898,4.350075701951649,135.4860108728173,0.3538842170043023,13.345082080279475,3.7512974709860014,85.43206494109063,0.4417522091884817,0,181.97839200381105,BW-005,2027-10-31 14:05:04.385040,41
89.66412078948835,24.318660105584904,21.963530105617608,38.28853734024749,1.8083067934983426,4.19277560793194,88.74767409365369,50.596373512462876,74.13067909858343,9.30247708001411,51.22008171411048,15.477851985556933,532.1148161251202,0.0018792936593685493,0.5800000000000001,48.953155106502464,11.071065047994551,0.0018792936593685493,1.6694733433147335,4.024991308482011,114.85692321939716,0.368100970499248,11.980743753778535,4.709130337882481,74.13067909858343,0.40673670849948085,0,163.3737784606164,BW-005,2027-11-10 14:05:04.385040,42
61.903327701844496,24.312822608198413,19.898888901783153,40.68850201756487,0.6585868406467024,5.351775837425663,85.57840247185814,52.159038908046725,96.05689140290495,11.449910663859475,46.2287105593904,14.717855073640491,540.9397517603967,0.0018486347079238854,0.5700000000000001,42.70084358735062,10.635531117793795,0.0018486347079238854,0.0,3.8474779461104247,176.95926006670723,0.360980127565269,13.255734102080769,3.221158374137319,96.05689140290495,0.4824715635378022,0,180.76001048291957,BW-005,2027-11-20 14:05:04.385040,43
86.59231034320979,23.717085224787443,20.387001764846698,46.47246138779965,0.5277868651189338,3.720681499186636,78.40649220971713,36.06241248398002,57.09942076496532,7.293139624520389,49.396143728524365,15.128498722792916,530.8834089436236,0.0018836527628351511,0.56,44.66135306884354,10.77438468358058,0.0018836527628351511,0.0,4.186375138301333,87.61003814033329,0.4035774199410764,12.442646287616162,4.37993802428345,57.09942076496532,0.3495964252329715,0,169.672449376584,BW-005,2027-11-30 14:05:04.385040,44
77.51109087558277,22.129761954770764,23.80311657725195,36.02513706706604,0.9824937070921205,5.386745509626849,82.51165708698116,39.58233227822798,90.45130154631853,11.111732457629152,47.30301406049524,15.43877377672571,536.6956123134777,0.0018632535408467466,0.55,44.07834859273054,10.82989248336073,0.0018632535408467466,0.0,3.9753636612115977,169.35757720222276,0.35367666821559524,12.698564022251238,4.812508473475736,90.45130154631853,0.46251302218177176,0,173.16223666706233,BW-005,2027-12-10 14:05:04.385040,45
65.28647110100094,24.258325226406853,26.067155279190793,42.77749940746702,1.2961259035822135,5.501749801383111,86.6059265607155,47.32221600831442,94.25616737038209,11.912103481350421,47.1446330201242,15.191460855028632,548.0279931580194,0.0018247243069418502,0.54,42.68713951983551,10.541037003930484,0.0018247243069418502,7.664314776538698,4.014243959970786,218.49373957684963,0.4167347506179807,13.107041093487409,4.416294669197114,94.25616737038209,0.47859562251534615,0,178.73237854755558,BW-005,2027-12-20 14:05:04.385040,46
83.59337577759023,23.203698226747917,21.447963998731794,27.885494641256603,0.873943025006917,4.422976711650874,81.74999628636427,53.30953762436663,71.21765547929904,9.039458243803363,51.16543710124739,14.806988601064651,512.9591017832366,0.001949473157847532,0.53,46.45064855030195,10.189122774114498,0.001949473157847532,7.892879678632636,4.289500492095764,113.51896245001288,0.3549125612855012,12.87703358627609,3.9012468502163378,71.21765547929904,0.3912799154659678,0,175.5959125401285,BW-005,2027-12-30 14:05:04.385040,47
68.99547120902128,25.116692718347426,24.752265069488754,46.67873809971611,0.7933559706522846,4.033685723963626,84.94452160753445,44.1526374909035,63.487251043562054,8.565987603430788,46.43356564021963,13.779647992612459,550.653221709055,0.001816024969210774,0.52,42.49354738073992,11.804288486464177,0.001816024969210774,0.0,3.1139834432565614,107.0941797561064,0.38743279735021585,10.747743799139634,4.890101106789207,63.487251043562054,0.37682013665792335,0,146.56014271554045,BW-005,2028-01-09 14:05:04.385040,48
85.66702840645983,26.903555613925136,24.72289756539663,30.120087660025817,0.8938253450300003,4.556668594953244,74.19756931680982,45.26283003026554,64.11285352593653,8.452343348194342,49.665765259136265,14.31776457319136,520.1563922121285,0.0019224987234073695,0.51,45.56520257664489,9.623485458819005,0.0019224987234073695,0.0,5.540485290039672,125.50272046971803,0.40732266710029014,12.036214935842581,3.360580261231281,64.11285352593653,0.36975642941676035,0,164.13020367058064,BW-005,2028-01-19 14:05:04.385040,49
61.57012212284,23.83266535929089,26.93524414804056,25.14042617297065,0.828942923757246,3.1945026563585737,92.87957676268422,43.5488384171312,56.48005127335824,7.41760136724637,45.30725247977001,15.115355874537482,565.5933241134807,0.0017680548149457294,0.5,40.33925261928518,11.213383601129186,0.0017680548149457294,3.36062406918191,3.673963704678964,81.06960041634102,0.42766262943589517,12.255852458387023,4.358257662669724,56.48005127335824,0.357944834811905,0,167.1252607961867,BW-005,2028-01-29 14:05:04.385040,50
88.24929994127127,26.69590937693726,23.46382092074314,40.75378412348758,1.081928252982338,4.879931049935275,91.8278002991423,48.58633330627107,77.93052578419254,11.202833348176004,50.339183324898016,15.046313793974461,520.0297858241896,0.0019229667747110114,0.49,46.13680969392711,10.272100311118127,0.0019229667747110114,6.634723375699754,4.777250465894925,174.83754156252726,0.39976350375811875,13.424812064146884,4.721860965157392,77.93052578419254,0.4157773550278987,0,183.0656190565484,BW-005,2028-02-08 14:05:04.385040,51
66.3965298009651,24.38889696113744,24.959613842437715,46.75327876446937,0.603126428133016,4.127879728921991,89.20146390790168,44.89588709883747,70.56581909731163,9.20532286638985,48.20234203300308,14.270893443090625,535.039144786242,0.001869022126221285,0.48,44.60535022524177,10.562643021591292,0.001869022126221285,5.137415107294991,4.048779392208572,106.03062155149904,0.3487990229159148,12.314450089340664,4.697175314061756,70.56581909731163,0.3957311404269114,0,167.92431940009996,BW-005,2028-02-18 14:05:04.385040,52
80.29576375379843,23.973518669264347,24.099740331320334,24.575410737036762,0.969538032052372,5.547396743965532,96.24105952980136,38.41120756013037,108.49032721193987,13.347183506785326,50.67449452794418,14.705373134602466,518.076072269692,0.0019302184631283948,0.47,48.583302283509596,9.99660377796094,0.0019302184631283948,3.1840818598149303,5.560639384827779,118.46739572264217,0.2,13.061308404867754,4.7395371360278515,108.49032721193987,0.5170572457207072,0,178.10875097546938,BW-005,2028-02-28 14:05:04.385040,53
92.7947259010802,25.323650403127825,23.40698991379341,30.85260172116815,0.9470637841870339,3.9036772441868384,70.55712156295297,52.772853387259104,50.308255048653585,6.885805746515601,49.66580716686701,14.941413997512813,526.1736047484729,0.00190051342556043,0.45999999999999996,45.03599133175521,9.744008461447743,0.00190051342556043,0.5473639482812842,5.489940130778772,103.19029138672126,0.47986622329414325,11.468002643436193,3.526807223911689,50.308255048653585,0.32554626492005384,0,156.38185422867537,BW-005,2028-03-09 14:05:04.385040,54
75.32405734362338,27.013424259787364,29.60655848169922,34.52772915240899,1.0900292581216426,3.680702301731425,97.87841955057428,49.34868901756507,68.45882960518216,9.006533103240821,49.872755387575914,14.581309605158767,517.1368329051054,0.0019337241835634244,0.44999999999999996,45.63450891785723,10.398129667053746,0.0019337241835634244,8.132653554897285,4.442630189307788,96.97193993579327,0.36565183265501,12.033728162218505,3.2004565132857685,68.45882960518216,0.38333714855547213,0,164.09629312116144,BW-005,2028-03-19 14:05:04.385040,55
93.8620310327945,24.56143192381782,24.624218067547815,29.542599950369866,1.6152538036686128,3.7025832768504388,85.63803261472196,38.441997052997245,66.5778855332449,7.927048685541049,51.97510087315511,15.084325683805098,513.6877960420571,0.0019467077234556825,0.43999999999999995,48.072416876714264,9.960802692096838,0.0019467077234556825,0.0,5.38185952576883,77.63076872741955,0.3306187952098109,12.520190618934203,3.8872912932069577,66.5778855332449,0.3760326239234335,0,170.7298720763755,BW-005,2028-03-29 14:05:04.385040,56
81.27953273083128,26.85420730144205,27.368792760344036,29.160114438480687,1.5734533258366437,3.916295078049097,79.64387433843413,38.19259866505528,65.44914229713295,7.797722826709258,49.8682869572996,15.116932550504623,520.25392937138,0.0019221382935219627,0.42999999999999994,45.5413230513215,11.179891920722412,0.0019221382935219627,0.0,3.5240226257598586,88.17396191291854,0.3609168577314707,11.804505913325144,4.562980486517144,65.44914229713295,0.3742399864685238,0,160.9705351817065,BW-005,2028-04-08 14:05:04.385040,57
92.00217631805486,24.07664344469437,20.071309354827296,24.063171733910117,1.1763554796397222,3.501587563641805,70.85372175531768,47.58709885257877,46.48614093943115,6.20251277340393,51.96531733027215,14.915362780833687,510.76219330570166,0.0019578583009989534,0.42000000000000004,47.92868263310036,9.959896759843028,0.0019578583009989534,0.0,5.107680244752052,78.05108706426137,0.4492171318494932,10.950925322153513,4.834851705609003,46.48614093943115,0.3081824611231476,0,149.3307998475479,BW-005,2028-04-18 14:05:04.385040,58
74.09730926155366,25.329459002952454,20.256493111065428,44.6319731439954,0.8866328234421645,5.92794935817735,79.93641443869365,37.373114063925044,99.09604944986509,11.846475416671316,49.4669589351592,16.026036655710968,500.125855435885,0.001999496704941298,0.41000000000000003,45.40243562499241,10.81530959389387,0.001999496704941298,0.0,4.075403377338406,187.3832013487105,0.33353930923720504,13.261165868154675,3.2179432586078316,99.09604944986509,0.4803579214636491,0,180.83408002029103,BW-005,2028-04-28 14:05:04.385040,59
69.057184203506,24.884284338906134,23.98621228493129,29.162045490842228,0.9077910900888737,5.352185339485437,88.67547605238148,41.30112993215199,95.67054811459505,11.865189572486203,45.65261853563516,14.979541232402465,548.3451817687187,0.0018236688006894543,0.4,42.61233831987496,11.75427145058957,0.0018236688006894543,0.589711052668924,3.162976561441493,155.54519614707573,0.30616870016467035,12.92324287820049,4.430211227236178,95.67054811459505,0.48340538157926577,0,176.22603924818853,BW-005,2028-05-08 14:05:04.385040,60
66.7882095662098,26.310761069939,27.241068375048982,35.095883939022784,1.5711305340275261,4.62564051982866,72.73734523912766,48.5789084856134,76.34287533859585,8.411420286071879,46.871750764203306,14.471081690694882,554.6301377237459,0.0018030033566226564,0.39,42.37562854654698,10.193849056788986,0.0018030033566226564,0.0,4.911323580494777,126.0661663510284,0.40501149267907116,13.104393333522907,3.828401108609287,76.34287533859585,0.42086529244577653,0,178.6962727298578,BW-005,2028-05-18 14:05:04.385040,61
89.43741567749782,22.82965316606685,29.59413629801444,43.70476673031435,0.8067251917937353,5.371222427648964,75.81216799074431,40.23505738074047,83.43715043818624,10.180100425014418,50.67637916910773,15.14757048966871,508.5760077011421,0.0019662744306798616,0.38,48.137477689991314,10.467645089764456,0.0019662744306798616,6.575928361670391,4.88866892547708,135.94844662717574,0.31078429411359976,13.53459101881008,4.799519230736514,83.43715043818624,0.43069663710429673,0,184.56260480195562,BW-005,2028-05-28 14:05:04.385040,62
67.44660142984281,22.753966873477495,19.66054275050302,41.95588317668871,1.2044813854274352,4.537772775801889,79.91802429910005,52.210229731748896,79.63305845593605,9.066245874008251,47.05221795467855,14.725037583767827,544.0232327968346,0.001838156791317495,0.37,42.54782247693873,10.312161396409897,0.001838156791317495,0.0,4.463102280801796,87.5126847265409,0.265895374430059,12.065616496742622,4.745592650158885,79.63305845593605,0.4286504980255039,0,164.5311340464903,BW-005,2028-06-07 14:05:04.385040,63
91.31736690959468,26.477529366101233,25.25535256206266,40.47279855788831,0.5275335865687127,4.741859281447061,93.19270424851337,41.65345973060648,87.75918400007376,11.047667240099102,50.18754108634312,15.471857752878023,521.0162829493959,0.0019193258113530509,0.36,46.58567144553832,11.178864640819329,0.0019193258113530509,0.0,3.8122287220948774,131.96605933296033,0.3148857555071523,13.436790929978201,3.2614694789157,87.75918400007376,0.44883549821839797,0,183.22896722697547,BW-005,2028-06-17 14:05:04.385040,64
72.47110587220088,25.82693307555646,18.11213944183493,24.79144664838224,1.7778319737055748,5.494249865790934,78.23716946653064,45.92197616006582,85.3357270538945,10.746363946033712,47.27238654663228,15.30673008283592,532.6155760362402,0.001877526766006479,0.35,42.4414855346868,10.906686977496415,0.001877526766006479,4.118165827913406,4.201370405934067,163.92391947753768,0.34704228304779733,12.114920787008224,3.770082475680823,85.3357270538945,0.4442370963238537,0,165.20346527738485,BW-005,2028-06-27 14:05:04.385040,65
87.36099446768287,23.592218398722064,26.255554081424506,43.01896005934232,0.960191424665152,3.9545256285261097,78.00110291911642,54.33970036056075,54.26881439973444,7.711434013673715,50.07164527709474,14.547101393314426,527.3500825642947,0.0018962735250507518,0.33999999999999997,46.408107610021844,10.715865847648118,0.0018962735250507518,1.8487692862121676,4.303855450366068,92.30412463655104,0.3783568315035921,12.337454871223185,4.577372858462848,54.26881439973444,0.3391010727684032,0,168.23802097122527,BW-005,2028-07-07 14:05:04.385040,66
61.4414950999675,27.596674748126407,22.142158059547565,26.555562318832955,1.2377853070897211,3.4802223164601918,93.61977512372187,54.6832991896643,68.46563080921887,8.145440766189038,44.43678533957169,14.616823695367492,559.4936770515445,0.0017873302970461862,0.32999999999999996,40.26537700968012,10.663283985689032,0.0017873302970461862,0.6745566697693335,4.8658017766362045,68.927777144835,0.30393639555145996,12.062875137561884,3.066786409731715,68.46563080921887,0.3960668724795262,0,164.49375187584388,BW-005,2028-07-17 14:05:04.385040,67
90.73871182656535,23.329883887705353,21.23388060160036,29.825159683165996,1.9875095792475173,3.035295283100993,87.63657075789345,45.02792957190648,52.463773295934644,6.65007174621451,50.532018373904506,15.370508475668224,509.1046805535813,0.001964232579658544,0.31999999999999995,45.56144300614949,10.977067295770532,0.001964232579658544,1.6204545006817186,3.8282331480875214,73.1113009844896,0.4527591617896565,11.496115960559184,3.477973175511353,52.463773295934644,0.3276106484858565,0,156.76521764398888,BW-005,2028-07-27 14:05:04.385040,68
67.8961493492217,25.453121301796745,29.103175699883572,27.5255176530667,1.9562812968015504,5.620152493113142,72.52005143561877,48.63052059773301,87.26179604364846,10.189343696914653,46.896272139960736,15.078817279220472,545.8705065217114,0.001831936307334139,0.30999999999999994,43.07340141230892,11.17115592560564,0.001831936307334139,0.0,3.7083965699121126,136.89743642511613,0.29882093291274525,12.768279710420297,4.8356050804191675,87.26179604364846,0.4546338054353416,0,174.11290514209497,BW-005,2028-08-06 14:05:04.385040,69
97.89908937582499,27.307431922349576,20.574678255960027,39.217321344263596,1.6413372094418603,5.827003484805111,94.69262587020641,35.83945452487012,116.47679862022241,13.794356523275987,51.87981849878594,15.255300345205157,504.91515789920066,0.0019805307572081966,0.3,48.014929764656294,10.28735054176152,0.0019805307572081966,0.0,4.5308243085725834,155.71217876366947,0.2421507788806166,12.956403373949124,3.5481084148590956,116.47679862022241,0.5397305427705016,0,176.67822782657896,BW-005,2028-08-16 14:05:04.385040,70
99.44111712785718,23.082542932488224,27.19231079423156,32.131228078250714,0.7634396983520035,4.41324855211354,81.93859168604,41.20294442181604,61.48762391649892,9.040384278015964,51.12051243535277,14.881731308315732,524.9370434898111,0.0019049903457983143,0.3,47.65633196654378,10.381347056008257,0.0019049903457983143,5.003737433234476,5.071487659112537,120.85084345136711,0.37862947570100464,12.749523381695647,3.6857841826979594,61.48762391649892,0.362439859435273,0,173.85713702312248,BW-005,2028-08-26 14:05:04.385040,71
76.8550776485542,26.7630154728917,23.578197644448625,36.90055440487316,1.9927391153001819,4.297001699635996,99.37785596825927,36.772659494991615,80.85215059991828,10.675670400044783,47.21671250938445,14.574409758776257,543.6362219202769,0.0018394653624582212,0.3,42.95069572087253,9.935692923851336,0.0018394653624582212,0.0,5.280186925436131,132.67113555887136,0.3615145464933934,12.531295464549935,4.821503625476295,80.85215059991828,0.4325980352424773,0,170.88130178931726,BW-005,2028-09-05 14:05:04.385040,72
75.96437198229704,25.692404528255437,22.38293041938446,33.42685551188892,1.543461130168112,5.7666926095161894,84.4071014041308,47.47484490999082,95.10430286680473,12.168745196447118,49.05999033185343,14.606713954221075,549.0776402080551,0.0018212360634847244,0.3,46.63534377888996,10.710276390752961,0.0018212360634847244,0.0,4.58040880492269,177.5499684963341,0.31627001047747116,13.222703155992862,3.6392960551752496,95.10430286680473,0.4817376349517656,0,180.30958849081176,BW-005,2028-09-15 14:05:04.385040,73
97.51547904379534,25.25415370295393,27.220799147385357,26.140957411607133,0.8167370561478904,4.2912657242639005,82.28555440836142,42.494620450715196,75.93568384457473,8.82772948086634,51.95969418979328,15.226952614720673,486.9965097486774,0.0020534028067594706,0.3,49.82777926492892,11.067560298961704,0.0020534028067594706,0.0,4.133165264118554,128.74772736680796,0.42482998368933866,11.464127235608249,4.247251894594529,75.93568384457473,0.39921789907318567,0,156.3290077582943,BW-005,2028-09-25 14:05:04.385040,74
80.0852656367813,22.12007034177265,21.034259745150706,36.41763095579918,0.5224417973844511,5.776587964940685,94.86789673579037,37.17999979725952,108.74006993665317,13.700318763580057,48.1270760457175,14.449356755080085,528.1595073507063,0.0018933674128410302,0.3,44.83881968516074,11.575330788592662,0.0018933674128410302,0.0,3.20892586441117,126.62575437687617,0.2,13.145728612874171,4.972360623217391,108.74006993665317,0.5209147519940558,0,179.25993563010232,BW-005,2028-10-05 14:05:04.385040,75
70.58185144904166,25.084184916855218,24.87779097577495,46.218040633327334,1.4680184348759118,3.295972130198427,88.5727928581336,37.87383214523468,53.7009355616777,7.298336418856165,48.31942894341098,15.011692607329254,542.9411959351454,0.001841820085649663,0.3,45.11509829563097,10.666104144545837,0.001841820085649663,1.3155755181828526,4.373675157061993,74.43321131303539,0.3867847657382262,12.420010422727321,4.454584954479137,53.7009355616777,0.3418854773194693,0,169.36377849173618,BW-005,2028-10-15 14:05:04.385040,76
76.58943210119975,27.582107062798407,27.41859580065353,28.800214106705944,0.6962635420232297,4.567119791900403,70.21659841011153,41.33192696825294,63.22553832683577,8.017190407968569,47.62398810984424,14.624794936122672,554.3511508472841,0.0018039107494799552,0.3,43.51610679087329,9.970147330929372,0.0018039107494799552,0.0,5.447481242306983,101.41286679560874,0.3462090941323401,11.972791089379525,3.704862051105481,63.22553832683577,0.3770571396769711,0,163.26533303699352,BW-005,2028-10-25 14:05:04.385040,77
87.03246542970932,25.359298993461902,27.47608336551307,41.73132120188848,1.4378173007862727,5.934808457996964,96.22311388198632,42.181415580863025,124.33749472680275,14.276643753040439,47.892837514528956,14.447612663179243,540.8727298554082,0.0018488637803339254,0.3,44.06375680640684,10.56359929434488,0.0018488637803339254,1.6672417681447003,4.1821585384855995,140.5242770752442,0.2073139579882311,13.87042551827468,4.629584003271792,124.33749472680275,0.5767201347126316,0,189.1421661582911,BW-005,2028-11-04 14:05:04.385040,78
99.45528686515568,25.201538380662452,19.35726907802064,43.87856555558372,0.8777800435185634,3.136459624416824,95.36878900345056,53.22468620629343,58.81145624042457,7.478008903471246,52.90690182327253,15.301856620272098,493.62214895693575,0.002025841024583444,0.3,49.31959202029121,10.490386827570253,0.002025841024583444,0.0,4.47814328109271,84.70039603200577,0.4514085439250791,10.817363829916642,3.147926374541912,58.81145624042457,0.34412483215516265,0,147.50950677159057,BW-005,2028-11-14 14:05:04.385040,79
91.09208592575673,27.742642576000307,26.361546167572094,38.30472386279523,1.190579263512561,5.993745403236863,77.75752664658322,49.4840982561674,94.08442062272763,11.651470447625652,52.065313235415665,14.717031434553798,491.66425603522066,0.002033908277294749,0.3,49.226985968707986,10.984422234013321,0.002033908277294749,2.6215937927653665,3.915663479694022,182.36378626364979,0.3264146062271741,12.8540511671644,4.997500068782633,94.08442062272763,0.4611140122196583,0,175.28251591587818,BW-005,2028-11-24 14:05:04.385040,80
74.57639463981613,24.118028505831017,25.636472468515088,42.030554806505904,1.5177756042266215,5.724104629007165,77.07061342992128,53.16517109354132,88.73349963146202,11.029006377365855,48.11078812331536,14.670808641029778,549.9139485812907,0.0018184663301956153,0.3,45.54926877853452,10.611621882186366,0.0018184663301956153,0.0,4.3450015027178175,116.1424110917009,0.22996243538230138,12.399526581971488,4.716712110318193,88.73349963146202,0.46075251667926065,0,169.08445339052028,BW-005,2028-12-04 14:05:04.385040,81
67.93640404774251,24.963923080860948,27.499680866196755,35.41689787653735,1.3049349196032407,4.596333401511011,84.33631231368192,39.4698862851168,76.45778470359035,9.690945231191012,46.59595691121237,14.711385637144714,551.6049188078943,0.0018128917380960973,0.3,43.54252583954193,11.529010767958788,0.0018128917380960973,5.17768233856618,3.3549103980612283,130.64941651103064,0.3666399837810458,12.826267316397633,3.7106794164390937,76.45778470359035,0.4203407579876694,0,174.9036452236041,BW-005,2028-12-14 14:05:04.385040,82
90.84544192683289,25.96759183759055,22.912139050588713,45.48990506866126,0.7438506029952179,5.116787369329476,75.72428474338922,46.05683591969537,75.02200499948302,9.686626593162067,50.77934217192255,16.107164971278298,498.04896974811385,0.002007834692451519,0.3,46.0882266231705,11.35923734130233,0.002007834692451519,2.446014946610313,3.55418024969721,163.47713477064758,0.41228458932866807,12.377382375484798,4.3762277525221105,75.02200499948302,0.3994880409227109,0,168.78248693842906,BW-005,2028-12-24 14:05:04.385040,83
99.82065794361299,22.713115470857424,18.17939965325087,45.36045362757035,0.8674302625489341,3.6981907256101607,84.74047270806356,52.44931046517078,55.26734334492735,7.834660756319541,50.625389461232544,14.983759482078952,511.53415668955023,0.001954903669525434,0.3,45.768035671793385,10.895723248095168,0.001954903669525434,0.0,4.025249661368981,88.85943829929585,0.3833575981654528,11.430246214984411,4.810978954982652,55.26734334492735,0.3376847248232896,0,155.8669938406965,BW-005,2029-01-03 14:05:04.385040,84
89.18798509786883,26.866092249592416,28.3078366923854,47.79826165594,0.9410595650599987,5.136190264227512,87.39885941605333,36.78006355965359,85.37961240735237,11.222429270933052,52.29088589903712,15.991852067739377,488.8027742105638,0.002045814902779634,0.3,49.471641548073165,10.292879175011556,0.002045814902779634,2.961208045752689,4.970741108402743,171.41101320543075,0.37172413094096574,11.751712429008156,4.068203380171731,85.37961240735237,0.431239540287677,0,160.2506240319294,BW-005,2029-01-13 14:05:04.385040,85
88.40973367709037,22.69239914968497,22.881711496282193,44.35132063950217,1.0514870690886626,5.3591021578850935,77.50170275530459,43.34097456641802,85.62656331649393,10.38348856189305,51.01863687266558,14.507683156491023,515.8952032232053,0.0019383781701248805,0.3,47.70363854582252,9.807339355567247,0.0019383781701248805,2.942471233871632,5.284008304936796,129.30638136108806,0.2904655601530402,12.399103489285142,3.4735960691922374,85.62656331649393,0.440190438688608,0,169.07868394479738,BW-005,2029-01-23 14:05:04.385040,86
83.64381522142456,25.022640662347804,25.751418373344542,47.34946534530468,0.5836032897521032,4.051410606953784,95.76441744024571,37.53088917426816,72.05211371079955,9.699524414654034,50.11771352525176,15.633330626599205,511.45168641937386,0.0019552188927187,0.3,45.31966781817025,10.028501096950153,0.0019552188927187,3.409994337281948,4.766393188541121,84.47334700094089,0.2687033084700209,12.217143079400572,4.895205003215445,72.05211371079955,0.39360921829514395,0,166.59740562818962,BW-005,2029-02-02 14:05:04.385040,87
82.95846070006519,27.17817267550171,23.77659254098113,25.88465246259775,1.3408090286251564,5.11438750839656,97.15234383383444,43.69215307734507,100.39171553506708,12.42186834288026,48.47270707590204,14.722363455993413,530.5128192298406,0.0018849685884155,0.3,46.20280523931916,10.42261517482158,0.0018849685884155,0.0,4.625465482403693,121.81144467776305,0.23967214037489326,13.10531990283974,4.458532811673267,100.39171553506708,0.4937928975525091,0,178.70890776599646,BW-005,2029-02-12 14:05:04.385040,88
73.28295563295282,22.929650712027616,28.188414159401674,36.51838831178692,1.8999146185686,4.464276780794927,97.82268509448286,45.41982777298714,100.744052698629,10.917688542557848,47.00492038251593,15.267729373704817,550.892516478521,0.0018152361306200272,0.3,44.159961353462535,10.542545813289363,0.0018152361306200272,0.0,4.8201980725377,128.101676712025,0.3285360368740736,12.56965799514868,3.559188741046464,100.744052698629,0.5010812639389863,0,171.40442720657288,BW-005,2029-02-22 14:05:04.385040,89
92.24066018412276,26.157830762642003,18.060306040383743,34.267762959318,0.7962294224780484,5.067689209088856,73.20650125261093,51.42221055483032,72.07558318304794,9.274694910825158,52.045109226519415,15.532085351170522,486.10678413971704,0.002057161168342344,0.3,47.761060257910735,10.629496344056252,0.002057161168342344,0.0,4.124405117604009,164.14533687534654,0.43654493877314526,12.29755700447372,4.856017483549108,72.07558318304794,0.38608397918540827,0,167.69395915191436,BW-005,2029-03-04 14:05:04.385040,90
96.43191644195471,23.04750390805816,21.432720619911425,36.404082425627976,0.8950454284971189,4.306515082359778,72.17045529692457,50.72365338396426,58.11968755615487,7.770078855924445,53.9702363716501,15.947574306054484,485.04598046661476,0.002061660214229585,0.3,49.1283834023808,10.313717061699872,0.002061660214229585,1.7194300844455404,4.464956364250263,96.66449667464721,0.36109843655518914,11.07744598223945,3.9285328405718793,58.11968755615487,0.339246085993834,0,151.0560815759925,BW-005,2029-03-14 14:05:04.385040,91
68.39458709116485,25.594595950616515,19.067154273060286,25.396026209302192,1.058367942779107,4.901337118629751,96.40394060300925,52.75507018827973,93.25740389698625,11.812705311492676,46.9960267916149,14.847183778796602,529.8277280108866,0.0018874059380664435,0.3,42.87466494978176,9.67393253922573,0.0018874059380664435,0.0,5.573844535683467,113.610400942031,0.2452811427825016,12.911443471214191,3.6911617466973947,93.25740389698625,0.46980633139322014,0,176.06513824382986,BW-005,2029-03-24 14:05:04.385040,92
88.8265781803145,25.328840549643687,23.074517621601345,37.578037541389975,1.0481772269799103,5.87299042442692,96.03116379300064,35.0428183869095,118.60405943936334,14.099752635071647,51.37219069472245,14.699830670496757,500.6358376249324,0.001997459879708377,0.3,49.245185857014974,11.344836476088426,0.001997459879708377,2.2634607972118785,3.6480969038453472,164.29168928173706,0.2480017936916416,13.065119566014824,4.898990863478323,118.60405943936334,0.5455376160853574,0,178.1607213547476,BW-005,2029-04-03 14:05:04.385040,93
97.44585341728452,22.329429345464646,26.080697748358023,45.39078395586601,1.70582706310288,4.098759017995423,88.04645519139119,47.12633894749064,69.9934101865006,9.022030055456115,52.21041744488587,15.29231147624337,502.6881883553131,0.001989304748281004,0.3,49.814907591475325,10.376151941900083,0.001989304748281004,0.0,4.816704706288801,123.63216557792332,0.41791199332982026,12.257638828017072,3.234924145592768,69.9934101865006,0.38411782379492926,0,167.14962038205095,BW-005,2029-04-13 14:05:04.385040,94
67.36164139285788,23.77555809388173,26.604575264485256,26.02249342033837,1.717792549748876,4.095075912116469,97.13421781843863,45.06456690772235,80.05175391665823,9.944299890764059,47.34207574968702,14.783849407095229,545.5339554409506,0.0018330664663975098,0.3,43.696624992439645,10.052024575855535,0.0018330664663975098,0.0,5.079202769861345,93.43008022049023,0.2867877290633599,13.422288694246596,3.4122923205603284,80.05175391665823,0.4304993663544793,0,183.03120946699906,BW-005,2029-04-23 14:05:04.385040,95
88.75627778419161,26.377639895412056,19.202896443211095,41.22625307558954,1.519727187829955,4.48050109221785,75.35194755785743,45.261388457268765,67.48769212409096,8.440362083343057,50.54517260965913,15.644216811251693,506.0977028463388,0.001975903060566982,0.3,48.341393996990654,10.15521491973017,0.001975903060566982,0.40813823391687565,4.548787371952597,101.29420778740842,0.3348165829991447,11.965637759670843,4.390814297178611,67.48769212409096,0.3767882846008715,0,163.16778763187511,BW-005,2029-05-03 14:05:04.385040,96
93.23689963287401,22.249575737538816,18.277328021613506,32.95217039708545,0.7231824257737294,5.44205020655979,93.30580980694845,50.77163530216942,96.49144022331829,12.694372538328308,50.35126022811379,14.883196519508568,528.1611435609284,0.0018933615473070871,0.3,45.51675386905158,10.954244249569154,0.0018933615473070871,0.04017597288048658,4.193967756194566,134.77280578872674,0.24385883769414685,12.459452375543902,3.2421625964829257,96.49144022331829,0.48008647714600616,0,169.9016233028714,BW-005,2029-05-13 14:05:04.385040,97
82.33537910280887,27.504093409040493,22.69775676400819,44.2788090545425,0.5003613117767998,5.5862522575206945,96.80330396128795,38.883053932370984,112.43918671660495,13.519191882230173,49.55230587617865,14.492002284415985,518.1546545305479,0.0019299257301973053,0.3,46.187424923999615,11.26724429653809,0.0019299257301973053,2.6716396931152198,3.6867775374421186,146.37576332574216,0.24227461411915927,14.007382692921182,4.1442937555728,112.43918671660495,0.5302436854145142,0,191.00976399437974,BW-005,2029-05-23 14:05:04.385040,98
66.74058573836737,22.182541237924514,21.937766166180822,45.79655029671606,0.6454281853984816,3.391366909654182,99.26814905767336,52.36647927300736,77.81941912438911,8.41636789742031,45.2663274731498,14.838045573392039,547.2858456638824,0.001827198726082446,0.3,42.57062410784306,11.444031491670325,0.001827198726082446,9.483157855845402,3.384435435746859,54.00833351337165,0.23652186802649744,13.27058083588997,3.385059830876279,77.81941912438911,0.4235838174471284,0,180.96246594395413,BW-005,2029-06-02 14:05:04.385040,99
84.25639106975201,24.708975634716666,29.261618548389748,26.940459420890253,0.8180417757533434,4.636088556400924,71.53619047570987,49.910061707055455,69.31613964074867,8.291202850823884,49.85033783929168,14.777121270101576,530.8747855383575,0.0018836833604479913,0.3,47.50641800853456,9.726834595948418,0.0018836833604479913,0.0,5.328613514138079,102.03603783447143,0.3318137169341857,12.388137895238694,3.207747580557621,69.31613964074867,0.3903162344640028,0,168.92915311689129,BW-005,2029-06-12 14:05:04.385040,100
61.18167874445973,24.603611497788243,21.33399479477585,44.8777424133677,1.4074112197966326,4.515996100007641,89.4312722437069,45.05279609951071,74.29059184716019,10.096781916782547,45.29529104740178,15.240031808952052,543.1696368208411,0.0018410454712693002,0.3,42.80128025987987,10.88222842342271,0.0018410454712693002,3.075299064830695,3.5737821548674003,108.23875367203937,0.296726450692578,12.738132700777285,3.613545502705665,74.29059184716019,0.4105861972034529,0,173.7018095560539,BW-005,2029-06-22 14:05:04.385040,101
84.56362951902807,25.191464181287813,19.102204046750412,34.68044840940853,1.9992577845627748,3.836141145423447,74.76558075831868,38.91332591250685,57.2005003533397,7.170283015211647,51.067738943183556,15.35496637407362,524.0107906209155,0.001908357648160396,0.3,48.533039646448806,10.938579872908957,0.001908357648160396,0.0,4.3766524142326775,57.76011043953062,0.2624866088080128,11.162975906317484,4.417158250129998,57.2005003533397,0.34787157169740696,0,152.22239872251114,BW-005,2029-07-02 14:05:04.385040,102
93.4091716338406,27.360754325002695,27.878716310957994,26.473000642343585,0.8411723810971994,5.918932141260915,74.59340337316596,40.385408486104154,96.95351757522258,11.037832318786808,51.64991906234369,15.166040730708405,523.8777216846405,0.001908842385555711,0.3,48.50072203408636,10.037919114996745,0.001908842385555711,0.0,4.861953303356064,188.14797889476986,0.35998335259145775,13.643333892978097,4.428108661310914,96.95351757522258,0.4803417084228008,0,186.04546217697404,BW-005,2029-07-12 14:05:04.385040,103
60.12486605425639,23.821060749268668,19.30328882815791,35.34704028723799,1.515691232860853,3.4619223892314874,93.81152277355636,50.7040573582565,72.06644385574745,8.119205276441859,46.66485958416263,14.318978314572622,543.0508023678432,0.001841448342659175,0.3,41.81004889666326,11.168345090513366,0.001841448342659175,1.5601335380224906,3.763113146343772,67.20956104743176,0.29888920012662357,11.743585301339607,3.8759954957911082,72.06644385574745,0.40313672022951114,0,160.1397995637219,BW-005,2029-07-22 14:05:04.385040,104
94.98021180152308,26.49530299054539,29.26302714934206,25.29355896945093,0.5182697531248122,3.711953112611673,78.65998908026381,53.759757309189936,61.102403297399256,7.299554782612137,50.563182869728884,15.030392686250652,515.1406317198818,0.0019412174820326936,0.3,46.16538497184898,10.909235894963585,0.0019412174820326936,0.0,4.131741560255933,79.22244717177921,0.3654764623778624,12.092453376689646,3.011188311763739,61.102403297399256,0.35821686717396206,0,164.89709150031337,BW-005,2029-08-01 14:05:04.385040,105
86.4535245534485,23.73611446133348,21.04201219326928,31.941290104651063,0.9046940868385462,3.2466996645318016,82.54792242707727,46.18603744153654,58.05701511491025,6.700207801294724,51.89431453787267,15.589421722012823,505.85939110635223,0.0019768339138924065,0.3,48.124975735538435,10.644078262959741,0.0019768339138924065,0.0,4.79976626559852,69.96128743117141,0.4020105194610295,11.261255881913874,4.715990445454717,58.05701511491025,0.34528120104827315,0,153.56258020791645,BW-005,2029-08-11 14:05:04.385040,106
80.4574562520635,24.640890683344793,24.149142616519875,40.14512667601047,1.0806957634567225,3.562233863951331,83.44679746324674,47.0205175497738,64.94874695754339,7.43142519404664,48.63354119623321,14.335496181388276,527.2465928141092,0.0018966457320523055,0.3,45.901257478755404,10.30672105074071,0.0018966457320523055,6.927728917531065,4.52443987003368,70.04983581242111,0.3307673214288809,12.408463941816402,3.798598512051572,64.94874695754339,0.3746698010360441,0,169.20632647931458,BW-005,2029-08-21 14:05:04.385040,107
70.05230748568627,22.997203220852473,22.19368943439151,41.80335540590813,1.6350573651672042,5.521348744916416,79.70828408302212,51.77314308984914,84.64166605951313,11.002430857030882,46.76551810997637,15.003780090197067,550.7042934054604,0.0018158565530988918,0.3,41.821386796997785,11.555785430895448,0.0018158565530988918,3.4003014513398364,3.3772330925745595,185.90155713161542,0.3825244621272776,12.759638267717673,4.678243206212329,84.64166605951313,0.44735017488668183,0,173.9950672870592,BW-005,2029-08-31 14:05:04.385040,108
86.67621546736841,23.404169051841247,25.057034950256373,37.69655187784435,1.2263992971645883,3.310729698309045,95.1318729586797,38.05500863335233,64.13665719307463,7.873897926501599,50.94437094000249,14.82377313418113,514.1071622783223,0.0019451197597955847,0.3,46.19179675831145,10.416912698560745,0.0019451197597955847,7.1372408777835945,5.073452809062344,79.14934220763483,0.37952799645229685,12.426378655440315,4.388549492871726,64.13665719307463,0.36802100599374543,0,169.45061802873158,BW-005,2029-09-10 14:05:04.385040,109
81.99915945535457,24.950743795742007,24.7854763928893,41.17214291090709,0.6644422916051596,4.415812097265883,97.23671801238498,42.26378392181698,82.50607683068716,10.734476892438025,51.448170782090145,15.581500484852652,507.4987691933146,0.001970448128553162,0.3,48.04726855459875,10.37064322362205,0.001970448128553162,0.0,4.445113717003794,127.76025456788321,0.33691031762950907,12.022928971699072,3.49738361894227,82.50607683068716,0.4272698868602849,0,163.94903143226009,BW-005,2029-09-20 14:05:04.385040,110
